idx,formula,original_a_site,regime,swap_to_a_site,er_measured,pred_original,pred_swapped,delta_er
0,Ca0.8Sr0.2SnO3,Ca,III,Ba,8.5,18.425823211669922,18.41965103149414,-0.00617218017578125
1,CaTi0.53Al0.235Nb0.235O3,Ca,II,Ba,49.79999923706055,48.213661193847656,48.25978469848633,0.046123504638671875
2,CaTi0.5Al0.25Nb0.25O3,Ca,II,Ba,48.0,45.933406829833984,45.94871520996094,0.015308380126953125
3,CaTi0.4Al0.3Nb0.3O3,Ca,II,Ba,41.29999923706055,39.77037811279297,39.6910285949707,-0.07934951782226562
4,CaTi0.3Al0.35Nb0.35O3,Ca,II,Ba,36.79999923706055,35.04400634765625,34.893836975097656,-0.15016937255859375
5,CaTi0.7Al0.15Nb0.15O3,Ca,II,Ba,65.4000015258789,66.03942108154297,65.40062713623047,-0.6387939453125
6,CaTi0.6Al0.2Nb0.2O3,Ca,II,Ba,54.29999923706055,54.737342834472656,54.74507522583008,0.007732391357421875
7,CaTi0.53Al0.235Nb0.235O3,Ca,II,Ba,48.5,48.26680374145508,48.31977081298828,0.052967071533203125
8,CaTi0.5Al0.25Nb0.25O3,Ca,II,Ba,48.099998474121094,45.953956604003906,45.98078536987305,0.026828765869140625
9,CaTi0.4Al0.3Nb0.3O3,Ca,II,Ba,41.20000076293945,39.713871002197266,39.65382766723633,-0.0600433349609375
10,CaTi0.3Al0.35Nb0.35O3,Ca,II,Ba,36.400001525878906,34.94426345825195,34.812171936035156,-0.13209152221679688
11,CaTi0.7Al0.15Nb0.15O3,Ca,II,Ba,69.0,66.80378723144531,66.060546875,-0.7432403564453125
12,CaTi0.6Al0.2Nb0.2O3,Ca,II,Ba,56.599998474121094,55.12306594848633,55.11144256591797,-0.011623382568359375
13,CaTi0.53Al0.235Nb0.235O3,Ca,II,Ba,49.400001525878906,48.37401580810547,48.45457458496094,0.08055877685546875
14,CaTi0.5Al0.25Nb0.25O3,Ca,II,Ba,48.0,45.96588897705078,46.0351448059082,0.06925582885742188
15,CaTi0.4Al0.3Nb0.3O3,Ca,II,Ba,41.099998474121094,39.49907302856445,39.5078010559082,0.00872802734375
16,CaTi0.3Al0.35Nb0.35O3,Ca,II,Ba,36.400001525878906,34.60340118408203,34.53606033325195,-0.06734085083007812
17,Sm0.6Ca0.4Co0.3Ti0.7O3,Other,III,Ba,37.0,36.104156494140625,37.50448989868164,1.4003334045410156
18,Ca0.6Sr0.4Al0.3Nb0.3Ti0.4O3,Ca,Ib,Ba,37.20000076293945,37.79297637939453,37.747379302978516,-0.045597076416015625
19,Ca5Nb4TiO17,Ca,III,Ba,45.599998474121094,37.051910400390625,39.75419998168945,2.702289581298828
20,Ca4.9Zn0.1Nb4TiO17,Ca,III,Ba,40.29999923706055,44.450775146484375,49.8680419921875,5.417266845703125
21,Ca4.8Zn0.2Nb4TiO17,Ca,III,Ba,37.900001525878906,44.04842758178711,49.570716857910156,5.522289276123047
22,Ca4.7Zn0.3Nb4TiO17,Ca,III,Ba,45.79999923706055,43.748714447021484,49.34442901611328,5.595714569091797
23,Ca4.6Zn0.4Nb4TiO17,Ca,III,Ba,52.0,43.489349365234375,49.14905548095703,5.659706115722656
24,CaTi0.6Al0.2Nb0.2O3,Ca,II,Ba,55.70000076293945,54.589134216308594,54.606651306152344,0.01751708984375
25,CaTi0.7Al0.15Nb0.15O3,Ca,II,Ba,67.80000305175781,65.76713562011719,65.16948699951172,-0.5976486206054688
26,SrLa3Ti2NbO12,Sr,III,Ba,41.0,43.067047119140625,43.574073791503906,0.5070266723632812
27,Sr2La2TiNb2O12,Sr,III,Ba,39.0,40.87590408325195,43.620941162109375,2.745037078857422
28,Ba2SrLaNb3O12,Ba,II,Ba,39.5,41.546607971191406,41.546607971191406,0.0
29,Ba.5Sr.5LaNb3O12,Other,Ib,Ba,38.95000076293945,37.5306282043457,32.85366439819336,-4.676963806152344
30,BaSr2LaNb3O12,Sr,III,Ba,37.099998474121094,36.658294677734375,35.659698486328125,-0.99859619140625
31,Sr3LaNb3O12,Sr,III,Ba,35.79999923706055,36.59031295776367,38.6557502746582,2.0654373168945312
32,BaLa0.5Nb0.5O3,Ba,III,Ba,45.0,44.30556869506836,44.30556869506836,0.0
33,BaPr0.5Nb0.5O3,Ba,III,Ba,44.5,43.216819763183594,43.216819763183594,0.0
34,BaNd0.5Nb0.5O3,Ba,III,Ba,44.0,41.635215759277344,41.635215759277344,0.0
35,BaSm0.5Nb0.5O3,Ba,II,Ba,43.0,40.13835525512695,40.13835525512695,0.0
36,BaEu0.5Nb0.5O3,Ba,II,Ba,40.0,38.91962432861328,38.91962432861328,0.0
37,BaGd0.5Nb0.5O3,Ba,II,Ba,40.0,38.1583251953125,38.1583251953125,0.0
38,BaTb0.5Nb0.5O3,Ba,II,Ba,39.0,37.38579559326172,37.38579559326172,0.0
39,Ca5Nb2TiO12,Ca,III,Ba,48.0,37.46767807006836,36.300743103027344,-1.1669349670410156
40,BaDy0.5Nb0.5O3,Ba,II,Ba,38.900001525878906,36.74372100830078,36.74372100830078,0.0
41,BaY0.5Nb0.5O3,Ba,II,Ba,37.0,36.021141052246094,36.021141052246094,0.0
42,BaYb0.5Nb0.5O3,Ba,Ib,Ba,36.0,35.02079772949219,35.02079772949219,0.0
43,Ba8Ta4Ti3O23.5,Ba,Ib,Ba,40.0,40.51011276245117,40.51011276245117,0.0
44,Ba8Ta4.32Ti2.6O23.54,Ba,Ib,Ba,36.0,39.223655700683594,39.223655700683594,0.0
45,Ba8Ta4.64Ti2.2O23.58,Ba,Ib,Ba,44.0,37.98704528808594,37.98704528808594,0.0
46,Ba10Ta7.04Ti.2O29.88,Ba,Ib,Ba,35.0,34.95874786376953,34.95874786376953,0.0
47,Ba10Ta7.28Ti0.9O29.91,Ba,Ib,Ba,35.0,35.202632904052734,35.202632904052734,0.0
48,Ba10Ta7.52Ti0.6O29.94,Ba,Ib,Ba,34.0,34.456932067871094,34.456932067871094,0.0
49,Ba5Ta4O15,Ba,Ib,Ba,28.0,29.438730239868164,29.438730239868164,0.0
50,Ba5Sr2Ta4ZrO21,Ba,Ib,Ba,27.0,27.49909019470215,27.49909019470215,0.0
51,Sr3LaNb3O12,Sr,III,Ba,36.0,36.338504791259766,38.79566192626953,2.4571571350097656
52,BaHo0.5Nb0.5O3,Ba,II,Ba,38.0,36.630699157714844,36.630699157714844,0.0
53,Ca5Ta2TiO12,Ca,III,Ba,38.0,37.29634475708008,36.69648742675781,-0.5998573303222656
54,CaTi0.70Al0.15Ta0.15O3,Ca,II,Ba,65.4000015258789,64.3299789428711,64.06610870361328,-0.2638702392578125
55,CaTi0.60Al0.20Ta0.20O3,Ca,II,Ba,52.20000076293945,50.847618103027344,50.79440689086914,-0.053211212158203125
56,CaTi0.60Al0.20Ta0.20O3,Ca,II,Ba,52.29999923706055,50.80861282348633,50.810707092285156,0.002094268798828125
57,CaTi0.60Al0.20Ta0.20O3,Ca,II,Ba,52.400001525878906,50.7314338684082,50.86212158203125,0.13068771362304688
58,CaTi0.60Al0.20Ta0.20O3,Ca,II,Ba,52.0,50.68230438232422,50.925941467285156,0.2436370849609375
59,CaTi0.54Al0.23Ta0.23O3,Ca,II,Ba,46.599998474121094,45.07677459716797,44.995418548583984,-0.08135604858398438
60,CaTi0.54Al0.23Ta0.23O3,Ca,II,Ba,46.70000076293945,44.95319747924805,44.92914581298828,-0.024051666259765625
61,CaTi0.54Al0.23Ta0.23O3,Ca,II,Ba,46.79999923706055,44.667171478271484,44.78093719482422,0.11376571655273438
62,CaTi0.54Al0.23Ta0.23O3,Ca,II,Ba,46.5,44.416038513183594,44.65706253051758,0.24102401733398438
63,CaTi0.50Al0.25Ta0.25O3,Ca,II,Ba,41.400001525878906,41.86163330078125,41.75202178955078,-0.10961151123046875
64,CaTi0.70Al0.15Ta0.15O3,Ca,II,Ba,65.69999694824219,63.9976692199707,63.696128845214844,-0.3015403747558594
65,CaTi0.50Al0.25Ta0.25O3,Ca,II,Ba,41.5,41.31879806518555,41.40288543701172,0.08408737182617188
66,Ca0.70Nd0.30Ti0.70Al0.30O3,Ca,II,Ba,43.5,39.98851013183594,39.756446838378906,-0.23206329345703125
67,Ca0.70La0.15Nd0.15Ti0.70Al0.30O3,Ca,II,Ba,41.5,40.13109588623047,39.34959411621094,-0.7815017700195312
68,Ca0.70La0.30Ti0.70Ga0.30O3,Ca,II,Ba,49.400001525878906,47.33585739135742,47.21828079223633,-0.11757659912109375
69,Ca0.70Nd0.30Ti0.70Ga0.15Al0.15O3,Ca,III,Ba,45.29999923706055,47.20301818847656,46.46558380126953,-0.7374343872070312
70,Ca0.70La0.30Ti0.70Ga0.15Al0.15O3,Ca,II,Ba,45.20000076293945,44.577178955078125,44.26069259643555,-0.3164863586425781
71,Ca0.70La0.15Nd0.15Ti0.70Ga0.15Al0.15O3,Ca,II,Ba,45.20000076293945,43.041561126708984,42.45084762573242,-0.5907135009765625
72,Ca0.67La0.165Nd0.165Ti0.67Ga0.33O3,Ca,III,Ba,44.70000076293945,44.423065185546875,43.99744415283203,-0.42562103271484375
73,Ca0.66La0.17Nd0.17Ti0.66Ga0.34O3,Ca,III,Ba,44.099998474121094,43.80479049682617,43.40070343017578,-0.4040870666503906
74,Ca0.64La0.18Nd0.18Ti0.64Ga0.36O3,Ca,III,Ba,43.599998474121094,42.66214370727539,42.295143127441406,-0.3670005798339844
75,Ca0.66La0.34Ti0.66Ga0.34O3,Ca,II,Ba,47.5,44.78599166870117,44.767189025878906,-0.018802642822265625
76,Ca0.64La0.36Ti0.64Ga0.36O3,Ca,II,Ba,46.5,43.65390396118164,43.668724060058594,0.014820098876953125
77,Ba2.5Sr0.5LaNb3O12,Ba,Ib,Ba,41.86000061035156,42.29841232299805,42.29841232299805,0.0
78,CaTi0.70Al0.15Ta0.15O3,Ca,II,Ba,65.5999984741211,63.65191650390625,63.30635452270508,-0.3455619812011719
79,CaLa4Ti4O15,Other,II,Ba,41.099998474121094,41.048370361328125,42.75751876831055,1.7091484069824219
80,BaZn0.300Nb0.600Zr0.100O3,Ba,Ib,Ba,38.0,40.093711853027344,40.093711853027344,0.0
81,Ba0.80Sr0.20Zn0.313Ta0.627Ti0.060O3,Ba,Ib,Ba,42.0,38.802978515625,38.802978515625,0.0
82,Ba0.75Sr0.25Zn0.313Ta0.627Ti0.060O3,Ba,Ib,Ba,40.0,39.99459457397461,39.99459457397461,0.0
83,Ba4LaTiNb3O15,Ba,Ib,Ba,52.0,47.268463134765625,47.268463134765625,0.0
84,Ba4LaSnNb3O15,Ba,Ib,Ba,39.0,38.284080505371094,38.284080505371094,0.0
85,Ca0.65Sm0.315Nd0.035Ti0.65Al0.35O3,Ca,II,Ba,39.70000076293945,39.71641159057617,38.60152053833008,-1.1148910522460938
86,Ca0.25Sm0.675Nd0.075Ti0.25Al0.75O3,Other,II,Ba,22.739999771118164,22.64687156677246,23.01720428466797,0.3703327178955078
87,Ca0.35Sm0.585Nd0.065Ti0.35Al0.65O3,Other,II,Ba,25.84000015258789,24.872241973876953,25.327234268188477,0.45499229431152344
88,Ca0.45Sm0.495Nd0.055Ti0.45Al0.55O3,Ca,II,Ba,29.3799991607666,28.54030418395996,28.565160751342773,0.0248565673828125
89,Ca0.55Sm0.405Nd0.045Ti0.55Al0.45O3,Ca,II,Ba,32.849998474121094,31.829055786132812,32.00640106201172,0.17734527587890625
90,Ca0.75Sm0.225Nd0.025Ti0.75Al0.25O3,Ca,II,Ba,50.209999084472656,49.1157112121582,47.438499450683594,-1.6772117614746094
91,CaTi0.70Al0.15Ta0.15O3,Ca,II,Ba,65.5,63.511207580566406,63.1461067199707,-0.3651008605957031
92,Ca0.85Sm0.135Nd0.015Ti0.85Al0.15O3,Ca,II,Ba,69.19999694824219,68.5419921875,66.4570541381836,-2.0849380493164062
93,Ca5Nb.5Ta0.5TiO12,Ca,III,Ba,46.0,39.585731506347656,39.4298095703125,-0.15592193603515625
94,Ca5NbTaTiO12,Ca,III,Ba,43.0,40.10346221923828,40.4904670715332,0.3870048522949219
95,Ca5Nb0.5Ta.5TiO12,Ca,III,Ba,40.0,39.05818557739258,39.11400604248047,0.055820465087890625
96,Ca5Ta2TiO12,Ca,III,Ba,38.0,37.60356903076172,37.040306091308594,-0.563262939453125
97,BaZn0.333Co0.000Nb0.667O3,Ba,Ib,Ba,41.400001525878906,39.75270462036133,39.75270462036133,0.0
98,BaZn0.267Co0.067Nb0.667O3,Ba,Ib,Ba,40.099998474121094,37.74397659301758,37.74397659301758,0.0
99,BaZn0.200Co0.133Nb0.667O3,Ba,Ib,Ba,38.20000076293945,36.28466796875,36.28466796875,0.0
100,BaZn0.133Co0.200Nb0.667O3,Ba,Ib,Ba,35.79999923706055,35.06586837768555,35.06586837768555,0.0
101,BaZn0.067Co0.267Nb0.667O3,Ba,Ib,Ba,33.900001525878906,34.2448844909668,34.2448844909668,0.0
102,BaLa4Ti4O15,Other,Ib,Ba,44.400001525878906,44.7479248046875,46.1120719909668,1.3641471862792969
103,SrLa4Ti4O15,Other,II,Ba,43.70000076293945,42.511314392089844,44.08781051635742,1.5764961242675781
104,CaTi0.60Mg0.1333Nb0.2667O3,Ca,III,Ba,62.970001220703125,60.9940071105957,61.75736618041992,0.7633590698242188
105,Ba3LaNb3O12,Ba,Ib,Ba,44.79999923706055,44.04253005981445,44.04253005981445,0.0
106,Pb0.40Ca0.60Fe0.495Nb0.495Zr0.01O3,Ca,II,Ba,68.4000015258789,70.1401596069336,68.89752960205078,-1.2426300048828125
107,LaAlO3,Other,Ia,Ba,22.0,22.417438507080078,22.64124298095703,0.22380447387695312
108,La0.75Sr0.25Al0.75Ti0.25O3,Other,Ib,Ba,26.0,26.358041763305664,26.627410888671875,0.26936912536621094
109,La0.55Sr0.45Al0.55Ti0.45O3,Sr,Ib,Ba,29.0,30.688669204711914,31.69851303100586,1.0098438262939453
110,La0.50Sr0.50Al0.50Ti0.50O3,Sr,Ib,Ba,33.0,32.29483413696289,33.38218688964844,1.0873527526855469
111,La0.45Sr0.55Al0.45Ti0.55O3,Sr,Ib,Ba,34.0,34.0758171081543,35.25946807861328,1.1836509704589844
112,La0.40Sr0.60Al0.40Ti0.60O3,Sr,Ib,Ba,39.0,37.2553825378418,38.00748062133789,0.7520980834960938
113,La0.25Sr0.75Al0.25Ti0.75O3,Sr,Ib,Ba,46.0,46.188758850097656,47.32616424560547,1.1374053955078125
114,Ba0.99Zn0.10Co0.2333Nb0.6667O3,Ba,Ib,Ba,33.70000076293945,33.896705627441406,33.896705627441406,0.0
115,Ba0.993La0.0067Zn0.10Co0.2333Nb0.6667O3,Ba,Ib,Ba,34.0,33.951568603515625,33.951568603515625,0.0
116,LaZn0.5Ti0.5O3,Other,III,Ba,34.0,32.11526870727539,33.030113220214844,0.9148445129394531
117,Ba5Ta4O15,Ba,Ib,Ba,30.200000762939453,30.698040008544922,30.698040008544922,0.0
118,Ba4SrTa4O15,Ba,Ib,Ba,32.900001525878906,32.67020034790039,32.67020034790039,0.0
119,Ba3Sr2Ta4O15,Ba,Ib,Ba,34.29999923706055,34.52740478515625,34.52740478515625,0.0
120,Ba2Sr3Ta4O15,Sr,Ib,Ba,35.20000076293945,34.081626892089844,35.4017448425293,1.3201179504394531
121,BaSr4Ta4O15,Sr,Ib,Ba,33.20000076293945,34.39307403564453,35.639434814453125,1.2463607788085938
122,Sr5Ta4O15,Sr,II,Ba,43.5,40.838661193847656,42.653831481933594,1.8151702880859375
123,Ba5NbTa3O15,Ba,Ib,Ba,31.700000762939453,29.644245147705078,29.644245147705078,0.0
124,Ba5Nb2Ta2O15,Ba,Ib,Ba,34.20000076293945,31.5089054107666,31.5089054107666,0.0
125,Ba5Nb3TaO15,Ba,Ib,Ba,37.20000076293945,35.59894561767578,35.59894561767578,0.0
126,Ba5Nb4O15,Ba,Ib,Ba,42.0,42.427024841308594,42.427024841308594,0.0
127,Sr5Nb2Ta2O15,Sr,II,Ba,34.29999923706055,40.49461364746094,41.97959518432617,1.4849815368652344
128,Sr5Nb3TaO15,Sr,II,Ba,38.20000076293945,42.98713302612305,44.434364318847656,1.4472312927246094
129,Li0.774Zr0.057NbO3,Other,III,Ba,30.969999313354492,31.604961395263672,31.52140235900879,-0.08355903625488281
130,Li0.774Zr0.057NbO3,Other,III,Ba,38.65999984741211,31.604961395263672,31.52140235900879,-0.08355903625488281
131,Li0.774Zr0.057NbO3,Other,III,Ba,27.75,30.75530433654785,30.67038345336914,-0.08492088317871094
132,Li0.774Zr0.057NbO3,Other,III,Ba,33.0099983215332,31.604961395263672,31.52140235900879,-0.08355903625488281
133,Ba6Nb4ZrO18,Ba,Ib,Ba,32.400001525878906,34.55954360961914,34.55954360961914,0.0
134,Ba6Ta4TiO18,Ba,Ib,Ba,29.299999237060547,33.30103302001953,33.30103302001953,0.0
135,Ba5SrNb4TiO18,Ba,Ib,Ba,50.79999923706055,49.83708190917969,49.83708190917969,0.0
136,Ba5SrNb4ZrO18,Ba,Ib,Ba,39.5,38.89110565185547,38.89110565185547,0.0
137,Ba5SrTa4TiO18,Ba,Ib,Ba,34.900001525878906,35.69169235229492,35.69169235229492,0.0
138,Sr6Nb4TiO18,Sr,Ib,Ba,46.20000076293945,40.677459716796875,41.76927185058594,1.0918121337890625
139,BaZn0.333Ta0.667O3,Ba,Ib,Ba,29.5,29.4903621673584,29.4903621673584,0.0
140,BaZn0.333Ta0.667O3,Ba,Ib,Ba,29.600000381469727,28.97943687438965,28.97943687438965,0.0
141,BaZn0.333Ta0.667O3,Ba,Ib,Ba,28.399999618530273,28.84393882751465,28.84393882751465,0.0
142,BaZn0.333Ta0.667O3,Ba,Ib,Ba,30.200000762939453,29.209270477294922,29.209270477294922,0.0
143,NdCo0.5Ti0.5O3,Other,III,Ba,27.0,26.298110961914062,26.89081382751465,0.5927028656005859
144,Sr5Nb4O15,Sr,II,Ba,45.20000076293945,49.750526428222656,50.834312438964844,1.0837860107421875
145,Nd0.9Sr0.1Co0.45Ti0.55O3,Other,III,Ba,29.31999969482422,29.05613136291504,30.014745712280273,0.9586143493652344
146,Ba2SrYNb3O12,Ba,Ib,Ba,34.099998474121094,38.79484176635742,38.79484176635742,0.0
147,BaSr2YNb3O12,Sr,II,Ba,34.70000076293945,35.31471633911133,32.360862731933594,-2.9538536071777344
148,Sr3YNb3O12,Sr,III,Ba,34.900001525878906,34.715362548828125,38.10266876220703,3.3873062133789062
149,BaZn0.33Ta0.67O3,Ba,Ib,Ba,29.100000381469727,28.669687271118164,28.669687271118164,0.0
150,BaZn0.33Ta0.67O3,Ba,Ib,Ba,30.399999618530273,28.669687271118164,28.669687271118164,0.0
151,Sr0.1Ba0.9Ti0.1Zn0.3Ta0.6O3,Ba,Ib,Ba,33.70000076293945,32.925498962402344,32.925498962402344,0.0
152,BaMg0.333Nb0.667O3,Ba,Ib,Ba,31.200000762939453,30.641292572021484,30.641292572021484,0.0
153,BaMg0.333Nb0.667O3,Ba,Ib,Ba,31.5,30.45699691772461,30.45699691772461,0.0
154,BaMg0.333Nb0.667O3,Ba,Ib,Ba,31.0,30.641292572021484,30.641292572021484,0.0
155,BaZn0.25Ta0.50Ti0.33O3,Ba,Ib,Ba,31.5,32.13920593261719,32.13920593261719,0.0
156,BaSn0.226Zn0.255Nb0.515O3,Ba,Ib,Ba,32.0,32.97568893432617,32.97568893432617,0.0
157,Ba3YNb3O12,Ba,Ib,Ba,29.899999618530273,37.083038330078125,37.083038330078125,0.0
158,La0.680Al0.04Ti0.96O3,Other,II,Ba,71.9000015258789,69.90773010253906,71.3981704711914,1.4904403686523438
159,La0.687Al0.06Ti0.94O3,Other,II,Ba,67.5999984741211,67.53059387207031,69.18115234375,1.6505584716796875
160,La0.693Al0.08Ti0.92O3,Other,II,Ba,66.9000015258789,65.3322982788086,67.2129135131836,1.880615234375
161,Ca4La2Ti4Mg0.333Nb0.667O17,Ca,III,Ba,59.29999923706055,49.12053298950195,53.261558532714844,4.141025543212891
162,Ca4La2Ti3Mg0.667Nb.333O17,Ca,III,Ba,49.209999084472656,46.785179138183594,44.46309280395508,-2.3220863342285156
163,Ca4La2Ti2.5Mg0.833Nb.667O17,Ca,III,Ba,44.36000061035156,43.660491943359375,46.18169403076172,2.5212020874023438
164,Ca4La2Ti2MgNb2O17,Ca,III,Ba,40.45000076293945,40.9760856628418,46.865257263183594,5.889171600341797
165,Ca4La2TiMg.333Nb2.667O17,Ca,III,Ba,35.22999954223633,41.68255615234375,47.479835510253906,5.797279357910156
166,Pb0.55Ca0.45Fe0.475Nb0.475Zr0.05O3,Ca,II,Ba,108.5,101.99929809570312,112.5461654663086,10.546867370605469
167,Pb0.50Ca0.50Fe0.475Nb0.475Zr0.05O3,Ca,II,Ba,94.30000305175781,92.8686752319336,98.94773864746094,6.079063415527344
168,Pb0.45Ca0.55Fe0.475Nb0.475Zr0.05O3,Ca,II,Ba,81.19999694824219,82.80628967285156,84.63304901123047,1.8267593383789062
169,Pb0.40Ca0.60Fe0.475Nb0.475Zr0.05O3,Ca,II,Ba,67.19999694824219,69.34269714355469,67.50308990478516,-1.8396072387695312
170,Ca4La2Ti5O17,Ca,II,Ba,71.86000061035156,70.46709442138672,67.43345642089844,-3.0336380004882812
171,Pb0.55Ca0.45Fe0.475Nb0.475Zr0.05O3,Ca,II,Ba,100.0999984741211,102.45420837402344,112.95729064941406,10.503082275390625
172,Pb0.45Ca0.55Fe0.475Nb0.475Zr0.05O3,Ca,II,Ba,86.80000305175781,83.33380126953125,85.31114196777344,1.9773406982421875
173,Pb0.40Ca0.60Fe0.475Nb0.475Zr0.05O3,Ca,II,Ba,70.0999984741211,69.81698608398438,67.97319793701172,-1.8437881469726562
174,Pb0.60Ca0.40Fe0.495Nb0.495Zr0.01O3,Other,II,Ba,126.69999694824219,128.1024932861328,126.6279525756836,-1.4745407104492188
175,Pb0.55Ca0.45Fe0.495Nb0.495Zr0.01O3,Ca,II,Ba,90.5999984741211,98.04759216308594,108.00636291503906,9.958770751953125
176,Pb0.50Ca0.50Fe0.495Nb0.495Zr0.01O3,Ca,II,Ba,86.30000305175781,91.00729370117188,96.57029724121094,5.5630035400390625
177,Pb0.45Ca0.55Fe0.495Nb0.495Zr0.01O3,Ca,II,Ba,82.5,81.80904388427734,83.8330307006836,2.02398681640625
178,Pb0.40Ca0.60Fe0.495Nb0.495Zr0.01O3,Ca,II,Ba,68.69999694824219,69.61997985839844,68.3516616821289,-1.2683181762695312
179,Pb0.60Ca0.40Fe0.495Nb0.495Zr0.01O3,Other,II,Ba,128.39999389648438,128.22171020507812,126.737548828125,-1.484161376953125
180,Pb0.55Ca0.45Fe0.495Nb0.495Zr0.01O3,Ca,II,Ba,97.0999984741211,98.45518493652344,108.37553405761719,9.92034912109375
181,Pb0.50Ca0.50Fe0.495Nb0.495Zr0.01O3,Ca,II,Ba,89.19999694824219,91.41053771972656,97.05967712402344,5.649139404296875
182,Pb0.45Ca0.55Fe0.495Nb0.495Zr0.01O3,Ca,II,Ba,85.30000305175781,82.3328857421875,84.49238586425781,2.1595001220703125
183,Pb0.50Ca0.50Fe0.475Nb0.475Zr0.05O3,Ca,II,Ba,96.5,93.29150390625,99.4617919921875,6.1702880859375
184,BaZn0.20Co0.133Nb0.667O3,Ba,Ib,Ba,35.5,34.897151947021484,34.897151947021484,0.0
185,BaCo0.233Zn0.100Nb0.667O3,Ba,Ib,Ba,34.5,33.27021026611328,33.27021026611328,0.0
186,La0.8Ti0.6Al0.4O3,Other,Ia,Ba,38.70000076293945,35.823246002197266,36.74958801269531,0.9263420104980469
187,La0.700Al0.10Ti0.90O3,Other,II,Ba,62.599998474121094,61.399070739746094,63.66810989379883,2.2690391540527344
188,La0.708Al0.125Ti0.875O3,Other,II,Ba,60.70000076293945,59.04852294921875,61.55976486206055,2.511241912841797
189,La0.717Al0.15Ti0.85O3,Other,II,Ba,57.70000076293945,56.7213020324707,59.50392532348633,2.782623291015625
190,La0.733Al0.20Ti0.80O3,Other,II,Ba,53.900001525878906,51.7507209777832,55.59736251831055,3.8466415405273438
191,La0.767Al0.30Ti0.70O3,Other,II,Ba,44.900001525878906,42.89573669433594,46.45549392700195,3.5597572326660156
192,La0.800Al0.40Ti0.60O3,Other,Ia,Ba,39.599998474121094,35.8480110168457,36.775917053222656,0.9279060363769531
193,La0.833Al0.50Ti0.50O3,Other,Ia,Ba,34.400001525878906,32.409175872802734,33.05854797363281,0.6493721008300781
194,La0.680Al0.04Ti0.96O3,Other,II,Ba,70.4000015258789,69.90574645996094,71.4078369140625,1.5020904541015625
195,La0.687Al0.06Ti0.94O3,Other,II,Ba,68.0,67.53059387207031,69.18115234375,1.6505584716796875
196,La0.693Al0.08Ti0.92O3,Other,II,Ba,66.69999694824219,65.31752014160156,67.21522521972656,1.897705078125
197,La0.700Al0.10Ti0.90O3,Other,II,Ba,65.30000305175781,61.399070739746094,63.66810989379883,2.2690391540527344
198,BaCo0.333Nb0.667O3,Ba,Ib,Ba,32.0,32.89084243774414,32.89084243774414,0.0
199,La0.708Al0.125Ti0.875O3,Other,II,Ba,60.79999923706055,59.04852294921875,61.55976486206055,2.511241912841797
200,La0.733Al0.20Ti0.80O3,Other,II,Ba,53.099998474121094,51.7507209777832,55.59736251831055,3.8466415405273438
201,La0.767Al0.30Ti0.70O3,Other,II,Ba,46.29999923706055,42.96355438232422,46.5141716003418,3.550617218017578
202,La0.800Al0.40Ti0.60O3,Other,Ia,Ba,40.0,35.8480110168457,36.775917053222656,0.9279060363769531
203,La0.833Al0.50Ti0.50O3,Other,Ia,Ba,36.599998474121094,32.409175872802734,33.05854797363281,0.6493721008300781
204,La0.8Ti0.6Al0.4O3,Other,Ia,Ba,29.399999618530273,35.89726257324219,36.82825469970703,0.9309921264648438
205,La0.8Ti0.6Al0.4O3,Other,Ia,Ba,34.20000076293945,35.89726257324219,36.82825469970703,0.9309921264648438
206,La0.8Ti0.6Al0.4O3,Other,Ia,Ba,35.099998474121094,35.8726806640625,36.80213928222656,0.9294586181640625
207,La0.8Ti0.6Al0.4O3,Other,Ia,Ba,38.70000076293945,35.8726806640625,36.80213928222656,0.9294586181640625
208,La0.8Ti0.6Al0.4O3,Other,Ia,Ba,39.599998474121094,35.8480110168457,36.775917053222656,0.9279060363769531
209,La0.8Ti0.6Al0.4O3,Other,Ia,Ba,40.0,35.8480110168457,36.775917053222656,0.9279060363769531
210,La0.8Ti0.6Al0.4O3,Other,Ia,Ba,38.29999923706055,35.823246002197266,36.74958801269531,0.9263420104980469
211,La0.717Al0.15Ti0.85O3,Other,II,Ba,54.400001525878906,56.7213020324707,59.50392532348633,2.782623291015625
212,Ba6Nb4TiO18,Ba,Ib,Ba,46.20000076293945,44.8317756652832,44.8317756652832,0.0
213,CaTi0.50Mg0.1667Nb0.3333O3,Ca,III,Ba,54.310001373291016,53.164390563964844,53.1628303527832,-0.001560211181640625
214,CaTi0.35Mg0.2167Nb0.4333O3,Ca,III,Ba,44.2400016784668,45.392417907714844,44.57192611694336,-0.8204917907714844
215,Ca0.45Li0.175Dy0.0667Nd0.2417TiO3,Ca,III,Ba,100.0999984741211,115.90330505371094,115.95389556884766,0.05059051513671875
216,Ca0.45Li0.225Dy0.0333Nd0.2583TiO3,Ca,III,Ba,105.0999984741211,117.83709716796875,118.25492858886719,0.4178314208984375
217,Ca0.30Li0.20Dy0.10Nd0.30TiO3,Other,III,Ba,97.5999984741211,104.25016784667969,105.38216400146484,1.1319961547851562
218,Ca0.20Li0.25Dy0.10Nd0.35TiO3,Other,III,Ba,89.4000015258789,97.61637115478516,98.12162017822266,0.5052490234375
219,Ca0.40Li0.25Dy0.0333Nd0.2833TiO3,Ca,III,Ba,103.0,113.6724624633789,115.70989990234375,2.0374374389648438
220,Ca0.10Li0.25Dy0.1333Nd0.3833TiO3,Other,III,Ba,70.5999984741211,78.94990539550781,80.2799301147461,1.3300247192382812
221,Ca0.5Pb0.5Zr0.95Ti0.05O3,Ca,III,Ba,72.0,71.910888671875,72.97371673583984,1.0628280639648438
222,Ca4La2Ti5O17,Ca,II,Ba,73.0,70.80015563964844,68.52435302734375,-2.2758026123046875
223,Ca0.268Li0.165Sm0.433TiO3,Other,III,Ba,95.5,96.30865478515625,96.79837799072266,0.48972320556640625
224,Ca0.5Pb0.5Fe0.5Ta0.5O3,Ca,II,Ba,67.9000015258789,78.00875854492188,79.45845031738281,1.4496917724609375
225,Ca0.5Pb0.5Fe0.5Ta0.5O3,Ca,II,Ba,79.5999984741211,78.45307922363281,79.94554138183594,1.492462158203125
226,Ca0.5Pb0.5Fe0.5Ta0.5O3,Ca,II,Ba,84.0,78.89280700683594,80.43341064453125,1.5406036376953125
227,Ca0.5Pb0.5Fe0.5Ta0.5O3,Ca,II,Ba,83.9000015258789,79.32523345947266,80.92033386230469,1.5951004028320312
228,Pb.0ZrO3,Other,III,Ba,129.0,124.02653503417969,123.89979553222656,-0.126739501953125
229,Ba0.05Pb0.95ZrO3,Other,II,Ba,135.0,136.64108276367188,135.7976531982422,-0.8434295654296875
230,Pb0.90Sr0.10ZrO3,Other,III,Ba,127.0,122.7621841430664,122.6514663696289,-0.1107177734375
231,Pb0.50Sr0.50ZrO3,Sr,III,Ba,101.0,101.0460205078125,105.53437805175781,4.4883575439453125
232,Pb0.40Sr0.60ZrO3,Sr,III,Ba,73.0,75.19651794433594,82.13911437988281,6.942596435546875
233,Pb0.95Ca0.05ZrO3,Other,III,Ba,112.0,121.2289810180664,121.20379638671875,-0.02518463134765625
234,Pb0.70Ca0.30ZrO3,Other,III,Ba,132.0,123.7068099975586,123.17818450927734,-0.52862548828125
235,Ca0.45Li0.125Dy0.10Nd0.225TiO3,Ca,III,Ba,121.30000305175781,114.18409729003906,113.685546875,-0.4985504150390625
236,Ca0.20Li0.25La0.10Nd0.35TiO3,Other,III,Ba,110.4000015258789,114.30891418457031,113.15992736816406,-1.14898681640625
237,Ca0.30Li0.20La0.10Nd0.30TiO3,Other,III,Ba,116.0,113.02531433105469,113.10948181152344,0.08416748046875
238,Ca0.40Li0.15La0.10Nd0.25TiO3,Ca,III,Ba,117.0,119.0031509399414,117.29781341552734,-1.7053375244140625
239,SrPr4Ti5O17,Other,III,Ba,46.099998474121094,44.56174087524414,30.4825382232666,-14.079202651977539
240,Ca0.68Nd0.08Sm0.20Ti0.80Al0.20O3,Ca,III,Ba,58.849998474121094,51.38617706298828,50.4249267578125,-0.9612503051757812
241,Ca0.4Li0.3Nd0.3TiO3,Other,III,Ba,112.5999984741211,115.3530502319336,114.94869232177734,-0.40435791015625
242,CaMg0.2Ta0.4Ti0.4O3,Ca,III,Ba,60.20000076293945,52.986717224121094,53.07904052734375,0.09232330322265625
243,Ca0.6Pb0.4Fe0.5Ta0.5O3,Ca,II,Ba,62.0,60.583595275878906,58.537261962890625,-2.0463333129882812
244,Pb0.6Ca0.4Fe0.475Nb0.475Sn0.05O3,Other,II,Ba,140.39999389648438,138.74317932128906,137.80245971679688,-0.9407196044921875
245,Pb0.5Ca0.5Fe0.475Nb0.475Sn0.05O3,Ca,II,Ba,102.80000305175781,99.79582214355469,108.8574447631836,9.061622619628906
246,Pb0.48Ca0.52Fe0.475Nb0.475Sn0.05O3,Ca,II,Ba,95.0,95.50685119628906,102.37437438964844,6.867523193359375
247,Pb0.46Ca0.54Fe0.475Nb0.475Sn0.05O3,Ca,II,Ba,90.5999984741211,91.3802261352539,95.85680389404297,4.4765777587890625
248,Pb0.45Ca0.55Fe0.475Nb0.475Sn0.05O3,Ca,II,Ba,88.9000015258789,89.29930877685547,92.73878479003906,3.4394760131835938
249,Pb0.4Ca0.6Fe0.475Nb0.475Sn0.05O3,Ca,II,Ba,81.0,76.97383117675781,77.13154602050781,0.15771484375
250,Pb0.65Ca0.35ZrO3,Other,III,Ba,118.0,115.00428771972656,114.73954772949219,-0.264739990234375
251,Pb0.6Ca0.4Fe0.45Nb0.45Sn0.1O3,Other,II,Ba,138.0,138.5140838623047,137.6389923095703,-0.875091552734375
252,Pb0.48Ca0.52Fe0.45Nb0.45Sn0.1O3,Ca,II,Ba,92.4000015258789,92.50621032714844,97.80084991455078,5.294639587402344
253,Pb0.46Ca0.54Fe0.45Nb0.45Sn0.1O3,Ca,II,Ba,86.69999694824219,88.01515197753906,90.91979217529297,2.9046401977539062
254,Pb0.45Ca0.55Fe0.45Nb0.45Sn0.1O3,Ca,II,Ba,85.30000305175781,85.60250091552734,87.44792175292969,1.8454208374023438
255,Pb0.4Ca0.6Fe0.45Nb0.45Sn0.1O3,Ca,II,Ba,71.0999984741211,72.39279174804688,71.55284118652344,-0.8399505615234375
256,Ca0.20Li0.34La0.04Nd0.38TiO3,Other,III,Ba,132.60000610351562,127.231201171875,123.65245056152344,-3.5787506103515625
257,Ca0.40Li0.24La0.04Nd0.28TiO3,Ca,III,Ba,136.39999389648438,118.2911148071289,118.43852233886719,0.14740753173828125
258,Ca0.60Li0.14La0.04Nd0.18TiO3,Ca,III,Ba,142.0,129.35269165039062,126.79460144042969,-2.5580902099609375
259,Ca0.60Li0.15La0.0333Nd0.1833TiO3,Ca,III,Ba,128.1999969482422,129.33633422851562,126.9548568725586,-2.3814773559570312
260,Ca0.50Li0.20La0.0333Nd0.2333TiO3,Ca,III,Ba,123.0,124.6612548828125,123.058837890625,-1.6024169921875
261,Ca0.40Li0.25La0.0333Nd0.2833TiO3,Ca,III,Ba,121.30000305175781,117.93043518066406,118.42555236816406,0.4951171875
262,Ca0.60Li0.05La0.10Nd0.15TiO3,Ca,III,Ba,117.0,118.2524642944336,116.10111236572266,-2.1513519287109375
263,Pb0.5Ca0.5Fe0.45Nb0.45Sn0.1O3,Ca,II,Ba,96.80000305175781,96.9742431640625,104.9847183227539,8.010475158691406
264,Pb0.63Ca0.37ZrO3,Other,III,Ba,110.0,109.58415222167969,109.268310546875,-0.3158416748046875
265,Pb0.60Ca0.40ZrO3,Other,III,Ba,94.0,100.57917785644531,100.01692199707031,-0.562255859375
266,Pb0.50Ca0.50ZrO3,Ca,III,Ba,74.0,72.6637191772461,75.04832458496094,2.3846054077148438
267,Ca0.20Sr0.80Ti0.20Mg0.2667Nb0.5333O3,Sr,II,Ba,45.0,43.66632080078125,45.45582580566406,1.7895050048828125
268,Ca0.7Nd0.3Ti0.7Al0.3O3,Ca,II,Ba,44.0,45.14879608154297,44.01957321166992,-1.1292228698730469
269,BaTi0.50Ga0.25Nb0.25O3,Ba,Ib,Ba,86.0,82.4533462524414,82.4533462524414,0.0
270,BaTi0.40Ga0.30Nb0.30O3,Ba,Ib,Ba,66.0,65.4173812866211,65.4173812866211,0.0
271,BaTi0.30Ga0.35Nb0.35O3,Ba,Ib,Ba,47.0,45.597007751464844,45.597007751464844,0.0
272,Ba2La3Ti3NbO15,Ba,II,Ba,47.0,47.416534423828125,47.416534423828125,0.0
273,Ba3La3Ti4Nb2O18,Ba,Ib,Ba,47.439998626708984,47.95216369628906,48.715110778808594,0.7629470825195312
274,Sr0.2Ca0.488Nd0.208Ti0.6Al0.5333O3,Ca,II,Ba,48.29999923706055,45.68516159057617,43.602500915527344,-2.082660675048828
275,Pb0.4Ca0.6Fe0.5Ta0.5O3,Ca,II,Ba,62.0,60.583595275878906,58.537261962890625,-2.0463333129882812
276,Ca0.80Nd0.1333TiO3,Ca,III,Ba,119.0,118.56636047363281,115.98841857910156,-2.57794189453125
277,Ca0.70Nd0.20TiO3,Ca,III,Ba,107.0,112.52335357666016,110.44927978515625,-2.0740737915039062
278,Ba3LaNb3O12,Ba,Ib,Ba,43.5,44.09648895263672,44.09648895263672,0.0
279,Ca0.61Nd0.26TiO3,Ca,III,Ba,98.0,106.65071105957031,105.1080322265625,-1.5426788330078125
280,Ca0.28Sm0.28Li0.15Nd0.15TiO3,Other,III,Ba,98.0,101.80992126464844,103.7010726928711,1.8911514282226562
281,Ca0.85Nd0.10TiO3,Ca,III,Ba,141.0,121.04042053222656,118.3282699584961,-2.7121505737304688
282,Ca0.73Nd0.18TiO3,Ca,III,Ba,117.0,114.46060943603516,112.20930480957031,-2.2513046264648438
283,Ca0.61Nd0.26TiO3,Ca,III,Ba,108.0,106.65071105957031,105.1080322265625,-1.5426788330078125
284,Ca0.50Nd0.3333TiO3,Ca,III,Ba,100.0,100.4578628540039,99.35382843017578,-1.104034423828125
285,Ca0.40Nd0.40TiO3,Ca,III,Ba,99.0,95.9195556640625,95.88871765136719,-0.0308380126953125
286,Ca0.31Nd0.46TiO3,Ca,III,Ba,98.0,92.21830749511719,91.84321594238281,-0.375091552734375
287,Ca0.22Nd0.52TiO3,Other,III,Ba,102.0,86.62566375732422,86.92056274414062,0.29489898681640625
288,Ca0.15Nd0.5667TiO3,Other,III,Ba,94.0,83.04741668701172,83.17225646972656,0.12483978271484375
289,Ca0.07Nd0.62TiO3,Other,III,Ba,82.0,78.26580047607422,78.45260620117188,0.18680572509765625
290,Ca0.58Nd0.28TiO3,Ca,III,Ba,93.0,104.82051086425781,103.42681884765625,-1.3936920166015625
291,SrLaPr3Ti5O17,Other,II,Ba,50.0,55.146202087402344,33.09318923950195,-22.05301284790039
292,Ba3LaNb3O12,Ba,Ib,Ba,43.599998474121094,44.17148208618164,44.17148208618164,0.0
293,Ba3LaNb3O12,Ba,Ib,Ba,43.79999923706055,44.25068664550781,44.25068664550781,0.0
294,Ca0.8Sm0.1333TiO3,Ca,III,Ba,119.0,122.89585876464844,121.53083801269531,-1.365020751953125
295,Ca0.6Sm0.2667TiO3,Ca,III,Ba,101.0,102.45631408691406,101.5766372680664,-0.8796768188476562
296,Ca0.4Sm0.4TiO3,Ca,III,Ba,94.5,95.39830017089844,94.93224334716797,-0.46605682373046875
297,Ca0.70Nd0.20TiO3,Ca,III,Ba,112.95999908447266,112.60176086425781,110.527587890625,-2.0741729736328125
298,Ca0.61Nd0.26TiO3,Ca,III,Ba,103.3499984741211,106.73350524902344,105.176025390625,-1.5574798583984375
299,Ca0.52Nd0.32TiO3,Ca,III,Ba,100.08000183105469,101.52027893066406,100.34014892578125,-1.1801300048828125
300,Ca0.3Li0.35Sm0.35TiO3,Other,III,Ba,114.0,114.0833511352539,113.3987808227539,-0.6845703125
301,Ca0.5Li0.25Sm0.25TiO3,Ca,III,Ba,130.5,127.93034362792969,124.83296966552734,-3.0973739624023438
302,Sr0.4Ce0.4TiO3,Sr,II,Ba,113.0,113.87593841552734,114.65687561035156,0.7809371948242188
303,Ba3LaNb3O12,Ba,Ib,Ba,43.5,44.210548400878906,44.210548400878906,0.0
304,Sr0.5Ce0.3333TiO3,Sr,Ib,Ba,123.0,127.7192611694336,122.07621765136719,-5.643043518066406
305,Sr0.625Ce0.25TiO3,Sr,Ib,Ba,143.0,135.6982879638672,131.23159790039062,-4.4666900634765625
306,La0.48Ca0.52Co0.24Ti0.76O3,Ca,III,Ba,45.0,45.77969741821289,46.14118194580078,0.3614845275878906
307,Nd0.52Ca0.48Co0.26Ti0.74O3,Ca,III,Ba,43.0,41.6115608215332,40.454933166503906,-1.1566276550292969
308,Ba3LaNb3O12,Ba,Ib,Ba,43.900001525878906,44.29193878173828,44.29193878173828,0.0
309,Sr0.5714Ce0.2857TiO3,Sr,Ib,Ba,136.0,132.86831665039062,127.53633117675781,-5.3319854736328125
310,CaTi0.40Mg0.20Nb0.40O3,Ca,III,Ba,47.25,47.61701202392578,47.024620056152344,-0.5923919677734375
311,SrLa2Pr2Ti5O17,Other,II,Ba,53.5,57.25687789916992,34.37903594970703,-22.87784194946289
312,SrLa4Ti5O17,Other,II,Ba,60.79999923706055,51.853546142578125,37.62289810180664,-14.230648040771484
313,Ca3Ba2Nb2TiO12,Ca,Ib,Ba,66.0,56.3408088684082,60.84016036987305,4.499351501464844
314,Ca2Ba3Nb2TiO12,Ba,Ib,Ba,75.0,65.89466857910156,65.89466857910156,0.0
315,CaBa4Nb2TiO12,Ba,Ib,Ba,83.0,66.66744232177734,66.66744232177734,0.0
316,Ca3Ba2Ta2TiO12,Ca,Ib,Ba,48.0,57.95283126831055,62.90717697143555,4.954345703125
317,Ca2Ba3Ta2TiO12,Ba,Ib,Ba,61.0,68.09212493896484,68.09212493896484,0.0
318,CaBa4Ta2TiO12,Ba,Ib,Ba,64.0,68.651123046875,68.651123046875,0.0
319,Ba3LaNb3O12,Ba,Ib,Ba,48.29999923706055,46.32928466796875,46.32928466796875,0.0
320,Ba3LaNb3O12,Ba,Ib,Ba,44.20000076293945,46.32928466796875,46.32928466796875,0.0
321,Ba3La2Ti2Nb2O12,Ba,Ib,Ba,42.79999923706055,45.047630310058594,45.047630310058594,0.0
322,BaLa4Ti4O15,Other,Ib,Ba,45.0,46.15085983276367,47.790924072265625,1.6400642395019531
323,BaLa3.96Al0.44Ti4O15,Other,Ib,Ba,44.0,43.60316848754883,44.454505920410156,0.8513374328613281
324,BaPr0.3Bi0.2Nb0.5O3,Ba,II,Ba,60.70000076293945,55.761138916015625,55.761138916015625,0.0
325,BaSm0.3Bi0.2Nb0.5O3,Ba,II,Ba,50.79999923706055,50.135658264160156,50.135658264160156,0.0
326,BaGd0.3Bi0.2Nb0.5O3,Ba,II,Ba,47.900001525878906,47.898643493652344,47.898643493652344,0.0
327,BaDy0.3Bi0.2Nb0.5O3,Ba,II,Ba,48.599998474121094,46.244842529296875,46.244842529296875,0.0
328,BaY0.3Bi0.2Nb0.5O3,Ba,Ib,Ba,44.599998474121094,44.93817901611328,44.93817901611328,0.0
329,BaEr0.3Bi0.2Nb0.5O3,Ba,Ib,Ba,46.099998474121094,44.14956283569336,44.14956283569336,0.0
330,Ca0.5Nd0.5Zn0.25Ti0.75O3,Ca,III,Ba,45.0,41.38031005859375,41.36525344848633,-0.015056610107421875
331,Ba4NdTiNb3O15,Ba,Ib,Ba,38.150001525878906,42.368709564208984,42.368709564208984,0.0
332,Ba3Nd2Ti2Nb2O15,Ba,Ib,Ba,46.83000183105469,48.2393913269043,48.2393913269043,0.0
333,BaSrLa3Ti3NbO15,Ba,III,Ba,43.029998779296875,47.30540466308594,47.64807891845703,0.34267425537109375
334,Ba.25Sr0.75La3Ti3NbO15,Ba,III,Ba,46.86000061035156,47.313011169433594,47.19609832763672,-0.116912841796875
335,Ba.5Sr0.5La3Ti3NbO15,Other,Ib,Ba,46.31999969482422,47.642276763916016,36.610984802246094,-11.031291961669922
336,Ba.75Sr0.25La3Ti3NbO15,Other,Ib,Ba,47.0099983215332,46.80216598510742,36.30828094482422,-10.493885040283203
337,CaTi0.30Mg0.2333Nb0.4667O3,Ca,III,Ba,41.560001373291016,43.47348403930664,42.46018600463867,-1.0132980346679688
338,CaLa4Ti4O15,Other,II,Ba,44.70000076293945,42.994606018066406,45.69203567504883,2.697429656982422
339,SrLa4Ti4O15,Other,II,Ba,45.099998474121094,43.635826110839844,45.94474411010742,2.308917999267578
340,BaLa4Ti4O15,Other,Ib,Ba,49.099998474121094,46.571937561035156,48.16202926635742,1.5900917053222656
341,Ca2La4Ti5O18,Other,II,Ba,49.29999923706055,44.948768615722656,47.1749382019043,2.2261695861816406
342,CaLa4Ti5O17,Other,II,Ba,55.20000076293945,56.17731857299805,40.37853240966797,-15.798786163330078
343,CaLa8Ti9O31,Other,II,Ba,54.900001525878906,52.48408126831055,42.48431396484375,-9.999767303466797
344,BaZn0.3167Nb0.6333Zr0.05O3,Ba,Ib,Ba,42.0,39.47357940673828,39.47357940673828,0.0
345,Ca0.10Nd0.90Mg0.45Ti0.55O3,Other,III,Ba,42.0,27.370243072509766,28.03689956665039,0.666656494140625
346,CaLa4Ti4O15,Other,II,Ba,43.61000061035156,41.0523796081543,43.19620895385742,2.143829345703125
347,CaLa3.5Nd0.5Ti4O15,Other,II,Ba,43.36000061035156,41.829368591308594,44.01314163208008,2.1837730407714844
348,CaMg0.300Ta0.600Ti0.100O3,Ca,III,Ba,25.399999618530273,23.800045013427734,23.233484268188477,-0.5665607452392578
349,CaLa3NdTi4O15,Other,II,Ba,43.099998474121094,41.22718048095703,43.658294677734375,2.4311141967773438
350,Ba4LaTiTa3O15,Ba,Ib,Ba,41.099998474121094,41.23375701904297,41.23375701904297,0.0
351,Ba4LaTiTa3O15,Ba,Ib,Ba,41.400001525878906,41.162166595458984,41.162166595458984,0.0
352,Ba4LaTiTa3O15,Ba,Ib,Ba,42.29999923706055,41.09058380126953,41.09058380126953,0.0
353,Ba4LaTiTa3O15,Ba,Ib,Ba,42.099998474121094,41.01900863647461,41.01900863647461,0.0
354,Ba2La3Ti3NbO15,Ba,II,Ba,42.83000183105469,47.38612747192383,47.38612747192383,0.0
355,Ba3La2Ti2Nb2O15,Ba,Ib,Ba,49.369998931884766,47.96977615356445,47.96977615356445,0.0
356,Sr4LaTiNb3O15,Sr,III,Ba,41.099998474121094,41.040252685546875,42.6695442199707,1.6292915344238281
357,Sr4LaTiNb3O15,Sr,III,Ba,42.20000076293945,40.980533599853516,42.59690856933594,1.6163749694824219
358,Sr4LaTiNb3O15,Sr,III,Ba,43.29999923706055,40.92129135131836,42.52470779418945,1.6034164428710938
359,Sr4LaTiNb3O15,Sr,III,Ba,43.099998474121094,40.862525939941406,42.45294952392578,1.590423583984375
360,Ba2La3Ti3NbO15,Ba,II,Ba,48.34000015258789,46.991539001464844,46.991539001464844,0.0
361,CaLa2Nd2Ti4O15,Other,III,Ba,42.29999923706055,41.8100471496582,44.25792694091797,2.4478797912597656
362,CaMg0.267Ta0.533Ti0.200O3,Ca,III,Ba,28.700000762939453,27.31234359741211,26.719646453857422,-0.5926971435546875
363,CaMg0.233Ta0.467Ti0.300O3,Ca,III,Ba,33.599998474121094,32.53151321411133,32.14638900756836,-0.38512420654296875
364,CaMg0.200Ta0.400Ti0.400O3,Ca,III,Ba,39.400001525878906,39.797386169433594,39.898597717285156,0.1012115478515625
365,Sr0.2Ca0.488Nd0.208Ti0.76Al0.32O3,Ca,II,Ba,68.69999694824219,67.2831039428711,64.8797378540039,-2.4033660888671875
366,Sr0.2Ca0.488Nd0.208Ti0.68Al0.4267O3,Ca,II,Ba,57.5,55.1580924987793,52.462608337402344,-2.695484161376953
367,Ba3LiTa3Ti5O21,Ba,Ib,Ba,49.400001525878906,43.781795501708984,43.781795501708984,0.0
368,Ba3LiNb3Ti5O21,Ba,Ib,Ba,54.900001525878906,42.31154251098633,42.31154251098633,0.0
369,Pb0.2Ca0.15La0.5Mg0.5Nb0.5O3,Other,III,Ba,50.0,49.474609375,50.063194274902344,0.5885848999023438
370,La0.66Ni0.01TiO3,Other,II,Ba,51.400001525878906,48.47039794921875,49.9620361328125,1.49163818359375
371,La0.6533Ni0.02TiO3,Other,II,Ba,63.29999923706055,61.0855827331543,63.970664978027344,2.885082244873047
372,La0.6467Ni0.03TiO3,Other,II,Ba,69.4000015258789,64.83699798583984,67.03871154785156,2.2017135620117188
373,La0.6333Ni0.05TiO3,Other,II,Ba,59.599998474121094,61.44243621826172,63.67070388793945,2.2282676696777344
374,La0.6167Ni0.075TiO3,Other,II,Ba,58.0,57.99908447265625,60.353248596191406,2.3541641235351562
375,La0.5667Ni0.15TiO3,Other,II,Ba,53.29999923706055,51.308929443359375,53.82585525512695,2.516925811767578
376,Sr0.2Ca0.488Nd0.208Ti0.84Al0.2133O3,Ca,II,Ba,80.0999984741211,80.37158203125,79.06455993652344,-1.3070220947265625
377,La0.5333Ni0.2TiO3,Other,II,Ba,50.70000076293945,47.92625427246094,50.52227783203125,2.5960235595703125
378,La4Ti9O24,Other,II,Ba,37.0,40.55805206298828,32.53757858276367,-8.02047348022461
379,Nd2Ti2O7,Other,III,Ba,36.0,42.35894775390625,33.86330795288086,-8.49563980102539
380,Nd4Ti9O24,Other,III,Ba,37.5,40.3330192565918,32.47949981689453,-7.853519439697266
381,Pb0.2Ca.0667Nb0.5333Ti0.2O3,Ca,III,Ba,51.66999816894531,48.274757385253906,34.574913024902344,-13.699844360351562
382,Na0.15La0.15Li0.35Sm0.35TiO3,Other,III,Ba,117.0,117.64017486572266,117.4343032836914,-0.20587158203125
383,CaFe0.27Nb0.27Ti0.46O3,Ca,III,Ba,60.0,59.407623291015625,58.7779426574707,-0.6296806335449219
384,CaAl0.23Ta0.23Ti0.54O3,Ca,II,Ba,47.0,46.2607536315918,45.62187576293945,-0.6388778686523438
385,CaZn0.2333Nb0.4667Ti0.3O3,Ca,III,Ba,51.0,49.903350830078125,49.201324462890625,-0.7020263671875
386,Ca0.58La0.21Na0.21Fe0.29Nb0.29Ti0.42O3,Ca,III,Ba,58.900001525878906,57.35234451293945,56.10245895385742,-1.2498855590820312
387,CaMg0.22Nb0.44Ti0.34O3,Ca,III,Ba,43.900001525878906,45.75374984741211,45.164833068847656,-0.5889167785644531
388,Ca0.6La0.2Na0.2Mg0.2Nb0.4Ti0.4O3,Ca,III,Ba,52.29999923706055,53.097747802734375,52.411964416503906,-0.6857833862304688
389,La2Ti2O7,Other,II,Ba,47.0,43.24420928955078,34.3093147277832,-8.934894561767578
390,SrLa3PrTi5O17,Other,II,Ba,57.0,58.55583572387695,36.3370246887207,-22.21881103515625
391,CaMg0.3333Nb0.6667O3,Ca,III,Ba,28.0,25.514541625976562,25.07479476928711,-0.4397468566894531
392,CaTi0.34Mg0.22Nb0.44O3,Ca,III,Ba,48.0,45.095497131347656,44.21495819091797,-0.8805389404296875
393,CaMg0.183Ta0.367Ti0.450O3,Ca,III,Ba,45.099998474121094,44.18326950073242,44.60784149169922,0.4245719909667969
394,CaMg0.167Ta0.333Ti0.500O3,Ca,III,Ba,47.79999923706055,48.95201110839844,49.704124450683594,0.7521133422851562
395,CaMg0.133Ta0.267Ti0.600O3,Ca,III,Ba,59.900001525878906,59.711822509765625,61.28453826904297,1.5727157592773438
396,CaMg0.100Ta0.200Ti0.700O3,Ca,III,Ba,73.0999984741211,71.48374938964844,75.89598083496094,4.4122314453125
397,CaMg0.067Ta0.133Ti0.800O3,Ca,III,Ba,95.0,93.6624526977539,104.47758483886719,10.815132141113281
398,CaMg0.033Ta0.067Ti0.900O3,Ca,III,Ba,121.69999694824219,118.96185302734375,120.85444641113281,1.8925933837890625
399,Ba0.8Sr0.2La4Ti4O15,Other,Ib,Ba,46.79999923706055,46.7628059387207,48.3438606262207,1.5810546875
400,Ba0.6Sr0.4La4Ti4O15,Other,Ib,Ba,45.70000076293945,46.345741271972656,47.78676223754883,1.4410209655761719
401,Ba0.4Sr0.6La4Ti4O15,Other,II,Ba,45.400001525878906,44.8073616027832,47.21916580200195,2.41180419921875
402,Ba0.2Sr0.8La4Ti4O15,Other,II,Ba,46.099998474121094,44.13371658325195,44.846649169921875,0.7129325866699219
403,Ba0.8Ca0.2La4Ti4O15,Other,Ib,Ba,47.70000076293945,46.38472366333008,47.979881286621094,1.5951576232910156
404,CaTi0.2Mg0.2667Nb0.5333O3,Ca,III,Ba,36.0,36.986900329589844,36.780879974365234,-0.20602035522460938
405,Ba0.6Ca0.4La4Ti4O15,Other,II,Ba,48.900001525878906,45.0864372253418,47.90630340576172,2.819866180419922
406,Ba0.2Ca0.8La4Ti4O15,Other,II,Ba,49.5,44.4141960144043,47.641502380371094,3.227306365966797
407,Ba0.2Sr0.8La4Ti4O15,Other,II,Ba,40.79999923706055,44.44417190551758,46.85029602050781,2.4061241149902344
408,Ba0.2Sr0.8La4Ti4.20O15,Other,II,Ba,46.400001525878906,44.56882858276367,46.03367614746094,1.4648475646972656
409,SrGa0.5Nb0.5O3,Sr,Ib,Ba,33.400001525878906,33.412437438964844,35.50725173950195,2.0948143005371094
410,SrGa0.45Nb0.45Ti0.1O3,Sr,Ib,Ba,36.599998474121094,36.5869026184082,37.75202560424805,1.1651229858398438
411,SrGa0.4Nb0.4Ti0.2O3,Sr,Ib,Ba,40.400001525878906,40.6120491027832,41.247398376464844,0.6353492736816406
412,SrGa0.35Nb0.35Ti0.3O3,Sr,Ib,Ba,46.599998474121094,45.36940383911133,45.85498809814453,0.4855842590332031
413,CaTi0.8Mg0.0667Nb0.1333O3,Ca,III,Ba,109.0,106.24200439453125,112.80299377441406,6.5609893798828125
414,CaTi0.6Mg0.1333Nb0.2667O3,Ca,III,Ba,68.0,66.29869842529297,68.15531921386719,1.8566207885742188
415,CaTi0.4Mg0.2Nb0.4O3,Ca,III,Ba,54.0,49.471405029296875,49.31346130371094,-0.1579437255859375
416,Ba0.4Ca0.6La4Ti4O15,Other,II,Ba,48.900001525878906,44.791282653808594,47.84673309326172,3.055450439453125
417,La6ZnTi5O18,Other,III,Ba,40.79999923706055,41.806419372558594,42.108428955078125,0.30200958251953125
418,Sr2La4Ti5O18,Other,II,Ba,48.0,43.555198669433594,45.216644287109375,1.6614456176757812
419,CaLi0.3Nb0.6Sn0.1O3,Ca,III,Ba,25.200000762939453,23.419326782226562,28.223896026611328,4.804569244384766
420,CaLi0.2833Nb0.5667Sn0.15O3,Ca,III,Ba,24.799999237060547,23.65178680419922,30.66399574279785,7.012208938598633
421,CaLi0.2667Nb0.5333Sn0.2O3,Ca,III,Ba,23.299999237060547,24.1048583984375,30.238590240478516,6.133731842041016
422,CaLi0.2333Nb0.4667Sn0.3O3,Ca,III,Ba,22.600000381469727,23.670324325561523,31.087360382080078,7.417036056518555
423,CaLi0.3Nb0.6Sn0.1O3,Ca,III,Ba,25.399999618530273,23.161327362060547,27.884204864501953,4.722877502441406
424,CaLi0.2833Nb0.5667Sn0.15O3,Ca,III,Ba,24.899999618530273,23.32677459716797,30.23404884338379,6.90727424621582
425,CaLi0.2667Nb0.5333Sn0.2O3,Ca,III,Ba,23.899999618530273,23.8762264251709,29.914363861083984,6.038137435913086
426,CaLi0.2333Nb0.4667Sn0.3O3,Ca,III,Ba,23.5,23.360986709594727,30.652603149414062,7.291616439819336
427,CaLa0.5Nb0.5O3,Ca,III,Ba,23.299999237060547,22.9610595703125,22.70155143737793,-0.2595081329345703
428,CaPr0.5Nb0.5O3,Ca,III,Ba,24.200000762939453,24.237308502197266,23.884033203125,-0.3532752990722656
429,CaNd0.5Nb0.5O3,Ca,III,Ba,24.5,24.2752742767334,23.907556533813477,-0.3677177429199219
430,CaSm0.5Nb0.5O3,Ca,III,Ba,24.700000762939453,25.3117618560791,24.888200759887695,-0.42356109619140625
431,CaEu0.5Nb0.5O3,Ca,III,Ba,25.0,25.6378231048584,25.184310913085938,-0.45351219177246094
432,CaGd0.5Nb0.5O3,Ca,III,Ba,25.5,25.64396095275879,25.185543060302734,-0.4584178924560547
433,CaTb0.5Nb0.5O3,Ca,III,Ba,26.5,26.243295669555664,25.757526397705078,-0.48576927185058594
434,CaDy0.5Nb0.5O3,Ca,III,Ba,32.0,28.06536865234375,27.62123680114746,-0.44413185119628906
435,CaHo0.5Nb0.5O3,Ca,III,Ba,31.399999618530273,28.532550811767578,28.080280303955078,-0.4522705078125
436,CaY0.5Nb0.5O3,Ca,III,Ba,31.0,29.249887466430664,28.698272705078125,-0.5516147613525391
437,CaEr0.5Nb0.5O3,Ca,III,Ba,30.5,28.81011962890625,28.34563636779785,-0.46448326110839844
438,CaYb0.5Nb0.5O3,Ca,III,Ba,30.0,29.14278793334961,28.674800872802734,-0.467987060546875
439,CaIn0.5Nb0.5O3,Ca,III,Ba,29.600000381469727,23.32542610168457,23.083431243896484,-0.24199485778808594
440,Ba2CaWO6,Ba,Ia,Ba,22.799999237060547,30.32571792602539,30.32571792602539,0.0
441,Ba2Ca0.975Sr0.025WO6,Ba,Ia,Ba,23.899999618530273,23.865428924560547,23.865428924560547,0.0
442,CaLi0.3333Nb0.6667O3,Ca,III,Ba,29.600000381469727,25.129819869995117,16.42953872680664,-8.700281143188477
443,CaLi0.1667Nb0.3333Ti0.5O3,Ca,III,Ba,55.20000076293945,44.524112701416016,45.0093994140625,0.4852867126464844
444,CaLi0.2333Nb0.4667Ti0.3O3,Ca,III,Ba,44.70000076293945,42.1955680847168,43.2974967956543,1.1019287109375
445,CaLi0.2667Nb0.5333Ti0.2O3,Ca,III,Ba,38.599998474121094,38.68296813964844,36.69518280029297,-1.9877853393554688
446,La0.5Na0.5Mg0.5W0.5O3,Other,III,Ba,20.760000228881836,20.68501091003418,21.6708984375,0.9858875274658203
447,La0.5Na0.5Mg0.5W0.5O3,Other,III,Ba,18.600000381469727,20.580669403076172,21.584041595458984,1.0033721923828125
448,Ca5Nb2Ti0.2Zr0.8O12,Ca,III,Ba,34.0,45.01155471801758,44.6049690246582,-0.406585693359375
449,Ca5Ta2Ti0.7Zr0.3O12,Ca,III,Ba,36.0,46.515228271484375,45.792091369628906,-0.7231369018554688
450,Nd2Sn2O7,Other,III,Ba,17.0,12.264424324035645,11.494207382202148,-0.7702169418334961
451,NdMg0.5Sn0.4Ti0.1O3,Other,III,Ba,21.100000381469727,19.640960693359375,19.78212547302246,0.14116477966308594
452,BaTi0.6Zn0.2W0.2O3,Ba,Ib,Ba,71.19999694824219,71.20594787597656,71.20594787597656,0.0
453,BaTi0.5Zn0.25W0.25O3,Ba,Ib,Ba,25.399999618530273,24.743358612060547,24.743358612060547,0.0
454,BaTi0.45Zn0.275W0.275O3,Ba,Ib,Ba,22.899999618530273,22.612979888916016,22.612979888916016,0.0
455,BaTi0.4Zn0.3W0.3O3,Ba,Ib,Ba,21.200000762939453,21.271743774414062,21.271743774414062,0.0
456,BaTi0.35Zn0.325W0.325O3,Ba,Ib,Ba,22.100000381469727,22.127986907958984,22.127986907958984,0.0
457,Ba2Ca0.95Sr0.05WO6,Ba,Ia,Ba,24.0,24.17397117614746,24.17397117614746,0.0
458,BaTi0.3Zn0.35W0.35O3,Ba,Ib,Ba,26.399999618530273,25.08755111694336,25.08755111694336,0.0
459,BaTi0.1Zn0.45W0.45O3,Ba,Ib,Ba,33.0,29.36444091796875,29.36444091796875,0.0
460,BaHfO3,Ba,Ia,Ba,24.100000381469727,24.67218017578125,24.67218017578125,0.0
461,SrHfO3,Sr,III,Ba,23.5,22.283554077148438,22.505626678466797,0.22207260131835938
462,CaHfO3,Ca,III,Ba,21.399999618530273,19.975421905517578,19.800838470458984,-0.17458343505859375
463,YMg0.5Ti0.5O3,Other,III,Ba,22.0,22.231334686279297,22.568790435791016,0.33745574951171875
464,La.6667MgTaO6,Other,III,Ba,22.5,24.053712844848633,28.562408447265625,4.508695602416992
465,CaLi0.2333Nb0.4667Sn0.3O3,Ca,III,Ba,22.600000381469727,17.45895004272461,27.058013916015625,9.599063873291016
466,CaLa0.5Ta0.5O3,Ca,III,Ba,23.0,20.932682037353516,20.813613891601562,-0.11906814575195312
467,CaLi0.333Nb0.667O3,Ca,III,Ba,29.600000381469727,25.596694946289062,14.529980659484863,-11.0667142868042
468,CaLi0.3167Nb0.6333Ti0.05O3,Ca,III,Ba,32.400001525878906,35.38227081298828,30.958419799804688,-4.423851013183594
469,CaLi0.3Nb0.6Ti0.1O3,Ca,III,Ba,34.599998474121094,36.82255172729492,34.83568572998047,-1.9868659973144531
470,BaTi0.2Zn0.4W0.4O3,Ba,Ib,Ba,31.399999618530273,28.84524154663086,28.84524154663086,0.0
471,Ba2Ca0.9Sr0.1WO6,Ba,Ia,Ba,23.5,23.429990768432617,23.429990768432617,0.0
472,Ba2Ca0.75Sr0.25WO6,Ba,Ia,Ba,23.399999618530273,22.6986026763916,22.6986026763916,0.0
473,Ba2Ca0.5Sr0.5WO6,Ba,Ia,Ba,23.299999237060547,22.403629302978516,22.403629302978516,0.0
474,BaZn0.1667Co0.1667Ta0.2222Nb0.2222Sb0.2222O3,Ba,Ib,Ba,24.899999618530273,23.981658935546875,23.981658935546875,0.0
475,Ba0.5Sr0.5Zn0.1667Co0.1667Ta0.2222Nb0.2222Sb0.2222O3,Ba,Ib,Ba,26.299999237060547,26.029672622680664,26.65045738220215,0.6207847595214844
476,LaCo0.5Ti0.5O3,Other,III,Ba,30.0,27.820215225219727,28.782949447631836,0.9627342224121094
477,CaGa0.5Ta0.5O3,Ca,III,Ba,25.0,23.82131576538086,23.838815689086914,0.017499923706054688
478,LaCo0.5Ti0.5O3,Other,III,Ba,25.0,27.753040313720703,28.672496795654297,0.9194564819335938
479,La0.9Al0.9Sr0.1Ti0.1O3,Other,Ib,Ba,25.100000381469727,23.2983455657959,23.61083984375,0.31249427795410156
480,Ba4LiTa2SbO12,Ba,Ib,Ba,25.100000381469727,38.391014099121094,38.391014099121094,0.0
481,SmCo0.5Ti0.5O3,Other,III,Ba,25.5,26.720317840576172,27.106975555419922,0.38665771484375
482,BaZn0.3333Ta0.3333Nb0.3333O3,Ba,Ib,Ba,34.20000076293945,32.22832489013672,32.22832489013672,0.0
483,Sr5Nb0.5Ta3.5O15,Sr,II,Ba,34.900001525878906,39.168556213378906,41.03631591796875,1.8677597045898438
484,Sr5Nb0.75Ta3.25O15,Sr,II,Ba,34.29999923706055,39.247833251953125,41.003211975097656,1.7553787231445312
485,Sr5NbTa3O15,Sr,II,Ba,33.20000076293945,39.3250846862793,40.999324798583984,1.6742401123046875
486,Sr5Nb.5Ta2.5O15,Sr,II,Ba,34.5,37.96332931518555,36.464256286621094,-1.4990730285644531
487,La0.5333Na0.4Mg0.5W0.5O3,Other,III,Ba,20.350000381469727,20.08233642578125,20.956417083740234,0.8740806579589844
488,BaZn0.3333Ta0.6667O3,Ba,Ib,Ba,29.799999237060547,29.02935218811035,29.02935218811035,0.0
489,LaMg0.667Ta0.333O3,Other,III,Ba,25.100000381469727,22.35287857055664,22.814998626708984,0.46212005615234375
490,Ba2Ca0.25Sr0.75WO6,Ba,Ia,Ba,23.700000762939453,23.004304885864258,23.004304885864258,0.0
491,Ba2Ca0.1Sr0.9WO6,Ba,Ia,Ba,23.299999237060547,20.78860855102539,20.78860855102539,0.0
492,Ba2SrWO6,Ba,Ia,Ba,23.5,24.37601661682129,24.37601661682129,0.0
493,CaZrO3,Ca,III,Ba,23.799999237060547,25.338842391967773,25.541574478149414,0.20273208618164062
494,BaTi0.39Co0.305W0.305O3,Ba,Ib,Ba,18.0,18.47146987915039,18.47146987915039,0.0
495,BaMg0.3267Nb0.6533Mn0.02O3,Ba,Ib,Ba,32.0,31.472030639648438,31.472030639648438,0.0
496,BaMg0.3299Ta0.6601Mn0.01O3,Ba,Ib,Ba,25.0,24.794811248779297,24.794811248779297,0.0
497,BaZn0.3333Nb0.6667O3,Ba,Ib,Ba,41.0,39.24016189575195,39.24016189575195,0.0
498,BaZn0.3299Ta0.6601Mn0.01O3,Ba,Ib,Ba,30.0,29.1350154876709,29.1350154876709,0.0
499,LaMg0.667Ta0.333O3,Other,III,Ba,24.700000762939453,22.39883804321289,22.855009078979492,0.45617103576660156
500,BaMn0.3333Nb0.6667O3,Ba,Ib,Ba,39.0,38.00905990600586,38.00905990600586,0.0
501,SrMg0.3267Nb0.6533Mn0.02O3,Sr,II,Ba,33.0,36.79186248779297,38.756988525390625,1.9651260375976562
502,SrZn0.3333Nb0.6667O3,Sr,II,Ba,40.0,38.78262710571289,42.443763732910156,3.6611366271972656
503,BaMg0.3333Ta0.6667O3,Ba,Ib,Ba,24.0,24.587665557861328,24.587665557861328,0.0
504,BaMg0.3167Ta0.6333Sn0.05O3,Ba,Ib,Ba,24.399999618530273,24.848764419555664,24.848764419555664,0.0
505,BaMg0.3Ta0.6Sn0.1O3,Ba,Ib,Ba,24.299999237060547,25.013103485107422,25.013103485107422,0.0
506,BaMg0.2833Ta0.5667Sn0.15O3,Ba,Ib,Ba,24.0,24.859638214111328,24.859638214111328,0.0
507,BaTi0.6Ni0.2W0.2O3,Ba,Ib,Ba,29.799999237060547,31.09575843811035,31.09575843811035,0.0
508,BaTi0.55Ni0.225W0.225O3,Ba,Ib,Ba,26.5,26.330419540405273,26.330419540405273,0.0
509,BaTi0.5Ni0.25W0.25O3,Ba,Ib,Ba,24.200000762939453,23.745986938476562,23.745986938476562,0.0
510,BaTi0.45Ni0.275W0.275O3,Ba,Ib,Ba,21.600000381469727,21.600784301757812,21.600784301757812,0.0
511,BaTi0.4Ni0.3W0.3O3,Ba,Ib,Ba,20.0,19.894649505615234,19.894649505615234,0.0
512,BaMn0.3333Ta0.6667O3,Ba,Ib,Ba,22.0,25.185535430908203,25.185535430908203,0.0
513,La0.5333Na0.4Mg0.5W0.5O3,Other,III,Ba,21.100000381469727,19.88947105407715,20.798828125,0.9093570709228516
514,La0.5667Na0.3Mg0.5W0.5O3,Other,III,Ba,20.899999618530273,19.618038177490234,20.422834396362305,0.8047962188720703
515,PrAlO3,Other,Ia,Ba,23.200000762939453,21.594100952148438,21.896902084350586,0.30280113220214844
516,ErAlO3,Other,III,Ba,16.299999237060547,16.525842666625977,16.707069396972656,0.1812267303466797
517,DyAlO3,Other,III,Ba,17.600000381469727,16.854564666748047,17.056804656982422,0.202239990234375
518,GdAlO3,Other,III,Ba,18.399999618530273,17.774694442749023,18.12206268310547,0.3473682403564453
519,SmAlO3,Other,III,Ba,20.399999618530273,19.212574005126953,19.594003677368164,0.38142967224121094
520,YAlO3,Other,III,Ba,15.699999809265137,15.859140396118164,16.06124496459961,0.2021045684814453
521,Ba.8Sr0.2SmSbO6,Ba,Ia,Ba,16.0,16.84774398803711,3.9438037872314453,-12.903940200805664
522,Sr2SmSbO6,Sr,II,Ba,16.0,16.66106605529785,16.32676124572754,-0.3343048095703125
523,Ba2SmSbO6,Ba,Ia,Ba,20.700000762939453,18.434438705444336,18.434438705444336,0.0
524,Ca5Ta2HfO12,Ca,III,Ba,17.0,34.5784912109375,34.156532287597656,-0.42195892333984375
525,Ba2CoWO6,Ba,Ia,Ba,19.299999237060547,18.261730194091797,18.261730194091797,0.0
526,Ba2NiWO6,Ba,Ia,Ba,18.100000381469727,16.669286727905273,16.669286727905273,0.0
527,Ba2ZnWO6,Ba,Ia,Ba,29.100000381469727,22.749135971069336,22.749135971069336,0.0
528,Sr2CoWO6,Sr,II,Ba,21.200000762939453,19.037696838378906,20.45923614501953,1.421539306640625
529,Sr2NiWO6,Sr,II,Ba,18.299999237060547,19.406463623046875,20.611352920532227,1.2048892974853516
530,Sr2ZnWO6,Sr,II,Ba,27.5,21.698062896728516,24.08127784729004,2.3832149505615234
531,BaZn0.5W0.5O3,Ba,Ia,Ba,19.0,22.01970100402832,22.01970100402832,0.0
532,Ba0.99Zn0.5W0.5O2.99,Ba,Ia,Ba,23.0,21.510433197021484,21.510433197021484,0.0
533,LaAlO3,Other,Ia,Ba,23.399999618530273,22.456995010375977,22.733379364013672,0.2763843536376953
534,NdAlO3,Other,II,Ba,22.299999237060547,20.158203125,20.50973129272461,0.3515281677246094
535,BaMg0.3333W0.3333Ti0.3333O3,Ba,Ib,Ba,15.399999618530273,15.297651290893555,15.297651290893555,0.0
536,BaTi0.39Co0.305W0.305O3,Ba,Ib,Ba,18.0,18.47000503540039,18.47000503540039,0.0
537,La6MgTi5O18,Other,III,Ba,40.20000076293945,39.23761749267578,39.8504753112793,0.6128578186035156
538,BaMg0.5W0.5O3,Ba,Ia,Ba,16.700000762939453,17.16870880126953,17.16870880126953,0.0
539,BaMg0.46W0.46Ti0.08O3,Ba,Ib,Ba,19.600000381469727,19.057132720947266,19.057132720947266,0.0
540,BaMg0.42W0.42Ti0.16O3,Ba,Ib,Ba,16.600000381469727,14.158477783203125,14.158477783203125,0.0
541,BaMg0.36W0.36Ti0.28O3,Ba,Ib,Ba,12.300000190734863,13.696560859680176,13.696560859680176,0.0
542,BaMg0.3333W0.3333Ti0.3333O3,Ba,Ib,Ba,13.100000381469727,15.291330337524414,15.291330337524414,0.0
543,BaMg0.32W0.32Ti0.36O3,Ba,Ib,Ba,13.5,15.162389755249023,15.162389755249023,0.0
544,BaMg0.30W0.30Ti0.40O3,Ba,Ib,Ba,16.700000762939453,16.649349212646484,16.649349212646484,0.0
545,BaMg0.28W0.28Ti0.44O3,Ba,Ib,Ba,21.799999237060547,21.431713104248047,21.431713104248047,0.0
546,BaMg0.25W0.25Ti0.50O3,Ba,Ib,Ba,31.200000762939453,29.791616439819336,29.791616439819336,0.0
547,BaMg0.20W0.20Ti0.60O3,Ba,Ib,Ba,63.900001525878906,62.49586868286133,62.49586868286133,0.0
548,Ba0.98Zn0.5W0.5O2.98,Ba,Ia,Ba,24.0,21.028945922851562,21.028945922851562,0.0
549,BaMg0.33W0.35Ti0.32O3.02,Ba,Ib,Ba,16.299999237060547,15.580314636230469,15.580314636230469,0.0
550,BaMg0.34W0.35Ti0.31O3.01,Ba,Ib,Ba,17.100000381469727,14.962013244628906,14.962013244628906,0.0
551,BaMg0.34W0.32Ti0.34O2.98,Ba,Ib,Ba,14.399999618530273,14.962400436401367,14.962400436401367,0.0
552,BaMg0.34W0.33Ti0.33O2.99,Ba,Ib,Ba,15.100000381469727,14.901684761047363,14.901684761047363,0.0
553,BaMg0.35W0.34Ti0.31O2.99,Ba,Ib,Ba,15.399999618530273,14.372091293334961,14.372091293334961,0.0
554,BaMg0.35W0.33Ti0.32O2.98,Ba,Ib,Ba,14.399999618530273,14.36737060546875,14.36737060546875,0.0
555,BaMg0.34W0.32Ti0.34O2.98,Ba,Ib,Ba,14.5,15.031817436218262,15.031817436218262,0.0
556,BaMg0.34W0.32Ti0.34O2.98,Ba,Ib,Ba,14.800000190734863,15.132062911987305,15.132062911987305,0.0
557,BaMg0.32W0.28Ti0.40O3,Ba,Ib,Ba,18.100000381469727,18.689716339111328,18.689716339111328,0.0
558,BaMg0.32W0.26Ti0.42O3,Ba,Ib,Ba,21.5,21.348308563232422,21.348308563232422,0.0
559,BaMg0.32W0.25Ti0.43O3,Ba,Ib,Ba,24.0,22.187219619750977,22.187219619750977,0.0
560,BaMg0.33W0.34Ti0.33O3.01,Ba,Ib,Ba,15.600000381469727,15.525545120239258,15.525545120239258,0.0
561,Ba0.95Zn0.5W0.5O2.95,Ba,Ia,Ba,21.0,19.730323791503906,19.730323791503906,0.0
562,BaZn0.49W0.5O2.995,Ba,Ia,Ba,20.0,21.809307098388672,21.809307098388672,0.0
563,BaZn0.45W0.5O2.9975,Ba,Ia,Ba,22.5,21.317411422729492,21.317411422729492,0.0
564,NdMg0.4Zn0.1Sn0.5O3,Other,III,Ba,19.5,18.361684799194336,18.422292709350586,0.06060791015625
565,NdMg0.4Zn0.1Sn0.5O3,Other,III,Ba,19.299999237060547,18.34334945678711,18.418872833251953,0.07552337646484375
566,Sr3ZnNb2O9,Sr,II,Ba,20.690000534057617,33.140872955322266,35.81698226928711,2.6761093139648438
567,Sr3Zn0.75Mg0.25Nb2O9,Sr,II,Ba,19.959999084472656,31.9759464263916,34.0975341796875,2.1215877532958984
568,Sr3Zn0.5Mg0.5Nb2O9,Sr,II,Ba,23.309999465942383,31.215463638305664,32.99332809448242,1.7778644561767578
569,Sr3Zn0.25Mg0.75Nb2O9,Sr,II,Ba,21.549999237060547,30.708751678466797,32.25141143798828,1.5426597595214844
570,SrYb0.5Ta0.5O3,Sr,III,Ba,14.100000381469727,20.70209503173828,22.37952995300293,1.6774349212646484
571,BaMg0.5W0.5O3,Ba,Ia,Ba,20.0,17.856176376342773,17.856176376342773,0.0
572,LaMg0.5Sn0.5O3,Other,III,Ba,19.5,19.43344497680664,19.731597900390625,0.2981529235839844
573,LaMg0.5Sn0.5O3,Other,III,Ba,19.700000762939453,19.38762855529785,19.689477920532227,0.301849365234375
574,LaMg0.5Sn0.5O3,Other,III,Ba,20.100000381469727,19.342464447021484,19.647357940673828,0.30489349365234375
575,LaMg0.43Ba0.07Sn0.5O3,Other,III,Ba,20.100000381469727,18.992298126220703,19.370380401611328,0.378082275390625
576,LaMg0.4Ca0.1Sn0.5O3,Other,III,Ba,20.200000762939453,23.8900146484375,26.51991844177246,2.629903793334961
577,La0.6667Mg0.5W0.5O3,Other,III,Ba,23.600000381469727,20.890892028808594,21.28694725036621,0.3960552215576172
578,La0.6333Na0.1Mg0.5W0.5O3,Other,III,Ba,22.600000381469727,21.263839721679688,21.693706512451172,0.4298667907714844
579,La0.6333Na0.1Mg0.5W0.5O3,Other,III,Ba,21.899999618530273,21.217092514038086,21.673961639404297,0.45686912536621094
580,La0.6Na0.2Mg0.5W0.5O3,Other,III,Ba,22.600000381469727,21.783733367919922,22.240468978881836,0.45673561096191406
581,La0.5667Na0.3Mg0.5W0.5O3,Other,III,Ba,22.8799991607666,19.527973175048828,20.35142707824707,0.8234539031982422
582,La0.5667Na0.3Mg0.5W0.5O3,Other,III,Ba,20.959999084472656,19.437366485595703,20.278854370117188,0.8414878845214844
583,BaMg0.49Y0.0133W0.4967O3,Ba,Ia,Ba,20.0,18.254440307617188,18.254440307617188,0.0
584,La0.5333Na0.4Mg0.5W0.5O3,Other,III,Ba,22.059999465942383,19.985950469970703,20.87802505493164,0.8920745849609375
585,SrSm0.5Ta0.5O3,Sr,III,Ba,27.700000762939453,25.482036590576172,26.36577796936035,0.8837413787841797
586,SrLa0.5Ta0.5O3,Sr,III,Ba,27.100000381469727,27.02724838256836,26.093921661376953,-0.9333267211914062
587,Ca0.97La0.02Mg0.5W0.5O3,Ca,III,Ba,19.0,18.451763153076172,17.923473358154297,-0.528289794921875
588,Ba0.94La0.04Mg0.5W0.5O3,Ba,Ia,Ba,20.0,17.904369354248047,17.904369354248047,0.0
589,NdMg0.47Ba0.03Sn0.5O3,Other,III,Ba,19.399999618530273,18.859573364257812,18.794925689697266,-0.06464767456054688
590,NdMg0.45Co0.05Sn0.5O3,Other,III,Ba,19.200000762939453,18.367488861083984,18.356975555419922,-0.0105133056640625
591,NdMg0.5Sn0.5O3,Other,III,Ba,19.299999237060547,18.027990341186523,17.968664169311523,-0.059326171875
592,BaLa0.5Nb0.5O3,Ba,III,Ba,37.400001525878906,36.52415084838867,36.52415084838867,0.0
593,BaNd0.5Nb0.5O3,Ba,III,Ba,41.900001525878906,40.30689239501953,40.30689239501953,0.0
594,BaSm0.5Nb0.5O3,Ba,II,Ba,39.70000076293945,37.5485954284668,37.5485954284668,0.0
595,BaYb0.5Nb0.5O3,Ba,Ib,Ba,28.299999237060547,28.96181869506836,28.96181869506836,0.0
596,BaLa0.5Ta0.5O3,Ba,III,Ba,27.100000381469727,27.58160972595215,27.58160972595215,0.0
597,BaNd0.5Ta0.5O3,Ba,III,Ba,36.0,33.97902297973633,33.97902297973633,0.0
598,SrNd0.5Ta0.5O3,Sr,III,Ba,27.100000381469727,26.222309112548828,26.274036407470703,0.051727294921875
599,BaSm0.5Ta0.5O3,Ba,II,Ba,34.29999923706055,32.65624237060547,32.65624237060547,0.0
600,CaNd0.5Nb0.5O3,Ca,III,Ba,20.0,19.869503021240234,19.803434371948242,-0.06606864929199219
601,CaSm0.5Nb0.5O3,Ca,III,Ba,20.899999618530273,20.74371910095215,20.65909194946289,-0.08462715148925781
602,CaYb0.5Nb0.5O3,Ca,III,Ba,27.0,23.719335556030273,23.57396125793457,-0.14537429809570312
603,CaLa0.5Ta0.5O3,Ca,III,Ba,19.5,18.078540802001953,18.03885269165039,-0.0396881103515625
604,CaNd0.5Ta0.5O3,Ca,III,Ba,20.0,18.248788833618164,18.20176887512207,-0.04701995849609375
605,CaSm0.5Ta0.5O3,Ca,III,Ba,19.600000381469727,18.8223934173584,18.778900146484375,-0.04349327087402344
606,CaYb0.5Ta0.5O3,Ca,III,Ba,21.100000381469727,20.77138328552246,20.793228149414062,0.021844863891601562
607,SrLa0.5Nb0.5O3,Sr,III,Ba,27.5,32.131378173828125,30.723852157592773,-1.4075260162353516
608,SrNd0.5Nb0.5O3,Sr,III,Ba,29.700000762939453,31.653457641601562,31.466598510742188,-0.186859130859375
609,SrSm0.5Nb0.5O3,Sr,III,Ba,31.799999237060547,30.72504234313965,31.33150291442871,0.6064605712890625
610,SrYb0.5Nb0.5O3,Sr,III,Ba,29.399999618530273,27.084728240966797,27.942184448242188,0.8574562072753906
611,BaYb0.5Ta0.5O3,Ba,Ib,Ba,22.100000381469727,26.946334838867188,26.946334838867188,0.0
612,NdMg0.5Ti0.5O3,Other,III,Ba,26.0,25.210294723510742,25.849109649658203,0.6388149261474609
613,CaLa0.5Nb0.5O3,Ca,III,Ba,20.600000381469727,19.062530517578125,19.029499053955078,-0.033031463623046875
614,BaMg0.3Ta0.6Ti0.1O3,Ba,Ib,Ba,26.299999237060547,26.531963348388672,26.531963348388672,0.0
615,Ca0.375Mg0.25Nb0.25Ti0.125O3,Ca,III,Ba,38.0,31.598094940185547,30.964649200439453,-0.6334457397460938
616,Ca0.25Mg0.375Nb0.25Ti0.125O3,Ca,III,Ba,31.0,26.04852867126465,25.499103546142578,-0.5494251251220703
617,Ca0.125Mg0.5Nb0.25Ti0.125O3,Ca,III,Ba,23.0,20.146516799926758,20.08840560913086,-0.05811119079589844
618,Ca0.375Mg0.25Nb0.25Ti0.125O3,Ca,III,Ba,26.0,31.611347198486328,30.9775390625,-0.6338081359863281
619,Ca0.25Mg0.375Nb0.25Ti0.125O3,Ca,III,Ba,23.0,25.916244506835938,25.425495147705078,-0.4907493591308594
620,Ca0.125Mg0.5Nb0.25Ti0.125O3,Ca,III,Ba,20.0,19.944351196289062,19.94468879699707,0.0003376007080078125
621,Ca0.375Ni0.25Nb0.25Ti0.125O3,Ca,III,Ba,35.0,32.95182418823242,32.509429931640625,-0.4423942565917969
622,Ca0.25Ni0.375Nb0.25Ti0.125O3,Ca,III,Ba,30.0,27.797637939453125,27.389949798583984,-0.4076881408691406
623,Ca0.125Ni0.5Nb0.25Ti0.125O3,Ca,III,Ba,26.0,21.838035583496094,21.716495513916016,-0.12154006958007812
624,Ca0.25Co0.375Nb0.25Ti0.125O3,Ca,III,Ba,29.0,24.60027313232422,24.256101608276367,-0.34417152404785156
625,Ca0.125Co0.5Nb0.25Ti0.125O3,Ca,III,Ba,12.0,18.22011947631836,18.395496368408203,0.17537689208984375
626,Ca0.375Mg0.25Ta0.25Ti0.125O3,Ca,III,Ba,30.0,28.0113525390625,27.816320419311523,-0.19503211975097656
627,Ca0.25Mg0.375Ta0.25Ti0.125O3,Ca,III,Ba,26.0,23.207874298095703,22.968624114990234,-0.23925018310546875
628,Ca0.125Mg0.5Ta0.25Ti0.125O3,Ca,III,Ba,20.0,17.834423065185547,17.86573028564453,0.031307220458984375
629,Ca0.375Zn0.25Ta0.25Ti0.125O3,Ca,III,Ba,17.0,15.429201126098633,15.71918773651123,0.28998661041259766
630,Ca0.25Zn0.375Ta0.25Ti0.125O3,Ca,III,Ba,13.0,11.123031616210938,11.661754608154297,0.5387229919433594
631,Ca0.125Zn0.5Ta0.25Ti0.125O3,Ca,III,Ba,10.0,9.224735260009766,9.861137390136719,0.6364021301269531
632,Ca0.375Co0.25Nb0.25Ti0.125O3,Ca,III,Ba,32.0,30.846813201904297,30.237079620361328,-0.6097335815429688
633,Ca0.375Ni0.25Ta0.25Ti0.125O3,Ca,III,Ba,29.0,28.998455047607422,28.962650299072266,-0.03580474853515625
634,SrPr0.5Nb0.5O3,Sr,III,Ba,37.5,33.701316833496094,32.06683349609375,-1.6344833374023438
635,SrNd0.5Nb0.5O3,Sr,III,Ba,36.900001525878906,33.33494186401367,31.931686401367188,-1.4032554626464844
636,SrSm0.5Nb0.5O3,Sr,III,Ba,35.79999923706055,34.3231086730957,35.76061248779297,1.4375038146972656
637,SrEu0.5Nb0.5O3,Sr,III,Ba,34.70000076293945,32.54646682739258,33.963932037353516,1.4174652099609375
638,SrGd0.5Nb0.5O3,Sr,III,Ba,34.29999923706055,32.603485107421875,34.103271484375,1.499786376953125
639,SrTb0.5Nb0.5O3,Sr,III,Ba,33.70000076293945,31.266223907470703,32.655555725097656,1.3893318176269531
640,SrDy0.5Nb0.5O3,Sr,III,Ba,33.0,30.333093643188477,31.652606964111328,1.3195133209228516
641,SrHo0.5Nb0.5O3,Sr,III,Ba,32.29999923706055,29.76418685913086,31.01483154296875,1.2506446838378906
642,SrY0.5Nb0.5O3,Sr,III,Ba,32.20000076293945,30.591411590576172,31.709911346435547,1.118499755859375
643,SrEr0.5Nb0.5O3,Sr,III,Ba,32.20000076293945,28.7469482421875,30.544857025146484,1.7979087829589844
644,SrYb0.5Nb0.5O3,Sr,III,Ba,30.700000762939453,27.293743133544922,28.895538330078125,1.6017951965332031
645,SrIn0.5Nb0.5O3,Sr,III,Ba,26.0,24.272619247436523,26.354955673217773,2.08233642578125
646,SrFe0.5Nb0.5O3,Sr,II,Ba,44.900001525878906,43.01494598388672,44.50703048706055,1.4920845031738281
647,SrCr0.5Nb0.5O3,Sr,Ib,Ba,35.29999923706055,33.81405258178711,34.17654037475586,0.36248779296875
648,SrAl0.5Nb0.5O3,Sr,Ib,Ba,30.5,30.596141815185547,30.972179412841797,0.37603759765625
649,SrLa0.5Nb0.5O3,Sr,III,Ba,36.599998474121094,32.98494338989258,30.72675132751465,-2.2581920623779297
650,Ca0.25Ni0.375Ta0.25Ti0.125O3,Ca,III,Ba,26.0,24.887826919555664,24.813827514648438,-0.07399940490722656
651,CaZn0.333Ta0.667O3,Ca,III,Ba,25.0,23.190317153930664,23.032472610473633,-0.15784454345703125
652,BaNi0.5Ta0.5O3,Ba,Ib,Ba,23.0,23.77826499938965,23.77826499938965,0.0
653,BaCo0.5Ta0.5O3,Ba,Ib,Ba,25.0,25.520401000976562,25.520401000976562,0.0
654,BaMg0.5Ta0.5O3,Ba,Ib,Ba,25.0,22.7067928314209,22.7067928314209,0.0
655,BaZn0.5Ta0.5O3,Ba,Ib,Ba,29.0,28.33548355102539,28.33548355102539,0.0
656,BaCa0.5Ta0.5O3,Ba,Ib,Ba,30.0,32.21786117553711,32.21786117553711,0.0
657,SrNi0.5Ta0.5O3,Sr,II,Ba,23.0,23.832509994506836,25.791229248046875,1.958719253540039
658,SrCo0.5Ta0.5O3,Sr,III,Ba,23.0,22.90885353088379,26.30401039123535,3.3951568603515625
659,SrMg0.5Ta0.5O3,Sr,II,Ba,22.0,25.649539947509766,28.9827823638916,3.333242416381836
660,SrZn0.5Ta0.5O3,Sr,III,Ba,28.0,22.863300323486328,24.81632423400879,1.953023910522461
661,SrCa0.5Ta0.5O3,Sr,II,Ba,22.0,25.121910095214844,20.233001708984375,-4.888908386230469
662,CaCu0.333Ta0.667O3,Ca,III,Ba,23.0,23.622751235961914,23.505237579345703,-0.11751365661621094
663,Mg0.93Ca0.07TiO3,Ca,III,Ba,22.149999618530273,22.525890350341797,22.971485137939453,0.44559478759765625
664,SrSm0.5Ta0.5O3,Sr,III,Ba,30.5,34.535247802734375,36.166255950927734,1.6310081481933594
665,SrSm0.5Ta0.5O3,Sr,III,Ba,31.600000381469727,34.535247802734375,36.166255950927734,1.6310081481933594
666,SrSm0.5Ta0.5O3,Sr,III,Ba,32.099998474121094,34.70988845825195,36.30743408203125,1.5975456237792969
667,SrSm0.5Ta0.5O3,Sr,III,Ba,36.0,34.88322448730469,36.445213317871094,1.5619888305664062
668,SrSm0.5Ta0.5O3,Sr,III,Ba,39.0,35.22463607788086,36.70977020263672,1.4851341247558594
669,SrSm0.5Ta0.5O3,Sr,III,Ba,42.0,35.55690383911133,36.95847702026367,1.4015731811523438
670,SrSm0.5Ta0.5O3,Sr,III,Ba,45.0,35.718849182128906,37.0765266418457,1.3576774597167969
671,SrSm0.5Ta0.5O3,Sr,III,Ba,48.5,35.877620697021484,37.190208435058594,1.3125877380371094
672,Ba3Co.07Nb2O9.07,Ba,Ib,Ba,26.0,25.571426391601562,25.571426391601562,0.0
673,SrSm0.5Ta0.5O3,Sr,III,Ba,49.599998474121094,36.184654235839844,37.404170989990234,1.2195167541503906
674,Ca0.3Li0.14Sm0.42TiO3,Other,III,Ba,92.12000274658203,97.01454162597656,98.37364196777344,1.359100341796875
675,Ca0.125Ni0.5Ta0.25Ti0.125O3,Ca,III,Ba,23.0,19.680084228515625,19.694538116455078,0.014453887939453125
676,CaNi0.333Ta0.667O3,Ca,III,Ba,22.0,23.63332748413086,23.395854949951172,-0.2374725341796875
677,CaAl0.333Ta0.667O3,Ca,II,Ba,22.0,25.159936904907227,25.249279022216797,0.08934211730957031
678,Ca0.375Co0.25Ta0.25Ti0.125O3,Ca,III,Ba,28.0,26.305749893188477,26.243886947631836,-0.061862945556640625
679,Ca0.25Co0.375Ta0.25Ti0.125O3,Ca,III,Ba,24.0,21.236080169677734,21.25275230407715,0.016672134399414062
680,Ca0.125Co0.5Ta0.25Ti0.125O3,Ca,III,Ba,20.0,15.995732307434082,16.261198043823242,0.26546573638916016
681,Ca5Nb2Ti0.4Hf0.6O12,Ca,III,Ba,32.0,44.131309509277344,42.9262580871582,-1.2050514221191406
682,Ca5Ta2Ti0.6Hf0.4O12,Ca,III,Ba,34.0,44.914520263671875,44.3711051940918,-0.5434150695800781
683,Ba8ZnNb6O24,Ba,Ib,Ba,36.20000076293945,36.25265884399414,36.25265884399414,0.0
684,Ba8ZnNb5.7Sb0.3O24,Ba,Ib,Ba,33.599998474121094,33.29201126098633,33.29201126098633,0.0
685,Ba8ZnNb5.4Sb0.6O24,Ba,Ib,Ba,33.599998474121094,30.784902572631836,30.784902572631836,0.0
686,Ba8ZnNb5.1Sb0.9O24,Ba,Ib,Ba,31.0,28.33359146118164,28.33359146118164,0.0
687,Ba8ZnNb4.8Sb.2O24,Ba,Ib,Ba,29.399999618530273,26.879812240600586,26.879812240600586,0.0
688,CaCo0.333Ta0.667O3,Ca,III,Ba,23.0,23.07845115661621,22.797771453857422,-0.28067970275878906
689,Ba8ZnNb4.5Sb.5O24,Ba,Ib,Ba,25.899999618530273,25.88663673400879,25.88663673400879,0.0
690,Ba8ZnNb3.6Sb2.4O24,Ba,Ib,Ba,17.399999618530273,19.836620330810547,19.836620330810547,0.0
691,CaAl0.5Nb0.5O3,Ca,II,Ba,25.0,22.54939842224121,22.589336395263672,0.03993797302246094
692,CaFe0.5Nb0.5O3,Ca,III,Ba,40.0,34.87687683105469,34.68675231933594,-0.19012451171875
693,CaAl0.333Nb0.667O3,Ca,II,Ba,28.0,26.68446922302246,27.94321632385254,1.2587471008300781
694,CaCo0.333Nb0.667O3,Ca,III,Ba,29.0,27.547603607177734,27.196176528930664,-0.3514270782470703
695,CaNi0.333Nb0.667O3,Ca,III,Ba,26.0,28.38165855407715,28.138202667236328,-0.2434558868408203
696,CaCu0.333Nb0.667O3,Ca,III,Ba,27.0,28.64430809020996,28.7408447265625,0.09653663635253906
697,CaZn0.333Nb0.667O3,Ca,III,Ba,35.0,28.48502540588379,28.516590118408203,0.03156471252441406
698,CaAl0.5Ta0.5O3,Ca,II,Ba,20.0,20.779170989990234,20.769390106201172,-0.0097808837890625
699,CaFe0.5Ta0.5O3,Ca,III,Ba,32.0,28.1043643951416,28.01468276977539,-0.08968162536621094
700,CaMg0.333Ta0.667O3,Ca,III,Ba,21.0,21.348167419433594,20.896484375,-0.45168304443359375
701,Ba8ZnNb4.2Sb.8O24,Ba,Ib,Ba,19.899999618530273,24.883663177490234,24.883663177490234,0.0
702,SrCr0.5Nb0.5O3,Sr,Ib,Ba,35.099998474121094,34.10926055908203,34.62814712524414,0.5188865661621094
703,CaMg0.333Nb0.667O3,Ca,III,Ba,28.0,27.263463973999023,26.622854232788086,-0.6406097412109375
704,SrAl0.5Nb0.5O3,Sr,Ib,Ba,30.0,30.6502742767334,31.160207748413086,0.5099334716796875
705,CaAl0.421Nb0.421Ti0.158O3,Ca,II,Ba,29.100000381469727,26.678211212158203,27.10500144958496,0.4267902374267578
706,CaAl0.375Nb0.375Ti0.25O3,Ca,II,Ba,32.20000076293945,29.935373306274414,30.428613662719727,0.4932403564453125
707,CaAl0.335Nb0.335Ti0.33O3,Ca,II,Ba,35.099998474121094,33.27204132080078,33.76508712768555,0.4930458068847656
708,CaAl0.25Nb0.25Ti0.5O3,Ca,II,Ba,45.29999923706055,42.709625244140625,43.1309928894043,0.4213676452636719
709,CaAl0.2355Nb0.2355Ti0.529O3,Ca,II,Ba,44.900001525878906,44.87425994873047,45.26942443847656,0.39516448974609375
710,CaAl0.125Nb0.125Ti0.75O3,Ca,II,Ba,75.4000015258789,73.7208251953125,72.83311462402344,-0.8877105712890625
711,Ba0.1La0.9Mg0.45Ti0.55O3,Other,III,Ba,30.899999618530273,32.167266845703125,33.32628631591797,1.1590194702148438
712,Ba0.3La0.7Mg0.35Ti0.65O3,Other,II,Ba,42.5,41.98567581176758,45.75185012817383,3.76617431640625
713,Ba0.5La0.5Mg0.25Ti0.75O3,Ba,Ib,Ba,60.900001525878906,60.13286209106445,63.38081741333008,3.247955322265625
714,Ba0.7La0.3Mg0.15Ti0.85O3,Ba,Ib,Ba,105.80000305175781,102.98558044433594,102.98558044433594,0.0
715,LiBa4Nb3O12,Ba,Ib,Ba,37.0,28.616146087646484,28.616146087646484,0.0
716,CaAl0.4505Nb0.4505Ti0.099O3,Ca,II,Ba,27.0,24.895538330078125,25.250728607177734,0.3551902770996094
717,LiBa4Nb2TaO12,Ba,Ib,Ba,34.0,38.750343322753906,38.750343322753906,0.0
718,LiBa4Ta3O12,Ba,Ib,Ba,28.0,31.080120086669922,31.080120086669922,0.0
719,BaLa0.5Ta0.5O3,Ba,III,Ba,37.099998474121094,34.541961669921875,34.541961669921875,0.0
720,BaNd0.5Ta0.5O3,Ba,III,Ba,38.70000076293945,36.318756103515625,36.318756103515625,0.0
721,BaSm0.5Ta0.5O3,Ba,II,Ba,37.599998474121094,35.56245040893555,35.56245040893555,0.0
722,BaEu0.5Ta0.5O3,Ba,II,Ba,36.5,34.77190017700195,34.77190017700195,0.0
723,BaGd0.5Ta0.5O3,Ba,II,Ba,36.0,34.398109436035156,34.398109436035156,0.0
724,BaTb0.5Ta0.5O3,Ba,II,Ba,35.5,33.333675384521484,33.333675384521484,0.0
725,BaDy0.5Ta0.5O3,Ba,II,Ba,34.0,32.83525085449219,32.83525085449219,0.0
726,BaHo0.5Ta0.5O3,Ba,II,Ba,33.5,31.063140869140625,31.063140869140625,0.0
727,BaY0.5Ta0.5O3,Ba,II,Ba,33.0,31.950204849243164,31.950204849243164,0.0
728,BaYb0.5Ta0.5O3,Ba,Ib,Ba,32.0,27.837804794311523,27.837804794311523,0.0
729,LiBa4NbTa2O12,Ba,Ib,Ba,30.0,39.16741180419922,39.16741180419922,0.0
730,BaNi0.0658Zr0.0125Zn0.2633Ta0.6583O3,Ba,Ib,Ba,28.299999237060547,28.36728286743164,28.36728286743164,0.0
731,CaAl0.4735Nb0.4735Ti0.053O3,Ca,II,Ba,23.799999237060547,23.674970626831055,23.968425750732422,0.2934551239013672
732,LaMg0.667Nb0.333O3,Other,III,Ba,26.799999237060547,24.11872673034668,24.489839553833008,0.3711128234863281
733,SrGa0.5Ta0.5O3,Sr,Ib,Ba,27.0,29.829105377197266,32.00811004638672,2.179004669189453
734,SrFe0.5Nb0.5O3,Sr,II,Ba,44.900001525878906,43.235572814941406,44.770545959472656,1.53497314453125
735,BaMn0.333Ta0.667O3,Ba,Ib,Ba,27.0,26.564672470092773,26.564672470092773,0.0
736,BaMn0.3333Ta0.6667O3,Ba,Ib,Ba,27.0,26.557384490966797,26.557384490966797,0.0
737,BaMg0.2333Ta0.4667Co0.1Nb0.2O3,Ba,Ib,Ba,27.0,26.296749114990234,26.296749114990234,0.0
738,CaZr0.2Ti0.8O3,Ca,III,Ba,141.0,138.43138122558594,137.78640747070312,-0.6449737548828125
739,CaZr0.3Ti0.7O3,Ca,III,Ba,138.0,136.8696746826172,135.0480499267578,-1.821624755859375
740,CaZr0.4Ti0.6O3,Ca,III,Ba,98.0,96.99478149414062,111.78902435302734,14.794242858886719
741,CaAl0.5Nb0.5O3,Ca,II,Ba,23.600000381469727,22.317941665649414,22.773746490478516,0.45580482482910156
742,CaZr0.5Ti0.5O3,Ca,III,Ba,59.0,62.165374755859375,66.00861358642578,3.8432388305664062
743,CaZr0.7Ti0.3O3,Ca,III,Ba,38.0,37.2950439453125,38.480751037597656,1.1857070922851562
744,CaZr0.8Ti0.2O3,Ca,III,Ba,28.0,30.916250228881836,31.718521118164062,0.8022708892822266
745,CaZr0.9Ti0.1O3,Ca,III,Ba,42.0,38.111427307128906,37.99567413330078,-0.115753173828125
746,CaZrO3,Ca,III,Ba,27.0,24.931476593017578,25.206880569458008,0.2754039764404297
747,LaMg0.5Ti0.5O3,Other,III,Ba,27.600000381469727,27.283008575439453,27.766033172607422,0.48302459716796875
748,La0.9Ca0.1Mg0.45Ti0.55O3,Other,III,Ba,29.799999237060547,29.181238174438477,29.701663970947266,0.5204257965087891
749,La0.7Ca0.3Mg0.35Ti0.65O3,Other,III,Ba,37.20000076293945,34.763404846191406,35.734764099121094,0.9713592529296875
750,La0.3Ca0.7Mg0.15Ti0.85O3,Ca,III,Ba,51.20000076293945,55.664649963378906,56.0156364440918,0.3509864807128906
751,La0.3Ca0.7Mg0.15Ti0.85O3,Ca,III,Ba,58.79999923706055,55.664649963378906,56.0156364440918,0.3509864807128906
752,La0.1Ca0.9Mg0.05Ti0.95O3,Ca,III,Ba,90.4000015258789,95.31490325927734,99.43128204345703,4.1163787841796875
753,La0.1Ca0.9Mg0.05Ti0.95O3,Ca,III,Ba,102.5,95.31490325927734,99.43128204345703,4.1163787841796875
754,CaZr0.6Ti0.4O3,Ca,III,Ba,50.0,46.97632598876953,48.28205108642578,1.30572509765625
755,BaNi0.0542Zr0.0215Zn0.2720Ta0.6523O3,Ba,Ib,Ba,28.399999618530273,28.583566665649414,28.583566665649414,0.0
756,La0.5Ca0.5Mg0.25Ti0.75O3,Ca,III,Ba,43.20000076293945,41.948280334472656,42.570335388183594,0.6220550537109375
757,BaNi0.0242Zr0.0425Zn0.2950Ta0.6383O3,Ba,Ib,Ba,30.200000762939453,29.239864349365234,29.239864349365234,0.0
758,SrPr0.5Ta0.5O3,Sr,III,Ba,32.0,29.06683921813965,29.8627872467041,0.7959480285644531
759,SrNd0.5Ta0.5O3,Sr,III,Ba,31.5,36.10797119140625,36.87465286254883,0.7666816711425781
760,SrEu0.5Ta0.5O3,Sr,III,Ba,30.0,32.489952087402344,34.5367546081543,2.046802520751953
761,SrGd0.5Ta0.5O3,Sr,III,Ba,29.5,32.59511184692383,34.736114501953125,2.141002655029297
762,SrTb0.5Ta0.5O3,Sr,III,Ba,28.799999237060547,30.674297332763672,33.084136962890625,2.409839630126953
763,SrDy0.5Ta0.5O3,Sr,III,Ba,28.200000762939453,29.38629722595215,31.8608455657959,2.47454833984375
764,SrHo0.5Ta0.5O3,Sr,III,Ba,27.700000762939453,28.596847534179688,31.103967666625977,2.507120132446289
765,SrY0.5Ta0.5O3,Sr,III,Ba,27.5,25.953781127929688,28.591663360595703,2.6378822326660156
766,SrEr0.5Ta0.5O3,Sr,III,Ba,27.100000381469727,27.65871810913086,30.1396541595459,2.480936050415039
767,SrYb0.5Ta0.5O3,Sr,III,Ba,25.899999618530273,23.03384017944336,25.541465759277344,2.5076255798339844
768,SrLa0.5Ta0.5O3,Sr,III,Ba,31.200000762939453,27.3675594329834,26.4671573638916,-0.9004020690917969
769,SrPr0.5Nb0.5O3,Sr,III,Ba,36.70000076293945,34.03352737426758,32.18722915649414,-1.8462982177734375
770,SrSm0.5Nb0.5O3,Sr,III,Ba,35.5,35.694496154785156,37.14305877685547,1.4485626220703125
771,SrEu0.5Nb0.5O3,Sr,III,Ba,34.29999923706055,33.809593200683594,35.354637145996094,1.5450439453125
772,SrGd0.5Nb0.5O3,Sr,III,Ba,33.5,33.83635711669922,35.46459197998047,1.62823486328125
773,SrTb0.5Nb0.5O3,Sr,III,Ba,32.29999923706055,32.3426628112793,33.89678192138672,1.5541191101074219
774,SrDy0.5Nb0.5O3,Sr,III,Ba,31.200000762939453,31.300283432006836,32.77167510986328,1.4713916778564453
775,SrHo0.5Nb0.5O3,Sr,III,Ba,30.600000381469727,30.750560760498047,32.15043640136719,1.3998756408691406
776,SrY0.5Nb0.5O3,Sr,III,Ba,30.700000762939453,31.400920867919922,32.70551681518555,1.304595947265625
777,SrIn0.5Nb0.5O3,Sr,III,Ba,25.0,23.98707389831543,26.265872955322266,2.278799057006836
778,BaNi0.0417Zr0.0300Zn0.2817Ta0.6467O3,Ba,Ib,Ba,29.600000381469727,28.83597755432129,28.83597755432129,0.0
779,SrEr0.5Nb0.5O3,Sr,III,Ba,31.100000381469727,29.44451904296875,31.486608505249023,2.0420894622802734
780,SrYb0.5Nb0.5O3,Sr,III,Ba,29.299999237060547,28.0456600189209,29.94065284729004,1.8949928283691406
781,SrNd0.5Nb0.5O3,Sr,III,Ba,36.5,33.702491760253906,32.08999252319336,-1.6124992370605469
782,SmZn0.5Ti0.5O3,Other,III,Ba,31.0,29.0634708404541,29.54681968688965,0.4833488464355469
783,SrLa0.5Nb0.5O3,Sr,III,Ba,36.0,33.077484130859375,30.7736873626709,-2.3037967681884766
784,Sm0.95Ca0.04Sr0.01Mg0.475Ti0.525O3,Other,III,Ba,26.600000381469727,26.17323875427246,26.94350242614746,0.770263671875
785,La5Mg0.5Ti3.5O15,Other,II,Ba,36.20000076293945,34.85792541503906,36.508338928222656,1.6504135131835938
786,La5Zn0.5Ti3.5O15,Other,II,Ba,37.709999084472656,35.805641174316406,37.32813262939453,1.522491455078125
787,La5AlTi3O15,Other,II,Ba,32.97999954223633,30.59731674194336,31.807418823242188,1.2101020812988281
788,BaLi0.3889Nb0.5W0.2O3,Ba,Ib,Ba,31.0,46.72454833984375,46.72454833984375,0.0
789,BaNi0.0125Zr0.0500Zn0.3042Ta0.6333O3,Ba,Ib,Ba,30.100000381469727,29.53133773803711,29.53133773803711,0.0
790,Pb0.16La0.56Mg0.5W0.5O3,Other,III,Ba,28.700000762939453,27.616825103759766,28.051620483398438,0.4347953796386719
791,Ba0.95Sr0.05Zn0.475Ga0.025Ta0.6583O3,Ba,Ib,Ba,29.0,31.954870223999023,31.954870223999023,0.0
792,BaZr0.0125Zn0.2633Ni0.0658Ta0.6583O3,Ba,Ib,Ba,28.200000762939453,28.115060806274414,28.115060806274414,0.0
793,BaZr0.0215Zn0.2720Ni0.0542Ta0.6523O3,Ba,Ib,Ba,28.700000762939453,28.483753204345703,28.483753204345703,0.0
794,BaZr0.0300Zn0.2817Ni0.0417Ta0.6467O3,Ba,Ib,Ba,29.299999237060547,29.28363037109375,29.28363037109375,0.0
795,BaZr0.0500Zn0.3042Ni0.0125Ta0.6333O3,Ba,Ib,Ba,30.700000762939453,29.813838958740234,29.813838958740234,0.0
796,LaMg0.35Zn0.15Ti0.5O3,Other,III,Ba,29.0,29.402658462524414,30.219802856445312,0.8171443939208984
797,La0.2Ca0.64Sm0.1067Mg0.1Ti0.9O3,Ca,III,Ba,72.41000366210938,72.33280944824219,72.2598648071289,-0.07294464111328125
798,BaZr0.0425Zn0.2950Ni0.0242Ta0.6383O3,Ba,Ib,Ba,29.700000762939453,28.286819458007812,28.286819458007812,0.0
799,La0.45Ca0.44Sm0.0733Mg0.225Ti0.775O3,Ca,III,Ba,47.83000183105469,47.74798583984375,50.734535217285156,2.9865493774414062
800,La0.6Ca0.32Sm0.0533Mg0.3Ti0.7O3,Other,III,Ba,40.04999923706055,39.04424285888672,41.89645767211914,2.852214813232422
801,Sm0.8Ca0.16Sr0.04Mg0.4Ti0.6O3,Other,III,Ba,30.100000381469727,28.968286514282227,30.133365631103516,1.165079116821289
802,La0.8Ca0.16Sm0.0267Mg0.4Ti0.6O3,Other,III,Ba,33.560001373291016,32.91717529296875,34.48480224609375,1.567626953125
803,BaZr0.05Zn0.32Ta0.63O3,Ba,Ib,Ba,30.0,29.202871322631836,29.202871322631836,0.0
804,Sm0.65Ca0.28Sr0.07Mg0.325Ti0.675O3,Other,III,Ba,31.399999618530273,32.508243560791016,34.26579666137695,1.7575531005859375
805,Sm0.5Ca0.4Sr0.1Mg0.25Ti0.75O3,Other,III,Ba,38.70000076293945,38.307952880859375,41.342430114746094,3.0344772338867188
806,La0.4Ca0.48Sm0.0800Mg0.2Ti0.8O3,Ca,III,Ba,50.58000183105469,50.14250946044922,53.642066955566406,3.4995574951171875
807,LaZn0.5Ti0.5O3,Other,III,Ba,30.0,31.16400146484375,32.182003021240234,1.0180015563964844
808,CaSr4Ta2TiO12,Sr,II,Ba,45.0,44.256683349609375,37.66902542114258,-6.587657928466797
809,Ba0.7La0.3Zn0.4333Nb0.5667O3,Ba,Ib,Ba,44.70000076293945,43.6913948059082,43.6913948059082,0.0
810,CaLi0.2333Nb0.4667Ti0.3O3,Ca,III,Ba,44.70000076293945,43.36504364013672,44.95525360107422,1.5902099609375
811,SrFe0.5Nb0.5O3,Sr,II,Ba,44.900001525878906,42.91081237792969,44.033424377441406,1.1226119995117188
812,La0.7667Ti0.7Al0.3O3,Other,II,Ba,44.900001525878906,43.410614013671875,47.27241897583008,3.861804962158203
813,Ca0.7Ti0.7Nd0.3Al0.3O3,Ca,II,Ba,45.0,43.66191482543945,42.697723388671875,-0.9641914367675781
814,Ca0.7Ti0.7Sm0.3Al0.3O3,Ca,II,Ba,45.0,43.151634216308594,42.185848236083984,-0.9657859802246094
815,BaLa0.5Nb0.5O3,Ba,III,Ba,45.0,42.60857009887695,42.60857009887695,0.0
816,Ca0.6Ti0.6La0.4Ga0.4O3,Ca,II,Ba,45.0,44.007930755615234,43.899620056152344,-0.10831069946289062
817,Ca0.2Ti0.2Sr0.8Mg0.2667Nb0.5333O3,Sr,II,Ba,45.0,43.773075103759766,45.78217315673828,2.0090980529785156
818,BaSr4Nb4O15,Sr,Ib,Ba,45.0,45.735260009765625,46.95365524291992,1.2183952331542969
819,BaY0.3Bi0.2Nb0.5O3,Ba,Ib,Ba,44.599998474121094,45.40821838378906,45.40821838378906,0.0
820,SrFe0.5Nb0.5O3,Sr,II,Ba,45.0,43.364463806152344,44.53820037841797,1.173736572265625
821,Ca0.73Ti0.73Nd0.27Al0.27O3,Ca,II,Ba,45.0,44.56322479248047,43.96253204345703,-0.6006927490234375
822,BaPr0.5Nb0.5O3,Ba,III,Ba,44.5,42.101619720458984,42.101619720458984,0.0
823,Sr5Ta4O15,Sr,II,Ba,43.5,40.16646957397461,41.853057861328125,1.6865882873535156
824,Ba2La2TiNb2O12,Ba,II,Ba,44.20000076293945,47.324729919433594,47.324729919433594,0.0
825,Ba6Nb4TiO18,Ba,Ib,Ba,43.0,43.31753158569336,43.31753158569336,0.0
826,Sr4LaTiNb3O15,Sr,III,Ba,43.0,42.503875732421875,44.9925422668457,2.488666534423828
827,Ca0.65Ti0.65Sm0.35Ga0.35O3,Ca,III,Ba,45.0,45.374080657958984,44.9622802734375,-0.4118003845214844
828,Ba2La3Ti3NbO15,Ba,II,Ba,42.79999923706055,47.04753494262695,47.04753494262695,0.0
829,Sr6Nb4TiO18,Sr,Ib,Ba,43.0,46.71521759033203,46.93988800048828,0.22467041015625
830,BaLa4Ti4O15,Other,Ib,Ba,44.400001525878906,45.88216018676758,47.43275833129883,1.55059814453125
831,CaLa3.5Nd0.5Ti4O15,Other,II,Ba,43.400001525878906,40.621368408203125,42.41521453857422,1.7938461303710938
832,CaLa4Ti4O15,Other,II,Ba,43.599998474121094,39.8836555480957,41.633331298828125,1.7496757507324219
833,Ca0.7Nd0.3Ti0.7Al0.3O3,Ca,II,Ba,43.70000076293945,42.953922271728516,42.37376403808594,-0.5801582336425781
834,Ba0.65La0.35Zn0.45Nb0.55O3,Ba,Ib,Ba,43.79999923706055,42.989990234375,42.989990234375,0.0
835,Ca2Sr3Ta2TiO12,Sr,II,Ba,44.0,43.45227813720703,36.22190475463867,-7.230373382568359
836,BaNd0.5Nb0.5O3,Ba,III,Ba,44.0,41.26829147338867,41.26829147338867,0.0
837,Ca0.66La0.34Ti0.66Al0.34O3,Ca,II,Ba,44.0,43.532745361328125,42.66862106323242,-0.8641242980957031
838,Ca0.6Nd0.4Ti0.6Ga0.4O3,Ca,III,Ba,44.0,42.99068069458008,42.68008804321289,-0.3105926513671875
839,Ba3LaNb3O12,Ba,Ib,Ba,43.5,38.93164825439453,38.93164825439453,0.0
840,BaGd0.3Bi0.2Nb0.5O3,Ba,II,Ba,47.900001525878906,48.19113540649414,48.19113540649414,0.0
841,La0.48Co0.24Ti0.76Ca0.52O3,Ca,III,Ba,45.0,45.44145965576172,47.16531753540039,1.7238578796386719
842,Ba0.6Ca0.4La4Ti4O15,Other,II,Ba,47.70000076293945,43.957252502441406,46.303924560546875,2.3466720581054688
843,Ba5SrNb4TiO18,Ba,Ib,Ba,47.900001525878906,48.443626403808594,48.443626403808594,0.0
844,Ca0.65Ti0.65La0.35Ga0.35O3,Ca,II,Ba,48.0,45.951446533203125,45.44025421142578,-0.5111923217773438
845,Ba4SrNb4O15,Ba,Ib,Ba,48.0,47.430747985839844,47.430747985839844,0.0
846,CaTi0.34Mg0.22Nb0.44O3,Ca,III,Ba,48.0,47.51464080810547,47.100364685058594,-0.414276123046875
847,CaLa8Ti9O31,Other,II,Ba,48.599998474121094,49.583492279052734,41.014251708984375,-8.56924057006836
848,BaDy0.3Bi0.2Nb0.5O3,Ba,II,Ba,48.599998474121094,46.6209831237793,46.6209831237793,0.0
849,Ca0.64Ti0.64La0.36Ga0.36O3,Ca,II,Ba,48.70000076293945,46.443092346191406,46.30677032470703,-0.136322021484375
850,BaLa3Ti2NbO12,Ba,III,Ba,42.400001525878906,42.23271560668945,42.23271560668945,0.0
851,Ca0.7Ti0.7Nd0.3Ga0.3O3,Ca,III,Ba,49.0,49.129371643066406,49.03270721435547,-0.0966644287109375
852,Ca0.65Ti0.65Nd0.35Ga0.35O3,Ca,III,Ba,45.0,43.74712371826172,43.04009246826172,-0.70703125
853,Ba0.57Sr0.38La3.8Ti4.15O13.1,Other,Ib,Ba,47.400001525878906,52.6221809387207,42.95330810546875,-9.668872833251953
854,CaTi0.4Mg0.2Nb0.4O3,Ca,III,Ba,47.29999923706055,50.746253967285156,50.52695846557617,-0.21929550170898438
855,Nd0.5Zn0.25Ti0.75Ca0.5O3,Ca,III,Ba,45.0,42.974876403808594,43.82973861694336,0.8548622131347656
856,BaMn0.5Ti0.5O3,Ba,Ib,Ba,45.0,44.59516143798828,44.59516143798828,0.0
857,Ca0.71Ti0.71Nd0.29Al0.29O3,Ca,II,Ba,45.099998474121094,44.558006286621094,43.56945037841797,-0.988555908203125
858,CaMg0.1833Ta0.3667Ti0.45O3,Ca,III,Ba,45.099998474121094,50.694637298583984,49.538944244384766,-1.1556930541992188
859,BaEr0.3Bi0.2Nb0.5O3,Ba,Ib,Ba,46.099998474121094,44.96851348876953,44.96851348876953,0.0
860,BaLa4Ti4O15,Other,Ib,Ba,46.29999923706055,45.814544677734375,47.327693939208984,1.5131492614746094
861,Ba0.2Sr0.8La4Ti4.2O15,Other,II,Ba,46.400001525878906,44.12903594970703,45.036983489990234,0.9079475402832031
862,Ba3La3Ti4NbO18,Ba,II,Ba,47.400001525878906,48.67014694213867,48.67014694213867,0.0
863,Ba.25Sr0.75La3Ti3NbO15,Ba,III,Ba,46.79999923706055,46.48052215576172,45.702239990234375,-0.7782821655273438
864,Ba0.5Ca0.5Sc0.5Nb0.5O3,Ba,II,Ba,46.900001525878906,44.65068435668945,42.582698822021484,-2.0679855346679688
865,Ca0.65Ti0.65La0.35Ga0.35O3,Ca,II,Ba,47.0,45.90338134765625,45.37411117553711,-0.5292701721191406
866,Ba.25Sr0.75La3Ti3NbO15,Ba,III,Ba,47.0,46.48052215576172,45.702239990234375,-0.7782821655273438
867,Ba.75Sr0.25La3Ti3NbO15,Other,Ib,Ba,47.0,41.717037200927734,34.429656982421875,-7.287380218505859
868,SrGa0.35Nb0.35Ti0.3O3,Sr,Ib,Ba,46.599998474121094,45.73108673095703,46.20245361328125,0.47136688232421875
869,Ba0.95La0.05Zn0.35Nb0.65O3,Ba,Ib,Ba,42.400001525878906,41.43162536621094,41.43162536621094,0.0
870,Ba4LaTiTa3O15,Ba,Ib,Ba,42.29999923706055,41.65462875366211,41.65462875366211,0.0
871,CaZr0.7Ti0.3O3,Ca,III,Ba,38.0,39.08929443359375,39.82984924316406,0.7405548095703125
872,BaSm0.5Ta0.5O3,Ba,II,Ba,38.0,36.31431579589844,36.31431579589844,0.0
873,BaHo0.5Nb0.5O3,Ba,II,Ba,38.0,36.252174377441406,36.252174377441406,0.0
874,SrPr0.5Nb0.5O3,Sr,III,Ba,38.0,33.63332748413086,32.767433166503906,-0.8658943176269531
875,CaLi0.2667Nb0.5333Ti0.2O3,Ca,III,Ba,38.599998474121094,40.88714599609375,41.867652893066406,0.9805068969726562
876,CaFe0.5Nb0.5O3,Ca,III,Ba,38.599998474121094,37.56077575683594,36.536842346191406,-1.0239334106445312
877,BaEu0.5Ta0.5O3,Ba,II,Ba,38.79999923706055,35.14960479736328,35.14960479736328,0.0
878,BaDy0.5Nb0.5O3,Ba,II,Ba,38.900001525878906,36.239097595214844,36.239097595214844,0.0
879,Ba.5Sr.5LaNb3O12,Other,Ib,Ba,38.900001525878906,37.81501388549805,30.45361328125,-7.361400604248047
880,Ba3.0Zn0.993Nb.986W0.014O9,Ba,Ib,Ba,39.0,37.52756881713867,37.52756881713867,0.0
881,BaTb0.5Nb0.5O3,Ba,II,Ba,39.0,36.78043746948242,36.78043746948242,0.0
882,Ca4SrTa2TiO12,Ca,III,Ba,39.0,36.95311737060547,38.73415756225586,1.7810401916503906
883,Sr2La2TiNb2O12,Sr,III,Ba,39.0,40.1826171875,43.51959991455078,3.3369827270507812
884,BaDy0.5Ta0.5O3,Ba,II,Ba,39.099998474121094,33.85196304321289,33.85196304321289,0.0
885,La6ZnTi4O18,Other,III,Ba,37.70000076293945,34.838314056396484,35.965545654296875,1.1272315979003906
886,Ba5SrNb4ZrO18,Ba,Ib,Ba,37.599998474121094,36.386199951171875,36.386199951171875,0.0
887,BaSm0.5Ta0.5O3,Ba,II,Ba,37.599998474121094,36.06991958618164,36.06991958618164,0.0
888,BaCo0.3Y0.05Nb0.65O3,Ba,Ib,Ba,37.0,37.590919494628906,37.590919494628906,0.0
889,Ca0.35La0.65Ti0.35Al0.65O3,Other,Ia,Ba,37.0,32.805763244628906,33.15264892578125,0.34688568115234375
890,Ca0.66Ti0.66La0.17Nd0.17Ga0.34O3,Ca,III,Ba,49.0,47.195701599121094,46.84475326538086,-0.3509483337402344
891,BaY0.5Nb0.5O3,Ba,II,Ba,37.0,36.3608283996582,36.3608283996582,0.0
892,Ca4.18Co0.82Nb2TiO12,Ca,III,Ba,37.0,35.6422004699707,32.49158477783203,-3.150615692138672
893,Ca4.85Zn0.15Ta2TiO12,Ca,III,Ba,37.0,38.62392044067383,42.6672477722168,4.043327331542969
894,Ca4.82Mg0.18Ta2TiO12,Ca,III,Ba,37.0,39.948970794677734,41.49668502807617,1.5477142333984375
895,Sr2La4Ti5O18,Other,II,Ba,39.20000076293945,40.52213668823242,41.862205505371094,1.3400688171386719
896,Ca0.6Nd0.4Ti0.6Al0.4O3,Ca,II,Ba,37.20000076293945,36.937259674072266,36.11833953857422,-0.8189201354980469
897,BaIn0.5Ta0.5O3,Ba,Ib,Ba,37.20000076293945,37.24583053588867,37.24583053588867,0.0
898,BaY0.5Ta0.5O3,Ba,II,Ba,37.29999923706055,34.867088317871094,34.867088317871094,0.0
899,Ca0.6Sr0.5Al0.3Nb0.3Ti0.5O3.3,Sr,Ib,Ba,37.29999923706055,36.28986740112305,35.86567687988281,-0.4241905212402344
900,BaLa0.5Nb0.5O3,Ba,III,Ba,37.400001525878906,38.8644905090332,38.8644905090332,0.0
901,Ba4LiNb3O12,Ba,Ib,Ba,37.0,30.000049591064453,30.000049591064453,0.0
902,Sr0.92Li0.23Nb0.69Ti0.08O3,Sr,III,Ba,42.29999923706055,37.35048294067383,27.990428924560547,-9.360054016113281
903,Ba3LaTa3O12,Ba,Ib,Ba,39.400001525878906,41.72834014892578,41.72834014892578,0.0
904,BaZn0.25Ti0.25Ta0.5O3,Ba,Ib,Ba,39.599998474121094,37.22467803955078,37.22467803955078,0.0
905,BaZn0.3333Nb0.6667O3,Ba,Ib,Ba,41.099998474121094,39.40530776977539,39.40530776977539,0.0
906,CaTi0.5Al0.25Ta0.25O3,Ca,II,Ba,41.400001525878906,42.173606872558594,41.60590362548828,-0.5677032470703125
907,BaNd0.5Nb0.5O3,Ba,III,Ba,41.900001525878906,41.53418731689453,41.53418731689453,0.0
908,Ca0.67Nd0.33Ti0.67Al0.33O3,Ca,II,Ba,42.0,41.276180267333984,40.37092590332031,-0.9052543640136719
909,Ca4.38Ni0.62Nb2TiO12,Ca,III,Ba,42.0,35.854156494140625,37.41841125488281,1.5642547607421875
910,BaZn0.3167Nb0.6333Zr0.05O3,Ba,Ib,Ba,42.0,39.557098388671875,39.557098388671875,0.0
911,Ca3Sr2Ta2TiO12,Ca,II,Ba,42.0,36.4609489440918,38.197303771972656,1.7363548278808594
912,Ba0.8Sr0.2Zn0.3133Ta0.6267Ti0.06O3,Ba,Ib,Ba,42.0,39.27185821533203,39.27185821533203,0.0
913,Ca0.1Nd0.9Mg0.45Ti0.55O3,Other,III,Ba,42.0,27.130565643310547,27.705921173095703,0.5753555297851562
914,CaZr0.9Ti0.1O3,Ca,III,Ba,42.0,38.25559997558594,38.083065032958984,-0.17253494262695312
915,La0.4Sr0.6Al0.4Ti0.6O3,Sr,Ib,Ba,42.099998474121094,43.01044845581055,43.73833084106445,0.7278823852539062
916,CaLa2Nd2Ti4O15,Other,III,Ba,42.29999923706055,41.08063888549805,42.66395568847656,1.5833168029785156
917,CaLa0.5Nd0.5Ti4O15,Ca,III,Ba,42.29999923706055,43.36148452758789,33.909786224365234,-9.451698303222656
918,CaLa4Ti4O15,Other,II,Ba,41.099998474121094,39.8836555480957,41.633331298828125,1.7496757507324219
919,Sr5Ta4O15,Sr,II,Ba,41.0,40.03266143798828,41.70195770263672,1.6692962646484375
920,Ca0.65Sm0.35Ti0.65Al0.35O3,Ca,II,Ba,41.0,39.46561050415039,38.626136779785156,-0.8394737243652344
921,Ba0.75Sr0.25Zn0.3133Ta0.6267Ti0.06O3,Ba,Ib,Ba,40.0,40.817359924316406,40.817359924316406,0.0
922,BaHo0.5Ta0.5O3,Ba,II,Ba,39.599998474121094,34.27412033081055,34.27412033081055,0.0
923,BaSm0.5Nb0.5O3,Ba,II,Ba,39.70000076293945,39.896034240722656,39.896034240722656,0.0
924,BaYb0.5Ta0.5O3,Ba,Ib,Ba,39.70000076293945,33.65383529663086,33.65383529663086,0.0
925,Ca0.65Ti0.65Sm0.315Nd0.035Al0.35O3,Ca,II,Ba,39.70000076293945,38.603206634521484,37.61390686035156,-0.9892997741699219
926,BaGd0.5Nb0.5O3,Ba,II,Ba,40.0,37.76647186279297,37.76647186279297,0.0
927,Ba2SrLaNb3O12,Ba,II,Ba,39.5,37.92591094970703,37.92591094970703,0.0
928,BaEu0.5Nb0.5O3,Ba,II,Ba,40.0,38.1378059387207,38.1378059387207,0.0
929,Sr5Nb4O15,Sr,II,Ba,40.0,49.23837661743164,50.373695373535156,1.1353187561035156
930,CaFe0.5Nb0.5O3,Ca,III,Ba,40.0,38.990821838378906,38.060020446777344,-0.9308013916015625
931,BaZn0.2667Co0.0667Nb0.6667O3,Ba,Ib,Ba,40.0,37.95698165893555,37.95698165893555,0.0
932,BaZn0.3333Nb0.6667O3,Ba,Ib,Ba,40.0,39.40530776977539,39.40530776977539,0.0
933,Ba0.3Sr0.7Zn0.3333Nb0.6667O3,Sr,Ib,Ba,40.0,40.51484298706055,42.357948303222656,1.8431053161621094
934,Ba8Ta4Ti3O24,Ba,Ib,Ba,40.0,39.166683197021484,39.166683197021484,0.0
935,Ca4ZnNb2TiO12,Ca,III,Ba,40.0,38.232582092285156,36.73575973510742,-1.4968223571777344
936,Ba3LiTa3Ti5O21,Ba,Ib,Ba,49.400001525878906,43.55018615722656,43.55018615722656,0.0
937,Ca0.3355Nd0.7255Li0.225TiO3,Other,III,Ba,101.0,77.18196105957031,45.70920181274414,-31.472759246826172
938,Pb0.6Ca0.4ZrO3,Other,III,Ba,94.0,105.82515716552734,104.67301177978516,-1.1521453857421875
939,Pb0.48Ca0.52Fe0.475Nb0.475Sn0.05O3,Ca,II,Ba,94.30000305175781,96.51011657714844,106.2731704711914,9.763053894042969
940,Ca0.4Sm0.4TiO3,Ca,III,Ba,94.5,95.90039825439453,95.99581909179688,0.09542083740234375
941,Ca0.268Sm0.268Ti0.67Li0.165Sm0.165Ti0.33O3,Other,III,Ba,95.5,99.77687072753906,99.56636047363281,-0.21051025390625
942,Ca0.56Sm0.56Ti0.7Li0.15Nd0.15Ti0.3O3,Other,III,Ba,98.0,91.76671600341797,57.025474548339844,-34.741241455078125
943,Ca0.28Sm0.28Ti0.7Li0.15Nd0.15Ti0.3O3,Other,III,Ba,99.0,102.6702651977539,103.0163803100586,0.3461151123046875
944,Ca0.4Nd0.4TiO3,Ca,III,Ba,99.0,97.52934265136719,96.88581848144531,-0.643524169921875
945,Pb0.5Ca0.5Fe0.45Nb0.45Sn0.1O3,Ca,II,Ba,99.5999984741211,98.26573181152344,109.34895324707031,11.083221435546875
946,Ca0.6Sm0.2667TiO3,Ca,III,Ba,101.0,105.39471435546875,104.20155334472656,-1.1931610107421875
947,Pb0.5Ca0.5Fe0.475Nb0.475Sn0.05O3,Ca,II,Ba,102.0,101.35950469970703,113.34739685058594,11.987892150878906
948,Ca0.9La0.1Mg0.05Ti0.95O3,Ca,III,Ba,102.5,97.77217102050781,102.25936126708984,4.487190246582031
949,Ca0.61Nd0.26TiO3,Ca,III,Ba,103.0,108.2530746459961,106.80889892578125,-1.4441757202148438
950,Ca0.3La0.1333Li0.25Nd0.25TiO3,Other,III,Ba,105.0,109.38348388671875,110.8298568725586,1.4463729858398438
951,Ca0.61Nd0.26TiO3,Ca,III,Ba,108.0,107.0342025756836,105.62255859375,-1.4116439819335938
952,Pb0.48Ca0.52Fe0.45Nb0.45Sn0.1O3,Ca,II,Ba,93.5999984741211,93.36186218261719,101.1854476928711,7.823585510253906
953,Pb0.45Ca0.55Fe0.5Nb0.5O3,Ca,II,Ba,92.5999984741211,92.0094985961914,104.39701843261719,12.387519836425781
954,Pb0.5Ca0.5Fe0.5Ta0.5O3,Ca,II,Ba,83.9000015258789,81.24421691894531,84.35254669189453,3.1083297729492188
955,Pb0.45Ca0.55Fe0.45Nb0.45Sn0.1O3,Ca,II,Ba,85.0,86.01600646972656,89.52581787109375,3.5098114013671875
956,Pb0.45Ca0.55Fe0.45Nb0.45Zr0.1O3,Ca,II,Ba,85.0,85.01966857910156,87.91204833984375,2.8923797607421875
957,BaTi0.5Ga0.25Nb0.25O3,Ba,Ib,Ba,86.0,82.77652740478516,82.77652740478516,0.0
958,Pb0.45Ca0.55Fe0.475Nb0.475Sn0.05O3,Ca,II,Ba,86.30000305175781,89.88525390625,95.15144348144531,5.2661895751953125
959,Ca0.6La0.2667TiO3,Ca,II,Ba,109.0,110.51651763916016,111.3770523071289,0.86053466796875
960,Pb0.5Ca0.5Fe0.495Nb0.495Zr0.01O3,Ca,II,Ba,86.30000305175781,93.23869323730469,102.66346740722656,9.424774169921875
961,Ca0.9Sm0.1Mg0.05Ti0.95O3,Ca,III,Ba,87.0,88.90494537353516,93.70323181152344,4.798286437988281
962,Pb0.45Ca0.55Fe0.475Nb0.475Zr0.05O3,Ca,II,Ba,87.0,85.35738372802734,89.94058227539062,4.583198547363281
963,Pb0.46Ca0.54Fe0.45Nb0.45Sn0.1O3,Ca,II,Ba,87.80000305175781,88.72758483886719,93.40211486816406,4.674530029296875
964,Pb0.46Ca0.54Fe0.475Nb0.475Sn0.05O3,Ca,II,Ba,88.19999694824219,92.03773498535156,98.72209167480469,6.684356689453125
965,Ca0.9La0.1Mg0.05Ti0.95O3,Ca,III,Ba,90.4000015258789,90.50450134277344,95.1201171875,4.6156158447265625
966,Pb0.46Ca0.46La0.08Fe0.5Nb0.5O3,Ca,II,Ba,90.80000305175781,94.78190612792969,103.52165222167969,8.73974609375
967,Pb0.45Ca0.55Fe0.45Nb0.45Sn0.1O3,Ca,II,Ba,86.69999694824219,86.35791015625,89.77735900878906,3.4194488525390625
968,Pb0.45Ca0.55Fe0.25Nb0.48Ta0.02O3,Ca,II,Ba,82.0,80.7508544921875,85.05192565917969,4.3010711669921875
969,Pb0.63Ca0.37ZrO3,Other,III,Ba,110.0,112.8531723022461,111.94825744628906,-0.9049148559570312
970,Ca0.16Sm0.16Li0.3Nd0.3TiO3,Other,III,Ba,110.0,108.8921127319336,108.27469635009766,-0.6174163818359375
971,Ca0.2Li0.34Nd0.38La0.04TiO3,Other,III,Ba,132.60000610351562,131.38815307617188,130.11988830566406,-1.2682647705078125
972,Sr4Ce2Ti7O22,Sr,Ib,Ba,133.0,134.6749267578125,103.02010345458984,-31.654823303222656
973,Sr0.8Ca0.2TiO3,Sr,Ib,Ba,133.89999389648438,134.5503692626953,130.73171997070312,-3.8186492919921875
974,Sr0.571Ce0.286TiO3,Sr,Ib,Ba,136.0,137.5727996826172,133.94923400878906,-3.623565673828125
975,Ca0.4Li0.24Nd0.28La0.04TiO3,Ca,III,Ba,136.39999389648438,126.77117919921875,124.3458480834961,-2.4253311157226562
976,CaZr0.3Ti0.7O3,Ca,III,Ba,138.0,137.65072631835938,137.88629150390625,0.235565185546875
977,Pb0.6Ca0.4Fe0.475Nb0.475Sn0.05O3,Other,II,Ba,139.39999389648438,140.32296752929688,139.42323303222656,-0.8997344970703125
978,Pb0.6Zr0.6Ca0.4Fe0.2Nb0.2O3,Other,III,Ba,140.6999969482422,140.27789306640625,139.78726196289062,-0.490631103515625
979,Ca0.85Nd0.1TiO3,Ca,III,Ba,141.0,119.31103515625,116.81561279296875,-2.49542236328125
980,CaZr0.2Ti0.8O3,Ca,III,Ba,141.0,139.1760711669922,138.27908325195312,-0.8969879150390625
981,Ca0.73Nd0.18TiO3,Ca,III,Ba,141.0,113.82666015625,111.70729064941406,-2.1193695068359375
982,Ca0.6Li0.14Nd0.21La0.04TiO3,Ca,III,Ba,142.0,133.6429901123047,130.8822479248047,-2.7607421875
983,SrNd0.5Nb0.5O3,Sr,III,Ba,37.0,33.180503845214844,32.52618408203125,-0.6543197631835938
984,Sr5Ce2Ti8O25,Sr,Ib,Ba,142.0,137.75804138183594,107.4496841430664,-30.30835723876953
985,Pb0.7Ca0.3ZrO3,Other,III,Ba,132.0,121.89323425292969,121.23509216308594,-0.65814208984375
986,Ca0.6Li0.15Nd0.1833La0.0333TiO3,Ca,III,Ba,128.1999969482422,131.56082153320312,129.41799926757812,-2.142822265625
987,Pb0.56Ca0.44Fe0.5333W0.0667Nb0.4O3,Ca,II,Ba,127.19999694824219,124.71788024902344,126.3932113647461,1.6753311157226562
988,Pb0.6Ca0.4Fe0.495Nb0.495Zr0.01O3,Other,II,Ba,126.69999694824219,128.71865844726562,127.76993560791016,-0.9487228393554688
989,Ca0.2Li0.25Nd0.25La0.1Nd0.1TiO3,Other,III,Ba,110.4000015258789,113.598388671875,113.67901611328125,0.08062744140625
990,Pb0.95Ca0.05ZrO3,Other,III,Ba,112.0,120.40293884277344,120.39717102050781,-0.005767822265625
991,Pb0.05Fe0.0333W0.0167Pb0.475Ca0.475Fe0.475Nb0.475O3,Ca,II,Ba,112.19999694824219,116.8531494140625,126.05760192871094,9.204452514648438
992,Ca0.4Li0.3Nd0.3TiO3,Other,III,Ba,112.5999984741211,115.5345458984375,115.17118072509766,-0.36336517333984375
993,Ca0.3Li0.35Sm0.35TiO3,Other,III,Ba,114.0,115.3017349243164,114.63969421386719,-0.6620407104492188
994,Pb0.475Ca0.475La0.05Fe0.45Nb0.45Ti0.1O3,Ca,II,Ba,116.5999984741211,116.97607421875,127.16438293457031,10.188308715820312
995,Na0.15La0.15Li0.35Sm0.35TiO3,Other,III,Ba,117.0,117.86781311035156,117.55876159667969,-0.309051513671875
996,Ca0.2Li0.1Nd0.1Ti0.4O3,Ca,III,Ba,110.0,109.3460922241211,107.3993148803711,-1.94677734375
997,Ca0.6Li0.05Nd0.05La0.1Nd0.1TiO3,Ca,III,Ba,117.0,119.44384765625,116.32411193847656,-3.1197357177734375
998,Pb0.65Ca0.35ZrO3,Other,III,Ba,118.0,116.37457275390625,115.6413803100586,-0.7331924438476562
999,Ca0.8Nd0.1333TiO3,Ca,III,Ba,119.0,120.37220764160156,117.5312728881836,-2.8409347534179688
1000,Ca0.8Sm0.1333TiO3,Ca,III,Ba,119.30000305175781,120.22270202636719,117.24504089355469,-2.9776611328125
1001,Ca0.4Li0.25Nd0.2833La0.0333TiO3,Ca,III,Ba,121.30000305175781,126.84303283691406,124.49771881103516,-2.3453140258789062
1002,Ca0.45Li0.125Nd0.225Dy0.1TiO3,Ca,III,Ba,121.30000305175781,121.09492492675781,117.9461441040039,-3.1487808227539062
1003,La0.5Na0.5TiO3,Other,II,Ba,122.0,125.4935302734375,127.24776458740234,1.7542343139648438
1004,Ca0.5Li0.2Nd0.2333La0.0333TiO3,Ca,III,Ba,123.0,129.3979949951172,127.07447814941406,-2.323516845703125
1005,Ca0.4Li0.15Nd0.15La0.1Nd0.1TiO3,Ca,III,Ba,117.0,123.93172454833984,120.92562103271484,-3.006103515625
1006,BaMg0.167Ta0.33Ti0.5O3,Ba,Ib,Ba,76.5999984741211,76.88682556152344,76.88682556152344,0.0
1007,Pb0.4Ca0.6Mg0.3Nb0.6Sn0.1O3,Ca,III,Ba,52.20000076293945,58.751808166503906,58.35483932495117,-0.3969688415527344
1008,La0.2Na0.2Ti0.4Ca0.6Mg0.2Nb0.4O3,Ca,III,Ba,52.29999923706055,52.41526412963867,51.774566650390625,-0.6406974792480469
1009,Ca0.8La0.1333Ti0.5Mg0.1667Nb0.3333O3,Ca,III,Ba,52.400001525878906,52.07926559448242,50.60263442993164,-1.4766311645507812
1010,CaLa4Ti5O17,Other,II,Ba,53.70000076293945,54.31439971923828,40.808372497558594,-13.506027221679688
1011,CaTi0.4Mg0.2Nb0.4O3,Ca,III,Ba,54.0,50.746253967285156,50.52695846557617,-0.21929550170898438
1012,La0.5333Ti0.8Al0.2O3,Other,II,Ba,54.0,51.09038543701172,52.827613830566406,1.7372283935546875
1013,BaZn0.25Ti0.25Nb0.5O3,Ba,Ib,Ba,54.79999923706055,53.2269287109375,53.2269287109375,0.0
1014,Sm0.5Li0.5TiO3,Other,III,Ba,55.0,54.84137725830078,56.78961944580078,1.9482421875
1015,CaLi0.1667Nb0.3333Ti0.5O3,Ca,III,Ba,55.0,46.263702392578125,47.100860595703125,0.837158203125
1016,Pb0.2Zr0.2Ca0.8Fe0.4Nb0.4O3,Ca,III,Ba,55.099998474121094,55.725135803222656,55.72124099731445,-0.003894805908203125
1017,Ba4La2Ti3Nb2O18,Ba,Ib,Ba,55.099998474121094,52.059722900390625,52.059722900390625,0.0
1018,CaLi0.1667Nb0.3333Ti0.5O3,Ca,III,Ba,55.20000076293945,46.263702392578125,47.100860595703125,0.837158203125
1019,CaLa4Ti5O17,Other,II,Ba,57.0,54.425636291503906,40.87890625,-13.546730041503906
1020,Ba5LaTi2Nb3O15,Ba,Ib,Ba,57.29999923706055,54.8626823425293,54.8626823425293,0.0
1021,Ca4.6Zn0.4Nb4TiO17,Ca,III,Ba,52.0,51.12701416015625,49.51652908325195,-1.6104850769042969
1022,Ca0.7Ti0.7La0.3Ga0.3O3,Ca,II,Ba,52.0,50.36840057373047,50.04372024536133,-0.3246803283691406
1023,CaTi0.6Al0.2Ta0.2O3,Ca,II,Ba,52.0,50.946319580078125,50.525367736816406,-0.42095184326171875
1024,Ba3La2Ti2Nb2O15,Ba,Ib,Ba,49.79999923706055,47.22980499267578,47.22980499267578,0.0
1025,Pb0.7Ca0.3La0.5Mg0.5Nb0.5O3,Other,III,Ba,50.0,53.87165069580078,52.588294982910156,-1.283355712890625
1026,La0.8333Mg0.25Ti0.75O3,Other,III,Ba,50.0,47.934879302978516,50.75510025024414,2.820220947265625
1027,Ca0.5La0.5Zn0.25Ti0.75O3,Ca,III,Ba,50.0,48.93791961669922,49.66328430175781,0.7253646850585938
1028,Ba2Sr3Nb4O15,Sr,Ib,Ba,50.0,48.1121826171875,48.86107635498047,0.7488937377929688
1029,CaZr0.6Ti0.4O3,Ca,III,Ba,50.0,51.13454818725586,51.07206344604492,-0.0624847412109375
1030,Pb0.4Ca0.6Mg0.1667Nb0.3333Sn0.5O3,Ca,III,Ba,57.400001525878906,55.79988479614258,56.06132888793945,0.261444091796875
1031,La0.5333Ni0.2TiO3,Other,II,Ba,50.70000076293945,49.58168029785156,51.6899528503418,2.1082725524902344
1032,Ca0.75Ti0.75Sm0.25Al0.25O3,Ca,II,Ba,51.0,48.180320739746094,47.005279541015625,-1.1750411987304688
1033,Ba3Sr2Nb4O15,Ba,Ib,Ba,51.0,50.24944305419922,50.24944305419922,0.0
1034,Ca0.7La0.3Mg0.15Ti0.85O3,Ca,III,Ba,51.20000076293945,54.880287170410156,55.150856018066406,0.27056884765625
1035,La0.66Ni0.01TiO3,Other,II,Ba,51.400001525878906,48.74809646606445,50.102684020996094,1.3545875549316406
1036,La0.3Al0.3Sr0.7Ti0.7O3,Sr,Ib,Ba,52.0,51.05223846435547,52.17851638793945,1.1262779235839844
1037,Li0.5Sm0.5TiO3,Other,III,Ba,52.0,52.86906051635742,54.669898986816406,1.8008384704589844
1038,BaSm0.3Bi0.2Nb0.5O3,Ba,II,Ba,50.79999923706055,49.916656494140625,49.916656494140625,0.0
1039,Pb0.4Ca0.6Fe0.475Nb0.475Sn0.05O3,Ca,II,Ba,78.0,77.74900817871094,77.64078521728516,-0.10822296142578125
1040,La0.5667Ti0.85Al0.15O3,Other,II,Ba,57.70000076293945,56.813812255859375,58.765235900878906,1.9514236450195312
1041,La0.6167Ni0.075TiO3,Other,II,Ba,58.0,59.55084228515625,61.42875289916992,1.8779106140136719
1042,BaTi0.4Ga0.3Nb0.3O3,Ba,Ib,Ba,66.0,68.23613739013672,68.23613739013672,0.0
1043,La0.6133Ti0.92Al0.08O3,Other,II,Ba,66.9000015258789,64.83308410644531,66.36331939697266,1.5302352905273438
1044,Ca0.8Ti0.8Sm0.2Mg0.1Ti0.1O3,Ca,III,Ba,68.0,67.11421966552734,68.3309097290039,1.2166900634765625
1045,CaTi0.6Mg0.1333Nb0.2667O3,Ca,III,Ba,68.0,64.22976684570312,64.75294494628906,0.5231781005859375
1046,Pb0.4Ca0.6Fe0.495Nb0.495Zr0.01O3,Ca,II,Ba,68.69999694824219,72.31614685058594,72.31488800048828,-0.00125885009765625
1047,La0.6467Ni0.03TiO3,Other,II,Ba,69.4000015258789,66.07411193847656,67.95137786865234,1.8772659301757812
1048,Pb0.4Ca0.6Fe0.45Nb0.45Sn0.1O3,Ca,II,Ba,70.30000305175781,72.28695678710938,70.43637084960938,-1.8505859375
1049,La0.64Ti0.96Al0.04O3,Other,II,Ba,71.9000015258789,70.59549713134766,71.79352569580078,1.198028564453125
1050,Pb0.5Ca0.5Zr0.95Ti0.05O3,Ca,III,Ba,72.0,70.69669342041016,71.56675720214844,0.8700637817382812
1051,La0.64Ti0.96Al0.04O3,Other,II,Ba,72.0,66.81880950927734,68.06146240234375,1.2426528930664062
1052,Pb0.5Ca0.5ZrO3,Ca,III,Ba,74.0,73.82511138916016,77.02488708496094,3.1997756958007812
1053,CaTi0.7Al0.15Ta0.15O3,Ca,II,Ba,65.4000015258789,63.443138122558594,63.129417419433594,-0.313720703125
1054,Pb0.1Fe0.0667W0.0333Pb0.18Ca0.72Fe0.45Nb0.45O3,Ca,III,Ba,65.30000305175781,64.07939910888672,65.67095184326172,1.591552734375
1055,Pb0.4Ca0.6Mg0.255Nb0.255Sn0.01O3,Ca,III,Ba,65.0,63.314849853515625,65.29548645019531,1.9806365966796875
1056,La0.3Mg0.15Ti0.85Ca0.7O3,Ca,III,Ba,58.79999923706055,54.880287170410156,55.150856018066406,0.27056884765625
1057,CaZr0.5Ti0.5O3,Ca,III,Ba,59.0,57.828155517578125,58.667015075683594,0.8388595581054688
1058,La0.6333Ni0.05TiO3,Other,II,Ba,59.599998474121094,63.019378662109375,64.764404296875,1.745025634765625
1059,BaTi0.85Mn0.15O3,Ba,Ib,Ba,60.0,62.25140380859375,62.25140380859375,0.0
1060,CaTi0.4Mg0.2Ta0.4O3,Ca,III,Ba,60.20000076293945,49.46073913574219,48.1334228515625,-1.3273162841796875
1061,BaPr0.3Bi0.02Nb0.5O3,Ba,II,Ba,60.70000076293945,52.830055236816406,52.830055236816406,0.0
1062,Ca2Ba3Ta2TiO12,Ba,Ib,Ba,61.0,63.41557693481445,63.41557693481445,0.0
1063,Ca0.68Nd0.08Ti0.8Sm0.2Al0.2O3,Ca,III,Ba,58.0,54.115455627441406,53.73124313354492,-0.3842124938964844
1064,CaTi0.6Mg0.1333Nb0.2667O3,Ca,III,Ba,62.900001525878906,64.22976684570312,64.75294494628906,0.5231781005859375
1065,Pb0.4Ca0.6Mg0.3233Nb0.6467Sn0.03O3,Ca,III,Ba,63.0,60.45880126953125,60.15150833129883,-0.3072929382324219
1066,La0.6Ti0.9Al0.1O3,Other,II,Ba,63.0,59.6520881652832,60.982391357421875,1.3303031921386719
1067,La0.6533Ni0.02TiO3,Other,II,Ba,63.29999923706055,61.201438903808594,63.93818283081055,2.736743927001953
1068,BaMg0.2W0.2Ti0.6O3,Ba,Ib,Ba,63.900001525878906,64.50017547607422,64.50017547607422,0.0
1069,Pb0.4Ca0.6Mg0.3367Nb0.6733Sn0.01O3,Ca,III,Ba,64.69999694824219,61.5887336730957,61.348899841308594,-0.23983383178710938
1070,La0.6Ti0.9Al0.1O3,Other,II,Ba,62.599998474121094,62.3578987121582,64.03538513183594,1.6774864196777344
1071,SrLa0.5Nb0.5O3,Sr,III,Ba,37.0,33.22995376586914,31.51513671875,-1.7148170471191406
1072,CaLi0.2667Nb0.5333Sn0.2O3,Ca,III,Ba,23.299999237060547,23.31899642944336,31.65239906311035,8.333402633666992
1073,BaLa0.5Ta0.5O3,Ba,III,Ba,37.0,33.25452423095703,33.25452423095703,0.0
1074,BaTi0.1Co0.45W0.45O3,Ba,Ib,Ba,24.0,21.936763763427734,21.936763763427734,0.0
1075,Ba0.98Zn0.5W0.5O2.98,Ba,Ia,Ba,24.0,21.656335830688477,21.656335830688477,0.0
1076,BaMg0.333Ta0.667O3,Ba,Ib,Ba,24.0,24.529794692993164,24.529794692993164,0.0
1077,CaIn0.5Ta0.5O3,Ca,III,Ba,24.0,24.200149536132812,24.12160301208496,-0.07854652404785156
1078,CaPr0.5Ta0.5O3,Ca,III,Ba,24.0,22.737531661987305,22.446868896484375,-0.2906627655029297
1079,BaMg0.283Ta0.567Sn0.15O3,Ba,Ib,Ba,24.0,24.721195220947266,24.721195220947266,0.0
1080,BaTi0.5Ni0.25W0.25O3,Ba,Ib,Ba,24.200000762939453,23.715984344482422,23.715984344482422,0.0
1081,BaHfO3,Ba,Ia,Ba,24.200000762939453,24.784759521484375,24.784759521484375,0.0
1082,CaNd0.5Ta0.5O3,Ca,III,Ba,24.399999618530273,22.710430145263672,22.416370391845703,-0.29405975341796875
1083,BaMg0.33Ta0.63Ti0.017W0.017O3,Ba,Ib,Ba,24.5,24.4956111907959,24.4956111907959,0.0
1084,Ba0.9925Mg0.33Ta0.67O3,Ba,Ib,Ba,24.700000762939453,24.19876480102539,24.19876480102539,0.0
1085,BaMg0.33Ta0.53Ti0.067W0.067O3,Ba,Ib,Ba,23.600000381469727,23.841915130615234,23.841915130615234,0.0
1086,SrHfO3,Sr,III,Ba,23.5,22.961563110351562,23.228336334228516,0.2667732238769531
1087,Sr3Zn0.5Mg0.5Nb2O9,Sr,II,Ba,22.299999237060547,30.8074951171875,32.3679084777832,1.5604133605957031
1088,La0.952Na0.048Mg0.5W0.5O3,Other,III,Ba,22.600000381469727,25.910503387451172,26.83113670349121,0.9206333160400391
1089,La0.907Na0.0938Mg0.5W0.5O3,Other,III,Ba,22.600000381469727,25.43524742126465,26.375234603881836,0.9399871826171875
1090,CaLi0.2333Nb0.4667Sn0.3O3,Ca,III,Ba,22.600000381469727,19.708932876586914,28.758434295654297,9.049501419067383
1091,Ba0.99Zn0.5W0.5O2.99,Ba,Ia,Ba,23.0,22.13272476196289,22.13272476196289,0.0
1092,CaLa0.5Ta0.5O3,Ca,III,Ba,23.0,21.561203002929688,21.34076690673828,-0.22043609619140625
1093,NdMg0.5Ti0.5O3,Other,III,Ba,23.0,24.240842819213867,24.727779388427734,0.4869365692138672
1094,Ca0.07Mg0.93TiO3,Ca,III,Ba,23.0,21.47295379638672,22.028573989868164,0.5556201934814453
1095,LaAlO3,Other,Ia,Ba,23.399999618530273,22.428546905517578,22.694366455078125,0.2658195495605469
1096,BaZn0.1667Co0.1667Ta0.2222Nb0.2222Sb0.2222O3,Ba,Ib,Ba,24.899999618530273,24.140661239624023,24.140661239624023,0.0
1097,BaCo0.3333Ta0.6667O3,Ba,Ib,Ba,25.0,26.157541275024414,26.157541275024414,0.0
1098,CaEr0.5Ta0.5O3,Ca,III,Ba,26.399999618530273,25.905323028564453,25.50333023071289,-0.4019927978515625
1099,BaTi0.3Zn0.35W0.35O3,Ba,Ib,Ba,26.399999618530273,26.326187133789062,26.326187133789062,0.0
1100,BaTi0.55Ni0.225W0.225O3,Ba,Ib,Ba,26.5,26.502050399780273,26.502050399780273,0.0
1101,CaEu0.5Ta0.5O3,Ca,III,Ba,26.799999237060547,24.256511688232422,23.89914321899414,-0.35736846923828125
1102,CaY0.5Ta0.5O3,Ca,III,Ba,27.0,26.116840362548828,25.702295303344727,-0.41454505920410156
1103,Ca0.6Ba0.4Y0.5Ta0.5O3,Ca,III,Ba,27.0,27.472824096679688,27.295024871826172,-0.17779922485351562
1104,Ba5Nb2Ta2O15,Ba,Ib,Ba,27.0,28.725738525390625,28.725738525390625,0.0
1105,BaMg0.1333Zn0.2Ta0.6667O3,Ba,Ib,Ba,27.0,26.82309913635254,26.82309913635254,0.0
1106,CaZrO3,Ca,III,Ba,27.0,25.413318634033203,25.573230743408203,0.159912109375
1107,BaMg0.3Ta0.6Ti0.1O3,Ba,Ib,Ba,26.299999237060547,26.124521255493164,26.124521255493164,0.0
1108,CaYb0.5Ta0.5O3,Ca,III,Ba,25.799999237060547,26.197128295898438,25.820959091186523,-0.37616920471191406
1109,Sr2AlNbO6,Sr,Ib,Ba,25.0,22.42959213256836,23.519367218017578,1.0897750854492188
1110,SmMg0.5Ti0.5O3,Other,III,Ba,25.0,25.335826873779297,25.915924072265625,0.5800971984863281
1111,NdAlO3,Other,II,Ba,22.299999237060547,20.020212173461914,20.346660614013672,0.3264484405517578
1112,Ba4LiTa2SbO12,Ba,Ib,Ba,25.100000381469727,38.447288513183594,38.447288513183594,0.0
1113,CaLi0.3Nb0.6Sn0.1O3,Ca,III,Ba,25.200000762939453,23.187366485595703,27.896255493164062,4.708889007568359
1114,BaTi0.5Zn0.25W0.25O3,Ba,Ib,Ba,25.399999618530273,25.728893280029297,25.728893280029297,0.0
1115,Ba5Nb3TaO15,Ba,Ib,Ba,25.700000762939453,31.756969451904297,31.756969451904297,0.0
1116,CaSm0.5Ta0.5O3,Ca,III,Ba,25.799999237060547,23.797283172607422,23.46768569946289,-0.32959747314453125
1117,BaMg0.3183Ta0.67O3,Ba,Ib,Ba,25.100000381469727,24.44894790649414,24.44894790649414,0.0
1118,BaYb0.5Ta0.5O3,Ba,Ib,Ba,22.100000381469727,26.5060977935791,26.5060977935791,0.0
1119,La0.823Na0.176Mg0.5W0.5O3,Other,III,Ba,22.100000381469727,24.251211166381836,25.1477108001709,0.8964996337890625
1120,Ca5Nb2HfO12,Ca,III,Ba,22.0,36.213584899902344,35.93335723876953,-0.2802276611328125
1121,BaMg0.5W0.5O3,Ba,Ia,Ba,17.0,17.717639923095703,17.717639923095703,0.0
1122,BaMg0.34W0.35Ti0.31O3,Ba,Ib,Ba,17.100000381469727,14.8810453414917,14.8810453414917,0.0
1123,BaNi0.5W0.5O3,Ba,Ia,Ba,17.100000381469727,18.104896545410156,18.104896545410156,0.0
1124,BaMg0.33Ta0.13Ti0.267W0.267O3,Ba,Ib,Ba,17.399999618530273,16.259334564208984,16.259334564208984,0.0
1125,DyAlO3,Other,III,Ba,17.600000381469727,16.95067024230957,17.144573211669922,0.19390296936035156
1126,BaNi0.5W0.5O3,Ba,Ia,Ba,18.100000381469727,18.104896545410156,18.104896545410156,0.0
1127,SrNi0.5W0.5O3,Sr,II,Ba,18.299999237060547,20.629940032958984,22.140430450439453,1.5104904174804688
1128,GdAlO3,Other,III,Ba,18.399999618530273,17.8577938079834,18.185739517211914,0.3279457092285156
1129,Sr2AlNbO6,Sr,Ib,Ba,19.0,22.387195587158203,23.52268409729004,1.135488510131836
1130,Ba.2Sr0.8SmSbO6,Other,Ia,Ba,19.0,19.15923500061035,12.339559555053711,-6.819675445556641
1131,BaZn0.5W0.5O3,Ba,Ia,Ba,19.0,22.636125564575195,22.636125564575195,0.0
1132,NdMg0.47Ba0.03Sn0.5O3,Other,III,Ba,19.100000381469727,18.82722282409668,18.764745712280273,-0.06247711181640625
1133,BaMg0.33W0.35Ti0.32O3,Ba,Ib,Ba,16.299999237060547,15.269970893859863,15.269970893859863,0.0
1134,ErAlO3,Other,III,Ba,16.299999237060547,16.599702835083008,16.766695022583008,0.1669921875
1135,Pb0.6Ca0.4Fe0.45Nb0.45Sn0.1O3,Other,II,Ba,142.60000610351562,140.06922912597656,139.23394775390625,-0.8352813720703125
1136,BaMg0.335W0.335Ti0.33O3,Ba,Ib,Ba,13.100000381469727,14.697526931762695,14.697526931762695,0.0
1137,BaTi0.39Co0.305W0.305O3,Ba,Ib,Ba,14.0,17.65384864807129,17.65384864807129,0.0
1138,BaMg0.35W0.33Ti0.32O3,Ba,Ib,Ba,14.399999618530273,14.8384428024292,14.8384428024292,0.0
1139,NdMg0.45Co0.05Sn0.5O3,Other,III,Ba,19.200000762939453,18.4174747467041,18.511533737182617,0.09405899047851562
1140,BaMg0.34W0.32Ti0.34O3,Ba,Ib,Ba,14.399999618530273,15.459428787231445,15.459428787231445,0.0
1141,BaMg0.34W0.33Ti0.33O3,Ba,Ib,Ba,15.100000381469727,15.22602367401123,15.22602367401123,0.0
1142,BaMg0.35W0.34Ti0.31O3,Ba,Ib,Ba,15.399999618530273,14.67175006866455,14.67175006866455,0.0
1143,BaMg0.33W0.33Ti0.33O3,Ba,Ib,Ba,15.399999618530273,15.238916397094727,15.238916397094727,0.0
1144,BaMg0.33W0.34Ti0.33O3,Ba,Ib,Ba,15.600000381469727,15.444183349609375,15.444183349609375,0.0
1145,YAlO3,Other,III,Ba,15.699999809265137,15.777338027954102,15.953125,0.17578697204589844
1146,Sr2SmSbO6,Sr,II,Ba,16.0,15.01183032989502,16.56205177307129,1.5502214431762695
1147,BaMg0.34W0.32Ti0.34O3,Ba,Ib,Ba,14.5,15.459428787231445,15.459428787231445,0.0
1148,Ba0.5Sr0.5Zn0.1667Co0.1667Ta0.2222Nb0.2222Sb0.2222O3,Ba,Ib,Ba,27.0,26.6018009185791,27.290802001953125,0.6890010833740234
1149,CaLa0.5Ta0.5O3,Ca,III,Ba,19.5,21.507125854492188,21.293304443359375,-0.2138214111328125
1150,Ba2SmSbO6,Ba,Ia,Ba,20.700000762939453,16.750263214111328,16.750263214111328,0.0
1151,Sr0.985La0.01Mg0.5W0.5O3,Sr,II,Ba,20.700000762939453,19.086706161499023,21.192340850830078,2.1056346893310547
1152,Ba2Mg0.9Ca0.1WO6,Ba,Ia,Ba,20.799999237060547,21.70638656616211,21.70638656616211,0.0
1153,Sr0.036Mg0.964TiO3,Sr,II,Ba,20.799999237060547,24.999713897705078,25.08295249938965,0.08323860168457031
1154,La0.786Na0.214Mg0.5W0.5O3,Other,III,Ba,20.799999237060547,23.219858169555664,23.952260971069336,0.7324028015136719
1155,CaSm0.5Nb0.5O3,Ca,III,Ba,20.899999618530273,22.454675674438477,22.388690948486328,-0.06598472595214844
1156,Ca5Ta2ZrO12,Ca,III,Ba,21.0,39.352115631103516,39.55806350708008,0.2059478759765625
1157,Ba0.95Zn0.5W0.5O2.95,Ba,Ia,Ba,21.0,20.369384765625,20.369384765625,0.0
1158,NdMg0.5Sn0.4Ti0.1O3,Other,III,Ba,21.100000381469727,19.554061889648438,19.80154037475586,0.24747848510742188
1159,BaTi0.4Zn0.3W0.3O3,Ba,Ib,Ba,21.200000762939453,21.109439849853516,21.109439849853516,0.0
1160,CaYb0.5Ta0.5O3,Ca,III,Ba,21.200000762939453,22.693918228149414,22.75807762145996,0.06415939331054688
1161,SrCo0.5W0.5O3,Sr,II,Ba,21.200000762939453,20.125804901123047,21.69240951538086,1.5666046142578125
1162,CaHfO3,Ca,III,Ba,21.399999618530273,20.907878875732422,20.694534301757812,-0.21334457397460938
1163,BaTi0.45Ni0.275W0.275O3,Ba,Ib,Ba,21.600000381469727,21.451927185058594,21.451927185058594,0.0
1164,Sr3ZnNb2O9,Sr,II,Ba,20.700000762939453,35.916805267333984,38.181739807128906,2.264934539794922
1165,CaLa0.5Nb0.5O3,Ca,III,Ba,20.600000381469727,20.180217742919922,20.150203704833984,-0.0300140380859375
1166,NdMg0.43Ca0.07Sn0.5O3,Other,III,Ba,19.5,15.615010261535645,15.740943908691406,0.12593364715576172
1167,CaSm0.5Ta0.5O3,Ca,III,Ba,19.600000381469727,20.10286521911621,20.07314682006836,-0.029718399047851562
1168,BaMg0.33Ta0.33Ti0.167W0.167O3,Ba,Ib,Ba,19.700000762939453,18.883413314819336,18.883413314819336,0.0
1169,CaNd0.5Ta0.5O3,Ca,III,Ba,20.0,22.647319793701172,22.36046600341797,-0.2868537902832031
1170,CaNd0.5Nb0.5O3,Ca,III,Ba,20.0,21.344831466674805,21.289134979248047,-0.05569648742675781
1171,BaCo0.5W0.5O3,Ba,Ia,Ba,19.299999237060547,19.41533088684082,19.41533088684082,0.0
1172,Sr3Zn0.75Mg0.25Nb2O9,Sr,II,Ba,20.0,31.626834869384766,33.548553466796875,1.9217185974121094
1173,BaMg0.46W0.46Ti0.08O3,Ba,Ib,Ba,20.0,19.443706512451172,19.443706512451172,0.0
1174,BaMg0.333Ta0.567W0.05Ti0.05O3,Ba,Ib,Ba,20.0,22.467273712158203,22.467273712158203,0.0
1175,BaTi0.4Ni0.3W0.3O3,Ba,Ib,Ba,20.0,19.980743408203125,19.980743408203125,0.0
1176,BaMg0.49Y0.006667W0.496667O3,Ba,Ia,Ba,20.0,17.637502670288086,17.637502670288086,0.0
1177,Ba0.97La0.02Mg0.5W0.5O3,Ba,Ia,Ba,20.0,17.641963958740234,17.641963958740234,0.0
1178,BaLa0.5Ta0.5O3,Ba,III,Ba,27.100000381469727,26.75954246520996,26.75954246520996,0.0
1179,SrLa0.5Ta0.5O3,Sr,III,Ba,27.100000381469727,25.589784622192383,24.060091018676758,-1.529693603515625
1180,SrNd0.5Ta0.5O3,Sr,III,Ba,27.100000381469727,25.515949249267578,24.290555953979492,-1.225393295288086
1181,Sr5Nb2Ta2O15,Sr,II,Ba,33.20000076293945,39.31840896606445,40.651527404785156,1.3331184387207031
1182,BaHo0.5Ta0.5O3,Ba,II,Ba,33.5,32.69908142089844,32.69908142089844,0.0
1183,Ba8ZnNb5.4Sb0.6O24,Ba,Ib,Ba,33.599998474121094,32.625732421875,32.625732421875,0.0
1184,Ba0.99Co0.2333Zn0.1Nb0.6667O3,Ba,Ib,Ba,33.70000076293945,33.45728302001953,33.45728302001953,0.0
1185,Ba2Sr3Ta4O15,Sr,Ib,Ba,33.70000076293945,33.211395263671875,34.271488189697266,1.0600929260253906
1186,Sr0.35Ba0.65Y0.5Nb0.5O3,Ba,III,Ba,33.79999923706055,33.182899475097656,33.182899475097656,0.0
1187,Ba0.99La0.0067Co0.2333Zn0.1Nb0.6667O3,Ba,Ib,Ba,34.0,33.972877502441406,33.972877502441406,0.0
1188,Ba4LiNb2TaO12,Ba,Ib,Ba,34.0,40.469390869140625,40.469390869140625,0.0
1189,Ba10Ta7.52Ti0.48O30,Ba,Ib,Ba,34.0,32.43022918701172,32.43022918701172,0.0
1190,Ca5Ta2Ti0.6Hf0.4O12,Ca,III,Ba,34.0,37.65496826171875,39.48894119262695,1.8339729309082031
1191,Ca0.5Sm0.5Mg0.25Ti0.75O3,Ca,III,Ba,34.0,35.83448791503906,36.23551559448242,0.4010276794433594
1192,SrGd0.5Nb0.5O3,Sr,III,Ba,34.0,32.19164276123047,32.56941223144531,0.37776947021484375
1193,Ba3Sr2Ta4O15,Ba,Ib,Ba,33.20000076293945,33.06439971923828,33.06439971923828,0.0
1194,Sr0.5La0.5Ti0.5Al0.5O3,Sr,Ib,Ba,33.0,34.063819885253906,35.08732986450195,1.0235099792480469
1195,Li0.774Zr0.057NbO3,Other,III,Ba,33.0,31.603662490844727,31.501651763916016,-0.10201072692871094
1196,BaYb0.5Ta0.5O3,Ba,Ib,Ba,32.0,33.65383529663086,33.65383529663086,0.0
1197,CaEr0.5Nb0.5O3,Ca,III,Ba,32.0,25.78590965270996,25.620330810546875,-0.16557884216308594
1198,SrNd0.5Ta0.5O3,Sr,III,Ba,32.0,28.519847869873047,27.80265235900879,-0.7171955108642578
1199,SrHo0.5Nb0.5O3,Sr,III,Ba,32.0,30.67218017578125,31.550735473632812,0.8785552978515625
1200,SrY0.5Nb0.5O3,Sr,III,Ba,32.0,31.420679092407227,31.95453453063965,0.5338554382324219
1201,BaCo0.33Nb0.665Y0.005O3,Ba,Ib,Ba,34.0,33.13634490966797,33.13634490966797,0.0
1202,SrEr0.5Nb0.5O3,Sr,III,Ba,32.0,30.284488677978516,31.254985809326172,0.9704971313476562
1203,BaSn0.226Zn0.258Nb0.516O3,Ba,Ib,Ba,32.0,33.093048095703125,33.093048095703125,0.0
1204,Ba5Nb3TaO15,Ba,Ib,Ba,32.20000076293945,31.93284034729004,31.93284034729004,0.0
1205,Ba6Nb4ZrO18,Ba,Ib,Ba,32.400001525878906,31.4893798828125,31.4893798828125,0.0
1206,Sr0.05Ba0.95Y0.5Ta0.5O3,Ba,II,Ba,32.5,32.408634185791016,32.408634185791016,0.0
1207,BaTi0.1Zn0.45W0.45O3,Ba,Ib,Ba,33.0,29.835927963256836,29.835927963256836,0.0
1208,Ba0.95Sr0.05Y0.5Ta0.5O3,Ba,II,Ba,33.0,32.408634185791016,32.408634185791016,0.0
1209,Ca5Nb2Ti0.4Hf0.6O12,Ca,III,Ba,32.0,36.88712692260742,38.049400329589844,1.1622734069824219
1210,Ba0.95Ca0.05Yb0.475Y0.025Nb0.5O3,Ba,II,Ba,34.0,31.635025024414062,31.635025024414062,0.0
1211,BaYb0.5Nb0.5O3,Ba,Ib,Ba,36.0,35.50807189941406,35.50807189941406,0.0
1212,BaTb0.5Ta0.5O3,Ba,II,Ba,36.0,33.069252014160156,33.069252014160156,0.0
1213,Pb0.2Ca.1333Nb0.6667O3,Ca,III,Ba,36.0,35.7447509765625,27.856029510498047,-7.888721466064453
1214,BaZn0.3333Nb0.6667O3,Ba,Ib,Ba,36.0,36.932064056396484,36.932064056396484,0.0
1215,SrSm0.5Nb0.5O3,Sr,III,Ba,36.0,32.95161819458008,32.956687927246094,0.005069732666015625
1216,Ca4NiNb2TiO12,Ca,III,Ba,36.0,34.944610595703125,32.81193923950195,-2.132671356201172
1217,Ca4.88Co0.12Ta2TiO12,Ca,III,Ba,36.0,40.94693374633789,42.33448028564453,1.3875465393066406
1218,Ba8Ta4.32Ti2.6O24,Ba,Ib,Ba,36.0,37.60230255126953,37.60230255126953,0.0
1219,Sr3LaNb3O12,Sr,III,Ba,36.0,36.59031295776367,38.6557502746582,2.0654373168945312
1220,Sr5NbTa3O15,Sr,II,Ba,36.20000076293945,38.31498718261719,39.82049560546875,1.5055084228515625
1221,La6MgTi4O18,Other,III,Ba,36.29999923706055,33.40243148803711,34.60893630981445,1.2065048217773438
1222,Sr0.05Ba0.95Y0.5Nb0.5O3,Ba,II,Ba,36.29999923706055,33.95891571044922,33.95891571044922,0.0
1223,BaNd0.5Ta0.5O3,Ba,III,Ba,36.0,36.94790267944336,36.94790267944336,0.0
1224,La0.5Sr0.5Al0.5Ti0.5O3,Sr,Ib,Ba,35.900001525878906,35.1107177734375,36.54276657104492,1.4320487976074219
1225,BaSc0.5Nb0.5O3,Ba,Ib,Ba,35.70000076293945,36.35042953491211,36.35042953491211,0.0
1226,BaZn0.0833Mg0.25Nb0.6667O3,Ba,Ib,Ba,34.0,33.274681091308594,33.274681091308594,0.0
1227,Ba2SrYNb3O12,Ba,Ib,Ba,34.099998474121094,37.40895462036133,37.40895462036133,0.0
1228,La0.8333Ti0.5Al0.5O3,Other,Ia,Ba,34.400001525878906,32.60427474975586,33.368263244628906,0.7639884948730469
1229,BaCo0.2333Zn0.1Nb0.6667O3,Ba,Ib,Ba,34.5,33.78224182128906,33.78224182128906,0.0
1230,BaSr2YNb3O12,Sr,II,Ba,34.70000076293945,36.0751838684082,32.896549224853516,-3.1786346435546875
1231,SrTb0.5Nb0.5O3,Sr,III,Ba,34.0,31.598962783813477,32.23677062988281,0.6378078460693359
1232,Ba10Ta7.04Ti.2O30,Ba,Ib,Ba,35.0,33.440948486328125,33.440948486328125,0.0
1233,SrCr0.5Nb0.5O3,Sr,Ib,Ba,35.0,34.1435546875,34.428321838378906,0.28476715087890625
1234,BaNi0.1167Zn0.2167Nb0.6667O3,Ba,Ib,Ba,35.0,33.8947868347168,33.8947868347168,0.0
1235,Ca4.75Ni0.25Ta2TiO12,Ca,III,Ba,35.0,44.0717887878418,44.26218795776367,0.190399169921875
1236,Ba2Sr3Ta4O15,Sr,Ib,Ba,35.20000076293945,33.217960357666016,34.285072326660156,1.0671119689941406
1237,cCa0.05Ba0.95Y0.5Nb0.5O3,Ba,II,Ba,35.20000076293945,33.78369903564453,33.78369903564453,0.0
1238,BaZn0.2Co0.1333Nb0.6667O3,Ba,Ib,Ba,35.5,36.574432373046875,36.574432373046875,0.0
1239,BaEu0.5Ta0.5O3,Ba,II,Ba,37.0,35.14960479736328,35.14960479736328,0.0
1240,BaNi0.3Nb0.6Zr0.1O3,Ba,Ib,Ba,31.799999237060547,31.306848526000977,31.306848526000977,0.0
1241,BaSr4Ta4O15,Sr,Ib,Ba,31.700000762939453,33.72996139526367,34.73114776611328,1.0011863708496094
1242,La5AlTi3O15,Other,II,Ba,28.100000381469727,29.640270233154297,30.725513458251953,1.0852432250976562
1243,BaZn0.5W0.5O3,Ba,Ia,Ba,28.100000381469727,22.659576416015625,22.659576416015625,0.0
1244,CaHo0.5Ta0.5O3,Ca,III,Ba,28.200000762939453,25.71101951599121,25.317501068115234,-0.39351844787597656
1245,LaMg0.5Ti0.5O3,Other,III,Ba,29.0,28.116226196289062,28.89730453491211,0.7810783386230469
1246,Ba0.95Sr0.05Zn0.475Ga0.025Ta0.6583O3,Ba,Ib,Ba,29.0,32.84619140625,32.84619140625,0.0
1247,BaZr0.0215Zn0.272Ni0.0542Ta0.6523O3,Ba,Ib,Ba,29.0,28.754085540771484,28.754085540771484,0.0
1248,SrTb0.5Ta0.5O3,Sr,III,Ba,29.0,27.098154067993164,28.065746307373047,0.9675922393798828
1249,BaHfO3,Ba,Ia,Ba,29.100000381469727,24.784759521484375,24.784759521484375,0.0
1250,CaLi0.3333Nb0.6667O3,Ca,III,Ba,29.600000381469727,27.77450180053711,20.021995544433594,-7.752506256103516
1251,SrNd0.5Nb0.5O3,Sr,III,Ba,29.700000762939453,33.31465530395508,32.586814880371094,-0.7278404235839844
1252,BaTi0.6Ni0.2W0.2O3,Ba,Ib,Ba,29.799999237060547,31.280920028686523,31.280920028686523,0.0
1253,Ba5Ta4O15,Ba,Ib,Ba,28.0,29.699060440063477,29.699060440063477,0.0
1254,PrMg0.5Ti0.5O3,Other,III,Ba,28.0,24.85597801208496,25.285409927368164,0.4294319152832031
1255,SrY0.5Ta0.5O3,Sr,III,Ba,28.0,27.363122940063477,28.882293701171875,1.5191707611083984
1256,SrHo0.5Ta0.5O3,Sr,III,Ba,28.0,26.11923599243164,27.610363006591797,1.4911270141601562
1257,CaGd0.5Ta0.5O3,Ca,III,Ba,27.200000762939453,24.209712982177734,23.857263565063477,-0.3524494171142578
1258,SrLa0.5Nb0.5O3,Sr,III,Ba,27.5,30.7420654296875,28.29473876953125,-2.44732666015625
1259,SrZn0.5W0.5O3,Sr,II,Ba,27.5,22.025100708007812,24.358638763427734,2.333538055419922
1260,LaMg0.5Ti0.5O3,Other,III,Ba,27.600000381469727,28.134899139404297,28.92061996459961,0.7857208251953125
1261,SrSm0.5Ta0.5O3,Sr,III,Ba,27.700000762939453,28.38370132446289,28.261672973632812,-0.12202835083007812
1262,BaMg0.1333Zn0.2Ta0.6667O3,Ba,Ib,Ba,27.700000762939453,26.83035659790039,26.83035659790039,0.0
1263,NdMg0.5Ti0.5O3,Other,III,Ba,28.0,25.119606018066406,25.726242065429688,0.6066360473632812
1264,CaLi0.3167Nb0.6333Zr0.05O3,Ca,III,Ba,29.899999618530273,30.313562393188477,23.89877700805664,-6.414785385131836
1265,Ba4LiTa3O12,Ba,Ib,Ba,28.0,33.036643981933594,33.036643981933594,0.0
1266,BaTb0.5Ta0.5O3,Ba,II,Ba,28.0,33.852394104003906,33.852394104003906,0.0
1267,SrZn0.3333Ta0.6667O3,Sr,II,Ba,28.0,30.534183502197266,31.820226669311523,1.2860431671142578
1268,BaZn0.3333Ta0.6667O3,Ba,Ib,Ba,28.0,28.71368408203125,28.71368408203125,0.0
1269,Ca0.6Ba0.4Yb0.5Ta0.5O3,Ca,III,Ba,28.0,25.975051879882812,25.817346572875977,-0.15770530700683594
1270,BaZr0.0215Ni0.0542Zn0.272Ta0.6523O3,Ba,Ib,Ba,28.0,28.74392318725586,28.74392318725586,0.0
1271,CaHo0.5Ta0.5O3,Ca,III,Ba,28.0,25.71101951599121,25.317501068115234,-0.39351844787597656
1272,SrDy0.5Ta0.5O3,Sr,III,Ba,28.0,26.48025894165039,27.738475799560547,1.2582168579101562
1273,CaZr0.8Ti0.2O3,Ca,III,Ba,28.0,30.214160919189453,29.67197036743164,-0.5421905517578125
1274,SrSm0.5Nb0.5O3,Sr,III,Ba,31.799999237060547,30.801666259765625,31.493988037109375,0.69232177734375
1275,CaDy0.5Ta0.5O3,Ca,III,Ba,30.0,25.2991943359375,24.914569854736328,-0.3846244812011719
1276,LaCo0.5Ti0.5O3,Other,III,Ba,30.0,28.78619384765625,29.794979095458984,1.0087852478027344
1277,SrAl0.5Nb0.5O3,Sr,Ib,Ba,31.0,30.400691986083984,31.320201873779297,0.9195098876953125
1278,SrYb0.5Nb0.5O3,Sr,III,Ba,31.0,28.947269439697266,29.921911239624023,0.9746417999267578
1279,Ca0.4Sm0.6Mg0.3Ti0.7O3,Other,III,Ba,31.0,31.026819229125977,31.8231258392334,0.7963066101074219
1280,Ca4MgTa2TiO12,Ca,III,Ba,31.0,30.148096084594727,28.87826919555664,-1.269826889038086
1281,Ca4NiTa2TiO12,Ca,III,Ba,31.0,30.679697036743164,28.638586044311523,-2.0411109924316406
1282,BaNi0.3333Nb0.6667O3,Ba,Ib,Ba,31.0,30.277191162109375,30.277191162109375,0.0
1283,BaMg0.3333Nb0.6667O3,Ba,Ib,Ba,31.0,31.06521987915039,31.06521987915039,0.0
1284,Ba4SrTa4O15,Ba,Ib,Ba,31.100000381469727,31.26491355895996,31.26491355895996,0.0
1285,CaLi0.2333Nb0.4667Zr0.3O3,Ca,III,Ba,31.100000381469727,32.22480010986328,32.45849609375,0.23369598388671875
1286,BaMg0.25W0.25Ti0.5O3,Ba,Ib,Ba,31.200000762939453,31.12270164489746,31.12270164489746,0.0
1287,BaZn0.5W0.5O3,Ba,Ia,Ba,31.399999618530273,22.678279876708984,22.678279876708984,0.0
1288,BaZn0.3Ta0.6Ti0.4O3.6,Ba,Ib,Ba,31.5,32.84036636352539,32.84036636352539,0.0
1289,SrSm0.5Ta0.5O3,Sr,III,Ba,31.0,28.36313247680664,28.329721450805664,-0.03341102600097656
1290,SrLa0.5Ta0.5O3,Sr,III,Ba,31.0,28.563140869140625,27.10455322265625,-1.458587646484375
1291,Ba0.9875Sr0.0125Zn0.475Ga0.025Ta0.6583O3,Ba,Ib,Ba,31.0,31.88895034790039,31.88895034790039,0.0
1292,Ba0.9875Sr0.0125Zn0.3167Ga0.025Ta0.6583O3,Ba,Ib,Ba,31.0,29.68158531188965,29.68158531188965,0.0
1293,CaLi0.2857Nb0.5715W0.1428O3,Ca,III,Ba,30.0,39.62027359008789,39.35558319091797,-0.2646903991699219
1294,Ba5Ta4O15,Ba,Ib,Ba,30.0,29.699060440063477,29.699060440063477,0.0
1295,BaZr0.03Ni0.0417Zn0.2817Ta0.6467O3,Ba,Ib,Ba,30.0,29.016027450561523,29.016027450561523,0.0
1296,BaZr0.05Zn0.32Ta0.63O3,Ba,Ib,Ba,30.0,29.22653579711914,29.22653579711914,0.0
1297,SrLi0.3078Nb0.4613W0.231O3,Sr,III,Ba,30.0,32.013980865478516,31.75162124633789,-0.262359619140625
1298,BaYb0.5Nb0.5O3,Ba,Ib,Ba,30.0,30.96455955505371,30.96455955505371,0.0
1299,CaLi0.3Nb0.6Zr0.1O3,Ca,III,Ba,30.100000381469727,29.741260528564453,25.570449829101562,-4.170810699462891
1300,Ba8ZnTa6O24,Ba,Ib,Ba,30.5,29.714920043945312,29.714920043945312,0.0
1301,SrLi0.3889Nb0.5W0.2O3,Sr,III,Ba,31.0,29.90389633178711,26.728485107421875,-3.1754112243652344
1302,Sr0.15Ba0.85Yb0.5Ta0.5O3,Ba,II,Ba,31.0,29.888904571533203,29.888904571533203,0.0
1303,Sr0.625Ce0.25TiO3,Sr,Ib,Ba,143.0,139.3310546875,136.0893096923828,-3.2417449951171875
0,Ca0.8Sr0.2SnO3,Ca,III,Ca,8.5,18.425823211669922,18.425823211669922,0.0
1,CaTi0.53Al0.235Nb0.235O3,Ca,II,Ca,49.79999923706055,48.213661193847656,48.213661193847656,0.0
2,CaTi0.5Al0.25Nb0.25O3,Ca,II,Ca,48.0,45.933406829833984,45.933406829833984,0.0
3,CaTi0.4Al0.3Nb0.3O3,Ca,II,Ca,41.29999923706055,39.77037811279297,39.77037811279297,0.0
4,CaTi0.3Al0.35Nb0.35O3,Ca,II,Ca,36.79999923706055,35.04400634765625,35.04400634765625,0.0
5,CaTi0.7Al0.15Nb0.15O3,Ca,II,Ca,65.4000015258789,66.03942108154297,66.03942108154297,0.0
6,CaTi0.6Al0.2Nb0.2O3,Ca,II,Ca,54.29999923706055,54.737342834472656,54.737342834472656,0.0
7,CaTi0.53Al0.235Nb0.235O3,Ca,II,Ca,48.5,48.26680374145508,48.26680374145508,0.0
8,CaTi0.5Al0.25Nb0.25O3,Ca,II,Ca,48.099998474121094,45.953956604003906,45.953956604003906,0.0
9,CaTi0.4Al0.3Nb0.3O3,Ca,II,Ca,41.20000076293945,39.713871002197266,39.713871002197266,0.0
10,CaTi0.3Al0.35Nb0.35O3,Ca,II,Ca,36.400001525878906,34.94426345825195,34.94426345825195,0.0
11,CaTi0.7Al0.15Nb0.15O3,Ca,II,Ca,69.0,66.80378723144531,66.80378723144531,0.0
12,CaTi0.6Al0.2Nb0.2O3,Ca,II,Ca,56.599998474121094,55.12306594848633,55.12306594848633,0.0
13,CaTi0.53Al0.235Nb0.235O3,Ca,II,Ca,49.400001525878906,48.37401580810547,48.37401580810547,0.0
14,CaTi0.5Al0.25Nb0.25O3,Ca,II,Ca,48.0,45.96588897705078,45.96588897705078,0.0
15,CaTi0.4Al0.3Nb0.3O3,Ca,II,Ca,41.099998474121094,39.49907302856445,39.49907302856445,0.0
16,CaTi0.3Al0.35Nb0.35O3,Ca,II,Ca,36.400001525878906,34.60340118408203,34.60340118408203,0.0
17,Sm0.6Ca0.4Co0.3Ti0.7O3,Other,III,Ca,37.0,36.104156494140625,39.50287628173828,3.3987197875976562
18,Ca0.6Sr0.4Al0.3Nb0.3Ti0.4O3,Ca,Ib,Ca,37.20000076293945,37.79297637939453,37.79297637939453,0.0
19,Ca5Nb4TiO17,Ca,III,Ca,45.599998474121094,37.051910400390625,37.051910400390625,0.0
20,Ca4.9Zn0.1Nb4TiO17,Ca,III,Ca,40.29999923706055,44.450775146484375,44.450775146484375,0.0
21,Ca4.8Zn0.2Nb4TiO17,Ca,III,Ca,37.900001525878906,44.04842758178711,44.04842758178711,0.0
22,Ca4.7Zn0.3Nb4TiO17,Ca,III,Ca,45.79999923706055,43.748714447021484,43.748714447021484,0.0
23,Ca4.6Zn0.4Nb4TiO17,Ca,III,Ca,52.0,43.489349365234375,43.489349365234375,0.0
24,CaTi0.6Al0.2Nb0.2O3,Ca,II,Ca,55.70000076293945,54.589134216308594,54.589134216308594,0.0
25,CaTi0.7Al0.15Nb0.15O3,Ca,II,Ca,67.80000305175781,65.76713562011719,65.76713562011719,0.0
26,SrLa3Ti2NbO12,Sr,III,Ca,41.0,43.067047119140625,33.72193145751953,-9.345115661621094
27,Sr2La2TiNb2O12,Sr,III,Ca,39.0,40.87590408325195,32.6529655456543,-8.222938537597656
28,Ba2SrLaNb3O12,Ba,II,Ca,39.5,41.546607971191406,25.3494873046875,-16.197120666503906
29,Ba.5Sr.5LaNb3O12,Other,Ib,Ca,38.95000076293945,37.5306282043457,31.55780601501465,-5.972822189331055
30,BaSr2LaNb3O12,Sr,III,Ca,37.099998474121094,36.658294677734375,24.315841674804688,-12.342453002929688
31,Sr3LaNb3O12,Sr,III,Ca,35.79999923706055,36.59031295776367,27.584285736083984,-9.006027221679688
32,BaLa0.5Nb0.5O3,Ba,III,Ca,45.0,44.30556869506836,45.026031494140625,0.7204627990722656
33,BaPr0.5Nb0.5O3,Ba,III,Ca,44.5,43.216819763183594,43.54363250732422,0.326812744140625
34,BaNd0.5Nb0.5O3,Ba,III,Ca,44.0,41.635215759277344,41.21288299560547,-0.422332763671875
35,BaSm0.5Nb0.5O3,Ba,II,Ca,43.0,40.13835525512695,39.86802673339844,-0.2703285217285156
36,BaEu0.5Nb0.5O3,Ba,II,Ca,40.0,38.91962432861328,38.626991271972656,-0.292633056640625
37,BaGd0.5Nb0.5O3,Ba,II,Ca,40.0,38.1583251953125,37.799842834472656,-0.35848236083984375
38,BaTb0.5Nb0.5O3,Ba,II,Ca,39.0,37.38579559326172,37.50617980957031,0.12038421630859375
39,Ca5Nb2TiO12,Ca,III,Ca,48.0,37.46767807006836,37.46767807006836,0.0
40,BaDy0.5Nb0.5O3,Ba,II,Ca,38.900001525878906,36.74372100830078,36.84589385986328,0.1021728515625
41,BaY0.5Nb0.5O3,Ba,II,Ca,37.0,36.021141052246094,36.2624626159668,0.24132156372070312
42,BaYb0.5Nb0.5O3,Ba,Ib,Ca,36.0,35.02079772949219,34.403594970703125,-0.6172027587890625
43,Ba8Ta4Ti3O23.5,Ba,Ib,Ca,40.0,40.51011276245117,40.57196807861328,0.061855316162109375
44,Ba8Ta4.32Ti2.6O23.54,Ba,Ib,Ca,36.0,39.223655700683594,39.22107696533203,-0.0025787353515625
45,Ba8Ta4.64Ti2.2O23.58,Ba,Ib,Ca,44.0,37.98704528808594,37.911903381347656,-0.07514190673828125
46,Ba10Ta7.04Ti.2O29.88,Ba,Ib,Ca,35.0,34.95874786376953,34.778053283691406,-0.180694580078125
47,Ba10Ta7.28Ti0.9O29.91,Ba,Ib,Ca,35.0,35.202632904052734,35.03693389892578,-0.16569900512695312
48,Ba10Ta7.52Ti0.6O29.94,Ba,Ib,Ca,34.0,34.456932067871094,34.290069580078125,-0.16686248779296875
49,Ba5Ta4O15,Ba,Ib,Ca,28.0,29.438730239868164,29.2642822265625,-0.17444801330566406
50,Ba5Sr2Ta4ZrO21,Ba,Ib,Ca,27.0,27.49909019470215,21.340564727783203,-6.158525466918945
51,Sr3LaNb3O12,Sr,III,Ca,36.0,36.338504791259766,29.0403995513916,-7.298105239868164
52,BaHo0.5Nb0.5O3,Ba,II,Ca,38.0,36.630699157714844,36.722801208496094,0.09210205078125
53,Ca5Ta2TiO12,Ca,III,Ca,38.0,37.29634475708008,37.29634475708008,0.0
54,CaTi0.70Al0.15Ta0.15O3,Ca,II,Ca,65.4000015258789,64.3299789428711,64.3299789428711,0.0
55,CaTi0.60Al0.20Ta0.20O3,Ca,II,Ca,52.20000076293945,50.847618103027344,50.847618103027344,0.0
56,CaTi0.60Al0.20Ta0.20O3,Ca,II,Ca,52.29999923706055,50.80861282348633,50.80861282348633,0.0
57,CaTi0.60Al0.20Ta0.20O3,Ca,II,Ca,52.400001525878906,50.7314338684082,50.7314338684082,0.0
58,CaTi0.60Al0.20Ta0.20O3,Ca,II,Ca,52.0,50.68230438232422,50.68230438232422,0.0
59,CaTi0.54Al0.23Ta0.23O3,Ca,II,Ca,46.599998474121094,45.07677459716797,45.07677459716797,0.0
60,CaTi0.54Al0.23Ta0.23O3,Ca,II,Ca,46.70000076293945,44.95319747924805,44.95319747924805,0.0
61,CaTi0.54Al0.23Ta0.23O3,Ca,II,Ca,46.79999923706055,44.667171478271484,44.667171478271484,0.0
62,CaTi0.54Al0.23Ta0.23O3,Ca,II,Ca,46.5,44.416038513183594,44.416038513183594,0.0
63,CaTi0.50Al0.25Ta0.25O3,Ca,II,Ca,41.400001525878906,41.86163330078125,41.86163330078125,0.0
64,CaTi0.70Al0.15Ta0.15O3,Ca,II,Ca,65.69999694824219,63.9976692199707,63.9976692199707,0.0
65,CaTi0.50Al0.25Ta0.25O3,Ca,II,Ca,41.5,41.31879806518555,41.31879806518555,0.0
66,Ca0.70Nd0.30Ti0.70Al0.30O3,Ca,II,Ca,43.5,39.98851013183594,39.98851013183594,0.0
67,Ca0.70La0.15Nd0.15Ti0.70Al0.30O3,Ca,II,Ca,41.5,40.13109588623047,40.13109588623047,0.0
68,Ca0.70La0.30Ti0.70Ga0.30O3,Ca,II,Ca,49.400001525878906,47.33585739135742,47.33585739135742,0.0
69,Ca0.70Nd0.30Ti0.70Ga0.15Al0.15O3,Ca,III,Ca,45.29999923706055,47.20301818847656,47.20301818847656,0.0
70,Ca0.70La0.30Ti0.70Ga0.15Al0.15O3,Ca,II,Ca,45.20000076293945,44.577178955078125,44.577178955078125,0.0
71,Ca0.70La0.15Nd0.15Ti0.70Ga0.15Al0.15O3,Ca,II,Ca,45.20000076293945,43.041561126708984,43.041561126708984,0.0
72,Ca0.67La0.165Nd0.165Ti0.67Ga0.33O3,Ca,III,Ca,44.70000076293945,44.423065185546875,44.423065185546875,0.0
73,Ca0.66La0.17Nd0.17Ti0.66Ga0.34O3,Ca,III,Ca,44.099998474121094,43.80479049682617,43.80479049682617,0.0
74,Ca0.64La0.18Nd0.18Ti0.64Ga0.36O3,Ca,III,Ca,43.599998474121094,42.66214370727539,42.66214370727539,0.0
75,Ca0.66La0.34Ti0.66Ga0.34O3,Ca,II,Ca,47.5,44.78599166870117,44.78599166870117,0.0
76,Ca0.64La0.36Ti0.64Ga0.36O3,Ca,II,Ca,46.5,43.65390396118164,43.65390396118164,0.0
77,Ba2.5Sr0.5LaNb3O12,Ba,Ib,Ca,41.86000061035156,42.29841232299805,26.700336456298828,-15.598075866699219
78,CaTi0.70Al0.15Ta0.15O3,Ca,II,Ca,65.5999984741211,63.65191650390625,63.65191650390625,0.0
79,CaLa4Ti4O15,Other,II,Ca,41.099998474121094,41.048370361328125,42.63459014892578,1.5862197875976562
80,BaZn0.300Nb0.600Zr0.100O3,Ba,Ib,Ca,38.0,40.093711853027344,39.910423278808594,-0.18328857421875
81,Ba0.80Sr0.20Zn0.313Ta0.627Ti0.060O3,Ba,Ib,Ca,42.0,38.802978515625,37.766571044921875,-1.036407470703125
82,Ba0.75Sr0.25Zn0.313Ta0.627Ti0.060O3,Ba,Ib,Ca,40.0,39.99459457397461,38.97786331176758,-1.0167312622070312
83,Ba4LaTiNb3O15,Ba,Ib,Ca,52.0,47.268463134765625,48.23625946044922,0.9677963256835938
84,Ba4LaSnNb3O15,Ba,Ib,Ca,39.0,38.284080505371094,38.37210464477539,0.08802413940429688
85,Ca0.65Sm0.315Nd0.035Ti0.65Al0.35O3,Ca,II,Ca,39.70000076293945,39.71641159057617,39.71641159057617,0.0
86,Ca0.25Sm0.675Nd0.075Ti0.25Al0.75O3,Other,II,Ca,22.739999771118164,22.64687156677246,23.331418991088867,0.6845474243164062
87,Ca0.35Sm0.585Nd0.065Ti0.35Al0.65O3,Other,II,Ca,25.84000015258789,24.872241973876953,25.66754722595215,0.7953052520751953
88,Ca0.45Sm0.495Nd0.055Ti0.45Al0.55O3,Ca,II,Ca,29.3799991607666,28.54030418395996,29.223468780517578,0.6831645965576172
89,Ca0.55Sm0.405Nd0.045Ti0.55Al0.45O3,Ca,II,Ca,32.849998474121094,31.829055786132812,32.77880096435547,0.9497451782226562
90,Ca0.75Sm0.225Nd0.025Ti0.75Al0.25O3,Ca,II,Ca,50.209999084472656,49.1157112121582,49.1157112121582,0.0
91,CaTi0.70Al0.15Ta0.15O3,Ca,II,Ca,65.5,63.511207580566406,63.511207580566406,0.0
92,Ca0.85Sm0.135Nd0.015Ti0.85Al0.15O3,Ca,II,Ca,69.19999694824219,68.5419921875,68.5419921875,0.0
93,Ca5Nb.5Ta0.5TiO12,Ca,III,Ca,46.0,39.585731506347656,39.585731506347656,0.0
94,Ca5NbTaTiO12,Ca,III,Ca,43.0,40.10346221923828,40.10346221923828,0.0
95,Ca5Nb0.5Ta.5TiO12,Ca,III,Ca,40.0,39.05818557739258,39.05818557739258,0.0
96,Ca5Ta2TiO12,Ca,III,Ca,38.0,37.60356903076172,37.60356903076172,0.0
97,BaZn0.333Co0.000Nb0.667O3,Ba,Ib,Ca,41.400001525878906,39.75270462036133,39.60993194580078,-0.14277267456054688
98,BaZn0.267Co0.067Nb0.667O3,Ba,Ib,Ca,40.099998474121094,37.74397659301758,37.86361312866211,0.11963653564453125
99,BaZn0.200Co0.133Nb0.667O3,Ba,Ib,Ca,38.20000076293945,36.28466796875,36.68561935424805,0.4009513854980469
100,BaZn0.133Co0.200Nb0.667O3,Ba,Ib,Ca,35.79999923706055,35.06586837768555,35.75767135620117,0.691802978515625
101,BaZn0.067Co0.267Nb0.667O3,Ba,Ib,Ca,33.900001525878906,34.2448844909668,35.24496841430664,1.0000839233398438
102,BaLa4Ti4O15,Other,Ib,Ca,44.400001525878906,44.7479248046875,46.483070373535156,1.7351455688476562
103,SrLa4Ti4O15,Other,II,Ca,43.70000076293945,42.511314392089844,44.228790283203125,1.7174758911132812
104,CaTi0.60Mg0.1333Nb0.2667O3,Ca,III,Ca,62.970001220703125,60.9940071105957,60.9940071105957,0.0
105,Ba3LaNb3O12,Ba,Ib,Ca,44.79999923706055,44.04253005981445,29.896718978881836,-14.145811080932617
106,Pb0.40Ca0.60Fe0.495Nb0.495Zr0.01O3,Ca,II,Ca,68.4000015258789,70.1401596069336,70.1401596069336,0.0
107,LaAlO3,Other,Ia,Ca,22.0,22.417438507080078,22.721141815185547,0.30370330810546875
108,La0.75Sr0.25Al0.75Ti0.25O3,Other,Ib,Ca,26.0,26.358041763305664,26.612503051757812,0.25446128845214844
109,La0.55Sr0.45Al0.55Ti0.45O3,Sr,Ib,Ca,29.0,30.688669204711914,31.621158599853516,0.9324893951416016
110,La0.50Sr0.50Al0.50Ti0.50O3,Sr,Ib,Ca,33.0,32.29483413696289,33.284637451171875,0.9898033142089844
111,La0.45Sr0.55Al0.45Ti0.55O3,Sr,Ib,Ca,34.0,34.0758171081543,35.14377212524414,1.0679550170898438
112,La0.40Sr0.60Al0.40Ti0.60O3,Sr,Ib,Ca,39.0,37.2553825378418,37.88001251220703,0.6246299743652344
113,La0.25Sr0.75Al0.25Ti0.75O3,Sr,Ib,Ca,46.0,46.188758850097656,47.48458480834961,1.2958259582519531
114,Ba0.99Zn0.10Co0.2333Nb0.6667O3,Ba,Ib,Ca,33.70000076293945,33.896705627441406,34.65166091918945,0.7549552917480469
115,Ba0.993La0.0067Zn0.10Co0.2333Nb0.6667O3,Ba,Ib,Ca,34.0,33.951568603515625,35.42449188232422,1.4729232788085938
116,LaZn0.5Ti0.5O3,Other,III,Ca,34.0,32.11526870727539,33.23724365234375,1.1219749450683594
117,Ba5Ta4O15,Ba,Ib,Ca,30.200000762939453,30.698040008544922,30.574132919311523,-0.12390708923339844
118,Ba4SrTa4O15,Ba,Ib,Ca,32.900001525878906,32.67020034790039,32.601322174072266,-0.068878173828125
119,Ba3Sr2Ta4O15,Ba,Ib,Ca,34.29999923706055,34.52740478515625,34.480003356933594,-0.04740142822265625
120,Ba2Sr3Ta4O15,Sr,Ib,Ca,35.20000076293945,34.081626892089844,35.32664108276367,1.2450141906738281
121,BaSr4Ta4O15,Sr,Ib,Ca,33.20000076293945,34.39307403564453,35.564476013183594,1.1714019775390625
122,Sr5Ta4O15,Sr,II,Ca,43.5,40.838661193847656,42.35394287109375,1.5152816772460938
123,Ba5NbTa3O15,Ba,Ib,Ca,31.700000762939453,29.644245147705078,29.452056884765625,-0.19218826293945312
124,Ba5Nb2Ta2O15,Ba,Ib,Ca,34.20000076293945,31.5089054107666,31.063793182373047,-0.4451122283935547
125,Ba5Nb3TaO15,Ba,Ib,Ca,37.20000076293945,35.59894561767578,35.01445388793945,-0.5844917297363281
126,Ba5Nb4O15,Ba,Ib,Ca,42.0,42.427024841308594,42.09598922729492,-0.3310356140136719
127,Sr5Nb2Ta2O15,Sr,II,Ca,34.29999923706055,40.49461364746094,42.105072021484375,1.6104583740234375
128,Sr5Nb3TaO15,Sr,II,Ca,38.20000076293945,42.98713302612305,44.756492614746094,1.7693595886230469
129,Li0.774Zr0.057NbO3,Other,III,Ca,30.969999313354492,31.604961395263672,31.59576416015625,-0.009197235107421875
130,Li0.774Zr0.057NbO3,Other,III,Ca,38.65999984741211,31.604961395263672,31.59576416015625,-0.009197235107421875
131,Li0.774Zr0.057NbO3,Other,III,Ca,27.75,30.75530433654785,30.71135902404785,-0.0439453125
132,Li0.774Zr0.057NbO3,Other,III,Ca,33.0099983215332,31.604961395263672,31.59576416015625,-0.009197235107421875
133,Ba6Nb4ZrO18,Ba,Ib,Ca,32.400001525878906,34.55954360961914,34.95305633544922,0.3935127258300781
134,Ba6Ta4TiO18,Ba,Ib,Ca,29.299999237060547,33.30103302001953,33.247047424316406,-0.053985595703125
135,Ba5SrNb4TiO18,Ba,Ib,Ca,50.79999923706055,49.83708190917969,50.98491287231445,1.1478309631347656
136,Ba5SrNb4ZrO18,Ba,Ib,Ca,39.5,38.89110565185547,39.859230041503906,0.9681243896484375
137,Ba5SrTa4TiO18,Ba,Ib,Ca,34.900001525878906,35.69169235229492,35.783729553222656,0.09203720092773438
138,Sr6Nb4TiO18,Sr,Ib,Ca,46.20000076293945,40.677459716796875,42.530372619628906,1.8529129028320312
139,BaZn0.333Ta0.667O3,Ba,Ib,Ca,29.5,29.4903621673584,28.90036392211914,-0.5899982452392578
140,BaZn0.333Ta0.667O3,Ba,Ib,Ca,29.600000381469727,28.97943687438965,28.801050186157227,-0.17838668823242188
141,BaZn0.333Ta0.667O3,Ba,Ib,Ca,28.399999618530273,28.84393882751465,28.700729370117188,-0.14320945739746094
142,BaZn0.333Ta0.667O3,Ba,Ib,Ca,30.200000762939453,29.209270477294922,28.971019744873047,-0.238250732421875
143,NdCo0.5Ti0.5O3,Other,III,Ca,27.0,26.298110961914062,27.79654312133789,1.4984321594238281
144,Sr5Nb4O15,Sr,II,Ca,45.20000076293945,49.750526428222656,51.49605178833008,1.7455253601074219
145,Nd0.9Sr0.1Co0.45Ti0.55O3,Other,III,Ca,29.31999969482422,29.05613136291504,31.7830753326416,2.7269439697265625
146,Ba2SrYNb3O12,Ba,Ib,Ca,34.099998474121094,38.79484176635742,25.189796447753906,-13.605045318603516
147,BaSr2YNb3O12,Sr,II,Ca,34.70000076293945,35.31471633911133,25.188587188720703,-10.126129150390625
148,Sr3YNb3O12,Sr,III,Ca,34.900001525878906,34.715362548828125,28.118738174438477,-6.596624374389648
149,BaZn0.33Ta0.67O3,Ba,Ib,Ca,29.100000381469727,28.669687271118164,28.25143051147461,-0.4182567596435547
150,BaZn0.33Ta0.67O3,Ba,Ib,Ca,30.399999618530273,28.669687271118164,28.25143051147461,-0.4182567596435547
151,Sr0.1Ba0.9Ti0.1Zn0.3Ta0.6O3,Ba,Ib,Ca,33.70000076293945,32.925498962402344,32.17966842651367,-0.7458305358886719
152,BaMg0.333Nb0.667O3,Ba,Ib,Ca,31.200000762939453,30.641292572021484,30.81268882751465,0.17139625549316406
153,BaMg0.333Nb0.667O3,Ba,Ib,Ca,31.5,30.45699691772461,30.5839786529541,0.1269817352294922
154,BaMg0.333Nb0.667O3,Ba,Ib,Ca,31.0,30.641292572021484,30.81268882751465,0.17139625549316406
155,BaZn0.25Ta0.50Ti0.33O3,Ba,Ib,Ca,31.5,32.13920593261719,34.06227493286133,1.9230690002441406
156,BaSn0.226Zn0.255Nb0.515O3,Ba,Ib,Ca,32.0,32.97568893432617,32.40373992919922,-0.5719490051269531
157,Ba3YNb3O12,Ba,Ib,Ca,29.899999618530273,37.083038330078125,25.910802841186523,-11.172235488891602
158,La0.680Al0.04Ti0.96O3,Other,II,Ca,71.9000015258789,69.90773010253906,72.86637878417969,2.958648681640625
159,La0.687Al0.06Ti0.94O3,Other,II,Ca,67.5999984741211,67.53059387207031,70.79690551757812,3.2663116455078125
160,La0.693Al0.08Ti0.92O3,Other,II,Ca,66.9000015258789,65.3322982788086,68.77303314208984,3.44073486328125
161,Ca4La2Ti4Mg0.333Nb0.667O17,Ca,III,Ca,59.29999923706055,49.12053298950195,49.12053298950195,0.0
162,Ca4La2Ti3Mg0.667Nb.333O17,Ca,III,Ca,49.209999084472656,46.785179138183594,46.785179138183594,0.0
163,Ca4La2Ti2.5Mg0.833Nb.667O17,Ca,III,Ca,44.36000061035156,43.660491943359375,43.660491943359375,0.0
164,Ca4La2Ti2MgNb2O17,Ca,III,Ca,40.45000076293945,40.9760856628418,40.9760856628418,0.0
165,Ca4La2TiMg.333Nb2.667O17,Ca,III,Ca,35.22999954223633,41.68255615234375,41.68255615234375,0.0
166,Pb0.55Ca0.45Fe0.475Nb0.475Zr0.05O3,Ca,II,Ca,108.5,101.99929809570312,101.99929809570312,0.0
167,Pb0.50Ca0.50Fe0.475Nb0.475Zr0.05O3,Ca,II,Ca,94.30000305175781,92.8686752319336,92.8686752319336,0.0
168,Pb0.45Ca0.55Fe0.475Nb0.475Zr0.05O3,Ca,II,Ca,81.19999694824219,82.80628967285156,82.80628967285156,0.0
169,Pb0.40Ca0.60Fe0.475Nb0.475Zr0.05O3,Ca,II,Ca,67.19999694824219,69.34269714355469,69.34269714355469,0.0
170,Ca4La2Ti5O17,Ca,II,Ca,71.86000061035156,70.46709442138672,70.46709442138672,0.0
171,Pb0.55Ca0.45Fe0.475Nb0.475Zr0.05O3,Ca,II,Ca,100.0999984741211,102.45420837402344,102.45420837402344,0.0
172,Pb0.45Ca0.55Fe0.475Nb0.475Zr0.05O3,Ca,II,Ca,86.80000305175781,83.33380126953125,83.33380126953125,0.0
173,Pb0.40Ca0.60Fe0.475Nb0.475Zr0.05O3,Ca,II,Ca,70.0999984741211,69.81698608398438,69.81698608398438,0.0
174,Pb0.60Ca0.40Fe0.495Nb0.495Zr0.01O3,Other,II,Ca,126.69999694824219,128.1024932861328,120.27262115478516,-7.829872131347656
175,Pb0.55Ca0.45Fe0.495Nb0.495Zr0.01O3,Ca,II,Ca,90.5999984741211,98.04759216308594,98.04759216308594,0.0
176,Pb0.50Ca0.50Fe0.495Nb0.495Zr0.01O3,Ca,II,Ca,86.30000305175781,91.00729370117188,91.00729370117188,0.0
177,Pb0.45Ca0.55Fe0.495Nb0.495Zr0.01O3,Ca,II,Ca,82.5,81.80904388427734,81.80904388427734,0.0
178,Pb0.40Ca0.60Fe0.495Nb0.495Zr0.01O3,Ca,II,Ca,68.69999694824219,69.61997985839844,69.61997985839844,0.0
179,Pb0.60Ca0.40Fe0.495Nb0.495Zr0.01O3,Other,II,Ca,128.39999389648438,128.22171020507812,120.4542465209961,-7.767463684082031
180,Pb0.55Ca0.45Fe0.495Nb0.495Zr0.01O3,Ca,II,Ca,97.0999984741211,98.45518493652344,98.45518493652344,0.0
181,Pb0.50Ca0.50Fe0.495Nb0.495Zr0.01O3,Ca,II,Ca,89.19999694824219,91.41053771972656,91.41053771972656,0.0
182,Pb0.45Ca0.55Fe0.495Nb0.495Zr0.01O3,Ca,II,Ca,85.30000305175781,82.3328857421875,82.3328857421875,0.0
183,Pb0.50Ca0.50Fe0.475Nb0.475Zr0.05O3,Ca,II,Ca,96.5,93.29150390625,93.29150390625,0.0
184,BaZn0.20Co0.133Nb0.667O3,Ba,Ib,Ca,35.5,34.897151947021484,33.964691162109375,-0.9324607849121094
185,BaCo0.233Zn0.100Nb0.667O3,Ba,Ib,Ca,34.5,33.27021026611328,33.24518966674805,-0.025020599365234375
186,La0.8Ti0.6Al0.4O3,Other,Ia,Ca,38.70000076293945,35.823246002197266,36.63931655883789,0.816070556640625
187,La0.700Al0.10Ti0.90O3,Other,II,Ca,62.599998474121094,61.399070739746094,65.00920104980469,3.6101303100585938
188,La0.708Al0.125Ti0.875O3,Other,II,Ca,60.70000076293945,59.04852294921875,62.728355407714844,3.6798324584960938
189,La0.717Al0.15Ti0.85O3,Other,II,Ca,57.70000076293945,56.7213020324707,60.49725341796875,3.775951385498047
190,La0.733Al0.20Ti0.80O3,Other,II,Ca,53.900001525878906,51.7507209777832,56.53522872924805,4.784507751464844
191,La0.767Al0.30Ti0.70O3,Other,II,Ca,44.900001525878906,42.89573669433594,46.66648864746094,3.770751953125
192,La0.800Al0.40Ti0.60O3,Other,Ia,Ca,39.599998474121094,35.8480110168457,36.66171646118164,0.8137054443359375
193,La0.833Al0.50Ti0.50O3,Other,Ia,Ca,34.400001525878906,32.409175872802734,33.07835388183594,0.6691780090332031
194,La0.680Al0.04Ti0.96O3,Other,II,Ca,70.4000015258789,69.90574645996094,72.87678527832031,2.971038818359375
195,La0.687Al0.06Ti0.94O3,Other,II,Ca,68.0,67.53059387207031,70.79690551757812,3.2663116455078125
196,La0.693Al0.08Ti0.92O3,Other,II,Ca,66.69999694824219,65.31752014160156,68.7753677368164,3.4578475952148438
197,La0.700Al0.10Ti0.90O3,Other,II,Ca,65.30000305175781,61.399070739746094,65.00920104980469,3.6101303100585938
198,BaCo0.333Nb0.667O3,Ba,Ib,Ca,32.0,32.89084243774414,33.62733459472656,0.7364921569824219
199,La0.708Al0.125Ti0.875O3,Other,II,Ca,60.79999923706055,59.04852294921875,62.728355407714844,3.6798324584960938
200,La0.733Al0.20Ti0.80O3,Other,II,Ca,53.099998474121094,51.7507209777832,56.53522872924805,4.784507751464844
201,La0.767Al0.30Ti0.70O3,Other,II,Ca,46.29999923706055,42.96355438232422,46.72538375854492,3.761829376220703
202,La0.800Al0.40Ti0.60O3,Other,Ia,Ca,40.0,35.8480110168457,36.66171646118164,0.8137054443359375
203,La0.833Al0.50Ti0.50O3,Other,Ia,Ca,36.599998474121094,32.409175872802734,33.07835388183594,0.6691780090332031
204,La0.8Ti0.6Al0.4O3,Other,Ia,Ca,29.399999618530273,35.89726257324219,36.7060661315918,0.8088035583496094
205,La0.8Ti0.6Al0.4O3,Other,Ia,Ca,34.20000076293945,35.89726257324219,36.7060661315918,0.8088035583496094
206,La0.8Ti0.6Al0.4O3,Other,Ia,Ca,35.099998474121094,35.8726806640625,36.68396759033203,0.8112869262695312
207,La0.8Ti0.6Al0.4O3,Other,Ia,Ca,38.70000076293945,35.8726806640625,36.68396759033203,0.8112869262695312
208,La0.8Ti0.6Al0.4O3,Other,Ia,Ca,39.599998474121094,35.8480110168457,36.66171646118164,0.8137054443359375
209,La0.8Ti0.6Al0.4O3,Other,Ia,Ca,40.0,35.8480110168457,36.66171646118164,0.8137054443359375
210,La0.8Ti0.6Al0.4O3,Other,Ia,Ca,38.29999923706055,35.823246002197266,36.63931655883789,0.816070556640625
211,La0.717Al0.15Ti0.85O3,Other,II,Ca,54.400001525878906,56.7213020324707,60.49725341796875,3.775951385498047
212,Ba6Nb4TiO18,Ba,Ib,Ca,46.20000076293945,44.8317756652832,45.026145935058594,0.19437026977539062
213,CaTi0.50Mg0.1667Nb0.3333O3,Ca,III,Ca,54.310001373291016,53.164390563964844,53.164390563964844,0.0
214,CaTi0.35Mg0.2167Nb0.4333O3,Ca,III,Ca,44.2400016784668,45.392417907714844,45.392417907714844,0.0
215,Ca0.45Li0.175Dy0.0667Nd0.2417TiO3,Ca,III,Ca,100.0999984741211,115.90330505371094,115.90330505371094,0.0
216,Ca0.45Li0.225Dy0.0333Nd0.2583TiO3,Ca,III,Ca,105.0999984741211,117.83709716796875,117.83709716796875,0.0
217,Ca0.30Li0.20Dy0.10Nd0.30TiO3,Other,III,Ca,97.5999984741211,104.25016784667969,104.5311050415039,0.28093719482421875
218,Ca0.20Li0.25Dy0.10Nd0.35TiO3,Other,III,Ca,89.4000015258789,97.61637115478516,98.22900390625,0.6126327514648438
219,Ca0.40Li0.25Dy0.0333Nd0.2833TiO3,Ca,III,Ca,103.0,113.6724624633789,113.6724624633789,0.0
220,Ca0.10Li0.25Dy0.1333Nd0.3833TiO3,Other,III,Ca,70.5999984741211,78.94990539550781,78.47383117675781,-0.47607421875
221,Ca0.5Pb0.5Zr0.95Ti0.05O3,Ca,III,Ca,72.0,71.910888671875,71.910888671875,0.0
222,Ca4La2Ti5O17,Ca,II,Ca,73.0,70.80015563964844,70.80015563964844,0.0
223,Ca0.268Li0.165Sm0.433TiO3,Other,III,Ca,95.5,96.30865478515625,96.62728118896484,0.31862640380859375
224,Ca0.5Pb0.5Fe0.5Ta0.5O3,Ca,II,Ca,67.9000015258789,78.00875854492188,78.00875854492188,0.0
225,Ca0.5Pb0.5Fe0.5Ta0.5O3,Ca,II,Ca,79.5999984741211,78.45307922363281,78.45307922363281,0.0
226,Ca0.5Pb0.5Fe0.5Ta0.5O3,Ca,II,Ca,84.0,78.89280700683594,78.89280700683594,0.0
227,Ca0.5Pb0.5Fe0.5Ta0.5O3,Ca,II,Ca,83.9000015258789,79.32523345947266,79.32523345947266,0.0
228,Pb.0ZrO3,Other,III,Ca,129.0,124.02653503417969,124.16175842285156,0.135223388671875
229,Ba0.05Pb0.95ZrO3,Other,II,Ca,135.0,136.64108276367188,135.99240112304688,-0.648681640625
230,Pb0.90Sr0.10ZrO3,Other,III,Ca,127.0,122.7621841430664,122.99532318115234,0.2331390380859375
231,Pb0.50Sr0.50ZrO3,Sr,III,Ca,101.0,101.0460205078125,101.75299072265625,0.70697021484375
232,Pb0.40Sr0.60ZrO3,Sr,III,Ca,73.0,75.19651794433594,79.13114929199219,3.93463134765625
233,Pb0.95Ca0.05ZrO3,Other,III,Ca,112.0,121.2289810180664,121.11155700683594,-0.11742401123046875
234,Pb0.70Ca0.30ZrO3,Other,III,Ca,132.0,123.7068099975586,115.34810638427734,-8.35870361328125
235,Ca0.45Li0.125Dy0.10Nd0.225TiO3,Ca,III,Ca,121.30000305175781,114.18409729003906,114.18409729003906,0.0
236,Ca0.20Li0.25La0.10Nd0.35TiO3,Other,III,Ca,110.4000015258789,114.30891418457031,116.8215103149414,2.5125961303710938
237,Ca0.30Li0.20La0.10Nd0.30TiO3,Other,III,Ca,116.0,113.02531433105469,114.20513916015625,1.1798248291015625
238,Ca0.40Li0.15La0.10Nd0.25TiO3,Ca,III,Ca,117.0,119.0031509399414,119.0031509399414,0.0
239,SrPr4Ti5O17,Other,III,Ca,46.099998474121094,44.56174087524414,33.10591506958008,-11.455825805664062
240,Ca0.68Nd0.08Sm0.20Ti0.80Al0.20O3,Ca,III,Ca,58.849998474121094,51.38617706298828,51.38617706298828,0.0
241,Ca0.4Li0.3Nd0.3TiO3,Other,III,Ca,112.5999984741211,115.3530502319336,115.96871185302734,0.61566162109375
242,CaMg0.2Ta0.4Ti0.4O3,Ca,III,Ca,60.20000076293945,52.986717224121094,52.986717224121094,0.0
243,Ca0.6Pb0.4Fe0.5Ta0.5O3,Ca,II,Ca,62.0,60.583595275878906,60.583595275878906,0.0
244,Pb0.6Ca0.4Fe0.475Nb0.475Sn0.05O3,Other,II,Ca,140.39999389648438,138.74317932128906,133.7563018798828,-4.98687744140625
245,Pb0.5Ca0.5Fe0.475Nb0.475Sn0.05O3,Ca,II,Ca,102.80000305175781,99.79582214355469,99.79582214355469,0.0
246,Pb0.48Ca0.52Fe0.475Nb0.475Sn0.05O3,Ca,II,Ca,95.0,95.50685119628906,95.50685119628906,0.0
247,Pb0.46Ca0.54Fe0.475Nb0.475Sn0.05O3,Ca,II,Ca,90.5999984741211,91.3802261352539,91.3802261352539,0.0
248,Pb0.45Ca0.55Fe0.475Nb0.475Sn0.05O3,Ca,II,Ca,88.9000015258789,89.29930877685547,89.29930877685547,0.0
249,Pb0.4Ca0.6Fe0.475Nb0.475Sn0.05O3,Ca,II,Ca,81.0,76.97383117675781,76.97383117675781,0.0
250,Pb0.65Ca0.35ZrO3,Other,III,Ca,118.0,115.00428771972656,102.4456787109375,-12.558609008789062
251,Pb0.6Ca0.4Fe0.45Nb0.45Sn0.1O3,Other,II,Ca,138.0,138.5140838623047,133.1191864013672,-5.3948974609375
252,Pb0.48Ca0.52Fe0.45Nb0.45Sn0.1O3,Ca,II,Ca,92.4000015258789,92.50621032714844,92.50621032714844,0.0
253,Pb0.46Ca0.54Fe0.45Nb0.45Sn0.1O3,Ca,II,Ca,86.69999694824219,88.01515197753906,88.01515197753906,0.0
254,Pb0.45Ca0.55Fe0.45Nb0.45Sn0.1O3,Ca,II,Ca,85.30000305175781,85.60250091552734,85.60250091552734,0.0
255,Pb0.4Ca0.6Fe0.45Nb0.45Sn0.1O3,Ca,II,Ca,71.0999984741211,72.39279174804688,72.39279174804688,0.0
256,Ca0.20Li0.34La0.04Nd0.38TiO3,Other,III,Ca,132.60000610351562,127.231201171875,123.4053726196289,-3.8258285522460938
257,Ca0.40Li0.24La0.04Nd0.28TiO3,Ca,III,Ca,136.39999389648438,118.2911148071289,118.2911148071289,0.0
258,Ca0.60Li0.14La0.04Nd0.18TiO3,Ca,III,Ca,142.0,129.35269165039062,129.35269165039062,0.0
259,Ca0.60Li0.15La0.0333Nd0.1833TiO3,Ca,III,Ca,128.1999969482422,129.33633422851562,129.33633422851562,0.0
260,Ca0.50Li0.20La0.0333Nd0.2333TiO3,Ca,III,Ca,123.0,124.6612548828125,124.6612548828125,0.0
261,Ca0.40Li0.25La0.0333Nd0.2833TiO3,Ca,III,Ca,121.30000305175781,117.93043518066406,117.93043518066406,0.0
262,Ca0.60Li0.05La0.10Nd0.15TiO3,Ca,III,Ca,117.0,118.2524642944336,118.2524642944336,0.0
263,Pb0.5Ca0.5Fe0.45Nb0.45Sn0.1O3,Ca,II,Ca,96.80000305175781,96.9742431640625,96.9742431640625,0.0
264,Pb0.63Ca0.37ZrO3,Other,III,Ca,110.0,109.58415222167969,97.2839126586914,-12.300239562988281
265,Pb0.60Ca0.40ZrO3,Other,III,Ca,94.0,100.57917785644531,90.67325592041016,-9.905921936035156
266,Pb0.50Ca0.50ZrO3,Ca,III,Ca,74.0,72.6637191772461,72.6637191772461,0.0
267,Ca0.20Sr0.80Ti0.20Mg0.2667Nb0.5333O3,Sr,II,Ca,45.0,43.66632080078125,46.57014846801758,2.903827667236328
268,Ca0.7Nd0.3Ti0.7Al0.3O3,Ca,II,Ca,44.0,45.14879608154297,45.14879608154297,0.0
269,BaTi0.50Ga0.25Nb0.25O3,Ba,Ib,Ca,86.0,82.4533462524414,78.98951721191406,-3.4638290405273438
270,BaTi0.40Ga0.30Nb0.30O3,Ba,Ib,Ca,66.0,65.4173812866211,61.287628173828125,-4.129753112792969
271,BaTi0.30Ga0.35Nb0.35O3,Ba,Ib,Ca,47.0,45.597007751464844,45.03545379638672,-0.561553955078125
272,Ba2La3Ti3NbO15,Ba,II,Ca,47.0,47.416534423828125,35.72438430786133,-11.692150115966797
273,Ba3La3Ti4Nb2O18,Ba,Ib,Ca,47.439998626708984,47.95216369628906,49.25947952270508,1.3073158264160156
274,Sr0.2Ca0.488Nd0.208Ti0.6Al0.5333O3,Ca,II,Ca,48.29999923706055,45.68516159057617,45.68516159057617,0.0
275,Pb0.4Ca0.6Fe0.5Ta0.5O3,Ca,II,Ca,62.0,60.583595275878906,60.583595275878906,0.0
276,Ca0.80Nd0.1333TiO3,Ca,III,Ca,119.0,118.56636047363281,118.56636047363281,0.0
277,Ca0.70Nd0.20TiO3,Ca,III,Ca,107.0,112.52335357666016,112.52335357666016,0.0
278,Ba3LaNb3O12,Ba,Ib,Ca,43.5,44.09648895263672,31.39780044555664,-12.698688507080078
279,Ca0.61Nd0.26TiO3,Ca,III,Ca,98.0,106.65071105957031,106.65071105957031,0.0
280,Ca0.28Sm0.28Li0.15Nd0.15TiO3,Other,III,Ca,98.0,101.80992126464844,105.38359069824219,3.57366943359375
281,Ca0.85Nd0.10TiO3,Ca,III,Ca,141.0,121.04042053222656,121.04042053222656,0.0
282,Ca0.73Nd0.18TiO3,Ca,III,Ca,117.0,114.46060943603516,114.46060943603516,0.0
283,Ca0.61Nd0.26TiO3,Ca,III,Ca,108.0,106.65071105957031,106.65071105957031,0.0
284,Ca0.50Nd0.3333TiO3,Ca,III,Ca,100.0,100.4578628540039,100.4578628540039,0.0
285,Ca0.40Nd0.40TiO3,Ca,III,Ca,99.0,95.9195556640625,97.31314086914062,1.393585205078125
286,Ca0.31Nd0.46TiO3,Ca,III,Ca,98.0,92.21830749511719,93.27596282958984,1.0576553344726562
287,Ca0.22Nd0.52TiO3,Other,III,Ca,102.0,86.62566375732422,88.7103500366211,2.084686279296875
288,Ca0.15Nd0.5667TiO3,Other,III,Ca,94.0,83.04741668701172,84.77640533447266,1.7289886474609375
289,Ca0.07Nd0.62TiO3,Other,III,Ca,82.0,78.26580047607422,79.61157989501953,1.3457794189453125
290,Ca0.58Nd0.28TiO3,Ca,III,Ca,93.0,104.82051086425781,104.82051086425781,0.0
291,SrLaPr3Ti5O17,Other,II,Ca,50.0,55.146202087402344,39.29288864135742,-15.853313446044922
292,Ba3LaNb3O12,Ba,Ib,Ca,43.599998474121094,44.17148208618164,31.531124114990234,-12.640357971191406
293,Ba3LaNb3O12,Ba,Ib,Ca,43.79999923706055,44.25068664550781,31.6707763671875,-12.579910278320312
294,Ca0.8Sm0.1333TiO3,Ca,III,Ca,119.0,122.89585876464844,122.89585876464844,0.0
295,Ca0.6Sm0.2667TiO3,Ca,III,Ca,101.0,102.45631408691406,102.45631408691406,0.0
296,Ca0.4Sm0.4TiO3,Ca,III,Ca,94.5,95.39830017089844,96.15583801269531,0.757537841796875
297,Ca0.70Nd0.20TiO3,Ca,III,Ca,112.95999908447266,112.60176086425781,112.60176086425781,0.0
298,Ca0.61Nd0.26TiO3,Ca,III,Ca,103.3499984741211,106.73350524902344,106.73350524902344,0.0
299,Ca0.52Nd0.32TiO3,Ca,III,Ca,100.08000183105469,101.52027893066406,101.52027893066406,0.0
300,Ca0.3Li0.35Sm0.35TiO3,Other,III,Ca,114.0,114.0833511352539,112.0651626586914,-2.0181884765625
301,Ca0.5Li0.25Sm0.25TiO3,Ca,III,Ca,130.5,127.93034362792969,127.93034362792969,0.0
302,Sr0.4Ce0.4TiO3,Sr,II,Ca,113.0,113.87593841552734,115.58890533447266,1.7129669189453125
303,Ba3LaNb3O12,Ba,Ib,Ca,43.5,44.210548400878906,31.60015296936035,-12.610395431518555
304,Sr0.5Ce0.3333TiO3,Sr,Ib,Ca,123.0,127.7192611694336,123.06034851074219,-4.658912658691406
305,Sr0.625Ce0.25TiO3,Sr,Ib,Ca,143.0,135.6982879638672,132.45648193359375,-3.2418060302734375
306,La0.48Ca0.52Co0.24Ti0.76O3,Ca,III,Ca,45.0,45.77969741821289,48.600311279296875,2.8206138610839844
307,Nd0.52Ca0.48Co0.26Ti0.74O3,Ca,III,Ca,43.0,41.6115608215332,44.01213073730469,2.4005699157714844
308,Ba3LaNb3O12,Ba,Ib,Ca,43.900001525878906,44.29193878173828,31.743000030517578,-12.548938751220703
309,Sr0.5714Ce0.2857TiO3,Sr,Ib,Ca,136.0,132.86831665039062,128.60862731933594,-4.2596893310546875
310,CaTi0.40Mg0.20Nb0.40O3,Ca,III,Ca,47.25,47.61701202392578,47.61701202392578,0.0
311,SrLa2Pr2Ti5O17,Other,II,Ca,53.5,57.25687789916992,40.802146911621094,-16.454730987548828
312,SrLa4Ti5O17,Other,II,Ca,60.79999923706055,51.853546142578125,40.57697677612305,-11.276569366455078
313,Ca3Ba2Nb2TiO12,Ca,Ib,Ca,66.0,56.3408088684082,56.3408088684082,0.0
314,Ca2Ba3Nb2TiO12,Ba,Ib,Ca,75.0,65.89466857910156,52.35601043701172,-13.538658142089844
315,CaBa4Nb2TiO12,Ba,Ib,Ca,83.0,66.66744232177734,54.624664306640625,-12.042778015136719
316,Ca3Ba2Ta2TiO12,Ca,Ib,Ca,48.0,57.95283126831055,57.95283126831055,0.0
317,Ca2Ba3Ta2TiO12,Ba,Ib,Ca,61.0,68.09212493896484,54.56105422973633,-13.531070709228516
318,CaBa4Ta2TiO12,Ba,Ib,Ca,64.0,68.651123046875,56.6279296875,-12.023193359375
319,Ba3LaNb3O12,Ba,Ib,Ca,48.29999923706055,46.32928466796875,34.368019104003906,-11.961265563964844
320,Ba3LaNb3O12,Ba,Ib,Ca,44.20000076293945,46.32928466796875,34.368019104003906,-11.961265563964844
321,Ba3La2Ti2Nb2O12,Ba,Ib,Ca,42.79999923706055,45.047630310058594,33.72703552246094,-11.320594787597656
322,BaLa4Ti4O15,Other,Ib,Ca,45.0,46.15085983276367,48.33972930908203,2.1888694763183594
323,BaLa3.96Al0.44Ti4O15,Other,Ib,Ca,44.0,43.60316848754883,44.984554290771484,1.3813858032226562
324,BaPr0.3Bi0.2Nb0.5O3,Ba,II,Ca,60.70000076293945,55.761138916015625,57.66570281982422,1.9045639038085938
325,BaSm0.3Bi0.2Nb0.5O3,Ba,II,Ca,50.79999923706055,50.135658264160156,52.32014083862305,2.1844825744628906
326,BaGd0.3Bi0.2Nb0.5O3,Ba,II,Ca,47.900001525878906,47.898643493652344,49.669273376464844,1.7706298828125
327,BaDy0.3Bi0.2Nb0.5O3,Ba,II,Ca,48.599998474121094,46.244842529296875,47.4436149597168,1.1987724304199219
328,BaY0.3Bi0.2Nb0.5O3,Ba,Ib,Ca,44.599998474121094,44.93817901611328,45.28909683227539,0.3509178161621094
329,BaEr0.3Bi0.2Nb0.5O3,Ba,Ib,Ca,46.099998474121094,44.14956283569336,44.45091247558594,0.3013496398925781
330,Ca0.5Nd0.5Zn0.25Ti0.75O3,Ca,III,Ca,45.0,41.38031005859375,43.34120559692383,1.9608955383300781
331,Ba4NdTiNb3O15,Ba,Ib,Ca,38.150001525878906,42.368709564208984,43.44256591796875,1.0738563537597656
332,Ba3Nd2Ti2Nb2O15,Ba,Ib,Ca,46.83000183105469,48.2393913269043,34.53520202636719,-13.70418930053711
333,BaSrLa3Ti3NbO15,Ba,III,Ca,43.029998779296875,47.30540466308594,35.36345291137695,-11.941951751708984
334,Ba.25Sr0.75La3Ti3NbO15,Ba,III,Ca,46.86000061035156,47.313011169433594,35.2482795715332,-12.06473159790039
335,Ba.5Sr0.5La3Ti3NbO15,Other,Ib,Ca,46.31999969482422,47.642276763916016,33.74018478393555,-13.902091979980469
336,Ba.75Sr0.25La3Ti3NbO15,Other,Ib,Ca,47.0099983215332,46.80216598510742,33.54069137573242,-13.261474609375
337,CaTi0.30Mg0.2333Nb0.4667O3,Ca,III,Ca,41.560001373291016,43.47348403930664,43.47348403930664,0.0
338,CaLa4Ti4O15,Other,II,Ca,44.70000076293945,42.994606018066406,45.44032669067383,2.445720672607422
339,SrLa4Ti4O15,Other,II,Ca,45.099998474121094,43.635826110839844,46.80976867675781,3.1739425659179688
340,BaLa4Ti4O15,Other,Ib,Ca,49.099998474121094,46.571937561035156,48.93255615234375,2.3606185913085938
341,Ca2La4Ti5O18,Other,II,Ca,49.29999923706055,44.948768615722656,47.04169845581055,2.0929298400878906
342,CaLa4Ti5O17,Other,II,Ca,55.20000076293945,56.17731857299805,42.36838912963867,-13.808929443359375
343,CaLa8Ti9O31,Other,II,Ca,54.900001525878906,52.48408126831055,42.04549026489258,-10.438591003417969
344,BaZn0.3167Nb0.6333Zr0.05O3,Ba,Ib,Ca,42.0,39.47357940673828,39.29871368408203,-0.17486572265625
345,Ca0.10Nd0.90Mg0.45Ti0.55O3,Other,III,Ca,42.0,27.370243072509766,29.482223510742188,2.111980438232422
346,CaLa4Ti4O15,Other,II,Ca,43.61000061035156,41.0523796081543,43.52544403076172,2.473064422607422
347,CaLa3.5Nd0.5Ti4O15,Other,II,Ca,43.36000061035156,41.829368591308594,44.528568267822266,2.699199676513672
348,CaMg0.300Ta0.600Ti0.100O3,Ca,III,Ca,25.399999618530273,23.800045013427734,23.800045013427734,0.0
349,CaLa3NdTi4O15,Other,II,Ca,43.099998474121094,41.22718048095703,44.43488311767578,3.20770263671875
350,Ba4LaTiTa3O15,Ba,Ib,Ca,41.099998474121094,41.23375701904297,41.61310577392578,0.3793487548828125
351,Ba4LaTiTa3O15,Ba,Ib,Ca,41.400001525878906,41.162166595458984,41.538414001464844,0.3762474060058594
352,Ba4LaTiTa3O15,Ba,Ib,Ca,42.29999923706055,41.09058380126953,41.463706970214844,0.3731231689453125
353,Ba4LaTiTa3O15,Ba,Ib,Ca,42.099998474121094,41.01900863647461,41.388999938964844,0.3699913024902344
354,Ba2La3Ti3NbO15,Ba,II,Ca,42.83000183105469,47.38612747192383,34.2652702331543,-13.120857238769531
355,Ba3La2Ti2Nb2O15,Ba,Ib,Ca,49.369998931884766,47.96977615356445,34.27093505859375,-13.698841094970703
356,Sr4LaTiNb3O15,Sr,III,Ca,41.099998474121094,41.040252685546875,42.5571403503418,1.5168876647949219
357,Sr4LaTiNb3O15,Sr,III,Ca,42.20000076293945,40.980533599853516,42.482662200927734,1.5021286010742188
358,Sr4LaTiNb3O15,Sr,III,Ca,43.29999923706055,40.92129135131836,42.40873336791992,1.4874420166015625
359,Sr4LaTiNb3O15,Sr,III,Ca,43.099998474121094,40.862525939941406,42.33534622192383,1.4728202819824219
360,Ba2La3Ti3NbO15,Ba,II,Ca,48.34000015258789,46.991539001464844,33.660491943359375,-13.331047058105469
361,CaLa2Nd2Ti4O15,Other,III,Ca,42.29999923706055,41.8100471496582,44.06269073486328,2.252643585205078
362,CaMg0.267Ta0.533Ti0.200O3,Ca,III,Ca,28.700000762939453,27.31234359741211,27.31234359741211,0.0
363,CaMg0.233Ta0.467Ti0.300O3,Ca,III,Ca,33.599998474121094,32.53151321411133,32.53151321411133,0.0
364,CaMg0.200Ta0.400Ti0.400O3,Ca,III,Ca,39.400001525878906,39.797386169433594,39.797386169433594,0.0
365,Sr0.2Ca0.488Nd0.208Ti0.76Al0.32O3,Ca,II,Ca,68.69999694824219,67.2831039428711,67.2831039428711,0.0
366,Sr0.2Ca0.488Nd0.208Ti0.68Al0.4267O3,Ca,II,Ca,57.5,55.1580924987793,55.1580924987793,0.0
367,Ba3LiTa3Ti5O21,Ba,Ib,Ca,49.400001525878906,43.781795501708984,32.152488708496094,-11.62930679321289
368,Ba3LiNb3Ti5O21,Ba,Ib,Ca,54.900001525878906,42.31154251098633,30.825292587280273,-11.486249923706055
369,Pb0.2Ca0.15La0.5Mg0.5Nb0.5O3,Other,III,Ca,50.0,49.474609375,49.52574920654297,0.05113983154296875
370,La0.66Ni0.01TiO3,Other,II,Ca,51.400001525878906,48.47039794921875,49.77024459838867,1.2998466491699219
371,La0.6533Ni0.02TiO3,Other,II,Ca,63.29999923706055,61.0855827331543,63.934471130371094,2.848888397216797
372,La0.6467Ni0.03TiO3,Other,II,Ca,69.4000015258789,64.83699798583984,68.42073059082031,3.5837326049804688
373,La0.6333Ni0.05TiO3,Other,II,Ca,59.599998474121094,61.44243621826172,65.53874969482422,4.0963134765625
374,La0.6167Ni0.075TiO3,Other,II,Ca,58.0,57.99908447265625,61.868492126464844,3.8694076538085938
375,La0.5667Ni0.15TiO3,Other,II,Ca,53.29999923706055,51.308929443359375,54.6076774597168,3.298748016357422
376,Sr0.2Ca0.488Nd0.208Ti0.84Al0.2133O3,Ca,II,Ca,80.0999984741211,80.37158203125,80.37158203125,0.0
377,La0.5333Ni0.2TiO3,Other,II,Ca,50.70000076293945,47.92625427246094,51.000755310058594,3.0745010375976562
378,La4Ti9O24,Other,II,Ca,37.0,40.55805206298828,32.39168930053711,-8.166362762451172
379,Nd2Ti2O7,Other,III,Ca,36.0,42.35894775390625,31.883560180664062,-10.475387573242188
380,Nd4Ti9O24,Other,III,Ca,37.5,40.3330192565918,32.094017028808594,-8.239002227783203
381,Pb0.2Ca.0667Nb0.5333Ti0.2O3,Ca,III,Ca,51.66999816894531,48.274757385253906,48.274757385253906,0.0
382,Na0.15La0.15Li0.35Sm0.35TiO3,Other,III,Ca,117.0,117.64017486572266,118.1633529663086,0.5231781005859375
383,CaFe0.27Nb0.27Ti0.46O3,Ca,III,Ca,60.0,59.407623291015625,59.407623291015625,0.0
384,CaAl0.23Ta0.23Ti0.54O3,Ca,II,Ca,47.0,46.2607536315918,46.2607536315918,0.0
385,CaZn0.2333Nb0.4667Ti0.3O3,Ca,III,Ca,51.0,49.903350830078125,49.903350830078125,0.0
386,Ca0.58La0.21Na0.21Fe0.29Nb0.29Ti0.42O3,Ca,III,Ca,58.900001525878906,57.35234451293945,57.35234451293945,0.0
387,CaMg0.22Nb0.44Ti0.34O3,Ca,III,Ca,43.900001525878906,45.75374984741211,45.75374984741211,0.0
388,Ca0.6La0.2Na0.2Mg0.2Nb0.4Ti0.4O3,Ca,III,Ca,52.29999923706055,53.097747802734375,53.097747802734375,0.0
389,La2Ti2O7,Other,II,Ca,47.0,43.24420928955078,32.45526123046875,-10.788948059082031
390,SrLa3PrTi5O17,Other,II,Ca,57.0,58.55583572387695,42.790069580078125,-15.765766143798828
391,CaMg0.3333Nb0.6667O3,Ca,III,Ca,28.0,25.514541625976562,25.514541625976562,0.0
392,CaTi0.34Mg0.22Nb0.44O3,Ca,III,Ca,48.0,45.095497131347656,45.095497131347656,0.0
393,CaMg0.183Ta0.367Ti0.450O3,Ca,III,Ca,45.099998474121094,44.18326950073242,44.18326950073242,0.0
394,CaMg0.167Ta0.333Ti0.500O3,Ca,III,Ca,47.79999923706055,48.95201110839844,48.95201110839844,0.0
395,CaMg0.133Ta0.267Ti0.600O3,Ca,III,Ca,59.900001525878906,59.711822509765625,59.711822509765625,0.0
396,CaMg0.100Ta0.200Ti0.700O3,Ca,III,Ca,73.0999984741211,71.48374938964844,71.48374938964844,0.0
397,CaMg0.067Ta0.133Ti0.800O3,Ca,III,Ca,95.0,93.6624526977539,93.6624526977539,0.0
398,CaMg0.033Ta0.067Ti0.900O3,Ca,III,Ca,121.69999694824219,118.96185302734375,118.96185302734375,0.0
399,Ba0.8Sr0.2La4Ti4O15,Other,Ib,Ca,46.79999923706055,46.7628059387207,49.01403045654297,2.2512245178222656
400,Ba0.6Sr0.4La4Ti4O15,Other,Ib,Ca,45.70000076293945,46.345741271972656,48.334190368652344,1.9884490966796875
401,Ba0.4Sr0.6La4Ti4O15,Other,II,Ca,45.400001525878906,44.8073616027832,48.51470184326172,3.7073402404785156
402,Ba0.2Sr0.8La4Ti4O15,Other,II,Ca,46.099998474121094,44.13371658325195,45.048240661621094,0.9145240783691406
403,Ba0.8Ca0.2La4Ti4O15,Other,Ib,Ca,47.70000076293945,46.38472366333008,48.60112380981445,2.216400146484375
404,CaTi0.2Mg0.2667Nb0.5333O3,Ca,III,Ca,36.0,36.986900329589844,36.986900329589844,0.0
405,Ba0.6Ca0.4La4Ti4O15,Other,II,Ca,48.900001525878906,45.0864372253418,49.439727783203125,4.353290557861328
406,Ba0.2Ca0.8La4Ti4O15,Other,II,Ca,49.5,44.4141960144043,49.065486907958984,4.6512908935546875
407,Ba0.2Sr0.8La4Ti4O15,Other,II,Ca,40.79999923706055,44.44417190551758,48.04495620727539,3.6007843017578125
408,Ba0.2Sr0.8La4Ti4.20O15,Other,II,Ca,46.400001525878906,44.56882858276367,46.73686981201172,2.168041229248047
409,SrGa0.5Nb0.5O3,Sr,Ib,Ca,33.400001525878906,33.412437438964844,34.60580825805664,1.1933708190917969
410,SrGa0.45Nb0.45Ti0.1O3,Sr,Ib,Ca,36.599998474121094,36.5869026184082,37.04134750366211,0.45444488525390625
411,SrGa0.4Nb0.4Ti0.2O3,Sr,Ib,Ca,40.400001525878906,40.6120491027832,40.70906448364258,0.097015380859375
412,SrGa0.35Nb0.35Ti0.3O3,Sr,Ib,Ca,46.599998474121094,45.36940383911133,45.498878479003906,0.12947463989257812
413,CaTi0.8Mg0.0667Nb0.1333O3,Ca,III,Ca,109.0,106.24200439453125,106.24200439453125,0.0
414,CaTi0.6Mg0.1333Nb0.2667O3,Ca,III,Ca,68.0,66.29869842529297,66.29869842529297,0.0
415,CaTi0.4Mg0.2Nb0.4O3,Ca,III,Ca,54.0,49.471405029296875,49.471405029296875,0.0
416,Ba0.4Ca0.6La4Ti4O15,Other,II,Ca,48.900001525878906,44.791282653808594,49.397300720214844,4.60601806640625
417,La6ZnTi5O18,Other,III,Ca,40.79999923706055,41.806419372558594,42.03752899169922,0.231109619140625
418,Sr2La4Ti5O18,Other,II,Ca,48.0,43.555198669433594,46.18510437011719,2.6299057006835938
419,CaLi0.3Nb0.6Sn0.1O3,Ca,III,Ca,25.200000762939453,23.419326782226562,23.419326782226562,0.0
420,CaLi0.2833Nb0.5667Sn0.15O3,Ca,III,Ca,24.799999237060547,23.65178680419922,23.65178680419922,0.0
421,CaLi0.2667Nb0.5333Sn0.2O3,Ca,III,Ca,23.299999237060547,24.1048583984375,24.1048583984375,0.0
422,CaLi0.2333Nb0.4667Sn0.3O3,Ca,III,Ca,22.600000381469727,23.670324325561523,23.670324325561523,0.0
423,CaLi0.3Nb0.6Sn0.1O3,Ca,III,Ca,25.399999618530273,23.161327362060547,23.161327362060547,0.0
424,CaLi0.2833Nb0.5667Sn0.15O3,Ca,III,Ca,24.899999618530273,23.32677459716797,23.32677459716797,0.0
425,CaLi0.2667Nb0.5333Sn0.2O3,Ca,III,Ca,23.899999618530273,23.8762264251709,23.8762264251709,0.0
426,CaLi0.2333Nb0.4667Sn0.3O3,Ca,III,Ca,23.5,23.360986709594727,23.360986709594727,0.0
427,CaLa0.5Nb0.5O3,Ca,III,Ca,23.299999237060547,22.9610595703125,22.9610595703125,0.0
428,CaPr0.5Nb0.5O3,Ca,III,Ca,24.200000762939453,24.237308502197266,24.237308502197266,0.0
429,CaNd0.5Nb0.5O3,Ca,III,Ca,24.5,24.2752742767334,24.2752742767334,0.0
430,CaSm0.5Nb0.5O3,Ca,III,Ca,24.700000762939453,25.3117618560791,25.3117618560791,0.0
431,CaEu0.5Nb0.5O3,Ca,III,Ca,25.0,25.6378231048584,25.6378231048584,0.0
432,CaGd0.5Nb0.5O3,Ca,III,Ca,25.5,25.64396095275879,25.64396095275879,0.0
433,CaTb0.5Nb0.5O3,Ca,III,Ca,26.5,26.243295669555664,26.243295669555664,0.0
434,CaDy0.5Nb0.5O3,Ca,III,Ca,32.0,28.06536865234375,28.06536865234375,0.0
435,CaHo0.5Nb0.5O3,Ca,III,Ca,31.399999618530273,28.532550811767578,28.532550811767578,0.0
436,CaY0.5Nb0.5O3,Ca,III,Ca,31.0,29.249887466430664,29.249887466430664,0.0
437,CaEr0.5Nb0.5O3,Ca,III,Ca,30.5,28.81011962890625,28.81011962890625,0.0
438,CaYb0.5Nb0.5O3,Ca,III,Ca,30.0,29.14278793334961,29.14278793334961,0.0
439,CaIn0.5Nb0.5O3,Ca,III,Ca,29.600000381469727,23.32542610168457,23.32542610168457,0.0
440,Ba2CaWO6,Ba,Ia,Ca,22.799999237060547,30.32571792602539,24.911117553710938,-5.414600372314453
441,Ba2Ca0.975Sr0.025WO6,Ba,Ia,Ca,23.899999618530273,23.865428924560547,23.763935089111328,-0.10149383544921875
442,CaLi0.3333Nb0.6667O3,Ca,III,Ca,29.600000381469727,25.129819869995117,25.129819869995117,0.0
443,CaLi0.1667Nb0.3333Ti0.5O3,Ca,III,Ca,55.20000076293945,44.524112701416016,44.524112701416016,0.0
444,CaLi0.2333Nb0.4667Ti0.3O3,Ca,III,Ca,44.70000076293945,42.1955680847168,42.1955680847168,0.0
445,CaLi0.2667Nb0.5333Ti0.2O3,Ca,III,Ca,38.599998474121094,38.68296813964844,38.68296813964844,0.0
446,La0.5Na0.5Mg0.5W0.5O3,Other,III,Ca,20.760000228881836,20.68501091003418,22.27861785888672,1.593606948852539
447,La0.5Na0.5Mg0.5W0.5O3,Other,III,Ca,18.600000381469727,20.580669403076172,22.204572677612305,1.6239032745361328
448,Ca5Nb2Ti0.2Zr0.8O12,Ca,III,Ca,34.0,45.01155471801758,45.01155471801758,0.0
449,Ca5Ta2Ti0.7Zr0.3O12,Ca,III,Ca,36.0,46.515228271484375,46.515228271484375,0.0
450,Nd2Sn2O7,Other,III,Ca,17.0,12.264424324035645,9.241212844848633,-3.0232114791870117
451,NdMg0.5Sn0.4Ti0.1O3,Other,III,Ca,21.100000381469727,19.640960693359375,20.188716888427734,0.5477561950683594
452,BaTi0.6Zn0.2W0.2O3,Ba,Ib,Ca,71.19999694824219,71.20594787597656,70.62784576416016,-0.5781021118164062
453,BaTi0.5Zn0.25W0.25O3,Ba,Ib,Ca,25.399999618530273,24.743358612060547,24.743709564208984,0.0003509521484375
454,BaTi0.45Zn0.275W0.275O3,Ba,Ib,Ca,22.899999618530273,22.612979888916016,22.656343460083008,0.04336357116699219
455,BaTi0.4Zn0.3W0.3O3,Ba,Ib,Ca,21.200000762939453,21.271743774414062,22.0660457611084,0.7943019866943359
456,BaTi0.35Zn0.325W0.325O3,Ba,Ib,Ca,22.100000381469727,22.127986907958984,23.570199966430664,1.4422130584716797
457,Ba2Ca0.95Sr0.05WO6,Ba,Ia,Ca,24.0,24.17397117614746,37.991851806640625,13.817880630493164
458,BaTi0.3Zn0.35W0.35O3,Ba,Ib,Ca,26.399999618530273,25.08755111694336,25.978500366210938,0.8909492492675781
459,BaTi0.1Zn0.45W0.45O3,Ba,Ib,Ca,33.0,29.36444091796875,28.90204429626465,-0.46239662170410156
460,BaHfO3,Ba,Ia,Ca,24.100000381469727,24.67218017578125,24.245777130126953,-0.4264030456542969
461,SrHfO3,Sr,III,Ca,23.5,22.283554077148438,22.301769256591797,0.018215179443359375
462,CaHfO3,Ca,III,Ca,21.399999618530273,19.975421905517578,19.975421905517578,0.0
463,YMg0.5Ti0.5O3,Other,III,Ca,22.0,22.231334686279297,22.929630279541016,0.6982955932617188
464,La.6667MgTaO6,Other,III,Ca,22.5,24.053712844848633,34.90835952758789,10.854646682739258
465,CaLi0.2333Nb0.4667Sn0.3O3,Ca,III,Ca,22.600000381469727,17.45895004272461,17.45895004272461,0.0
466,CaLa0.5Ta0.5O3,Ca,III,Ca,23.0,20.932682037353516,20.932682037353516,0.0
467,CaLi0.333Nb0.667O3,Ca,III,Ca,29.600000381469727,25.596694946289062,25.596694946289062,0.0
468,CaLi0.3167Nb0.6333Ti0.05O3,Ca,III,Ca,32.400001525878906,35.38227081298828,35.38227081298828,0.0
469,CaLi0.3Nb0.6Ti0.1O3,Ca,III,Ca,34.599998474121094,36.82255172729492,36.82255172729492,0.0
470,BaTi0.2Zn0.4W0.4O3,Ba,Ib,Ca,31.399999618530273,28.84524154663086,28.68123435974121,-0.16400718688964844
471,Ba2Ca0.9Sr0.1WO6,Ba,Ia,Ca,23.5,23.429990768432617,21.162513732910156,-2.267477035522461
472,Ba2Ca0.75Sr0.25WO6,Ba,Ia,Ca,23.399999618530273,22.6986026763916,20.47783851623535,-2.22076416015625
473,Ba2Ca0.5Sr0.5WO6,Ba,Ia,Ca,23.299999237060547,22.403629302978516,20.182598114013672,-2.2210311889648438
474,BaZn0.1667Co0.1667Ta0.2222Nb0.2222Sb0.2222O3,Ba,Ib,Ca,24.899999618530273,23.981658935546875,24.326574325561523,0.34491539001464844
475,Ba0.5Sr0.5Zn0.1667Co0.1667Ta0.2222Nb0.2222Sb0.2222O3,Ba,Ib,Ca,26.299999237060547,26.029672622680664,26.868633270263672,0.8389606475830078
476,LaCo0.5Ti0.5O3,Other,III,Ca,30.0,27.820215225219727,30.5816707611084,2.761455535888672
477,CaGa0.5Ta0.5O3,Ca,III,Ca,25.0,23.82131576538086,23.82131576538086,0.0
478,LaCo0.5Ti0.5O3,Other,III,Ca,25.0,27.753040313720703,30.430862426757812,2.6778221130371094
479,La0.9Al0.9Sr0.1Ti0.1O3,Other,Ib,Ca,25.100000381469727,23.2983455657959,23.650955200195312,0.35260963439941406
480,Ba4LiTa2SbO12,Ba,Ib,Ca,25.100000381469727,38.391014099121094,25.72934913635254,-12.661664962768555
481,SmCo0.5Ti0.5O3,Other,III,Ca,25.5,26.720317840576172,27.683679580688477,0.9633617401123047
482,BaZn0.3333Ta0.3333Nb0.3333O3,Ba,Ib,Ca,34.20000076293945,32.22832489013672,31.795873641967773,-0.4324512481689453
483,Sr5Nb0.5Ta3.5O15,Sr,II,Ca,34.900001525878906,39.168556213378906,40.93645477294922,1.7678985595703125
484,Sr5Nb0.75Ta3.25O15,Sr,II,Ca,34.29999923706055,39.247833251953125,40.971466064453125,1.7236328125
485,Sr5NbTa3O15,Sr,II,Ca,33.20000076293945,39.3250846862793,41.009521484375,1.6844367980957031
486,Sr5Nb.5Ta2.5O15,Sr,II,Ca,34.5,37.96332931518555,29.608963012695312,-8.354366302490234
487,La0.5333Na0.4Mg0.5W0.5O3,Other,III,Ca,20.350000381469727,20.08233642578125,21.36263656616211,1.2803001403808594
488,BaZn0.3333Ta0.6667O3,Ba,Ib,Ca,29.799999237060547,29.02935218811035,29.232675552368164,0.2033233642578125
489,LaMg0.667Ta0.333O3,Other,III,Ca,25.100000381469727,22.35287857055664,23.36115264892578,1.0082740783691406
490,Ba2Ca0.25Sr0.75WO6,Ba,Ia,Ca,23.700000762939453,23.004304885864258,20.70140838623047,-2.302896499633789
491,Ba2Ca0.1Sr0.9WO6,Ba,Ia,Ca,23.299999237060547,20.78860855102539,31.0745906829834,10.285982131958008
492,Ba2SrWO6,Ba,Ia,Ca,23.5,24.37601661682129,21.3455867767334,-3.0304298400878906
493,CaZrO3,Ca,III,Ca,23.799999237060547,25.338842391967773,25.338842391967773,0.0
494,BaTi0.39Co0.305W0.305O3,Ba,Ib,Ca,18.0,18.47146987915039,18.366544723510742,-0.10492515563964844
495,BaMg0.3267Nb0.6533Mn0.02O3,Ba,Ib,Ca,32.0,31.472030639648438,31.317529678344727,-0.15450096130371094
496,BaMg0.3299Ta0.6601Mn0.01O3,Ba,Ib,Ca,25.0,24.794811248779297,25.188976287841797,0.3941650390625
497,BaZn0.3333Nb0.6667O3,Ba,Ib,Ca,41.0,39.24016189575195,38.711891174316406,-0.5282707214355469
498,BaZn0.3299Ta0.6601Mn0.01O3,Ba,Ib,Ca,30.0,29.1350154876709,28.9125919342041,-0.22242355346679688
499,LaMg0.667Ta0.333O3,Other,III,Ca,24.700000762939453,22.39883804321289,23.404499053955078,1.0056610107421875
500,BaMn0.3333Nb0.6667O3,Ba,Ib,Ca,39.0,38.00905990600586,37.88771057128906,-0.12134933471679688
501,SrMg0.3267Nb0.6533Mn0.02O3,Sr,II,Ca,33.0,36.79186248779297,38.930381774902344,2.138519287109375
502,SrZn0.3333Nb0.6667O3,Sr,II,Ca,40.0,38.78262710571289,41.33378219604492,2.5511550903320312
503,BaMg0.3333Ta0.6667O3,Ba,Ib,Ca,24.0,24.587665557861328,24.908815383911133,0.3211498260498047
504,BaMg0.3167Ta0.6333Sn0.05O3,Ba,Ib,Ca,24.399999618530273,24.848764419555664,25.071096420288086,0.22233200073242188
505,BaMg0.3Ta0.6Sn0.1O3,Ba,Ib,Ca,24.299999237060547,25.013103485107422,25.454662322998047,0.441558837890625
506,BaMg0.2833Ta0.5667Sn0.15O3,Ba,Ib,Ca,24.0,24.859638214111328,25.2252197265625,0.3655815124511719
507,BaTi0.6Ni0.2W0.2O3,Ba,Ib,Ca,29.799999237060547,31.09575843811035,30.993066787719727,-0.102691650390625
508,BaTi0.55Ni0.225W0.225O3,Ba,Ib,Ca,26.5,26.330419540405273,26.045516967773438,-0.28490257263183594
509,BaTi0.5Ni0.25W0.25O3,Ba,Ib,Ca,24.200000762939453,23.745986938476562,23.283178329467773,-0.46280860900878906
510,BaTi0.45Ni0.275W0.275O3,Ba,Ib,Ca,21.600000381469727,21.600784301757812,21.115137100219727,-0.48564720153808594
511,BaTi0.4Ni0.3W0.3O3,Ba,Ib,Ca,20.0,19.894649505615234,19.514949798583984,-0.37969970703125
512,BaMn0.3333Ta0.6667O3,Ba,Ib,Ca,22.0,25.185535430908203,25.77618980407715,0.5906543731689453
513,La0.5333Na0.4Mg0.5W0.5O3,Other,III,Ca,21.100000381469727,19.88947105407715,21.229204177856445,1.3397331237792969
514,La0.5667Na0.3Mg0.5W0.5O3,Other,III,Ca,20.899999618530273,19.618038177490234,20.639169692993164,1.0211315155029297
515,PrAlO3,Other,Ia,Ca,23.200000762939453,21.594100952148438,21.98099708557129,0.38689613342285156
516,ErAlO3,Other,III,Ca,16.299999237060547,16.525842666625977,16.932741165161133,0.40689849853515625
517,DyAlO3,Other,III,Ca,17.600000381469727,16.854564666748047,17.270862579345703,0.41629791259765625
518,GdAlO3,Other,III,Ca,18.399999618530273,17.774694442749023,18.259981155395508,0.4852867126464844
519,SmAlO3,Other,III,Ca,20.399999618530273,19.212574005126953,19.648046493530273,0.4354724884033203
520,YAlO3,Other,III,Ca,15.699999809265137,15.859140396118164,16.275794982910156,0.4166545867919922
521,Ba.8Sr0.2SmSbO6,Ba,Ia,Ca,16.0,16.84774398803711,4.943465232849121,-11.904278755187988
522,Sr2SmSbO6,Sr,II,Ca,16.0,16.66106605529785,16.573974609375,-0.08709144592285156
523,Ba2SmSbO6,Ba,Ia,Ca,20.700000762939453,18.434438705444336,11.825897216796875,-6.608541488647461
524,Ca5Ta2HfO12,Ca,III,Ca,17.0,34.5784912109375,34.5784912109375,0.0
525,Ba2CoWO6,Ba,Ia,Ca,19.299999237060547,18.261730194091797,18.67127799987793,0.4095478057861328
526,Ba2NiWO6,Ba,Ia,Ca,18.100000381469727,16.669286727905273,17.34798812866211,0.6787014007568359
527,Ba2ZnWO6,Ba,Ia,Ca,29.100000381469727,22.749135971069336,22.740978240966797,-0.008157730102539062
528,Sr2CoWO6,Sr,II,Ca,21.200000762939453,19.037696838378906,20.701374053955078,1.6636772155761719
529,Sr2NiWO6,Sr,II,Ca,18.299999237060547,19.406463623046875,20.884151458740234,1.4776878356933594
530,Sr2ZnWO6,Sr,II,Ca,27.5,21.698062896728516,23.9005069732666,2.202444076538086
531,BaZn0.5W0.5O3,Ba,Ia,Ca,19.0,22.01970100402832,21.874555587768555,-0.14514541625976562
532,Ba0.99Zn0.5W0.5O2.99,Ba,Ia,Ca,23.0,21.510433197021484,21.361940383911133,-0.14849281311035156
533,LaAlO3,Other,Ia,Ca,23.399999618530273,22.456995010375977,22.858600616455078,0.40160560607910156
534,NdAlO3,Other,II,Ca,22.299999237060547,20.158203125,20.6048526763916,0.44664955139160156
535,BaMg0.3333W0.3333Ti0.3333O3,Ba,Ib,Ca,15.399999618530273,15.297651290893555,15.3948392868042,0.09718799591064453
536,BaTi0.39Co0.305W0.305O3,Ba,Ib,Ca,18.0,18.47000503540039,18.374027252197266,-0.095977783203125
537,La6MgTi5O18,Other,III,Ca,40.20000076293945,39.23761749267578,39.949310302734375,0.7116928100585938
538,BaMg0.5W0.5O3,Ba,Ia,Ca,16.700000762939453,17.16870880126953,17.489879608154297,0.3211708068847656
539,BaMg0.46W0.46Ti0.08O3,Ba,Ib,Ca,19.600000381469727,19.057132720947266,20.17117691040039,1.114044189453125
540,BaMg0.42W0.42Ti0.16O3,Ba,Ib,Ca,16.600000381469727,14.158477783203125,16.079654693603516,1.9211769104003906
541,BaMg0.36W0.36Ti0.28O3,Ba,Ib,Ca,12.300000190734863,13.696560859680176,14.835714340209961,1.1391534805297852
542,BaMg0.3333W0.3333Ti0.3333O3,Ba,Ib,Ca,13.100000381469727,15.291330337524414,15.35114860534668,0.059818267822265625
543,BaMg0.32W0.32Ti0.36O3,Ba,Ib,Ca,13.5,15.162389755249023,15.494844436645508,0.3324546813964844
544,BaMg0.30W0.30Ti0.40O3,Ba,Ib,Ca,16.700000762939453,16.649349212646484,16.53290557861328,-0.11644363403320312
545,BaMg0.28W0.28Ti0.44O3,Ba,Ib,Ca,21.799999237060547,21.431713104248047,22.610393524169922,1.178680419921875
546,BaMg0.25W0.25Ti0.50O3,Ba,Ib,Ca,31.200000762939453,29.791616439819336,29.508642196655273,-0.2829742431640625
547,BaMg0.20W0.20Ti0.60O3,Ba,Ib,Ca,63.900001525878906,62.49586868286133,60.685340881347656,-1.8105278015136719
548,Ba0.98Zn0.5W0.5O2.98,Ba,Ia,Ca,24.0,21.028945922851562,20.87741470336914,-0.15153121948242188
549,BaMg0.33W0.35Ti0.32O3.02,Ba,Ib,Ca,16.299999237060547,15.580314636230469,15.531244277954102,-0.04907035827636719
550,BaMg0.34W0.35Ti0.31O3.01,Ba,Ib,Ca,17.100000381469727,14.962013244628906,15.1140718460083,0.15205860137939453
551,BaMg0.34W0.32Ti0.34O2.98,Ba,Ib,Ca,14.399999618530273,14.962400436401367,15.148646354675293,0.18624591827392578
552,BaMg0.34W0.33Ti0.33O2.99,Ba,Ib,Ca,15.100000381469727,14.901684761047363,15.083735466003418,0.1820507049560547
553,BaMg0.35W0.34Ti0.31O2.99,Ba,Ib,Ca,15.399999618530273,14.372091293334961,14.753506660461426,0.38141536712646484
554,BaMg0.35W0.33Ti0.32O2.98,Ba,Ib,Ca,14.399999618530273,14.36737060546875,14.759692192077637,0.3923215866088867
555,BaMg0.34W0.32Ti0.34O2.98,Ba,Ib,Ca,14.5,15.031817436218262,15.04658031463623,0.01476287841796875
556,BaMg0.34W0.32Ti0.34O2.98,Ba,Ib,Ca,14.800000190734863,15.132062911987305,15.028274536132812,-0.10378837585449219
557,BaMg0.32W0.28Ti0.40O3,Ba,Ib,Ca,18.100000381469727,18.689716339111328,18.341386795043945,-0.3483295440673828
558,BaMg0.32W0.26Ti0.42O3,Ba,Ib,Ca,21.5,21.348308563232422,20.97368621826172,-0.3746223449707031
559,BaMg0.32W0.25Ti0.43O3,Ba,Ib,Ca,24.0,22.187219619750977,21.578033447265625,-0.6091861724853516
560,BaMg0.33W0.34Ti0.33O3.01,Ba,Ib,Ca,15.600000381469727,15.525545120239258,15.495112419128418,-0.030432701110839844
561,Ba0.95Zn0.5W0.5O2.95,Ba,Ia,Ca,21.0,19.730323791503906,19.57108497619629,-0.1592388153076172
562,BaZn0.49W0.5O2.995,Ba,Ia,Ca,20.0,21.809307098388672,21.66038703918457,-0.14892005920410156
563,BaZn0.45W0.5O2.9975,Ba,Ia,Ca,22.5,21.317411422729492,21.152576446533203,-0.16483497619628906
564,NdMg0.4Zn0.1Sn0.5O3,Other,III,Ca,19.5,18.361684799194336,18.67683982849121,0.315155029296875
565,NdMg0.4Zn0.1Sn0.5O3,Other,III,Ca,19.299999237060547,18.34334945678711,18.678905487060547,0.3355560302734375
566,Sr3ZnNb2O9,Sr,II,Ca,20.690000534057617,33.140872955322266,35.61383819580078,2.4729652404785156
567,Sr3Zn0.75Mg0.25Nb2O9,Sr,II,Ca,19.959999084472656,31.9759464263916,34.26272201538086,2.286775588989258
568,Sr3Zn0.5Mg0.5Nb2O9,Sr,II,Ca,23.309999465942383,31.215463638305664,33.27903366088867,2.063570022583008
569,Sr3Zn0.25Mg0.75Nb2O9,Sr,II,Ca,21.549999237060547,30.708751678466797,32.686553955078125,1.9778022766113281
570,SrYb0.5Ta0.5O3,Sr,III,Ca,14.100000381469727,20.70209503173828,22.44681167602539,1.7447166442871094
571,BaMg0.5W0.5O3,Ba,Ia,Ca,20.0,17.856176376342773,18.152999877929688,0.29682350158691406
572,LaMg0.5Sn0.5O3,Other,III,Ca,19.5,19.43344497680664,19.956329345703125,0.5228843688964844
573,LaMg0.5Sn0.5O3,Other,III,Ca,19.700000762939453,19.38762855529785,19.918102264404297,0.5304737091064453
574,LaMg0.5Sn0.5O3,Other,III,Ca,20.100000381469727,19.342464447021484,19.879764556884766,0.5373001098632812
575,LaMg0.43Ba0.07Sn0.5O3,Other,III,Ca,20.100000381469727,18.992298126220703,19.779766082763672,0.7874679565429688
576,LaMg0.4Ca0.1Sn0.5O3,Other,III,Ca,20.200000762939453,23.8900146484375,19.80462646484375,-4.08538818359375
577,La0.6667Mg0.5W0.5O3,Other,III,Ca,23.600000381469727,20.890892028808594,21.20728874206543,0.31639671325683594
578,La0.6333Na0.1Mg0.5W0.5O3,Other,III,Ca,22.600000381469727,21.263839721679688,21.865707397460938,0.60186767578125
579,La0.6333Na0.1Mg0.5W0.5O3,Other,III,Ca,21.899999618530273,21.217092514038086,21.858692169189453,0.6415996551513672
580,La0.6Na0.2Mg0.5W0.5O3,Other,III,Ca,22.600000381469727,21.783733367919922,22.560298919677734,0.7765655517578125
581,La0.5667Na0.3Mg0.5W0.5O3,Other,III,Ca,22.8799991607666,19.527973175048828,20.57752227783203,1.0495491027832031
582,La0.5667Na0.3Mg0.5W0.5O3,Other,III,Ca,20.959999084472656,19.437366485595703,20.514890670776367,1.077524185180664
583,BaMg0.49Y0.0133W0.4967O3,Ba,Ia,Ca,20.0,18.254440307617188,18.589611053466797,0.3351707458496094
584,La0.5333Na0.4Mg0.5W0.5O3,Other,III,Ca,22.059999465942383,19.985950469970703,21.29624366760254,1.310293197631836
585,SrSm0.5Ta0.5O3,Sr,III,Ca,27.700000762939453,25.482036590576172,26.344640731811523,0.8626041412353516
586,SrLa0.5Ta0.5O3,Sr,III,Ca,27.100000381469727,27.02724838256836,26.2108211517334,-0.8164272308349609
587,Ca0.97La0.02Mg0.5W0.5O3,Ca,III,Ca,19.0,18.451763153076172,18.451763153076172,0.0
588,Ba0.94La0.04Mg0.5W0.5O3,Ba,Ia,Ca,20.0,17.904369354248047,18.20538902282715,0.30101966857910156
589,NdMg0.47Ba0.03Sn0.5O3,Other,III,Ca,19.399999618530273,18.859573364257812,19.0665283203125,0.2069549560546875
590,NdMg0.45Co0.05Sn0.5O3,Other,III,Ca,19.200000762939453,18.367488861083984,18.62369728088379,0.2562084197998047
591,NdMg0.5Sn0.5O3,Other,III,Ca,19.299999237060547,18.027990341186523,18.182331085205078,0.1543407440185547
592,BaLa0.5Nb0.5O3,Ba,III,Ca,37.400001525878906,36.52415084838867,36.15821075439453,-0.3659400939941406
593,BaNd0.5Nb0.5O3,Ba,III,Ca,41.900001525878906,40.30689239501953,39.355804443359375,-0.9510879516601562
594,BaSm0.5Nb0.5O3,Ba,II,Ca,39.70000076293945,37.5485954284668,36.98011016845703,-0.5684852600097656
595,BaYb0.5Nb0.5O3,Ba,Ib,Ca,28.299999237060547,28.96181869506836,28.13058090209961,-0.83123779296875
596,BaLa0.5Ta0.5O3,Ba,III,Ca,27.100000381469727,27.58160972595215,26.143993377685547,-1.4376163482666016
597,BaNd0.5Ta0.5O3,Ba,III,Ca,36.0,33.97902297973633,31.777706146240234,-2.2013168334960938
598,SrNd0.5Ta0.5O3,Sr,III,Ca,27.100000381469727,26.222309112548828,26.319171905517578,0.09686279296875
599,BaSm0.5Ta0.5O3,Ba,II,Ca,34.29999923706055,32.65624237060547,30.87955093383789,-1.7766914367675781
600,CaNd0.5Nb0.5O3,Ca,III,Ca,20.0,19.869503021240234,19.869503021240234,0.0
601,CaSm0.5Nb0.5O3,Ca,III,Ca,20.899999618530273,20.74371910095215,20.74371910095215,0.0
602,CaYb0.5Nb0.5O3,Ca,III,Ca,27.0,23.719335556030273,23.719335556030273,0.0
603,CaLa0.5Ta0.5O3,Ca,III,Ca,19.5,18.078540802001953,18.078540802001953,0.0
604,CaNd0.5Ta0.5O3,Ca,III,Ca,20.0,18.248788833618164,18.248788833618164,0.0
605,CaSm0.5Ta0.5O3,Ca,III,Ca,19.600000381469727,18.8223934173584,18.8223934173584,0.0
606,CaYb0.5Ta0.5O3,Ca,III,Ca,21.100000381469727,20.77138328552246,20.77138328552246,0.0
607,SrLa0.5Nb0.5O3,Sr,III,Ca,27.5,32.131378173828125,30.8355655670166,-1.2958126068115234
608,SrNd0.5Nb0.5O3,Sr,III,Ca,29.700000762939453,31.653457641601562,31.6833438873291,0.029886245727539062
609,SrSm0.5Nb0.5O3,Sr,III,Ca,31.799999237060547,30.72504234313965,31.496328353881836,0.7712860107421875
610,SrYb0.5Nb0.5O3,Sr,III,Ca,29.399999618530273,27.084728240966797,27.198699951171875,0.11397171020507812
611,BaYb0.5Ta0.5O3,Ba,Ib,Ca,22.100000381469727,26.946334838867188,25.523977279663086,-1.4223575592041016
612,NdMg0.5Ti0.5O3,Other,III,Ca,26.0,25.210294723510742,26.353885650634766,1.1435909271240234
613,CaLa0.5Nb0.5O3,Ca,III,Ca,20.600000381469727,19.062530517578125,19.062530517578125,0.0
614,BaMg0.3Ta0.6Ti0.1O3,Ba,Ib,Ca,26.299999237060547,26.531963348388672,26.567224502563477,0.03526115417480469
615,Ca0.375Mg0.25Nb0.25Ti0.125O3,Ca,III,Ca,38.0,31.598094940185547,31.598094940185547,0.0
616,Ca0.25Mg0.375Nb0.25Ti0.125O3,Ca,III,Ca,31.0,26.04852867126465,26.04852867126465,0.0
617,Ca0.125Mg0.5Nb0.25Ti0.125O3,Ca,III,Ca,23.0,20.146516799926758,20.146516799926758,0.0
618,Ca0.375Mg0.25Nb0.25Ti0.125O3,Ca,III,Ca,26.0,31.611347198486328,31.611347198486328,0.0
619,Ca0.25Mg0.375Nb0.25Ti0.125O3,Ca,III,Ca,23.0,25.916244506835938,25.916244506835938,0.0
620,Ca0.125Mg0.5Nb0.25Ti0.125O3,Ca,III,Ca,20.0,19.944351196289062,19.944351196289062,0.0
621,Ca0.375Ni0.25Nb0.25Ti0.125O3,Ca,III,Ca,35.0,32.95182418823242,32.95182418823242,0.0
622,Ca0.25Ni0.375Nb0.25Ti0.125O3,Ca,III,Ca,30.0,27.797637939453125,27.797637939453125,0.0
623,Ca0.125Ni0.5Nb0.25Ti0.125O3,Ca,III,Ca,26.0,21.838035583496094,21.838035583496094,0.0
624,Ca0.25Co0.375Nb0.25Ti0.125O3,Ca,III,Ca,29.0,24.60027313232422,24.60027313232422,0.0
625,Ca0.125Co0.5Nb0.25Ti0.125O3,Ca,III,Ca,12.0,18.22011947631836,18.22011947631836,0.0
626,Ca0.375Mg0.25Ta0.25Ti0.125O3,Ca,III,Ca,30.0,28.0113525390625,28.0113525390625,0.0
627,Ca0.25Mg0.375Ta0.25Ti0.125O3,Ca,III,Ca,26.0,23.207874298095703,23.207874298095703,0.0
628,Ca0.125Mg0.5Ta0.25Ti0.125O3,Ca,III,Ca,20.0,17.834423065185547,17.834423065185547,0.0
629,Ca0.375Zn0.25Ta0.25Ti0.125O3,Ca,III,Ca,17.0,15.429201126098633,15.429201126098633,0.0
630,Ca0.25Zn0.375Ta0.25Ti0.125O3,Ca,III,Ca,13.0,11.123031616210938,11.123031616210938,0.0
631,Ca0.125Zn0.5Ta0.25Ti0.125O3,Ca,III,Ca,10.0,9.224735260009766,9.224735260009766,0.0
632,Ca0.375Co0.25Nb0.25Ti0.125O3,Ca,III,Ca,32.0,30.846813201904297,30.846813201904297,0.0
633,Ca0.375Ni0.25Ta0.25Ti0.125O3,Ca,III,Ca,29.0,28.998455047607422,28.998455047607422,0.0
634,SrPr0.5Nb0.5O3,Sr,III,Ca,37.5,33.701316833496094,32.056617736816406,-1.6446990966796875
635,SrNd0.5Nb0.5O3,Sr,III,Ca,36.900001525878906,33.33494186401367,31.946033477783203,-1.3889083862304688
636,SrSm0.5Nb0.5O3,Sr,III,Ca,35.79999923706055,34.3231086730957,36.531951904296875,2.208843231201172
637,SrEu0.5Nb0.5O3,Sr,III,Ca,34.70000076293945,32.54646682739258,34.68659210205078,2.140125274658203
638,SrGd0.5Nb0.5O3,Sr,III,Ca,34.29999923706055,32.603485107421875,34.900779724121094,2.2972946166992188
639,SrTb0.5Nb0.5O3,Sr,III,Ca,33.70000076293945,31.266223907470703,33.36589813232422,2.0996742248535156
640,SrDy0.5Nb0.5O3,Sr,III,Ca,33.0,30.333093643188477,32.31708526611328,1.9839916229248047
641,SrHo0.5Nb0.5O3,Sr,III,Ca,32.29999923706055,29.76418685913086,31.600305557250977,1.8361186981201172
642,SrY0.5Nb0.5O3,Sr,III,Ca,32.20000076293945,30.591411590576172,32.32094955444336,1.7295379638671875
643,SrEr0.5Nb0.5O3,Sr,III,Ca,32.20000076293945,28.7469482421875,31.039226531982422,2.292278289794922
644,SrYb0.5Nb0.5O3,Sr,III,Ca,30.700000762939453,27.293743133544922,29.25741958618164,1.9636764526367188
645,SrIn0.5Nb0.5O3,Sr,III,Ca,26.0,24.272619247436523,25.57247543334961,1.299856185913086
646,SrFe0.5Nb0.5O3,Sr,II,Ca,44.900001525878906,43.01494598388672,45.01369857788086,1.9987525939941406
647,SrCr0.5Nb0.5O3,Sr,Ib,Ca,35.29999923706055,33.81405258178711,33.7401123046875,-0.07394027709960938
648,SrAl0.5Nb0.5O3,Sr,Ib,Ca,30.5,30.596141815185547,30.891124725341797,0.29498291015625
649,SrLa0.5Nb0.5O3,Sr,III,Ca,36.599998474121094,32.98494338989258,30.719369888305664,-2.265573501586914
650,Ca0.25Ni0.375Ta0.25Ti0.125O3,Ca,III,Ca,26.0,24.887826919555664,24.887826919555664,0.0
651,CaZn0.333Ta0.667O3,Ca,III,Ca,25.0,23.190317153930664,23.190317153930664,0.0
652,BaNi0.5Ta0.5O3,Ba,Ib,Ca,23.0,23.77826499938965,24.028493881225586,0.2502288818359375
653,BaCo0.5Ta0.5O3,Ba,Ib,Ca,25.0,25.520401000976562,25.225967407226562,-0.29443359375
654,BaMg0.5Ta0.5O3,Ba,Ib,Ca,25.0,22.7067928314209,22.658424377441406,-0.04836845397949219
655,BaZn0.5Ta0.5O3,Ba,Ib,Ca,29.0,28.33548355102539,27.205318450927734,-1.1301651000976562
656,BaCa0.5Ta0.5O3,Ba,Ib,Ca,30.0,32.21786117553711,23.070598602294922,-9.147262573242188
657,SrNi0.5Ta0.5O3,Sr,II,Ca,23.0,23.832509994506836,25.149051666259766,1.3165416717529297
658,SrCo0.5Ta0.5O3,Sr,III,Ca,23.0,22.90885353088379,25.038360595703125,2.129507064819336
659,SrMg0.5Ta0.5O3,Sr,II,Ca,22.0,25.649539947509766,28.149307250976562,2.499767303466797
660,SrZn0.5Ta0.5O3,Sr,III,Ca,28.0,22.863300323486328,23.710186004638672,0.8468856811523438
661,SrCa0.5Ta0.5O3,Sr,II,Ca,22.0,25.121910095214844,21.38565444946289,-3.736255645751953
662,CaCu0.333Ta0.667O3,Ca,III,Ca,23.0,23.622751235961914,23.622751235961914,0.0
663,Mg0.93Ca0.07TiO3,Ca,III,Ca,22.149999618530273,22.525890350341797,22.525890350341797,0.0
664,SrSm0.5Ta0.5O3,Sr,III,Ca,30.5,34.535247802734375,36.670021057128906,2.1347732543945312
665,SrSm0.5Ta0.5O3,Sr,III,Ca,31.600000381469727,34.535247802734375,36.670021057128906,2.1347732543945312
666,SrSm0.5Ta0.5O3,Sr,III,Ca,32.099998474121094,34.70988845825195,36.798805236816406,2.088916778564453
667,SrSm0.5Ta0.5O3,Sr,III,Ca,36.0,34.88322448730469,36.92377471923828,2.0405502319335938
668,SrSm0.5Ta0.5O3,Sr,III,Ca,39.0,35.22463607788086,37.161651611328125,1.9370155334472656
669,SrSm0.5Ta0.5O3,Sr,III,Ca,42.0,35.55690383911133,37.38257598876953,1.8256721496582031
670,SrSm0.5Ta0.5O3,Sr,III,Ca,45.0,35.718849182128906,37.486419677734375,1.7675704956054688
671,SrSm0.5Ta0.5O3,Sr,III,Ca,48.5,35.877620697021484,37.58575439453125,1.7081336975097656
672,Ba3Co.07Nb2O9.07,Ba,Ib,Ca,26.0,25.571426391601562,27.417724609375,1.8462982177734375
673,SrSm0.5Ta0.5O3,Sr,III,Ca,49.599998474121094,36.184654235839844,37.77069854736328,1.5860443115234375
674,Ca0.3Li0.14Sm0.42TiO3,Other,III,Ca,92.12000274658203,97.01454162597656,98.9076156616211,1.8930740356445312
675,Ca0.125Ni0.5Ta0.25Ti0.125O3,Ca,III,Ca,23.0,19.680084228515625,19.680084228515625,0.0
676,CaNi0.333Ta0.667O3,Ca,III,Ca,22.0,23.63332748413086,23.63332748413086,0.0
677,CaAl0.333Ta0.667O3,Ca,II,Ca,22.0,25.159936904907227,25.159936904907227,0.0
678,Ca0.375Co0.25Ta0.25Ti0.125O3,Ca,III,Ca,28.0,26.305749893188477,26.305749893188477,0.0
679,Ca0.25Co0.375Ta0.25Ti0.125O3,Ca,III,Ca,24.0,21.236080169677734,21.236080169677734,0.0
680,Ca0.125Co0.5Ta0.25Ti0.125O3,Ca,III,Ca,20.0,15.995732307434082,15.995732307434082,0.0
681,Ca5Nb2Ti0.4Hf0.6O12,Ca,III,Ca,32.0,44.131309509277344,44.131309509277344,0.0
682,Ca5Ta2Ti0.6Hf0.4O12,Ca,III,Ca,34.0,44.914520263671875,44.914520263671875,0.0
683,Ba8ZnNb6O24,Ba,Ib,Ca,36.20000076293945,36.25265884399414,36.41411590576172,0.16145706176757812
684,Ba8ZnNb5.7Sb0.3O24,Ba,Ib,Ca,33.599998474121094,33.29201126098633,33.09614181518555,-0.19586944580078125
685,Ba8ZnNb5.4Sb0.6O24,Ba,Ib,Ca,33.599998474121094,30.784902572631836,30.5491943359375,-0.23570823669433594
686,Ba8ZnNb5.1Sb0.9O24,Ba,Ib,Ca,31.0,28.33359146118164,28.161306381225586,-0.1722850799560547
687,Ba8ZnNb4.8Sb.2O24,Ba,Ib,Ca,29.399999618530273,26.879812240600586,26.75241470336914,-0.1273975372314453
688,CaCo0.333Ta0.667O3,Ca,III,Ca,23.0,23.07845115661621,23.07845115661621,0.0
689,Ba8ZnNb4.5Sb.5O24,Ba,Ib,Ca,25.899999618530273,25.88663673400879,25.7786808013916,-0.1079559326171875
690,Ba8ZnNb3.6Sb2.4O24,Ba,Ib,Ca,17.399999618530273,19.836620330810547,20.084348678588867,0.2477283477783203
691,CaAl0.5Nb0.5O3,Ca,II,Ca,25.0,22.54939842224121,22.54939842224121,0.0
692,CaFe0.5Nb0.5O3,Ca,III,Ca,40.0,34.87687683105469,34.87687683105469,0.0
693,CaAl0.333Nb0.667O3,Ca,II,Ca,28.0,26.68446922302246,26.68446922302246,0.0
694,CaCo0.333Nb0.667O3,Ca,III,Ca,29.0,27.547603607177734,27.547603607177734,0.0
695,CaNi0.333Nb0.667O3,Ca,III,Ca,26.0,28.38165855407715,28.38165855407715,0.0
696,CaCu0.333Nb0.667O3,Ca,III,Ca,27.0,28.64430809020996,28.64430809020996,0.0
697,CaZn0.333Nb0.667O3,Ca,III,Ca,35.0,28.48502540588379,28.48502540588379,0.0
698,CaAl0.5Ta0.5O3,Ca,II,Ca,20.0,20.779170989990234,20.779170989990234,0.0
699,CaFe0.5Ta0.5O3,Ca,III,Ca,32.0,28.1043643951416,28.1043643951416,0.0
700,CaMg0.333Ta0.667O3,Ca,III,Ca,21.0,21.348167419433594,21.348167419433594,0.0
701,Ba8ZnNb4.2Sb.8O24,Ba,Ib,Ca,19.899999618530273,24.883663177490234,24.80938720703125,-0.07427597045898438
702,SrCr0.5Nb0.5O3,Sr,Ib,Ca,35.099998474121094,34.10926055908203,34.15278244018555,0.043521881103515625
703,CaMg0.333Nb0.667O3,Ca,III,Ca,28.0,27.263463973999023,27.263463973999023,0.0
704,SrAl0.5Nb0.5O3,Sr,Ib,Ca,30.0,30.6502742767334,31.076786041259766,0.4265117645263672
705,CaAl0.421Nb0.421Ti0.158O3,Ca,II,Ca,29.100000381469727,26.678211212158203,26.678211212158203,0.0
706,CaAl0.375Nb0.375Ti0.25O3,Ca,II,Ca,32.20000076293945,29.935373306274414,29.935373306274414,0.0
707,CaAl0.335Nb0.335Ti0.33O3,Ca,II,Ca,35.099998474121094,33.27204132080078,33.27204132080078,0.0
708,CaAl0.25Nb0.25Ti0.5O3,Ca,II,Ca,45.29999923706055,42.709625244140625,42.709625244140625,0.0
709,CaAl0.2355Nb0.2355Ti0.529O3,Ca,II,Ca,44.900001525878906,44.87425994873047,44.87425994873047,0.0
710,CaAl0.125Nb0.125Ti0.75O3,Ca,II,Ca,75.4000015258789,73.7208251953125,73.7208251953125,0.0
711,Ba0.1La0.9Mg0.45Ti0.55O3,Other,III,Ca,30.899999618530273,32.167266845703125,34.14894104003906,1.9816741943359375
712,Ba0.3La0.7Mg0.35Ti0.65O3,Other,II,Ca,42.5,41.98567581176758,47.08570861816406,5.100032806396484
713,Ba0.5La0.5Mg0.25Ti0.75O3,Ba,Ib,Ca,60.900001525878906,60.13286209106445,64.79541778564453,4.662555694580078
714,Ba0.7La0.3Mg0.15Ti0.85O3,Ba,Ib,Ca,105.80000305175781,102.98558044433594,101.80470275878906,-1.180877685546875
715,LiBa4Nb3O12,Ba,Ib,Ca,37.0,28.616146087646484,18.808734893798828,-9.807411193847656
716,CaAl0.4505Nb0.4505Ti0.099O3,Ca,II,Ca,27.0,24.895538330078125,24.895538330078125,0.0
717,LiBa4Nb2TaO12,Ba,Ib,Ca,34.0,38.750343322753906,26.402420043945312,-12.347923278808594
718,LiBa4Ta3O12,Ba,Ib,Ca,28.0,31.080120086669922,20.825393676757812,-10.25472640991211
719,BaLa0.5Ta0.5O3,Ba,III,Ca,37.099998474121094,34.541961669921875,33.93724822998047,-0.6047134399414062
720,BaNd0.5Ta0.5O3,Ba,III,Ca,38.70000076293945,36.318756103515625,35.42700958251953,-0.8917465209960938
721,BaSm0.5Ta0.5O3,Ba,II,Ca,37.599998474121094,35.56245040893555,34.66701126098633,-0.8954391479492188
722,BaEu0.5Ta0.5O3,Ba,II,Ca,36.5,34.77190017700195,34.83205032348633,0.060150146484375
723,BaGd0.5Ta0.5O3,Ba,II,Ca,36.0,34.398109436035156,34.44978713989258,0.051677703857421875
724,BaTb0.5Ta0.5O3,Ba,II,Ca,35.5,33.333675384521484,33.323917388916016,-0.00975799560546875
725,BaDy0.5Ta0.5O3,Ba,II,Ca,34.0,32.83525085449219,32.793724060058594,-0.04152679443359375
726,BaHo0.5Ta0.5O3,Ba,II,Ca,33.5,31.063140869140625,30.673839569091797,-0.3893013000488281
727,BaY0.5Ta0.5O3,Ba,II,Ca,33.0,31.950204849243164,31.92612075805664,-0.024084091186523438
728,BaYb0.5Ta0.5O3,Ba,Ib,Ca,32.0,27.837804794311523,26.6431884765625,-1.1946163177490234
729,LiBa4NbTa2O12,Ba,Ib,Ca,30.0,39.16741180419922,26.65520668029785,-12.512205123901367
730,BaNi0.0658Zr0.0125Zn0.2633Ta0.6583O3,Ba,Ib,Ca,28.299999237060547,28.36728286743164,28.154333114624023,-0.2129497528076172
731,CaAl0.4735Nb0.4735Ti0.053O3,Ca,II,Ca,23.799999237060547,23.674970626831055,23.674970626831055,0.0
732,LaMg0.667Nb0.333O3,Other,III,Ca,26.799999237060547,24.11872673034668,25.28851318359375,1.1697864532470703
733,SrGa0.5Ta0.5O3,Sr,Ib,Ca,27.0,29.829105377197266,31.11533546447754,1.2862300872802734
734,SrFe0.5Nb0.5O3,Sr,II,Ca,44.900001525878906,43.235572814941406,45.28788757324219,2.0523147583007812
735,BaMn0.333Ta0.667O3,Ba,Ib,Ca,27.0,26.564672470092773,26.835153579711914,0.2704811096191406
736,BaMn0.3333Ta0.6667O3,Ba,Ib,Ca,27.0,26.557384490966797,26.829345703125,0.2719612121582031
737,BaMg0.2333Ta0.4667Co0.1Nb0.2O3,Ba,Ib,Ca,27.0,26.296749114990234,26.153478622436523,-0.14327049255371094
738,CaZr0.2Ti0.8O3,Ca,III,Ca,141.0,138.43138122558594,138.43138122558594,0.0
739,CaZr0.3Ti0.7O3,Ca,III,Ca,138.0,136.8696746826172,136.8696746826172,0.0
740,CaZr0.4Ti0.6O3,Ca,III,Ca,98.0,96.99478149414062,96.99478149414062,0.0
741,CaAl0.5Nb0.5O3,Ca,II,Ca,23.600000381469727,22.317941665649414,22.317941665649414,0.0
742,CaZr0.5Ti0.5O3,Ca,III,Ca,59.0,62.165374755859375,62.165374755859375,0.0
743,CaZr0.7Ti0.3O3,Ca,III,Ca,38.0,37.2950439453125,37.2950439453125,0.0
744,CaZr0.8Ti0.2O3,Ca,III,Ca,28.0,30.916250228881836,30.916250228881836,0.0
745,CaZr0.9Ti0.1O3,Ca,III,Ca,42.0,38.111427307128906,38.111427307128906,0.0
746,CaZrO3,Ca,III,Ca,27.0,24.931476593017578,24.931476593017578,0.0
747,LaMg0.5Ti0.5O3,Other,III,Ca,27.600000381469727,27.283008575439453,28.121082305908203,0.83807373046875
748,La0.9Ca0.1Mg0.45Ti0.55O3,Other,III,Ca,29.799999237060547,29.181238174438477,30.145471572875977,0.9642333984375
749,La0.7Ca0.3Mg0.35Ti0.65O3,Other,III,Ca,37.20000076293945,34.763404846191406,36.35581970214844,1.5924148559570312
750,La0.3Ca0.7Mg0.15Ti0.85O3,Ca,III,Ca,51.20000076293945,55.664649963378906,55.664649963378906,0.0
751,La0.3Ca0.7Mg0.15Ti0.85O3,Ca,III,Ca,58.79999923706055,55.664649963378906,55.664649963378906,0.0
752,La0.1Ca0.9Mg0.05Ti0.95O3,Ca,III,Ca,90.4000015258789,95.31490325927734,95.31490325927734,0.0
753,La0.1Ca0.9Mg0.05Ti0.95O3,Ca,III,Ca,102.5,95.31490325927734,95.31490325927734,0.0
754,CaZr0.6Ti0.4O3,Ca,III,Ca,50.0,46.97632598876953,46.97632598876953,0.0
755,BaNi0.0542Zr0.0215Zn0.2720Ta0.6523O3,Ba,Ib,Ca,28.399999618530273,28.583566665649414,28.301101684570312,-0.28246498107910156
756,La0.5Ca0.5Mg0.25Ti0.75O3,Ca,III,Ca,43.20000076293945,41.948280334472656,43.27341079711914,1.3251304626464844
757,BaNi0.0242Zr0.0425Zn0.2950Ta0.6383O3,Ba,Ib,Ca,30.200000762939453,29.239864349365234,28.767929077148438,-0.4719352722167969
758,SrPr0.5Ta0.5O3,Sr,III,Ca,32.0,29.06683921813965,30.237945556640625,1.1711063385009766
759,SrNd0.5Ta0.5O3,Sr,III,Ca,31.5,36.10797119140625,37.267906188964844,1.1599349975585938
760,SrEu0.5Ta0.5O3,Sr,III,Ca,30.0,32.489952087402344,35.166568756103516,2.676616668701172
761,SrGd0.5Ta0.5O3,Sr,III,Ca,29.5,32.59511184692383,35.33856964111328,2.743457794189453
762,SrTb0.5Ta0.5O3,Sr,III,Ca,28.799999237060547,30.674297332763672,33.788082122802734,3.1137847900390625
763,SrDy0.5Ta0.5O3,Sr,III,Ca,28.200000762939453,29.38629722595215,32.57389450073242,3.1875972747802734
764,SrHo0.5Ta0.5O3,Sr,III,Ca,27.700000762939453,28.596847534179688,31.798925399780273,3.202077865600586
765,SrY0.5Ta0.5O3,Sr,III,Ca,27.5,25.953781127929688,29.12527084350586,3.171489715576172
766,SrEr0.5Ta0.5O3,Sr,III,Ca,27.100000381469727,27.65871810913086,30.787155151367188,3.128437042236328
767,SrYb0.5Ta0.5O3,Sr,III,Ca,25.899999618530273,23.03384017944336,25.628015518188477,2.594175338745117
768,SrLa0.5Ta0.5O3,Sr,III,Ca,31.200000762939453,27.3675594329834,26.618335723876953,-0.7492237091064453
769,SrPr0.5Nb0.5O3,Sr,III,Ca,36.70000076293945,34.03352737426758,32.159645080566406,-1.8738822937011719
770,SrSm0.5Nb0.5O3,Sr,III,Ca,35.5,35.694496154785156,37.981163024902344,2.2866668701171875
771,SrEu0.5Nb0.5O3,Sr,III,Ca,34.29999923706055,33.809593200683594,36.21898651123047,2.409393310546875
772,SrGd0.5Nb0.5O3,Sr,III,Ca,33.5,33.83635711669922,36.386024475097656,2.5496673583984375
773,SrTb0.5Nb0.5O3,Sr,III,Ca,32.29999923706055,32.3426628112793,34.76906204223633,2.4263992309570312
774,SrDy0.5Nb0.5O3,Sr,III,Ca,31.200000762939453,31.300283432006836,33.59150314331055,2.291219711303711
775,SrHo0.5Nb0.5O3,Sr,III,Ca,30.600000381469727,30.750560760498047,32.89865493774414,2.1480941772460938
776,SrY0.5Nb0.5O3,Sr,III,Ca,30.700000762939453,31.400920867919922,33.406951904296875,2.006031036376953
777,SrIn0.5Nb0.5O3,Sr,III,Ca,25.0,23.98707389831543,25.369081497192383,1.3820075988769531
778,BaNi0.0417Zr0.0300Zn0.2817Ta0.6467O3,Ba,Ib,Ca,29.600000381469727,28.83597755432129,28.477834701538086,-0.3581428527832031
779,SrEr0.5Nb0.5O3,Sr,III,Ca,31.100000381469727,29.44451904296875,32.0134391784668,2.568920135498047
780,SrYb0.5Nb0.5O3,Sr,III,Ca,29.299999237060547,28.0456600189209,30.339900970458984,2.294240951538086
781,SrNd0.5Nb0.5O3,Sr,III,Ca,36.5,33.702491760253906,32.064231872558594,-1.6382598876953125
782,SmZn0.5Ti0.5O3,Other,III,Ca,31.0,29.0634708404541,29.94852066040039,0.8850498199462891
783,SrLa0.5Nb0.5O3,Sr,III,Ca,36.0,33.077484130859375,30.74310302734375,-2.334381103515625
784,Sm0.95Ca0.04Sr0.01Mg0.475Ti0.525O3,Other,III,Ca,26.600000381469727,26.17323875427246,28.09078025817871,1.91754150390625
785,La5Mg0.5Ti3.5O15,Other,II,Ca,36.20000076293945,34.85792541503906,36.64435958862305,1.7864341735839844
786,La5Zn0.5Ti3.5O15,Other,II,Ca,37.709999084472656,35.805641174316406,37.273048400878906,1.4674072265625
787,La5AlTi3O15,Other,II,Ca,32.97999954223633,30.59731674194336,31.942337036132812,1.3450202941894531
788,BaLi0.3889Nb0.5W0.2O3,Ba,Ib,Ca,31.0,46.72454833984375,29.641498565673828,-17.083049774169922
789,BaNi0.0125Zr0.0500Zn0.3042Ta0.6333O3,Ba,Ib,Ca,30.100000381469727,29.53133773803711,28.985004425048828,-0.5463333129882812
790,Pb0.16La0.56Mg0.5W0.5O3,Other,III,Ca,28.700000762939453,27.616825103759766,28.814950942993164,1.1981258392333984
791,Ba0.95Sr0.05Zn0.475Ga0.025Ta0.6583O3,Ba,Ib,Ca,29.0,31.954870223999023,31.650405883789062,-0.30446434020996094
792,BaZr0.0125Zn0.2633Ni0.0658Ta0.6583O3,Ba,Ib,Ca,28.200000762939453,28.115060806274414,27.913631439208984,-0.2014293670654297
793,BaZr0.0215Zn0.2720Ni0.0542Ta0.6523O3,Ba,Ib,Ca,28.700000762939453,28.483753204345703,28.227718353271484,-0.25603485107421875
794,BaZr0.0300Zn0.2817Ni0.0417Ta0.6467O3,Ba,Ib,Ca,29.299999237060547,29.28363037109375,29.549381256103516,0.2657508850097656
795,BaZr0.0500Zn0.3042Ni0.0125Ta0.6333O3,Ba,Ib,Ca,30.700000762939453,29.813838958740234,30.01189613342285,0.1980571746826172
796,LaMg0.35Zn0.15Ti0.5O3,Other,III,Ca,29.0,29.402658462524414,30.925006866455078,1.522348403930664
797,La0.2Ca0.64Sm0.1067Mg0.1Ti0.9O3,Ca,III,Ca,72.41000366210938,72.33280944824219,72.33280944824219,0.0
798,BaZr0.0425Zn0.2950Ni0.0242Ta0.6383O3,Ba,Ib,Ca,29.700000762939453,28.286819458007812,28.326608657836914,0.03978919982910156
799,La0.45Ca0.44Sm0.0733Mg0.225Ti0.775O3,Ca,III,Ca,47.83000183105469,47.74798583984375,51.3884391784668,3.640453338623047
800,La0.6Ca0.32Sm0.0533Mg0.3Ti0.7O3,Other,III,Ca,40.04999923706055,39.04424285888672,42.092315673828125,3.0480728149414062
801,Sm0.8Ca0.16Sr0.04Mg0.4Ti0.6O3,Other,III,Ca,30.100000381469727,28.968286514282227,31.83194351196289,2.863656997680664
802,La0.8Ca0.16Sm0.0267Mg0.4Ti0.6O3,Other,III,Ca,33.560001373291016,32.91717529296875,34.81357955932617,1.8964042663574219
803,BaZr0.05Zn0.32Ta0.63O3,Ba,Ib,Ca,30.0,29.202871322631836,28.622116088867188,-0.5807552337646484
804,Sm0.65Ca0.28Sr0.07Mg0.325Ti0.675O3,Other,III,Ca,31.399999618530273,32.508243560791016,36.53826141357422,4.030017852783203
805,Sm0.5Ca0.4Sr0.1Mg0.25Ti0.75O3,Other,III,Ca,38.70000076293945,38.307952880859375,43.54451370239258,5.236560821533203
806,La0.4Ca0.48Sm0.0800Mg0.2Ti0.8O3,Ca,III,Ca,50.58000183105469,50.14250946044922,54.2112922668457,4.068782806396484
807,LaZn0.5Ti0.5O3,Other,III,Ca,30.0,31.16400146484375,32.58369064331055,1.4196891784667969
808,CaSr4Ta2TiO12,Sr,II,Ca,45.0,44.256683349609375,35.16090774536133,-9.095775604248047
809,Ba0.7La0.3Zn0.4333Nb0.5667O3,Ba,Ib,Ca,44.70000076293945,43.6913948059082,42.77437973022461,-0.9170150756835938
810,CaLi0.2333Nb0.4667Ti0.3O3,Ca,III,Ca,44.70000076293945,43.36504364013672,43.36504364013672,0.0
811,SrFe0.5Nb0.5O3,Sr,II,Ca,44.900001525878906,42.91081237792969,44.64722442626953,1.7364120483398438
812,La0.7667Ti0.7Al0.3O3,Other,II,Ca,44.900001525878906,43.410614013671875,47.3599853515625,3.949371337890625
813,Ca0.7Ti0.7Nd0.3Al0.3O3,Ca,II,Ca,45.0,43.66191482543945,43.66191482543945,0.0
814,Ca0.7Ti0.7Sm0.3Al0.3O3,Ca,II,Ca,45.0,43.151634216308594,43.151634216308594,0.0
815,BaLa0.5Nb0.5O3,Ba,III,Ca,45.0,42.60857009887695,42.006370544433594,-0.6021995544433594
816,Ca0.6Ti0.6La0.4Ga0.4O3,Ca,II,Ca,45.0,44.007930755615234,44.007930755615234,0.0
817,Ca0.2Ti0.2Sr0.8Mg0.2667Nb0.5333O3,Sr,II,Ca,45.0,43.773075103759766,46.349403381347656,2.5763282775878906
818,BaSr4Nb4O15,Sr,Ib,Ca,45.0,45.735260009765625,47.88396453857422,2.1487045288085938
819,BaY0.3Bi0.2Nb0.5O3,Ba,Ib,Ca,44.599998474121094,45.40821838378906,45.743873596191406,0.33565521240234375
820,SrFe0.5Nb0.5O3,Sr,II,Ca,45.0,43.364463806152344,45.16991424560547,1.805450439453125
821,Ca0.73Ti0.73Nd0.27Al0.27O3,Ca,II,Ca,45.0,44.56322479248047,44.56322479248047,0.0
822,BaPr0.5Nb0.5O3,Ba,III,Ca,44.5,42.101619720458984,41.05329132080078,-1.0483283996582031
823,Sr5Ta4O15,Sr,II,Ca,43.5,40.16646957397461,41.61787796020508,1.4514083862304688
824,Ba2La2TiNb2O12,Ba,II,Ca,44.20000076293945,47.324729919433594,32.62224197387695,-14.70248794555664
825,Ba6Nb4TiO18,Ba,Ib,Ca,43.0,43.31753158569336,43.743892669677734,0.426361083984375
826,Sr4LaTiNb3O15,Sr,III,Ca,43.0,42.503875732421875,45.20277404785156,2.6988983154296875
827,Ca0.65Ti0.65Sm0.35Ga0.35O3,Ca,III,Ca,45.0,45.374080657958984,45.374080657958984,0.0
828,Ba2La3Ti3NbO15,Ba,II,Ca,42.79999923706055,47.04753494262695,32.483741760253906,-14.563793182373047
829,Sr6Nb4TiO18,Sr,Ib,Ca,43.0,46.71521759033203,47.80196762084961,1.0867500305175781
830,BaLa4Ti4O15,Other,Ib,Ca,44.400001525878906,45.88216018676758,48.15149688720703,2.269336700439453
831,CaLa3.5Nd0.5Ti4O15,Other,II,Ca,43.400001525878906,40.621368408203125,42.923240661621094,2.3018722534179688
832,CaLa4Ti4O15,Other,II,Ca,43.599998474121094,39.8836555480957,42.01821517944336,2.1345596313476562
833,Ca0.7Nd0.3Ti0.7Al0.3O3,Ca,II,Ca,43.70000076293945,42.953922271728516,42.953922271728516,0.0
834,Ba0.65La0.35Zn0.45Nb0.55O3,Ba,Ib,Ca,43.79999923706055,42.989990234375,41.972442626953125,-1.017547607421875
835,Ca2Sr3Ta2TiO12,Sr,II,Ca,44.0,43.45227813720703,33.89434814453125,-9.557929992675781
836,BaNd0.5Nb0.5O3,Ba,III,Ca,44.0,41.26829147338867,40.48530960083008,-0.7829818725585938
837,Ca0.66La0.34Ti0.66Al0.34O3,Ca,II,Ca,44.0,43.532745361328125,43.532745361328125,0.0
838,Ca0.6Nd0.4Ti0.6Ga0.4O3,Ca,III,Ca,44.0,42.99068069458008,42.99068069458008,0.0
839,Ba3LaNb3O12,Ba,Ib,Ca,43.5,38.93164825439453,25.8826904296875,-13.048957824707031
840,BaGd0.3Bi0.2Nb0.5O3,Ba,II,Ca,47.900001525878906,48.19113540649414,49.20287322998047,1.0117378234863281
841,La0.48Co0.24Ti0.76Ca0.52O3,Ca,III,Ca,45.0,45.44145965576172,48.45829391479492,3.016834259033203
842,Ba0.6Ca0.4La4Ti4O15,Other,II,Ca,47.70000076293945,43.957252502441406,47.718299865722656,3.76104736328125
843,Ba5SrNb4TiO18,Ba,Ib,Ca,47.900001525878906,48.443626403808594,50.087303161621094,1.6436767578125
844,Ca0.65Ti0.65La0.35Ga0.35O3,Ca,II,Ca,48.0,45.951446533203125,45.951446533203125,0.0
845,Ba4SrNb4O15,Ba,Ib,Ca,48.0,47.430747985839844,47.3304557800293,-0.10029220581054688
846,CaTi0.34Mg0.22Nb0.44O3,Ca,III,Ca,48.0,47.51464080810547,47.51464080810547,0.0
847,CaLa8Ti9O31,Other,II,Ca,48.599998474121094,49.583492279052734,39.7412109375,-9.842281341552734
848,BaDy0.3Bi0.2Nb0.5O3,Ba,II,Ca,48.599998474121094,46.6209831237793,47.4535026550293,0.83251953125
849,Ca0.64Ti0.64La0.36Ga0.36O3,Ca,II,Ca,48.70000076293945,46.443092346191406,46.443092346191406,0.0
850,BaLa3Ti2NbO12,Ba,III,Ca,42.400001525878906,42.23271560668945,28.432886123657227,-13.799829483032227
851,Ca0.7Ti0.7Nd0.3Ga0.3O3,Ca,III,Ca,49.0,49.129371643066406,49.129371643066406,0.0
852,Ca0.65Ti0.65Nd0.35Ga0.35O3,Ca,III,Ca,45.0,43.74712371826172,43.74712371826172,0.0
853,Ba0.57Sr0.38La3.8Ti4.15O13.1,Other,Ib,Ca,47.400001525878906,52.6221809387207,42.45933151245117,-10.162849426269531
854,CaTi0.4Mg0.2Nb0.4O3,Ca,III,Ca,47.29999923706055,50.746253967285156,50.746253967285156,0.0
855,Nd0.5Zn0.25Ti0.75Ca0.5O3,Ca,III,Ca,45.0,42.974876403808594,45.0456657409668,2.070789337158203
856,BaMn0.5Ti0.5O3,Ba,Ib,Ca,45.0,44.59516143798828,43.63960266113281,-0.9555587768554688
857,Ca0.71Ti0.71Nd0.29Al0.29O3,Ca,II,Ca,45.099998474121094,44.558006286621094,44.558006286621094,0.0
858,CaMg0.1833Ta0.3667Ti0.45O3,Ca,III,Ca,45.099998474121094,50.694637298583984,50.694637298583984,0.0
859,BaEr0.3Bi0.2Nb0.5O3,Ba,Ib,Ca,46.099998474121094,44.96851348876953,45.32109451293945,0.3525810241699219
860,BaLa4Ti4O15,Other,Ib,Ca,46.29999923706055,45.814544677734375,48.065147399902344,2.2506027221679688
861,Ba0.2Sr0.8La4Ti4.2O15,Other,II,Ca,46.400001525878906,44.12903594970703,45.5303955078125,1.4013595581054688
862,Ba3La3Ti4NbO18,Ba,II,Ca,47.400001525878906,48.67014694213867,33.800453186035156,-14.869693756103516
863,Ba.25Sr0.75La3Ti3NbO15,Ba,III,Ca,46.79999923706055,46.48052215576172,31.791305541992188,-14.689216613769531
864,Ba0.5Ca0.5Sc0.5Nb0.5O3,Ba,II,Ca,46.900001525878906,44.65068435668945,44.041404724121094,-0.6092796325683594
865,Ca0.65Ti0.65La0.35Ga0.35O3,Ca,II,Ca,47.0,45.90338134765625,45.90338134765625,0.0
866,Ba.25Sr0.75La3Ti3NbO15,Ba,III,Ca,47.0,46.48052215576172,31.791305541992188,-14.689216613769531
867,Ba.75Sr0.25La3Ti3NbO15,Other,Ib,Ca,47.0,41.717037200927734,27.17507553100586,-14.541961669921875
868,SrGa0.35Nb0.35Ti0.3O3,Sr,Ib,Ca,46.599998474121094,45.73108673095703,45.84723663330078,0.11614990234375
869,Ba0.95La0.05Zn0.35Nb0.65O3,Ba,Ib,Ca,42.400001525878906,41.43162536621094,40.512420654296875,-0.9192047119140625
870,Ba4LaTiTa3O15,Ba,Ib,Ca,42.29999923706055,41.65462875366211,41.92328643798828,0.2686576843261719
871,CaZr0.7Ti0.3O3,Ca,III,Ca,38.0,39.08929443359375,39.08929443359375,0.0
872,BaSm0.5Ta0.5O3,Ba,II,Ca,38.0,36.31431579589844,35.0789680480957,-1.2353477478027344
873,BaHo0.5Nb0.5O3,Ba,II,Ca,38.0,36.252174377441406,36.249366760253906,-0.0028076171875
874,SrPr0.5Nb0.5O3,Sr,III,Ca,38.0,33.63332748413086,32.34809112548828,-1.2852363586425781
875,CaLi0.2667Nb0.5333Ti0.2O3,Ca,III,Ca,38.599998474121094,40.88714599609375,40.88714599609375,0.0
876,CaFe0.5Nb0.5O3,Ca,III,Ca,38.599998474121094,37.56077575683594,37.56077575683594,0.0
877,BaEu0.5Ta0.5O3,Ba,II,Ca,38.79999923706055,35.14960479736328,33.81422805786133,-1.3353767395019531
878,BaDy0.5Nb0.5O3,Ba,II,Ca,38.900001525878906,36.239097595214844,36.141685485839844,-0.097412109375
879,Ba.5Sr.5LaNb3O12,Other,Ib,Ca,38.900001525878906,37.81501388549805,32.3690185546875,-5.445995330810547
880,Ba3.0Zn0.993Nb.986W0.014O9,Ba,Ib,Ca,39.0,37.52756881713867,27.393177032470703,-10.134391784667969
881,BaTb0.5Nb0.5O3,Ba,II,Ca,39.0,36.78043746948242,36.5820426940918,-0.198394775390625
882,Ca4SrTa2TiO12,Ca,III,Ca,39.0,36.95311737060547,36.95311737060547,0.0
883,Sr2La2TiNb2O12,Sr,III,Ca,39.0,40.1826171875,31.175857543945312,-9.006759643554688
884,BaDy0.5Ta0.5O3,Ba,II,Ca,39.099998474121094,33.85196304321289,32.619712829589844,-1.2322502136230469
885,La6ZnTi4O18,Other,III,Ca,37.70000076293945,34.838314056396484,35.57219314575195,0.7338790893554688
886,Ba5SrNb4ZrO18,Ba,Ib,Ca,37.599998474121094,36.386199951171875,37.350852966308594,0.9646530151367188
887,BaSm0.5Ta0.5O3,Ba,II,Ca,37.599998474121094,36.06991958618164,36.109962463378906,0.040042877197265625
888,BaCo0.3Y0.05Nb0.65O3,Ba,Ib,Ca,37.0,37.590919494628906,37.78318405151367,0.19226455688476562
889,Ca0.35La0.65Ti0.35Al0.65O3,Other,Ia,Ca,37.0,32.805763244628906,33.37196731567383,0.5662040710449219
890,Ca0.66Ti0.66La0.17Nd0.17Ga0.34O3,Ca,III,Ca,49.0,47.195701599121094,47.195701599121094,0.0
891,BaY0.5Nb0.5O3,Ba,II,Ca,37.0,36.3608283996582,36.430824279785156,0.06999588012695312
892,Ca4.18Co0.82Nb2TiO12,Ca,III,Ca,37.0,35.6422004699707,35.6422004699707,0.0
893,Ca4.85Zn0.15Ta2TiO12,Ca,III,Ca,37.0,38.62392044067383,38.62392044067383,0.0
894,Ca4.82Mg0.18Ta2TiO12,Ca,III,Ca,37.0,39.948970794677734,39.948970794677734,0.0
895,Sr2La4Ti5O18,Other,II,Ca,39.20000076293945,40.52213668823242,42.90656280517578,2.3844261169433594
896,Ca0.6Nd0.4Ti0.6Al0.4O3,Ca,II,Ca,37.20000076293945,36.937259674072266,36.937259674072266,0.0
897,BaIn0.5Ta0.5O3,Ba,Ib,Ca,37.20000076293945,37.24583053588867,35.3916015625,-1.8542289733886719
898,BaY0.5Ta0.5O3,Ba,II,Ca,37.29999923706055,34.867088317871094,34.29790115356445,-0.5691871643066406
899,Ca0.6Sr0.5Al0.3Nb0.3Ti0.5O3.3,Sr,Ib,Ca,37.29999923706055,36.28986740112305,36.56776428222656,0.2778968811035156
900,BaLa0.5Nb0.5O3,Ba,III,Ca,37.400001525878906,38.8644905090332,38.0721549987793,-0.7923355102539062
901,Ba4LiNb3O12,Ba,Ib,Ca,37.0,30.000049591064453,19.074209213256836,-10.925840377807617
902,Sr0.92Li0.23Nb0.69Ti0.08O3,Sr,III,Ca,42.29999923706055,37.35048294067383,30.5939998626709,-6.75648307800293
903,Ba3LaTa3O12,Ba,Ib,Ca,39.400001525878906,41.72834014892578,28.545848846435547,-13.182491302490234
904,BaZn0.25Ti0.25Ta0.5O3,Ba,Ib,Ca,39.599998474121094,37.22467803955078,37.12477111816406,-0.09990692138671875
905,BaZn0.3333Nb0.6667O3,Ba,Ib,Ca,41.099998474121094,39.40530776977539,38.59099578857422,-0.8143119812011719
906,CaTi0.5Al0.25Ta0.25O3,Ca,II,Ca,41.400001525878906,42.173606872558594,42.173606872558594,0.0
907,BaNd0.5Nb0.5O3,Ba,III,Ca,41.900001525878906,41.53418731689453,40.769874572753906,-0.764312744140625
908,Ca0.67Nd0.33Ti0.67Al0.33O3,Ca,II,Ca,42.0,41.276180267333984,41.276180267333984,0.0
909,Ca4.38Ni0.62Nb2TiO12,Ca,III,Ca,42.0,35.854156494140625,35.854156494140625,0.0
910,BaZn0.3167Nb0.6333Zr0.05O3,Ba,Ib,Ca,42.0,39.557098388671875,39.051025390625,-0.506072998046875
911,Ca3Sr2Ta2TiO12,Ca,II,Ca,42.0,36.4609489440918,36.4609489440918,0.0
912,Ba0.8Sr0.2Zn0.3133Ta0.6267Ti0.06O3,Ba,Ib,Ca,42.0,39.27185821533203,38.02544021606445,-1.2464179992675781
913,Ca0.1Nd0.9Mg0.45Ti0.55O3,Other,III,Ca,42.0,27.130565643310547,29.12224769592285,1.9916820526123047
914,CaZr0.9Ti0.1O3,Ca,III,Ca,42.0,38.25559997558594,38.25559997558594,0.0
915,La0.4Sr0.6Al0.4Ti0.6O3,Sr,Ib,Ca,42.099998474121094,43.01044845581055,43.55219268798828,0.5417442321777344
916,CaLa2Nd2Ti4O15,Other,III,Ca,42.29999923706055,41.08063888549805,42.65793228149414,1.5772933959960938
917,CaLa0.5Nd0.5Ti4O15,Ca,III,Ca,42.29999923706055,43.36148452758789,36.904502868652344,-6.456981658935547
918,CaLa4Ti4O15,Other,II,Ca,41.099998474121094,39.8836555480957,42.01821517944336,2.1345596313476562
919,Sr5Ta4O15,Sr,II,Ca,41.0,40.03266143798828,41.495018005371094,1.4623565673828125
920,Ca0.65Sm0.35Ti0.65Al0.35O3,Ca,II,Ca,41.0,39.46561050415039,39.46561050415039,0.0
921,Ba0.75Sr0.25Zn0.3133Ta0.6267Ti0.06O3,Ba,Ib,Ca,40.0,40.817359924316406,39.560462951660156,-1.25689697265625
922,BaHo0.5Ta0.5O3,Ba,II,Ca,39.599998474121094,34.27412033081055,33.27004623413086,-1.0040740966796875
923,BaSm0.5Nb0.5O3,Ba,II,Ca,39.70000076293945,39.896034240722656,39.65997314453125,-0.23606109619140625
924,BaYb0.5Ta0.5O3,Ba,Ib,Ca,39.70000076293945,33.65383529663086,31.904159545898438,-1.7496757507324219
925,Ca0.65Ti0.65Sm0.315Nd0.035Al0.35O3,Ca,II,Ca,39.70000076293945,38.603206634521484,38.603206634521484,0.0
926,BaGd0.5Nb0.5O3,Ba,II,Ca,40.0,37.76647186279297,37.515174865722656,-0.2512969970703125
927,Ba2SrLaNb3O12,Ba,II,Ca,39.5,37.92591094970703,23.328426361083984,-14.597484588623047
928,BaEu0.5Nb0.5O3,Ba,II,Ca,40.0,38.1378059387207,37.90729522705078,-0.23051071166992188
929,Sr5Nb4O15,Sr,II,Ca,40.0,49.23837661743164,51.052703857421875,1.8143272399902344
930,CaFe0.5Nb0.5O3,Ca,III,Ca,40.0,38.990821838378906,38.990821838378906,0.0
931,BaZn0.2667Co0.0667Nb0.6667O3,Ba,Ib,Ca,40.0,37.95698165893555,37.73841094970703,-0.21857070922851562
932,BaZn0.3333Nb0.6667O3,Ba,Ib,Ca,40.0,39.40530776977539,38.59099578857422,-0.8143119812011719
933,Ba0.3Sr0.7Zn0.3333Nb0.6667O3,Sr,Ib,Ca,40.0,40.51484298706055,41.91156005859375,1.3967170715332031
934,Ba8Ta4Ti3O24,Ba,Ib,Ca,40.0,39.166683197021484,39.37717056274414,0.21048736572265625
935,Ca4ZnNb2TiO12,Ca,III,Ca,40.0,38.232582092285156,38.232582092285156,0.0
936,Ba3LiTa3Ti5O21,Ba,Ib,Ca,49.400001525878906,43.55018615722656,30.120159149169922,-13.43002700805664
937,Ca0.3355Nd0.7255Li0.225TiO3,Other,III,Ca,101.0,77.18196105957031,52.38215255737305,-24.799808502197266
938,Pb0.6Ca0.4ZrO3,Other,III,Ca,94.0,105.82515716552734,96.13258361816406,-9.692573547363281
939,Pb0.48Ca0.52Fe0.475Nb0.475Sn0.05O3,Ca,II,Ca,94.30000305175781,96.51011657714844,96.51011657714844,0.0
940,Ca0.4Sm0.4TiO3,Ca,III,Ca,94.5,95.90039825439453,96.58018493652344,0.6797866821289062
941,Ca0.268Sm0.268Ti0.67Li0.165Sm0.165Ti0.33O3,Other,III,Ca,95.5,99.77687072753906,99.71471405029297,-0.06215667724609375
942,Ca0.56Sm0.56Ti0.7Li0.15Nd0.15Ti0.3O3,Other,III,Ca,98.0,91.76671600341797,65.727783203125,-26.03893280029297
943,Ca0.28Sm0.28Ti0.7Li0.15Nd0.15Ti0.3O3,Other,III,Ca,99.0,102.6702651977539,103.88130187988281,1.2110366821289062
944,Ca0.4Nd0.4TiO3,Ca,III,Ca,99.0,97.52934265136719,98.20956420898438,0.6802215576171875
945,Pb0.5Ca0.5Fe0.45Nb0.45Sn0.1O3,Ca,II,Ca,99.5999984741211,98.26573181152344,98.26573181152344,0.0
946,Ca0.6Sm0.2667TiO3,Ca,III,Ca,101.0,105.39471435546875,105.39471435546875,0.0
947,Pb0.5Ca0.5Fe0.475Nb0.475Sn0.05O3,Ca,II,Ca,102.0,101.35950469970703,101.35950469970703,0.0
948,Ca0.9La0.1Mg0.05Ti0.95O3,Ca,III,Ca,102.5,97.77217102050781,97.77217102050781,0.0
949,Ca0.61Nd0.26TiO3,Ca,III,Ca,103.0,108.2530746459961,108.2530746459961,0.0
950,Ca0.3La0.1333Li0.25Nd0.25TiO3,Other,III,Ca,105.0,109.38348388671875,113.5647964477539,4.181312561035156
951,Ca0.61Nd0.26TiO3,Ca,III,Ca,108.0,107.0342025756836,107.0342025756836,0.0
952,Pb0.48Ca0.52Fe0.45Nb0.45Sn0.1O3,Ca,II,Ca,93.5999984741211,93.36186218261719,93.36186218261719,0.0
953,Pb0.45Ca0.55Fe0.5Nb0.5O3,Ca,II,Ca,92.5999984741211,92.0094985961914,92.0094985961914,0.0
954,Pb0.5Ca0.5Fe0.5Ta0.5O3,Ca,II,Ca,83.9000015258789,81.24421691894531,81.24421691894531,0.0
955,Pb0.45Ca0.55Fe0.45Nb0.45Sn0.1O3,Ca,II,Ca,85.0,86.01600646972656,86.01600646972656,0.0
956,Pb0.45Ca0.55Fe0.45Nb0.45Zr0.1O3,Ca,II,Ca,85.0,85.01966857910156,85.01966857910156,0.0
957,BaTi0.5Ga0.25Nb0.25O3,Ba,Ib,Ca,86.0,82.77652740478516,80.31263732910156,-2.4638900756835938
958,Pb0.45Ca0.55Fe0.475Nb0.475Sn0.05O3,Ca,II,Ca,86.30000305175781,89.88525390625,89.88525390625,0.0
959,Ca0.6La0.2667TiO3,Ca,II,Ca,109.0,110.51651763916016,110.51651763916016,0.0
960,Pb0.5Ca0.5Fe0.495Nb0.495Zr0.01O3,Ca,II,Ca,86.30000305175781,93.23869323730469,93.23869323730469,0.0
961,Ca0.9Sm0.1Mg0.05Ti0.95O3,Ca,III,Ca,87.0,88.90494537353516,88.90494537353516,0.0
962,Pb0.45Ca0.55Fe0.475Nb0.475Zr0.05O3,Ca,II,Ca,87.0,85.35738372802734,85.35738372802734,0.0
963,Pb0.46Ca0.54Fe0.45Nb0.45Sn0.1O3,Ca,II,Ca,87.80000305175781,88.72758483886719,88.72758483886719,0.0
964,Pb0.46Ca0.54Fe0.475Nb0.475Sn0.05O3,Ca,II,Ca,88.19999694824219,92.03773498535156,92.03773498535156,0.0
965,Ca0.9La0.1Mg0.05Ti0.95O3,Ca,III,Ca,90.4000015258789,90.50450134277344,90.50450134277344,0.0
966,Pb0.46Ca0.46La0.08Fe0.5Nb0.5O3,Ca,II,Ca,90.80000305175781,94.78190612792969,94.78190612792969,0.0
967,Pb0.45Ca0.55Fe0.45Nb0.45Sn0.1O3,Ca,II,Ca,86.69999694824219,86.35791015625,86.35791015625,0.0
968,Pb0.45Ca0.55Fe0.25Nb0.48Ta0.02O3,Ca,II,Ca,82.0,80.7508544921875,80.7508544921875,0.0
969,Pb0.63Ca0.37ZrO3,Other,III,Ca,110.0,112.8531723022461,103.9599609375,-8.893211364746094
970,Ca0.16Sm0.16Li0.3Nd0.3TiO3,Other,III,Ca,110.0,108.8921127319336,109.06358337402344,0.17147064208984375
971,Ca0.2Li0.34Nd0.38La0.04TiO3,Other,III,Ca,132.60000610351562,131.38815307617188,130.93228149414062,-0.45587158203125
972,Sr4Ce2Ti7O22,Sr,Ib,Ca,133.0,134.6749267578125,111.74442291259766,-22.930503845214844
973,Sr0.8Ca0.2TiO3,Sr,Ib,Ca,133.89999389648438,134.5503692626953,133.52325439453125,-1.0271148681640625
974,Sr0.571Ce0.286TiO3,Sr,Ib,Ca,136.0,137.5727996826172,135.9475555419922,-1.625244140625
975,Ca0.4Li0.24Nd0.28La0.04TiO3,Ca,III,Ca,136.39999389648438,126.77117919921875,126.77117919921875,0.0
976,CaZr0.3Ti0.7O3,Ca,III,Ca,138.0,137.65072631835938,137.65072631835938,0.0
977,Pb0.6Ca0.4Fe0.475Nb0.475Sn0.05O3,Other,II,Ca,139.39999389648438,140.32296752929688,137.26492309570312,-3.05804443359375
978,Pb0.6Zr0.6Ca0.4Fe0.2Nb0.2O3,Other,III,Ca,140.6999969482422,140.27789306640625,138.9373016357422,-1.3405914306640625
979,Ca0.85Nd0.1TiO3,Ca,III,Ca,141.0,119.31103515625,119.31103515625,0.0
980,CaZr0.2Ti0.8O3,Ca,III,Ca,141.0,139.1760711669922,139.1760711669922,0.0
981,Ca0.73Nd0.18TiO3,Ca,III,Ca,141.0,113.82666015625,113.82666015625,0.0
982,Ca0.6Li0.14Nd0.21La0.04TiO3,Ca,III,Ca,142.0,133.6429901123047,133.6429901123047,0.0
983,SrNd0.5Nb0.5O3,Sr,III,Ca,37.0,33.180503845214844,32.13832473754883,-1.0421791076660156
984,Sr5Ce2Ti8O25,Sr,Ib,Ca,142.0,137.75804138183594,115.29917907714844,-22.4588623046875
985,Pb0.7Ca0.3ZrO3,Other,III,Ca,132.0,121.89323425292969,118.84245300292969,-3.05078125
986,Ca0.6Li0.15Nd0.1833La0.0333TiO3,Ca,III,Ca,128.1999969482422,131.56082153320312,131.56082153320312,0.0
987,Pb0.56Ca0.44Fe0.5333W0.0667Nb0.4O3,Ca,II,Ca,127.19999694824219,124.71788024902344,124.71788024902344,0.0
988,Pb0.6Ca0.4Fe0.495Nb0.495Zr0.01O3,Other,II,Ca,126.69999694824219,128.71865844726562,129.47727966308594,0.7586212158203125
989,Ca0.2Li0.25Nd0.25La0.1Nd0.1TiO3,Other,III,Ca,110.4000015258789,113.598388671875,115.35770416259766,1.7593154907226562
990,Pb0.95Ca0.05ZrO3,Other,III,Ca,112.0,120.40293884277344,120.6596450805664,0.25670623779296875
991,Pb0.05Fe0.0333W0.0167Pb0.475Ca0.475Fe0.475Nb0.475O3,Ca,II,Ca,112.19999694824219,116.8531494140625,116.8531494140625,0.0
992,Ca0.4Li0.3Nd0.3TiO3,Other,III,Ca,112.5999984741211,115.5345458984375,118.38352966308594,2.8489837646484375
993,Ca0.3Li0.35Sm0.35TiO3,Other,III,Ca,114.0,115.3017349243164,113.47895812988281,-1.8227767944335938
994,Pb0.475Ca0.475La0.05Fe0.45Nb0.45Ti0.1O3,Ca,II,Ca,116.5999984741211,116.97607421875,116.97607421875,0.0
995,Na0.15La0.15Li0.35Sm0.35TiO3,Other,III,Ca,117.0,117.86781311035156,119.65257263183594,1.784759521484375
996,Ca0.2Li0.1Nd0.1Ti0.4O3,Ca,III,Ca,110.0,109.3460922241211,109.3460922241211,0.0
997,Ca0.6Li0.05Nd0.05La0.1Nd0.1TiO3,Ca,III,Ca,117.0,119.44384765625,119.44384765625,0.0
998,Pb0.65Ca0.35ZrO3,Other,III,Ca,118.0,116.37457275390625,109.15608978271484,-7.218482971191406
999,Ca0.8Nd0.1333TiO3,Ca,III,Ca,119.0,120.37220764160156,120.37220764160156,0.0
1000,Ca0.8Sm0.1333TiO3,Ca,III,Ca,119.30000305175781,120.22270202636719,120.22270202636719,0.0
1001,Ca0.4Li0.25Nd0.2833La0.0333TiO3,Ca,III,Ca,121.30000305175781,126.84303283691406,126.84303283691406,0.0
1002,Ca0.45Li0.125Nd0.225Dy0.1TiO3,Ca,III,Ca,121.30000305175781,121.09492492675781,121.09492492675781,0.0
1003,La0.5Na0.5TiO3,Other,II,Ca,122.0,125.4935302734375,128.46237182617188,2.968841552734375
1004,Ca0.5Li0.2Nd0.2333La0.0333TiO3,Ca,III,Ca,123.0,129.3979949951172,129.3979949951172,0.0
1005,Ca0.4Li0.15Nd0.15La0.1Nd0.1TiO3,Ca,III,Ca,117.0,123.93172454833984,123.93172454833984,0.0
1006,BaMg0.167Ta0.33Ti0.5O3,Ba,Ib,Ca,76.5999984741211,76.88682556152344,76.00226593017578,-0.8845596313476562
1007,Pb0.4Ca0.6Mg0.3Nb0.6Sn0.1O3,Ca,III,Ca,52.20000076293945,58.751808166503906,58.751808166503906,0.0
1008,La0.2Na0.2Ti0.4Ca0.6Mg0.2Nb0.4O3,Ca,III,Ca,52.29999923706055,52.41526412963867,52.41526412963867,0.0
1009,Ca0.8La0.1333Ti0.5Mg0.1667Nb0.3333O3,Ca,III,Ca,52.400001525878906,52.07926559448242,52.07926559448242,0.0
1010,CaLa4Ti5O17,Other,II,Ca,53.70000076293945,54.31439971923828,42.03609085083008,-12.278308868408203
1011,CaTi0.4Mg0.2Nb0.4O3,Ca,III,Ca,54.0,50.746253967285156,50.746253967285156,0.0
1012,La0.5333Ti0.8Al0.2O3,Other,II,Ca,54.0,51.09038543701172,53.539695739746094,2.449310302734375
1013,BaZn0.25Ti0.25Nb0.5O3,Ba,Ib,Ca,54.79999923706055,53.2269287109375,52.20109939575195,-1.0258293151855469
1014,Sm0.5Li0.5TiO3,Other,III,Ca,55.0,54.84137725830078,53.77253341674805,-1.0688438415527344
1015,CaLi0.1667Nb0.3333Ti0.5O3,Ca,III,Ca,55.0,46.263702392578125,46.263702392578125,0.0
1016,Pb0.2Zr0.2Ca0.8Fe0.4Nb0.4O3,Ca,III,Ca,55.099998474121094,55.725135803222656,55.725135803222656,0.0
1017,Ba4La2Ti3Nb2O18,Ba,Ib,Ca,55.099998474121094,52.059722900390625,38.18437957763672,-13.875343322753906
1018,CaLi0.1667Nb0.3333Ti0.5O3,Ca,III,Ca,55.20000076293945,46.263702392578125,46.263702392578125,0.0
1019,CaLa4Ti5O17,Other,II,Ca,57.0,54.425636291503906,42.076995849609375,-12.348640441894531
1020,Ba5LaTi2Nb3O15,Ba,Ib,Ca,57.29999923706055,54.8626823425293,43.12977600097656,-11.732906341552734
1021,Ca4.6Zn0.4Nb4TiO17,Ca,III,Ca,52.0,51.12701416015625,51.12701416015625,0.0
1022,Ca0.7Ti0.7La0.3Ga0.3O3,Ca,II,Ca,52.0,50.36840057373047,50.36840057373047,0.0
1023,CaTi0.6Al0.2Ta0.2O3,Ca,II,Ca,52.0,50.946319580078125,50.946319580078125,0.0
1024,Ba3La2Ti2Nb2O15,Ba,Ib,Ca,49.79999923706055,47.22980499267578,32.02463150024414,-15.20517349243164
1025,Pb0.7Ca0.3La0.5Mg0.5Nb0.5O3,Other,III,Ca,50.0,53.87165069580078,44.85215377807617,-9.01949691772461
1026,La0.8333Mg0.25Ti0.75O3,Other,III,Ca,50.0,47.934879302978516,49.96977233886719,2.034893035888672
1027,Ca0.5La0.5Zn0.25Ti0.75O3,Ca,III,Ca,50.0,48.93791961669922,50.83258819580078,1.8946685791015625
1028,Ba2Sr3Nb4O15,Sr,Ib,Ca,50.0,48.1121826171875,49.6396484375,1.5274658203125
1029,CaZr0.6Ti0.4O3,Ca,III,Ca,50.0,51.13454818725586,51.13454818725586,0.0
1030,Pb0.4Ca0.6Mg0.1667Nb0.3333Sn0.5O3,Ca,III,Ca,57.400001525878906,55.79988479614258,55.79988479614258,0.0
1031,La0.5333Ni0.2TiO3,Other,II,Ca,50.70000076293945,49.58168029785156,52.096641540527344,2.5149612426757812
1032,Ca0.75Ti0.75Sm0.25Al0.25O3,Ca,II,Ca,51.0,48.180320739746094,48.180320739746094,0.0
1033,Ba3Sr2Nb4O15,Ba,Ib,Ca,51.0,50.24944305419922,50.51717758178711,0.2677345275878906
1034,Ca0.7La0.3Mg0.15Ti0.85O3,Ca,III,Ca,51.20000076293945,54.880287170410156,54.880287170410156,0.0
1035,La0.66Ni0.01TiO3,Other,II,Ca,51.400001525878906,48.74809646606445,49.75471878051758,1.006622314453125
1036,La0.3Al0.3Sr0.7Ti0.7O3,Sr,Ib,Ca,52.0,51.05223846435547,52.2408332824707,1.1885948181152344
1037,Li0.5Sm0.5TiO3,Other,III,Ca,52.0,52.86906051635742,53.6083984375,0.7393379211425781
1038,BaSm0.3Bi0.2Nb0.5O3,Ba,II,Ca,50.79999923706055,49.916656494140625,51.066436767578125,1.1497802734375
1039,Pb0.4Ca0.6Fe0.475Nb0.475Sn0.05O3,Ca,II,Ca,78.0,77.74900817871094,77.74900817871094,0.0
1040,La0.5667Ti0.85Al0.15O3,Other,II,Ca,57.70000076293945,56.813812255859375,59.9517822265625,3.137969970703125
1041,La0.6167Ni0.075TiO3,Other,II,Ca,58.0,59.55084228515625,62.810821533203125,3.259979248046875
1042,BaTi0.4Ga0.3Nb0.3O3,Ba,Ib,Ca,66.0,68.23613739013672,63.80760955810547,-4.42852783203125
1043,La0.6133Ti0.92Al0.08O3,Other,II,Ca,66.9000015258789,64.83308410644531,68.00822448730469,3.175140380859375
1044,Ca0.8Ti0.8Sm0.2Mg0.1Ti0.1O3,Ca,III,Ca,68.0,67.11421966552734,67.11421966552734,0.0
1045,CaTi0.6Mg0.1333Nb0.2667O3,Ca,III,Ca,68.0,64.22976684570312,64.22976684570312,0.0
1046,Pb0.4Ca0.6Fe0.495Nb0.495Zr0.01O3,Ca,II,Ca,68.69999694824219,72.31614685058594,72.31614685058594,0.0
1047,La0.6467Ni0.03TiO3,Other,II,Ca,69.4000015258789,66.07411193847656,69.24627685546875,3.1721649169921875
1048,Pb0.4Ca0.6Fe0.45Nb0.45Sn0.1O3,Ca,II,Ca,70.30000305175781,72.28695678710938,72.28695678710938,0.0
1049,La0.64Ti0.96Al0.04O3,Other,II,Ca,71.9000015258789,70.59549713134766,73.29424285888672,2.6987457275390625
1050,Pb0.5Ca0.5Zr0.95Ti0.05O3,Ca,III,Ca,72.0,70.69669342041016,70.69669342041016,0.0
1051,La0.64Ti0.96Al0.04O3,Other,II,Ca,72.0,66.81880950927734,69.88441467285156,3.0656051635742188
1052,Pb0.5Ca0.5ZrO3,Ca,III,Ca,74.0,73.82511138916016,73.82511138916016,0.0
1053,CaTi0.7Al0.15Ta0.15O3,Ca,II,Ca,65.4000015258789,63.443138122558594,63.443138122558594,0.0
1054,Pb0.1Fe0.0667W0.0333Pb0.18Ca0.72Fe0.45Nb0.45O3,Ca,III,Ca,65.30000305175781,64.07939910888672,64.07939910888672,0.0
1055,Pb0.4Ca0.6Mg0.255Nb0.255Sn0.01O3,Ca,III,Ca,65.0,63.314849853515625,63.314849853515625,0.0
1056,La0.3Mg0.15Ti0.85Ca0.7O3,Ca,III,Ca,58.79999923706055,54.880287170410156,54.880287170410156,0.0
1057,CaZr0.5Ti0.5O3,Ca,III,Ca,59.0,57.828155517578125,57.828155517578125,0.0
1058,La0.6333Ni0.05TiO3,Other,II,Ca,59.599998474121094,63.019378662109375,66.59718322753906,3.5778045654296875
1059,BaTi0.85Mn0.15O3,Ba,Ib,Ca,60.0,62.25140380859375,63.05293655395508,0.8015327453613281
1060,CaTi0.4Mg0.2Ta0.4O3,Ca,III,Ca,60.20000076293945,49.46073913574219,49.46073913574219,0.0
1061,BaPr0.3Bi0.02Nb0.5O3,Ba,II,Ca,60.70000076293945,52.830055236816406,52.68427658081055,-0.14577865600585938
1062,Ca2Ba3Ta2TiO12,Ba,Ib,Ca,61.0,63.41557693481445,47.02914810180664,-16.386428833007812
1063,Ca0.68Nd0.08Ti0.8Sm0.2Al0.2O3,Ca,III,Ca,58.0,54.115455627441406,54.115455627441406,0.0
1064,CaTi0.6Mg0.1333Nb0.2667O3,Ca,III,Ca,62.900001525878906,64.22976684570312,64.22976684570312,0.0
1065,Pb0.4Ca0.6Mg0.3233Nb0.6467Sn0.03O3,Ca,III,Ca,63.0,60.45880126953125,60.45880126953125,0.0
1066,La0.6Ti0.9Al0.1O3,Other,II,Ca,63.0,59.6520881652832,62.30267333984375,2.650585174560547
1067,La0.6533Ni0.02TiO3,Other,II,Ca,63.29999923706055,61.201438903808594,63.620933532714844,2.41949462890625
1068,BaMg0.2W0.2Ti0.6O3,Ba,Ib,Ca,63.900001525878906,64.50017547607422,64.70277404785156,0.20259857177734375
1069,Pb0.4Ca0.6Mg0.3367Nb0.6733Sn0.01O3,Ca,III,Ca,64.69999694824219,61.5887336730957,61.5887336730957,0.0
1070,La0.6Ti0.9Al0.1O3,Other,II,Ca,62.599998474121094,62.3578987121582,65.5435791015625,3.185680389404297
1071,SrLa0.5Nb0.5O3,Sr,III,Ca,37.0,33.22995376586914,31.064556121826172,-2.1653976440429688
1072,CaLi0.2667Nb0.5333Sn0.2O3,Ca,III,Ca,23.299999237060547,23.31899642944336,23.31899642944336,0.0
1073,BaLa0.5Ta0.5O3,Ba,III,Ca,37.0,33.25452423095703,32.26814651489258,-0.9863777160644531
1074,BaTi0.1Co0.45W0.45O3,Ba,Ib,Ca,24.0,21.936763763427734,22.38641929626465,0.44965553283691406
1075,Ba0.98Zn0.5W0.5O2.98,Ba,Ia,Ca,24.0,21.656335830688477,21.50064468383789,-0.15569114685058594
1076,BaMg0.333Ta0.667O3,Ba,Ib,Ca,24.0,24.529794692993164,24.682575225830078,0.15278053283691406
1077,CaIn0.5Ta0.5O3,Ca,III,Ca,24.0,24.200149536132812,24.200149536132812,0.0
1078,CaPr0.5Ta0.5O3,Ca,III,Ca,24.0,22.737531661987305,22.737531661987305,0.0
1079,BaMg0.283Ta0.567Sn0.15O3,Ba,Ib,Ca,24.0,24.721195220947266,24.946529388427734,0.22533416748046875
1080,BaTi0.5Ni0.25W0.25O3,Ba,Ib,Ca,24.200000762939453,23.715984344482422,23.2831974029541,-0.4327869415283203
1081,BaHfO3,Ba,Ia,Ca,24.200000762939453,24.784759521484375,24.520418167114258,-0.2643413543701172
1082,CaNd0.5Ta0.5O3,Ca,III,Ca,24.399999618530273,22.710430145263672,22.710430145263672,0.0
1083,BaMg0.33Ta0.63Ti0.017W0.017O3,Ba,Ib,Ca,24.5,24.4956111907959,24.89923095703125,0.40361976623535156
1084,Ba0.9925Mg0.33Ta0.67O3,Ba,Ib,Ca,24.700000762939453,24.19876480102539,24.606042861938477,0.40727806091308594
1085,BaMg0.33Ta0.53Ti0.067W0.067O3,Ba,Ib,Ca,23.600000381469727,23.841915130615234,24.503582000732422,0.6616668701171875
1086,SrHfO3,Sr,III,Ca,23.5,22.961563110351562,23.047134399414062,0.0855712890625
1087,Sr3Zn0.5Mg0.5Nb2O9,Sr,II,Ca,22.299999237060547,30.8074951171875,32.76333999633789,1.9558448791503906
1088,La0.952Na0.048Mg0.5W0.5O3,Other,III,Ca,22.600000381469727,25.910503387451172,26.849430084228516,0.9389266967773438
1089,La0.907Na0.0938Mg0.5W0.5O3,Other,III,Ca,22.600000381469727,25.43524742126465,26.486286163330078,1.0510387420654297
1090,CaLi0.2333Nb0.4667Sn0.3O3,Ca,III,Ca,22.600000381469727,19.708932876586914,19.708932876586914,0.0
1091,Ba0.99Zn0.5W0.5O2.99,Ba,Ia,Ca,23.0,22.13272476196289,21.980178833007812,-0.15254592895507812
1092,CaLa0.5Ta0.5O3,Ca,III,Ca,23.0,21.561203002929688,21.561203002929688,0.0
1093,NdMg0.5Ti0.5O3,Other,III,Ca,23.0,24.240842819213867,25.243587493896484,1.0027446746826172
1094,Ca0.07Mg0.93TiO3,Ca,III,Ca,23.0,21.47295379638672,21.47295379638672,0.0
1095,LaAlO3,Other,Ia,Ca,23.399999618530273,22.428546905517578,22.835567474365234,0.40702056884765625
1096,BaZn0.1667Co0.1667Ta0.2222Nb0.2222Sb0.2222O3,Ba,Ib,Ca,24.899999618530273,24.140661239624023,24.264869689941406,0.12420845031738281
1097,BaCo0.3333Ta0.6667O3,Ba,Ib,Ca,25.0,26.157541275024414,26.899272918701172,0.7417316436767578
1098,CaEr0.5Ta0.5O3,Ca,III,Ca,26.399999618530273,25.905323028564453,25.905323028564453,0.0
1099,BaTi0.3Zn0.35W0.35O3,Ba,Ib,Ca,26.399999618530273,26.326187133789062,26.543188095092773,0.21700096130371094
1100,BaTi0.55Ni0.225W0.225O3,Ba,Ib,Ca,26.5,26.502050399780273,26.12335205078125,-0.37869834899902344
1101,CaEu0.5Ta0.5O3,Ca,III,Ca,26.799999237060547,24.256511688232422,24.256511688232422,0.0
1102,CaY0.5Ta0.5O3,Ca,III,Ca,27.0,26.116840362548828,26.116840362548828,0.0
1103,Ca0.6Ba0.4Y0.5Ta0.5O3,Ca,III,Ca,27.0,27.472824096679688,27.472824096679688,0.0
1104,Ba5Nb2Ta2O15,Ba,Ib,Ca,27.0,28.725738525390625,28.56296157836914,-0.16277694702148438
1105,BaMg0.1333Zn0.2Ta0.6667O3,Ba,Ib,Ca,27.0,26.82309913635254,27.07370376586914,0.25060462951660156
1106,CaZrO3,Ca,III,Ca,27.0,25.413318634033203,25.413318634033203,0.0
1107,BaMg0.3Ta0.6Ti0.1O3,Ba,Ib,Ca,26.299999237060547,26.124521255493164,26.25027084350586,0.1257495880126953
1108,CaYb0.5Ta0.5O3,Ca,III,Ca,25.799999237060547,26.197128295898438,26.197128295898438,0.0
1109,Sr2AlNbO6,Sr,Ib,Ca,25.0,22.42959213256836,24.310604095458984,1.881011962890625
1110,SmMg0.5Ti0.5O3,Other,III,Ca,25.0,25.335826873779297,26.785083770751953,1.4492568969726562
1111,NdAlO3,Other,II,Ca,22.299999237060547,20.020212173461914,20.460220336914062,0.44000816345214844
1112,Ba4LiTa2SbO12,Ba,Ib,Ca,25.100000381469727,38.447288513183594,23.356840133666992,-15.090448379516602
1113,CaLi0.3Nb0.6Sn0.1O3,Ca,III,Ca,25.200000762939453,23.187366485595703,23.187366485595703,0.0
1114,BaTi0.5Zn0.25W0.25O3,Ba,Ib,Ca,25.399999618530273,25.728893280029297,28.16042709350586,2.4315338134765625
1115,Ba5Nb3TaO15,Ba,Ib,Ca,25.700000762939453,31.756969451904297,31.445438385009766,-0.31153106689453125
1116,CaSm0.5Ta0.5O3,Ca,III,Ca,25.799999237060547,23.797283172607422,23.797283172607422,0.0
1117,BaMg0.3183Ta0.67O3,Ba,Ib,Ca,25.100000381469727,24.44894790649414,24.855854034423828,0.4069061279296875
1118,BaYb0.5Ta0.5O3,Ba,Ib,Ca,22.100000381469727,26.5060977935791,25.43233871459961,-1.0737590789794922
1119,La0.823Na0.176Mg0.5W0.5O3,Other,III,Ca,22.100000381469727,24.251211166381836,25.589736938476562,1.3385257720947266
1120,Ca5Nb2HfO12,Ca,III,Ca,22.0,36.213584899902344,36.213584899902344,0.0
1121,BaMg0.5W0.5O3,Ba,Ia,Ca,17.0,17.717639923095703,18.10598373413086,0.38834381103515625
1122,BaMg0.34W0.35Ti0.31O3,Ba,Ib,Ca,17.100000381469727,14.8810453414917,15.038055419921875,0.15701007843017578
1123,BaNi0.5W0.5O3,Ba,Ia,Ca,17.100000381469727,18.104896545410156,18.587310791015625,0.48241424560546875
1124,BaMg0.33Ta0.13Ti0.267W0.267O3,Ba,Ib,Ca,17.399999618530273,16.259334564208984,17.0211238861084,0.7617893218994141
1125,DyAlO3,Other,III,Ca,17.600000381469727,16.95067024230957,17.377788543701172,0.42711830139160156
1126,BaNi0.5W0.5O3,Ba,Ia,Ca,18.100000381469727,18.104896545410156,18.587310791015625,0.48241424560546875
1127,SrNi0.5W0.5O3,Sr,II,Ca,18.299999237060547,20.629940032958984,22.34712791442871,1.7171878814697266
1128,GdAlO3,Other,III,Ca,18.399999618530273,17.8577938079834,18.374980926513672,0.5171871185302734
1129,Sr2AlNbO6,Sr,Ib,Ca,19.0,22.387195587158203,24.313283920288086,1.9260883331298828
1130,Ba.2Sr0.8SmSbO6,Other,Ia,Ca,19.0,19.15923500061035,16.049325942993164,-3.1099090576171875
1131,BaZn0.5W0.5O3,Ba,Ia,Ca,19.0,22.636125564575195,22.48708724975586,-0.14903831481933594
1132,NdMg0.47Ba0.03Sn0.5O3,Other,III,Ca,19.100000381469727,18.82722282409668,19.031841278076172,0.2046184539794922
1133,BaMg0.33W0.35Ti0.32O3,Ba,Ib,Ca,16.299999237060547,15.269970893859863,15.252641677856445,-0.01732921600341797
1134,ErAlO3,Other,III,Ca,16.299999237060547,16.599702835083008,17.004772186279297,0.40506935119628906
1135,Pb0.6Ca0.4Fe0.45Nb0.45Sn0.1O3,Other,II,Ca,142.60000610351562,140.06922912597656,136.62933349609375,-3.4398956298828125
1136,BaMg0.335W0.335Ti0.33O3,Ba,Ib,Ca,13.100000381469727,14.697526931762695,14.978113174438477,0.28058624267578125
1137,BaTi0.39Co0.305W0.305O3,Ba,Ib,Ca,14.0,17.65384864807129,17.662599563598633,0.00875091552734375
1138,BaMg0.35W0.33Ti0.32O3,Ba,Ib,Ca,14.399999618530273,14.8384428024292,15.139945983886719,0.30150318145751953
1139,NdMg0.45Co0.05Sn0.5O3,Other,III,Ca,19.200000762939453,18.4174747467041,18.777925491333008,0.36045074462890625
1140,BaMg0.34W0.32Ti0.34O3,Ba,Ib,Ca,14.399999618530273,15.459428787231445,15.583064079284668,0.12363529205322266
1141,BaMg0.34W0.33Ti0.33O3,Ba,Ib,Ca,15.100000381469727,15.22602367401123,15.374155044555664,0.1481313705444336
1142,BaMg0.35W0.34Ti0.31O3,Ba,Ib,Ca,15.399999618530273,14.67175006866455,14.997213363647461,0.32546329498291016
1143,BaMg0.33W0.33Ti0.33O3,Ba,Ib,Ca,15.399999618530273,15.238916397094727,15.331843376159668,0.0929269790649414
1144,BaMg0.33W0.34Ti0.33O3,Ba,Ib,Ca,15.600000381469727,15.444183349609375,15.437762260437012,-0.006421089172363281
1145,YAlO3,Other,III,Ca,15.699999809265137,15.777338027954102,16.11367416381836,0.3363361358642578
1146,Sr2SmSbO6,Sr,II,Ca,16.0,15.01183032989502,16.679311752319336,1.6674814224243164
1147,BaMg0.34W0.32Ti0.34O3,Ba,Ib,Ca,14.5,15.459428787231445,15.583064079284668,0.12363529205322266
1148,Ba0.5Sr0.5Zn0.1667Co0.1667Ta0.2222Nb0.2222Sb0.2222O3,Ba,Ib,Ca,27.0,26.6018009185791,27.251239776611328,0.6494388580322266
1149,CaLa0.5Ta0.5O3,Ca,III,Ca,19.5,21.507125854492188,21.507125854492188,0.0
1150,Ba2SmSbO6,Ba,Ia,Ca,20.700000762939453,16.750263214111328,9.558605194091797,-7.191658020019531
1151,Sr0.985La0.01Mg0.5W0.5O3,Sr,II,Ca,20.700000762939453,19.086706161499023,21.53055191040039,2.443845748901367
1152,Ba2Mg0.9Ca0.1WO6,Ba,Ia,Ca,20.799999237060547,21.70638656616211,22.740617752075195,1.034231185913086
1153,Sr0.036Mg0.964TiO3,Sr,II,Ca,20.799999237060547,24.999713897705078,24.896648406982422,-0.10306549072265625
1154,La0.786Na0.214Mg0.5W0.5O3,Other,III,Ca,20.799999237060547,23.219858169555664,24.49234962463379,1.272491455078125
1155,CaSm0.5Nb0.5O3,Ca,III,Ca,20.899999618530273,22.454675674438477,22.454675674438477,0.0
1156,Ca5Ta2ZrO12,Ca,III,Ca,21.0,39.352115631103516,39.352115631103516,0.0
1157,Ba0.95Zn0.5W0.5O2.95,Ba,Ia,Ca,21.0,20.369384765625,20.205886840820312,-0.1634979248046875
1158,NdMg0.5Sn0.4Ti0.1O3,Other,III,Ca,21.100000381469727,19.554061889648438,20.210542678833008,0.6564807891845703
1159,BaTi0.4Zn0.3W0.3O3,Ba,Ib,Ca,21.200000762939453,21.109439849853516,22.112506866455078,1.0030670166015625
1160,CaYb0.5Ta0.5O3,Ca,III,Ca,21.200000762939453,22.693918228149414,22.693918228149414,0.0
1161,SrCo0.5W0.5O3,Sr,II,Ca,21.200000762939453,20.125804901123047,21.868167877197266,1.7423629760742188
1162,CaHfO3,Ca,III,Ca,21.399999618530273,20.907878875732422,20.907878875732422,0.0
1163,BaTi0.45Ni0.275W0.275O3,Ba,Ib,Ca,21.600000381469727,21.451927185058594,20.99109649658203,-0.4608306884765625
1164,Sr3ZnNb2O9,Sr,II,Ca,20.700000762939453,35.916805267333984,38.67732238769531,2.760517120361328
1165,CaLa0.5Nb0.5O3,Ca,III,Ca,20.600000381469727,20.180217742919922,20.180217742919922,0.0
1166,NdMg0.43Ca0.07Sn0.5O3,Other,III,Ca,19.5,15.615010261535645,16.012826919555664,0.39781665802001953
1167,CaSm0.5Ta0.5O3,Ca,III,Ca,19.600000381469727,20.10286521911621,20.10286521911621,0.0
1168,BaMg0.33Ta0.33Ti0.167W0.167O3,Ba,Ib,Ca,19.700000762939453,18.883413314819336,20.947006225585938,2.0635929107666016
1169,CaNd0.5Ta0.5O3,Ca,III,Ca,20.0,22.647319793701172,22.647319793701172,0.0
1170,CaNd0.5Nb0.5O3,Ca,III,Ca,20.0,21.344831466674805,21.344831466674805,0.0
1171,BaCo0.5W0.5O3,Ba,Ia,Ca,19.299999237060547,19.41533088684082,19.723485946655273,0.3081550598144531
1172,Sr3Zn0.75Mg0.25Nb2O9,Sr,II,Ca,20.0,31.626834869384766,33.83837127685547,2.211536407470703
1173,BaMg0.46W0.46Ti0.08O3,Ba,Ib,Ca,20.0,19.443706512451172,20.48171615600586,1.0380096435546875
1174,BaMg0.333Ta0.567W0.05Ti0.05O3,Ba,Ib,Ca,20.0,22.467273712158203,23.722896575927734,1.2556228637695312
1175,BaTi0.4Ni0.3W0.3O3,Ba,Ib,Ca,20.0,19.980743408203125,19.601110458374023,-0.37963294982910156
1176,BaMg0.49Y0.006667W0.496667O3,Ba,Ia,Ca,20.0,17.637502670288086,18.081541061401367,0.44403839111328125
1177,Ba0.97La0.02Mg0.5W0.5O3,Ba,Ia,Ca,20.0,17.641963958740234,18.029043197631836,0.38707923889160156
1178,BaLa0.5Ta0.5O3,Ba,III,Ca,27.100000381469727,26.75954246520996,26.962268829345703,0.2027263641357422
1179,SrLa0.5Ta0.5O3,Sr,III,Ca,27.100000381469727,25.589784622192383,24.229106903076172,-1.360677719116211
1180,SrNd0.5Ta0.5O3,Sr,III,Ca,27.100000381469727,25.515949249267578,24.419384002685547,-1.0965652465820312
1181,Sr5Nb2Ta2O15,Sr,II,Ca,33.20000076293945,39.31840896606445,40.82206726074219,1.5036582946777344
1182,BaHo0.5Ta0.5O3,Ba,II,Ca,33.5,32.69908142089844,32.58535385131836,-0.11372756958007812
1183,Ba8ZnNb5.4Sb0.6O24,Ba,Ib,Ca,33.599998474121094,32.625732421875,32.52305221557617,-0.10268020629882812
1184,Ba0.99Co0.2333Zn0.1Nb0.6667O3,Ba,Ib,Ca,33.70000076293945,33.45728302001953,33.64055633544922,0.1832733154296875
1185,Ba2Sr3Ta4O15,Sr,Ib,Ca,33.70000076293945,33.211395263671875,34.31623077392578,1.1048355102539062
1186,Sr0.35Ba0.65Y0.5Nb0.5O3,Ba,III,Ca,33.79999923706055,33.182899475097656,32.91463851928711,-0.2682609558105469
1187,Ba0.99La0.0067Co0.2333Zn0.1Nb0.6667O3,Ba,Ib,Ca,34.0,33.972877502441406,34.3270263671875,0.35414886474609375
1188,Ba4LiNb2TaO12,Ba,Ib,Ca,34.0,40.469390869140625,25.49875259399414,-14.970638275146484
1189,Ba10Ta7.52Ti0.48O30,Ba,Ib,Ca,34.0,32.43022918701172,32.388031005859375,-0.04219818115234375
1190,Ca5Ta2Ti0.6Hf0.4O12,Ca,III,Ca,34.0,37.65496826171875,37.65496826171875,0.0
1191,Ca0.5Sm0.5Mg0.25Ti0.75O3,Ca,III,Ca,34.0,35.83448791503906,37.06657409667969,1.232086181640625
1192,SrGd0.5Nb0.5O3,Sr,III,Ca,34.0,32.19164276123047,32.26818084716797,0.0765380859375
1193,Ba3Sr2Ta4O15,Ba,Ib,Ca,33.20000076293945,33.06439971923828,33.15715789794922,0.0927581787109375
1194,Sr0.5La0.5Ti0.5Al0.5O3,Sr,Ib,Ca,33.0,34.063819885253906,35.226402282714844,1.1625823974609375
1195,Li0.774Zr0.057NbO3,Other,III,Ca,33.0,31.603662490844727,31.581201553344727,-0.0224609375
1196,BaYb0.5Ta0.5O3,Ba,Ib,Ca,32.0,33.65383529663086,31.904159545898438,-1.7496757507324219
1197,CaEr0.5Nb0.5O3,Ca,III,Ca,32.0,25.78590965270996,25.78590965270996,0.0
1198,SrNd0.5Ta0.5O3,Sr,III,Ca,32.0,28.519847869873047,27.27091407775879,-1.2489337921142578
1199,SrHo0.5Nb0.5O3,Sr,III,Ca,32.0,30.67218017578125,31.198434829711914,0.5262546539306641
1200,SrY0.5Nb0.5O3,Sr,III,Ca,32.0,31.420679092407227,31.768747329711914,0.3480682373046875
1201,BaCo0.33Nb0.665Y0.005O3,Ba,Ib,Ca,34.0,33.13634490966797,32.88972473144531,-0.24662017822265625
1202,SrEr0.5Nb0.5O3,Sr,III,Ca,32.0,30.284488677978516,30.861583709716797,0.5770950317382812
1203,BaSn0.226Zn0.258Nb0.516O3,Ba,Ib,Ca,32.0,33.093048095703125,32.498329162597656,-0.5947189331054688
1204,Ba5Nb3TaO15,Ba,Ib,Ca,32.20000076293945,31.93284034729004,31.5931339263916,-0.3397064208984375
1205,Ba6Nb4ZrO18,Ba,Ib,Ca,32.400001525878906,31.4893798828125,32.13261413574219,0.6432342529296875
1206,Sr0.05Ba0.95Y0.5Ta0.5O3,Ba,II,Ca,32.5,32.408634185791016,31.8500919342041,-0.5585422515869141
1207,BaTi0.1Zn0.45W0.45O3,Ba,Ib,Ca,33.0,29.835927963256836,29.440166473388672,-0.39576148986816406
1208,Ba0.95Sr0.05Y0.5Ta0.5O3,Ba,II,Ca,33.0,32.408634185791016,31.8500919342041,-0.5585422515869141
1209,Ca5Nb2Ti0.4Hf0.6O12,Ca,III,Ca,32.0,36.88712692260742,36.88712692260742,0.0
1210,Ba0.95Ca0.05Yb0.475Y0.025Nb0.5O3,Ba,II,Ca,34.0,31.635025024414062,31.504831314086914,-0.13019371032714844
1211,BaYb0.5Nb0.5O3,Ba,Ib,Ca,36.0,35.50807189941406,34.941497802734375,-0.5665740966796875
1212,BaTb0.5Ta0.5O3,Ba,II,Ca,36.0,33.069252014160156,33.00202560424805,-0.06722640991210938
1213,Pb0.2Ca.1333Nb0.6667O3,Ca,III,Ca,36.0,35.7447509765625,35.7447509765625,0.0
1214,BaZn0.3333Nb0.6667O3,Ba,Ib,Ca,36.0,36.932064056396484,36.185550689697266,-0.7465133666992188
1215,SrSm0.5Nb0.5O3,Sr,III,Ca,36.0,32.95161819458008,32.628448486328125,-0.3231697082519531
1216,Ca4NiNb2TiO12,Ca,III,Ca,36.0,34.944610595703125,34.944610595703125,0.0
1217,Ca4.88Co0.12Ta2TiO12,Ca,III,Ca,36.0,40.94693374633789,40.94693374633789,0.0
1218,Ba8Ta4.32Ti2.6O24,Ba,Ib,Ca,36.0,37.60230255126953,37.745567321777344,0.1432647705078125
1219,Sr3LaNb3O12,Sr,III,Ca,36.0,36.59031295776367,27.584285736083984,-9.006027221679688
1220,Sr5NbTa3O15,Sr,II,Ca,36.20000076293945,38.31498718261719,39.91511917114258,1.6001319885253906
1221,La6MgTi4O18,Other,III,Ca,36.29999923706055,33.40243148803711,34.35738754272461,0.9549560546875
1222,Sr0.05Ba0.95Y0.5Nb0.5O3,Ba,II,Ca,36.29999923706055,33.95891571044922,34.02214813232422,0.063232421875
1223,BaNd0.5Ta0.5O3,Ba,III,Ca,36.0,36.94790267944336,35.876625061035156,-1.0712776184082031
1224,La0.5Sr0.5Al0.5Ti0.5O3,Sr,Ib,Ca,35.900001525878906,35.1107177734375,36.330081939697266,1.2193641662597656
1225,BaSc0.5Nb0.5O3,Ba,Ib,Ca,35.70000076293945,36.35042953491211,35.63918685913086,-0.71124267578125
1226,BaZn0.0833Mg0.25Nb0.6667O3,Ba,Ib,Ca,34.0,33.274681091308594,33.133304595947266,-0.14137649536132812
1227,Ba2SrYNb3O12,Ba,Ib,Ca,34.099998474121094,37.40895462036133,22.67171859741211,-14.737236022949219
1228,La0.8333Ti0.5Al0.5O3,Other,Ia,Ca,34.400001525878906,32.60427474975586,33.39945983886719,0.7951850891113281
1229,BaCo0.2333Zn0.1Nb0.6667O3,Ba,Ib,Ca,34.5,33.78224182128906,33.98368453979492,0.20144271850585938
1230,BaSr2YNb3O12,Sr,II,Ca,34.70000076293945,36.0751838684082,24.129066467285156,-11.946117401123047
1231,SrTb0.5Nb0.5O3,Sr,III,Ca,34.0,31.598962783813477,31.949621200561523,0.3506584167480469
1232,Ba10Ta7.04Ti.2O30,Ba,Ib,Ca,35.0,33.440948486328125,33.38636779785156,-0.0545806884765625
1233,SrCr0.5Nb0.5O3,Sr,Ib,Ca,35.0,34.1435546875,33.98048400878906,-0.1630706787109375
1234,BaNi0.1167Zn0.2167Nb0.6667O3,Ba,Ib,Ca,35.0,33.8947868347168,33.90853500366211,0.0137481689453125
1235,Ca4.75Ni0.25Ta2TiO12,Ca,III,Ca,35.0,44.0717887878418,44.0717887878418,0.0
1236,Ba2Sr3Ta4O15,Sr,Ib,Ca,35.20000076293945,33.217960357666016,34.3276252746582,1.1096649169921875
1237,cCa0.05Ba0.95Y0.5Nb0.5O3,Ba,II,Ca,35.20000076293945,33.78369903564453,33.85231399536133,0.06861495971679688
1238,BaZn0.2Co0.1333Nb0.6667O3,Ba,Ib,Ca,35.5,36.574432373046875,36.253013610839844,-0.32141876220703125
1239,BaEu0.5Ta0.5O3,Ba,II,Ca,37.0,35.14960479736328,33.81422805786133,-1.3353767395019531
1240,BaNi0.3Nb0.6Zr0.1O3,Ba,Ib,Ca,31.799999237060547,31.306848526000977,30.894824981689453,-0.41202354431152344
1241,BaSr4Ta4O15,Sr,Ib,Ca,31.700000762939453,33.72996139526367,34.75543975830078,1.0254783630371094
1242,La5AlTi3O15,Other,II,Ca,28.100000381469727,29.640270233154297,31.01131248474121,1.371042251586914
1243,BaZn0.5W0.5O3,Ba,Ia,Ca,28.100000381469727,22.659576416015625,22.5239200592041,-0.13565635681152344
1244,CaHo0.5Ta0.5O3,Ca,III,Ca,28.200000762939453,25.71101951599121,25.71101951599121,0.0
1245,LaMg0.5Ti0.5O3,Other,III,Ca,29.0,28.116226196289062,28.973697662353516,0.8574714660644531
1246,Ba0.95Sr0.05Zn0.475Ga0.025Ta0.6583O3,Ba,Ib,Ca,29.0,32.84619140625,32.501556396484375,-0.344635009765625
1247,BaZr0.0215Zn0.272Ni0.0542Ta0.6523O3,Ba,Ib,Ca,29.0,28.754085540771484,28.888391494750977,0.1343059539794922
1248,SrTb0.5Ta0.5O3,Sr,III,Ca,29.0,27.098154067993164,27.230213165283203,0.13205909729003906
1249,BaHfO3,Ba,Ia,Ca,29.100000381469727,24.784759521484375,24.520418167114258,-0.2643413543701172
1250,CaLi0.3333Nb0.6667O3,Ca,III,Ca,29.600000381469727,27.77450180053711,27.77450180053711,0.0
1251,SrNd0.5Nb0.5O3,Sr,III,Ca,29.700000762939453,33.31465530395508,32.18212890625,-1.1325263977050781
1252,BaTi0.6Ni0.2W0.2O3,Ba,Ib,Ca,29.799999237060547,31.280920028686523,31.398151397705078,0.11723136901855469
1253,Ba5Ta4O15,Ba,Ib,Ca,28.0,29.699060440063477,29.68060874938965,-0.018451690673828125
1254,PrMg0.5Ti0.5O3,Other,III,Ca,28.0,24.85597801208496,25.652729034423828,0.7967510223388672
1255,SrY0.5Ta0.5O3,Sr,III,Ca,28.0,27.363122940063477,28.94207191467285,1.578948974609375
1256,SrHo0.5Ta0.5O3,Sr,III,Ca,28.0,26.11923599243164,26.64310073852539,0.52386474609375
1257,CaGd0.5Ta0.5O3,Ca,III,Ca,27.200000762939453,24.209712982177734,24.209712982177734,0.0
1258,SrLa0.5Nb0.5O3,Sr,III,Ca,27.5,30.7420654296875,28.247058868408203,-2.495006561279297
1259,SrZn0.5W0.5O3,Sr,II,Ca,27.5,22.025100708007812,23.90854263305664,1.8834419250488281
1260,LaMg0.5Ti0.5O3,Other,III,Ca,27.600000381469727,28.134899139404297,29.00164222717285,0.8667430877685547
1261,SrSm0.5Ta0.5O3,Sr,III,Ca,27.700000762939453,28.38370132446289,27.56479835510254,-0.8189029693603516
1262,BaMg0.1333Zn0.2Ta0.6667O3,Ba,Ib,Ca,27.700000762939453,26.83035659790039,27.082626342773438,0.2522697448730469
1263,NdMg0.5Ti0.5O3,Other,III,Ca,28.0,25.119606018066406,26.230905532836914,1.1112995147705078
1264,CaLi0.3167Nb0.6333Zr0.05O3,Ca,III,Ca,29.899999618530273,30.313562393188477,30.313562393188477,0.0
1265,Ba4LiTa3O12,Ba,Ib,Ca,28.0,33.036643981933594,21.7132625579834,-11.323381423950195
1266,BaTb0.5Ta0.5O3,Ba,II,Ca,28.0,33.852394104003906,32.395565032958984,-1.4568290710449219
1267,SrZn0.3333Ta0.6667O3,Sr,II,Ca,28.0,30.534183502197266,31.637887954711914,1.1037044525146484
1268,BaZn0.3333Ta0.6667O3,Ba,Ib,Ca,28.0,28.71368408203125,28.622777938842773,-0.09090614318847656
1269,Ca0.6Ba0.4Yb0.5Ta0.5O3,Ca,III,Ca,28.0,25.975051879882812,25.975051879882812,0.0
1270,BaZr0.0215Ni0.0542Zn0.272Ta0.6523O3,Ba,Ib,Ca,28.0,28.74392318725586,28.87884521484375,0.13492202758789062
1271,CaHo0.5Ta0.5O3,Ca,III,Ca,28.0,25.71101951599121,25.71101951599121,0.0
1272,SrDy0.5Ta0.5O3,Sr,III,Ca,28.0,26.48025894165039,26.841745376586914,0.36148643493652344
1273,CaZr0.8Ti0.2O3,Ca,III,Ca,28.0,30.214160919189453,30.214160919189453,0.0
1274,SrSm0.5Nb0.5O3,Sr,III,Ca,31.799999237060547,30.801666259765625,31.7495059967041,0.9478397369384766
1275,CaDy0.5Ta0.5O3,Ca,III,Ca,30.0,25.2991943359375,25.2991943359375,0.0
1276,LaCo0.5Ti0.5O3,Other,III,Ca,30.0,28.78619384765625,31.84274673461914,3.0565528869628906
1277,SrAl0.5Nb0.5O3,Sr,Ib,Ca,31.0,30.400691986083984,30.880619049072266,0.47992706298828125
1278,SrYb0.5Nb0.5O3,Sr,III,Ca,31.0,28.947269439697266,29.390878677368164,0.44360923767089844
1279,Ca0.4Sm0.6Mg0.3Ti0.7O3,Other,III,Ca,31.0,31.026819229125977,32.21879959106445,1.1919803619384766
1280,Ca4MgTa2TiO12,Ca,III,Ca,31.0,30.148096084594727,30.148096084594727,0.0
1281,Ca4NiTa2TiO12,Ca,III,Ca,31.0,30.679697036743164,30.679697036743164,0.0
1282,BaNi0.3333Nb0.6667O3,Ba,Ib,Ca,31.0,30.277191162109375,31.394512176513672,1.1173210144042969
1283,BaMg0.3333Nb0.6667O3,Ba,Ib,Ca,31.0,31.06521987915039,31.001794815063477,-0.06342506408691406
1284,Ba4SrTa4O15,Ba,Ib,Ca,31.100000381469727,31.26491355895996,31.337026596069336,0.072113037109375
1285,CaLi0.2333Nb0.4667Zr0.3O3,Ca,III,Ca,31.100000381469727,32.22480010986328,32.22480010986328,0.0
1286,BaMg0.25W0.25Ti0.5O3,Ba,Ib,Ca,31.200000762939453,31.12270164489746,30.162212371826172,-0.9604892730712891
1287,BaZn0.5W0.5O3,Ba,Ia,Ca,31.399999618530273,22.678279876708984,22.554121017456055,-0.12415885925292969
1288,BaZn0.3Ta0.6Ti0.4O3.6,Ba,Ib,Ca,31.5,32.84036636352539,24.813518524169922,-8.026847839355469
1289,SrSm0.5Ta0.5O3,Sr,III,Ca,31.0,28.36313247680664,27.653247833251953,-0.7098846435546875
1290,SrLa0.5Ta0.5O3,Sr,III,Ca,31.0,28.563140869140625,26.784870147705078,-1.7782707214355469
1291,Ba0.9875Sr0.0125Zn0.475Ga0.025Ta0.6583O3,Ba,Ib,Ca,31.0,31.88895034790039,31.691959381103516,-0.196990966796875
1292,Ba0.9875Sr0.0125Zn0.3167Ga0.025Ta0.6583O3,Ba,Ib,Ca,31.0,29.68158531188965,29.497543334960938,-0.18404197692871094
1293,CaLi0.2857Nb0.5715W0.1428O3,Ca,III,Ca,30.0,39.62027359008789,39.62027359008789,0.0
1294,Ba5Ta4O15,Ba,Ib,Ca,30.0,29.699060440063477,29.68060874938965,-0.018451690673828125
1295,BaZr0.03Ni0.0417Zn0.2817Ta0.6467O3,Ba,Ib,Ca,30.0,29.016027450561523,29.08893394470215,0.072906494140625
1296,BaZr0.05Zn0.32Ta0.63O3,Ba,Ib,Ca,30.0,29.22653579711914,29.002883911132812,-0.22365188598632812
1297,SrLi0.3078Nb0.4613W0.231O3,Sr,III,Ca,30.0,32.013980865478516,28.229049682617188,-3.784931182861328
1298,BaYb0.5Nb0.5O3,Ba,Ib,Ca,30.0,30.96455955505371,29.92889404296875,-1.035665512084961
1299,CaLi0.3Nb0.6Zr0.1O3,Ca,III,Ca,30.100000381469727,29.741260528564453,29.741260528564453,0.0
1300,Ba8ZnTa6O24,Ba,Ib,Ca,30.5,29.714920043945312,29.7357120513916,0.020792007446289062
1301,SrLi0.3889Nb0.5W0.2O3,Sr,III,Ca,31.0,29.90389633178711,22.978527069091797,-6.9253692626953125
1302,Sr0.15Ba0.85Yb0.5Ta0.5O3,Ba,II,Ca,31.0,29.888904571533203,29.29093360900879,-0.5979709625244141
1303,Sr0.625Ce0.25TiO3,Sr,Ib,Ca,143.0,139.3310546875,138.17916870117188,-1.151885986328125
0,Ca0.8Sr0.2SnO3,Ca,III,Sr,8.5,18.425823211669922,18.35395050048828,-0.07187271118164062
1,CaTi0.53Al0.235Nb0.235O3,Ca,II,Sr,49.79999923706055,48.213661193847656,46.42271041870117,-1.7909507751464844
2,CaTi0.5Al0.25Nb0.25O3,Ca,II,Sr,48.0,45.933406829833984,44.32535934448242,-1.6080474853515625
3,CaTi0.4Al0.3Nb0.3O3,Ca,II,Sr,41.29999923706055,39.77037811279297,38.29545593261719,-1.4749221801757812
4,CaTi0.3Al0.35Nb0.35O3,Ca,II,Sr,36.79999923706055,35.04400634765625,33.24440002441406,-1.7996063232421875
5,CaTi0.7Al0.15Nb0.15O3,Ca,II,Sr,65.4000015258789,66.03942108154297,62.755958557128906,-3.2834625244140625
6,CaTi0.6Al0.2Nb0.2O3,Ca,II,Sr,54.29999923706055,54.737342834472656,52.227088928222656,-2.51025390625
7,CaTi0.53Al0.235Nb0.235O3,Ca,II,Sr,48.5,48.26680374145508,46.463111877441406,-1.8036918640136719
8,CaTi0.5Al0.25Nb0.25O3,Ca,II,Sr,48.099998474121094,45.953956604003906,44.33423614501953,-1.619720458984375
9,CaTi0.4Al0.3Nb0.3O3,Ca,II,Sr,41.20000076293945,39.713871002197266,38.213836669921875,-1.5000343322753906
10,CaTi0.3Al0.35Nb0.35O3,Ca,II,Sr,36.400001525878906,34.94426345825195,33.09973907470703,-1.8445243835449219
11,CaTi0.7Al0.15Nb0.15O3,Ca,II,Sr,69.0,66.80378723144531,63.55745315551758,-3.2463340759277344
12,CaTi0.6Al0.2Nb0.2O3,Ca,II,Sr,56.599998474121094,55.12306594848633,52.56888961791992,-2.5541763305664062
13,CaTi0.53Al0.235Nb0.235O3,Ca,II,Sr,49.400001525878906,48.37401580810547,46.541114807128906,-1.8329010009765625
14,CaTi0.5Al0.25Nb0.25O3,Ca,II,Sr,48.0,45.96588897705078,44.31419372558594,-1.6516952514648438
15,CaTi0.4Al0.3Nb0.3O3,Ca,II,Sr,41.099998474121094,39.49907302856445,37.913665771484375,-1.5854072570800781
16,CaTi0.3Al0.35Nb0.35O3,Ca,II,Sr,36.400001525878906,34.60340118408203,32.61770248413086,-1.9856986999511719
17,Sm0.6Ca0.4Co0.3Ti0.7O3,Other,III,Sr,37.0,36.104156494140625,37.498138427734375,1.39398193359375
18,Ca0.6Sr0.4Al0.3Nb0.3Ti0.4O3,Ca,Ib,Sr,37.20000076293945,37.79297637939453,36.86127853393555,-0.9316978454589844
19,Ca5Nb4TiO17,Ca,III,Sr,45.599998474121094,37.051910400390625,36.04365921020508,-1.0082511901855469
20,Ca4.9Zn0.1Nb4TiO17,Ca,III,Sr,40.29999923706055,44.450775146484375,42.93964385986328,-1.5111312866210938
21,Ca4.8Zn0.2Nb4TiO17,Ca,III,Sr,37.900001525878906,44.04842758178711,42.69971466064453,-1.3487129211425781
22,Ca4.7Zn0.3Nb4TiO17,Ca,III,Sr,45.79999923706055,43.748714447021484,42.61894989013672,-1.1297645568847656
23,Ca4.6Zn0.4Nb4TiO17,Ca,III,Sr,52.0,43.489349365234375,42.58789825439453,-0.9014511108398438
24,CaTi0.6Al0.2Nb0.2O3,Ca,II,Sr,55.70000076293945,54.589134216308594,52.10137176513672,-2.487762451171875
25,CaTi0.7Al0.15Nb0.15O3,Ca,II,Sr,67.80000305175781,65.76713562011719,62.4809455871582,-3.2861900329589844
26,SrLa3Ti2NbO12,Sr,III,Sr,41.0,43.067047119140625,43.067047119140625,0.0
27,Sr2La2TiNb2O12,Sr,III,Sr,39.0,40.87590408325195,40.87590408325195,0.0
28,Ba2SrLaNb3O12,Ba,II,Sr,39.5,41.546607971191406,29.965591430664062,-11.581016540527344
29,Ba.5Sr.5LaNb3O12,Other,Ib,Sr,38.95000076293945,37.5306282043457,37.345672607421875,-0.18495559692382812
30,BaSr2LaNb3O12,Sr,III,Sr,37.099998474121094,36.658294677734375,36.658294677734375,0.0
31,Sr3LaNb3O12,Sr,III,Sr,35.79999923706055,36.59031295776367,36.59031295776367,0.0
32,BaLa0.5Nb0.5O3,Ba,III,Sr,45.0,44.30556869506836,44.24340057373047,-0.062168121337890625
33,BaPr0.5Nb0.5O3,Ba,III,Sr,44.5,43.216819763183594,42.94342803955078,-0.2733917236328125
34,BaNd0.5Nb0.5O3,Ba,III,Sr,44.0,41.635215759277344,41.19103240966797,-0.444183349609375
35,BaSm0.5Nb0.5O3,Ba,II,Sr,43.0,40.13835525512695,38.982643127441406,-1.1557121276855469
36,BaEu0.5Nb0.5O3,Ba,II,Sr,40.0,38.91962432861328,37.60761260986328,-1.31201171875
37,BaGd0.5Nb0.5O3,Ba,II,Sr,40.0,38.1583251953125,36.72391891479492,-1.4344062805175781
38,BaTb0.5Nb0.5O3,Ba,II,Sr,39.0,37.38579559326172,36.070350646972656,-1.3154449462890625
39,Ca5Nb2TiO12,Ca,III,Sr,48.0,37.46767807006836,30.020559310913086,-7.447118759155273
40,BaDy0.5Nb0.5O3,Ba,II,Sr,38.900001525878906,36.74372100830078,35.491695404052734,-1.2520256042480469
41,BaY0.5Nb0.5O3,Ba,II,Sr,37.0,36.021141052246094,35.28380584716797,-0.737335205078125
42,BaYb0.5Nb0.5O3,Ba,Ib,Sr,36.0,35.02079772949219,34.01346206665039,-1.0073356628417969
43,Ba8Ta4Ti3O23.5,Ba,Ib,Sr,40.0,40.51011276245117,40.28265380859375,-0.22745895385742188
44,Ba8Ta4.32Ti2.6O23.54,Ba,Ib,Sr,36.0,39.223655700683594,38.944358825683594,-0.279296875
45,Ba8Ta4.64Ti2.2O23.58,Ba,Ib,Sr,44.0,37.98704528808594,37.642425537109375,-0.3446197509765625
46,Ba10Ta7.04Ti.2O29.88,Ba,Ib,Sr,35.0,34.95874786376953,34.49867248535156,-0.46007537841796875
47,Ba10Ta7.28Ti0.9O29.91,Ba,Ib,Sr,35.0,35.202632904052734,34.75309371948242,-0.4495391845703125
48,Ba10Ta7.52Ti0.6O29.94,Ba,Ib,Sr,34.0,34.456932067871094,33.989688873291016,-0.4672431945800781
49,Ba5Ta4O15,Ba,Ib,Sr,28.0,29.438730239868164,29.23123550415039,-0.20749473571777344
50,Ba5Sr2Ta4ZrO21,Ba,Ib,Sr,27.0,27.49909019470215,26.259658813476562,-1.239431381225586
51,Sr3LaNb3O12,Sr,III,Sr,36.0,36.338504791259766,36.338504791259766,0.0
52,BaHo0.5Nb0.5O3,Ba,II,Sr,38.0,36.630699157714844,35.44449996948242,-1.1861991882324219
53,Ca5Ta2TiO12,Ca,III,Sr,38.0,37.29634475708008,31.276042938232422,-6.020301818847656
54,CaTi0.70Al0.15Ta0.15O3,Ca,II,Sr,65.4000015258789,64.3299789428711,60.480255126953125,-3.8497238159179688
55,CaTi0.60Al0.20Ta0.20O3,Ca,II,Sr,52.20000076293945,50.847618103027344,48.16875457763672,-2.678863525390625
56,CaTi0.60Al0.20Ta0.20O3,Ca,II,Sr,52.29999923706055,50.80861282348633,48.14633560180664,-2.6622772216796875
57,CaTi0.60Al0.20Ta0.20O3,Ca,II,Sr,52.400001525878906,50.7314338684082,48.09893798828125,-2.632495880126953
58,CaTi0.60Al0.20Ta0.20O3,Ca,II,Sr,52.0,50.68230438232422,48.06249237060547,-2.61981201171875
59,CaTi0.54Al0.23Ta0.23O3,Ca,II,Sr,46.599998474121094,45.07677459716797,42.499019622802734,-2.5777549743652344
60,CaTi0.54Al0.23Ta0.23O3,Ca,II,Sr,46.70000076293945,44.95319747924805,42.415496826171875,-2.537700653076172
61,CaTi0.54Al0.23Ta0.23O3,Ca,II,Sr,46.79999923706055,44.667171478271484,42.2235107421875,-2.4436607360839844
62,CaTi0.54Al0.23Ta0.23O3,Ca,II,Sr,46.5,44.416038513183594,42.055824279785156,-2.3602142333984375
63,CaTi0.50Al0.25Ta0.25O3,Ca,II,Sr,41.400001525878906,41.86163330078125,39.144378662109375,-2.717254638671875
64,CaTi0.70Al0.15Ta0.15O3,Ca,II,Sr,65.69999694824219,63.9976692199707,60.20429229736328,-3.793376922607422
65,CaTi0.50Al0.25Ta0.25O3,Ca,II,Sr,41.5,41.31879806518555,38.76130676269531,-2.5574913024902344
66,Ca0.70Nd0.30Ti0.70Al0.30O3,Ca,II,Sr,43.5,39.98851013183594,37.980224609375,-2.0082855224609375
67,Ca0.70La0.15Nd0.15Ti0.70Al0.30O3,Ca,II,Sr,41.5,40.13109588623047,37.6722412109375,-2.4588546752929688
68,Ca0.70La0.30Ti0.70Ga0.30O3,Ca,II,Sr,49.400001525878906,47.33585739135742,45.06861114501953,-2.2672462463378906
69,Ca0.70Nd0.30Ti0.70Ga0.15Al0.15O3,Ca,III,Sr,45.29999923706055,47.20301818847656,45.0476188659668,-2.1553993225097656
70,Ca0.70La0.30Ti0.70Ga0.15Al0.15O3,Ca,II,Sr,45.20000076293945,44.577178955078125,42.403533935546875,-2.17364501953125
71,Ca0.70La0.15Nd0.15Ti0.70Ga0.15Al0.15O3,Ca,II,Sr,45.20000076293945,43.041561126708984,40.87448501586914,-2.1670761108398438
72,Ca0.67La0.165Nd0.165Ti0.67Ga0.33O3,Ca,III,Sr,44.70000076293945,44.423065185546875,42.35295486450195,-2.070110321044922
73,Ca0.66La0.17Nd0.17Ti0.66Ga0.34O3,Ca,III,Sr,44.099998474121094,43.80479049682617,41.73726272583008,-2.0675277709960938
74,Ca0.64La0.18Nd0.18Ti0.64Ga0.36O3,Ca,III,Sr,43.599998474121094,42.66214370727539,40.59228515625,-2.0698585510253906
75,Ca0.66La0.34Ti0.66Ga0.34O3,Ca,II,Sr,47.5,44.78599166870117,42.574398040771484,-2.2115936279296875
76,Ca0.64La0.36Ti0.64Ga0.36O3,Ca,II,Sr,46.5,43.65390396118164,41.458438873291016,-2.195465087890625
77,Ba2.5Sr0.5LaNb3O12,Ba,Ib,Sr,41.86000061035156,42.29841232299805,31.153589248657227,-11.14482307434082
78,CaTi0.70Al0.15Ta0.15O3,Ca,II,Sr,65.5999984741211,63.65191650390625,59.920326232910156,-3.7315902709960938
79,CaLa4Ti4O15,Other,II,Sr,41.099998474121094,41.048370361328125,42.16428756713867,1.1159172058105469
80,BaZn0.300Nb0.600Zr0.100O3,Ba,Ib,Sr,38.0,40.093711853027344,38.785118103027344,-1.30859375
81,Ba0.80Sr0.20Zn0.313Ta0.627Ti0.060O3,Ba,Ib,Sr,42.0,38.802978515625,34.41973876953125,-4.38323974609375
82,Ba0.75Sr0.25Zn0.313Ta0.627Ti0.060O3,Ba,Ib,Sr,40.0,39.99459457397461,35.61779022216797,-4.376804351806641
83,Ba4LaTiNb3O15,Ba,Ib,Sr,52.0,47.268463134765625,45.981422424316406,-1.2870407104492188
84,Ba4LaSnNb3O15,Ba,Ib,Sr,39.0,38.284080505371094,36.38141632080078,-1.9026641845703125
85,Ca0.65Sm0.315Nd0.035Ti0.65Al0.35O3,Ca,II,Sr,39.70000076293945,39.71641159057617,37.53539276123047,-2.181018829345703
86,Ca0.25Sm0.675Nd0.075Ti0.25Al0.75O3,Other,II,Sr,22.739999771118164,22.64687156677246,22.09825897216797,-0.5486125946044922
87,Ca0.35Sm0.585Nd0.065Ti0.35Al0.65O3,Other,II,Sr,25.84000015258789,24.872241973876953,24.33260726928711,-0.5396347045898438
88,Ca0.45Sm0.495Nd0.055Ti0.45Al0.55O3,Ca,II,Sr,29.3799991607666,28.54030418395996,27.548681259155273,-0.9916229248046875
89,Ca0.55Sm0.405Nd0.045Ti0.55Al0.45O3,Ca,II,Sr,32.849998474121094,31.829055786132812,30.97650146484375,-0.8525543212890625
90,Ca0.75Sm0.225Nd0.025Ti0.75Al0.25O3,Ca,II,Sr,50.209999084472656,49.1157112121582,45.69987106323242,-3.4158401489257812
91,CaTi0.70Al0.15Ta0.15O3,Ca,II,Sr,65.5,63.511207580566406,59.80534744262695,-3.705860137939453
92,Ca0.85Sm0.135Nd0.015Ti0.85Al0.15O3,Ca,II,Sr,69.19999694824219,68.5419921875,63.43891525268555,-5.103076934814453
93,Ca5Nb.5Ta0.5TiO12,Ca,III,Sr,46.0,39.585731506347656,34.18358612060547,-5.4021453857421875
94,Ca5NbTaTiO12,Ca,III,Sr,43.0,40.10346221923828,34.800262451171875,-5.303199768066406
95,Ca5Nb0.5Ta.5TiO12,Ca,III,Sr,40.0,39.05818557739258,33.855804443359375,-5.202381134033203
96,Ca5Ta2TiO12,Ca,III,Sr,38.0,37.60356903076172,31.595134735107422,-6.008434295654297
97,BaZn0.333Co0.000Nb0.667O3,Ba,Ib,Sr,41.400001525878906,39.75270462036133,37.45330047607422,-2.2994041442871094
98,BaZn0.267Co0.067Nb0.667O3,Ba,Ib,Sr,40.099998474121094,37.74397659301758,36.296897888183594,-1.4470787048339844
99,BaZn0.200Co0.133Nb0.667O3,Ba,Ib,Sr,38.20000076293945,36.28466796875,35.544761657714844,-0.7399063110351562
100,BaZn0.133Co0.200Nb0.667O3,Ba,Ib,Sr,35.79999923706055,35.06586837768555,34.86254119873047,-0.20332717895507812
101,BaZn0.067Co0.267Nb0.667O3,Ba,Ib,Sr,33.900001525878906,34.2448844909668,34.29080581665039,0.04592132568359375
102,BaLa4Ti4O15,Other,Ib,Sr,44.400001525878906,44.7479248046875,45.63141632080078,0.8834915161132812
103,SrLa4Ti4O15,Other,II,Sr,43.70000076293945,42.511314392089844,43.746158599853516,1.2348442077636719
104,CaTi0.60Mg0.1333Nb0.2667O3,Ca,III,Sr,62.970001220703125,60.9940071105957,58.67449188232422,-2.3195152282714844
105,Ba3LaNb3O12,Ba,Ib,Sr,44.79999923706055,44.04253005981445,34.220924377441406,-9.821605682373047
106,Pb0.40Ca0.60Fe0.495Nb0.495Zr0.01O3,Ca,II,Sr,68.4000015258789,70.1401596069336,68.31908416748047,-1.821075439453125
107,LaAlO3,Other,Ia,Sr,22.0,22.417438507080078,21.775070190429688,-0.6423683166503906
108,La0.75Sr0.25Al0.75Ti0.25O3,Other,Ib,Sr,26.0,26.358041763305664,25.959613800048828,-0.39842796325683594
109,La0.55Sr0.45Al0.55Ti0.45O3,Sr,Ib,Sr,29.0,30.688669204711914,30.949298858642578,0.26062965393066406
110,La0.50Sr0.50Al0.50Ti0.50O3,Sr,Ib,Sr,33.0,32.29483413696289,32.615135192871094,0.3203010559082031
111,La0.45Sr0.55Al0.45Ti0.55O3,Sr,Ib,Sr,34.0,34.0758171081543,34.47173309326172,0.3959159851074219
112,La0.40Sr0.60Al0.40Ti0.60O3,Sr,Ib,Sr,39.0,37.2553825378418,37.2553825378418,0.0
113,La0.25Sr0.75Al0.25Ti0.75O3,Sr,Ib,Sr,46.0,46.188758850097656,46.188758850097656,0.0
114,Ba0.99Zn0.10Co0.2333Nb0.6667O3,Ba,Ib,Sr,33.70000076293945,33.896705627441406,33.99020767211914,0.09350204467773438
115,Ba0.993La0.0067Zn0.10Co0.2333Nb0.6667O3,Ba,Ib,Sr,34.0,33.951568603515625,33.86402893066406,-0.0875396728515625
116,LaZn0.5Ti0.5O3,Other,III,Sr,34.0,32.11526870727539,32.1239128112793,0.00864410400390625
117,Ba5Ta4O15,Ba,Ib,Sr,30.200000762939453,30.698040008544922,30.256458282470703,-0.44158172607421875
118,Ba4SrTa4O15,Ba,Ib,Sr,32.900001525878906,32.67020034790039,31.860549926757812,-0.8096504211425781
119,Ba3Sr2Ta4O15,Ba,Ib,Sr,34.29999923706055,34.52740478515625,33.286460876464844,-1.2409439086914062
120,Ba2Sr3Ta4O15,Sr,Ib,Sr,35.20000076293945,34.081626892089844,34.081626892089844,0.0
121,BaSr4Ta4O15,Sr,Ib,Sr,33.20000076293945,34.39307403564453,34.39307403564453,0.0
122,Sr5Ta4O15,Sr,II,Sr,43.5,40.838661193847656,40.838661193847656,0.0
123,Ba5NbTa3O15,Ba,Ib,Sr,31.700000762939453,29.644245147705078,29.30352210998535,-0.34072303771972656
124,Ba5Nb2Ta2O15,Ba,Ib,Sr,34.20000076293945,31.5089054107666,31.1540470123291,-0.3548583984375
125,Ba5Nb3TaO15,Ba,Ib,Sr,37.20000076293945,35.59894561767578,35.152164459228516,-0.4467811584472656
126,Ba5Nb4O15,Ba,Ib,Sr,42.0,42.427024841308594,42.560150146484375,0.13312530517578125
127,Sr5Nb2Ta2O15,Sr,II,Sr,34.29999923706055,40.49461364746094,40.49461364746094,0.0
128,Sr5Nb3TaO15,Sr,II,Sr,38.20000076293945,42.98713302612305,42.98713302612305,0.0
129,Li0.774Zr0.057NbO3,Other,III,Sr,30.969999313354492,31.604961395263672,31.529367446899414,-0.07559394836425781
130,Li0.774Zr0.057NbO3,Other,III,Sr,38.65999984741211,31.604961395263672,31.529367446899414,-0.07559394836425781
131,Li0.774Zr0.057NbO3,Other,III,Sr,27.75,30.75530433654785,30.66461753845215,-0.09068679809570312
132,Li0.774Zr0.057NbO3,Other,III,Sr,33.0099983215332,31.604961395263672,31.529367446899414,-0.07559394836425781
133,Ba6Nb4ZrO18,Ba,Ib,Sr,32.400001525878906,34.55954360961914,34.25487518310547,-0.3046684265136719
134,Ba6Ta4TiO18,Ba,Ib,Sr,29.299999237060547,33.30103302001953,33.042701721191406,-0.258331298828125
135,Ba5SrNb4TiO18,Ba,Ib,Sr,50.79999923706055,49.83708190917969,48.5024528503418,-1.3346290588378906
136,Ba5SrNb4ZrO18,Ba,Ib,Sr,39.5,38.89110565185547,37.796993255615234,-1.0941123962402344
137,Ba5SrTa4TiO18,Ba,Ib,Sr,34.900001525878906,35.69169235229492,35.1245231628418,-0.567169189453125
138,Sr6Nb4TiO18,Sr,Ib,Sr,46.20000076293945,40.677459716796875,40.677459716796875,0.0
139,BaZn0.333Ta0.667O3,Ba,Ib,Sr,29.5,29.4903621673584,28.257497787475586,-1.2328643798828125
140,BaZn0.333Ta0.667O3,Ba,Ib,Sr,29.600000381469727,28.97943687438965,27.346609115600586,-1.6328277587890625
141,BaZn0.333Ta0.667O3,Ba,Ib,Sr,28.399999618530273,28.84393882751465,27.295848846435547,-1.5480899810791016
142,BaZn0.333Ta0.667O3,Ba,Ib,Sr,30.200000762939453,29.209270477294922,27.43808937072754,-1.7711811065673828
143,NdCo0.5Ti0.5O3,Other,III,Sr,27.0,26.298110961914062,26.5308837890625,0.2327728271484375
144,Sr5Nb4O15,Sr,II,Sr,45.20000076293945,49.750526428222656,49.750526428222656,0.0
145,Nd0.9Sr0.1Co0.45Ti0.55O3,Other,III,Sr,29.31999969482422,29.05613136291504,29.6813907623291,0.6252593994140625
146,Ba2SrYNb3O12,Ba,Ib,Sr,34.099998474121094,38.79484176635742,25.144197463989258,-13.650644302368164
147,BaSr2YNb3O12,Sr,II,Sr,34.70000076293945,35.31471633911133,35.31471633911133,0.0
148,Sr3YNb3O12,Sr,III,Sr,34.900001525878906,34.715362548828125,34.715362548828125,0.0
149,BaZn0.33Ta0.67O3,Ba,Ib,Sr,29.100000381469727,28.669687271118164,27.665088653564453,-1.004598617553711
150,BaZn0.33Ta0.67O3,Ba,Ib,Sr,30.399999618530273,28.669687271118164,27.665088653564453,-1.004598617553711
151,Sr0.1Ba0.9Ti0.1Zn0.3Ta0.6O3,Ba,Ib,Sr,33.70000076293945,32.925498962402344,31.305461883544922,-1.6200370788574219
152,BaMg0.333Nb0.667O3,Ba,Ib,Sr,31.200000762939453,30.641292572021484,30.369848251342773,-0.27144432067871094
153,BaMg0.333Nb0.667O3,Ba,Ib,Sr,31.5,30.45699691772461,30.273151397705078,-0.18384552001953125
154,BaMg0.333Nb0.667O3,Ba,Ib,Sr,31.0,30.641292572021484,30.369848251342773,-0.27144432067871094
155,BaZn0.25Ta0.50Ti0.33O3,Ba,Ib,Sr,31.5,32.13920593261719,32.63063430786133,0.4914283752441406
156,BaSn0.226Zn0.255Nb0.515O3,Ba,Ib,Sr,32.0,32.97568893432617,30.40219497680664,-2.5734939575195312
157,Ba3YNb3O12,Ba,Ib,Sr,29.899999618530273,37.083038330078125,29.601421356201172,-7.481616973876953
158,La0.680Al0.04Ti0.96O3,Other,II,Sr,71.9000015258789,69.90773010253906,70.97238159179688,1.0646514892578125
159,La0.687Al0.06Ti0.94O3,Other,II,Sr,67.5999984741211,67.53059387207031,68.98300170898438,1.4524078369140625
160,La0.693Al0.08Ti0.92O3,Other,II,Sr,66.9000015258789,65.3322982788086,66.99596405029297,1.663665771484375
161,Ca4La2Ti4Mg0.333Nb0.667O17,Ca,III,Sr,59.29999923706055,49.12053298950195,47.89932632446289,-1.2212066650390625
162,Ca4La2Ti3Mg0.667Nb.333O17,Ca,III,Sr,49.209999084472656,46.785179138183594,41.540382385253906,-5.2447967529296875
163,Ca4La2Ti2.5Mg0.833Nb.667O17,Ca,III,Sr,44.36000061035156,43.660491943359375,42.01710891723633,-1.6433830261230469
164,Ca4La2Ti2MgNb2O17,Ca,III,Sr,40.45000076293945,40.9760856628418,40.012027740478516,-0.9640579223632812
165,Ca4La2TiMg.333Nb2.667O17,Ca,III,Sr,35.22999954223633,41.68255615234375,41.016319274902344,-0.6662368774414062
166,Pb0.55Ca0.45Fe0.475Nb0.475Zr0.05O3,Ca,II,Sr,108.5,101.99929809570312,117.87982177734375,15.880523681640625
167,Pb0.50Ca0.50Fe0.475Nb0.475Zr0.05O3,Ca,II,Sr,94.30000305175781,92.8686752319336,103.71722412109375,10.848548889160156
168,Pb0.45Ca0.55Fe0.475Nb0.475Zr0.05O3,Ca,II,Sr,81.19999694824219,82.80628967285156,86.98408508300781,4.17779541015625
169,Pb0.40Ca0.60Fe0.475Nb0.475Zr0.05O3,Ca,II,Sr,67.19999694824219,69.34269714355469,66.86590576171875,-2.4767913818359375
170,Ca4La2Ti5O17,Ca,II,Sr,71.86000061035156,70.46709442138672,66.81953430175781,-3.6475601196289062
171,Pb0.55Ca0.45Fe0.475Nb0.475Zr0.05O3,Ca,II,Sr,100.0999984741211,102.45420837402344,118.32100677490234,15.866798400878906
172,Pb0.45Ca0.55Fe0.475Nb0.475Zr0.05O3,Ca,II,Sr,86.80000305175781,83.33380126953125,87.60914611816406,4.2753448486328125
173,Pb0.40Ca0.60Fe0.475Nb0.475Zr0.05O3,Ca,II,Sr,70.0999984741211,69.81698608398438,67.34578704833984,-2.4711990356445312
174,Pb0.60Ca0.40Fe0.495Nb0.495Zr0.01O3,Other,II,Sr,126.69999694824219,128.1024932861328,128.02774047851562,-0.0747528076171875
175,Pb0.55Ca0.45Fe0.495Nb0.495Zr0.01O3,Ca,II,Sr,90.5999984741211,98.04759216308594,113.89473724365234,15.847145080566406
176,Pb0.50Ca0.50Fe0.495Nb0.495Zr0.01O3,Ca,II,Sr,86.30000305175781,91.00729370117188,100.8419189453125,9.834625244140625
177,Pb0.45Ca0.55Fe0.495Nb0.495Zr0.01O3,Ca,II,Sr,82.5,81.80904388427734,85.75065612792969,3.9416122436523438
178,Pb0.40Ca0.60Fe0.495Nb0.495Zr0.01O3,Ca,II,Sr,68.69999694824219,69.61997985839844,67.73250579833984,-1.8874740600585938
179,Pb0.60Ca0.40Fe0.495Nb0.495Zr0.01O3,Other,II,Sr,128.39999389648438,128.22171020507812,128.1629638671875,-0.058746337890625
180,Pb0.55Ca0.45Fe0.495Nb0.495Zr0.01O3,Ca,II,Sr,97.0999984741211,98.45518493652344,114.31501770019531,15.859832763671875
181,Pb0.50Ca0.50Fe0.495Nb0.495Zr0.01O3,Ca,II,Sr,89.19999694824219,91.41053771972656,101.39430236816406,9.9837646484375
182,Pb0.45Ca0.55Fe0.495Nb0.495Zr0.01O3,Ca,II,Sr,85.30000305175781,82.3328857421875,86.38539123535156,4.0525054931640625
183,Pb0.50Ca0.50Fe0.475Nb0.475Zr0.05O3,Ca,II,Sr,96.5,93.29150390625,104.28956604003906,10.998062133789062
184,BaZn0.20Co0.133Nb0.667O3,Ba,Ib,Sr,35.5,34.897151947021484,33.947940826416016,-0.9492111206054688
185,BaCo0.233Zn0.100Nb0.667O3,Ba,Ib,Sr,34.5,33.27021026611328,32.06403350830078,-1.2061767578125
186,La0.8Ti0.6Al0.4O3,Other,Ia,Sr,38.70000076293945,35.823246002197266,35.96174240112305,0.13849639892578125
187,La0.700Al0.10Ti0.90O3,Other,II,Sr,62.599998474121094,61.399070739746094,63.47052001953125,2.0714492797851562
188,La0.708Al0.125Ti0.875O3,Other,II,Sr,60.70000076293945,59.04852294921875,61.191078186035156,2.1425552368164062
189,La0.717Al0.15Ti0.85O3,Other,II,Sr,57.70000076293945,56.7213020324707,58.9315185546875,2.210216522216797
190,La0.733Al0.20Ti0.80O3,Other,II,Sr,53.900001525878906,51.7507209777832,55.543914794921875,3.793193817138672
191,La0.767Al0.30Ti0.70O3,Other,II,Sr,44.900001525878906,42.89573669433594,45.35960388183594,2.4638671875
192,La0.800Al0.40Ti0.60O3,Other,Ia,Sr,39.599998474121094,35.8480110168457,35.98439407348633,0.136383056640625
193,La0.833Al0.50Ti0.50O3,Other,Ia,Sr,34.400001525878906,32.409175872802734,32.313629150390625,-0.09554672241210938
194,La0.680Al0.04Ti0.96O3,Other,II,Sr,70.4000015258789,69.90574645996094,70.96947479248047,1.0637283325195312
195,La0.687Al0.06Ti0.94O3,Other,II,Sr,68.0,67.53059387207031,68.98300170898438,1.4524078369140625
196,La0.693Al0.08Ti0.92O3,Other,II,Sr,66.69999694824219,65.31752014160156,66.98239135742188,1.6648712158203125
197,La0.700Al0.10Ti0.90O3,Other,II,Sr,65.30000305175781,61.399070739746094,63.47052001953125,2.0714492797851562
198,BaCo0.333Nb0.667O3,Ba,Ib,Sr,32.0,32.89084243774414,32.601356506347656,-0.2894859313964844
199,La0.708Al0.125Ti0.875O3,Other,II,Sr,60.79999923706055,59.04852294921875,61.191078186035156,2.1425552368164062
200,La0.733Al0.20Ti0.80O3,Other,II,Sr,53.099998474121094,51.7507209777832,55.543914794921875,3.793193817138672
201,La0.767Al0.30Ti0.70O3,Other,II,Sr,46.29999923706055,42.96355438232422,45.427650451660156,2.4640960693359375
202,La0.800Al0.40Ti0.60O3,Other,Ia,Sr,40.0,35.8480110168457,35.98439407348633,0.136383056640625
203,La0.833Al0.50Ti0.50O3,Other,Ia,Sr,36.599998474121094,32.409175872802734,32.313629150390625,-0.09554672241210938
204,La0.8Ti0.6Al0.4O3,Other,Ia,Sr,29.399999618530273,35.89726257324219,36.02937698364258,0.13211441040039062
205,La0.8Ti0.6Al0.4O3,Other,Ia,Sr,34.20000076293945,35.89726257324219,36.02937698364258,0.13211441040039062
206,La0.8Ti0.6Al0.4O3,Other,Ia,Sr,35.099998474121094,35.8726806640625,36.006935119628906,0.13425445556640625
207,La0.8Ti0.6Al0.4O3,Other,Ia,Sr,38.70000076293945,35.8726806640625,36.006935119628906,0.13425445556640625
208,La0.8Ti0.6Al0.4O3,Other,Ia,Sr,39.599998474121094,35.8480110168457,35.98439407348633,0.136383056640625
209,La0.8Ti0.6Al0.4O3,Other,Ia,Sr,40.0,35.8480110168457,35.98439407348633,0.136383056640625
210,La0.8Ti0.6Al0.4O3,Other,Ia,Sr,38.29999923706055,35.823246002197266,35.96174240112305,0.13849639892578125
211,La0.717Al0.15Ti0.85O3,Other,II,Sr,54.400001525878906,56.7213020324707,58.9315185546875,2.210216522216797
212,Ba6Nb4TiO18,Ba,Ib,Sr,46.20000076293945,44.8317756652832,44.108028411865234,-0.7237472534179688
213,CaTi0.50Mg0.1667Nb0.3333O3,Ca,III,Sr,54.310001373291016,53.164390563964844,50.44206619262695,-2.7223243713378906
214,CaTi0.35Mg0.2167Nb0.4333O3,Ca,III,Sr,44.2400016784668,45.392417907714844,42.378143310546875,-3.0142745971679688
215,Ca0.45Li0.175Dy0.0667Nd0.2417TiO3,Ca,III,Sr,100.0999984741211,115.90330505371094,116.99909973144531,1.095794677734375
216,Ca0.45Li0.225Dy0.0333Nd0.2583TiO3,Ca,III,Sr,105.0999984741211,117.83709716796875,119.5517578125,1.71466064453125
217,Ca0.30Li0.20Dy0.10Nd0.30TiO3,Other,III,Sr,97.5999984741211,104.25016784667969,106.782958984375,2.5327911376953125
218,Ca0.20Li0.25Dy0.10Nd0.35TiO3,Other,III,Sr,89.4000015258789,97.61637115478516,102.25304412841797,4.6366729736328125
219,Ca0.40Li0.25Dy0.0333Nd0.2833TiO3,Ca,III,Sr,103.0,113.6724624633789,117.1181640625,3.4457015991210938
220,Ca0.10Li0.25Dy0.1333Nd0.3833TiO3,Other,III,Sr,70.5999984741211,78.94990539550781,84.96358489990234,6.013679504394531
221,Ca0.5Pb0.5Zr0.95Ti0.05O3,Ca,III,Sr,72.0,71.910888671875,72.33721923828125,0.42633056640625
222,Ca4La2Ti5O17,Ca,II,Sr,73.0,70.80015563964844,69.56304168701172,-1.2371139526367188
223,Ca0.268Li0.165Sm0.433TiO3,Other,III,Sr,95.5,96.30865478515625,97.28633880615234,0.9776840209960938
224,Ca0.5Pb0.5Fe0.5Ta0.5O3,Ca,II,Sr,67.9000015258789,78.00875854492188,80.44355773925781,2.4347991943359375
225,Ca0.5Pb0.5Fe0.5Ta0.5O3,Ca,II,Sr,79.5999984741211,78.45307922363281,80.94117736816406,2.48809814453125
226,Ca0.5Pb0.5Fe0.5Ta0.5O3,Ca,II,Sr,84.0,78.89280700683594,81.43538665771484,2.5425796508789062
227,Ca0.5Pb0.5Fe0.5Ta0.5O3,Ca,II,Sr,83.9000015258789,79.32523345947266,81.92451477050781,2.5992813110351562
228,Pb.0ZrO3,Other,III,Sr,129.0,124.02653503417969,123.57243347167969,-0.4541015625
229,Ba0.05Pb0.95ZrO3,Other,II,Sr,135.0,136.64108276367188,136.41220092773438,-0.2288818359375
230,Pb0.90Sr0.10ZrO3,Other,III,Sr,127.0,122.7621841430664,122.11149597167969,-0.6506881713867188
231,Pb0.50Sr0.50ZrO3,Sr,III,Sr,101.0,101.0460205078125,101.0460205078125,0.0
232,Pb0.40Sr0.60ZrO3,Sr,III,Sr,73.0,75.19651794433594,75.19651794433594,0.0
233,Pb0.95Ca0.05ZrO3,Other,III,Sr,112.0,121.2289810180664,120.8860092163086,-0.3429718017578125
234,Pb0.70Ca0.30ZrO3,Other,III,Sr,132.0,123.7068099975586,124.2742919921875,0.5674819946289062
235,Ca0.45Li0.125Dy0.10Nd0.225TiO3,Ca,III,Sr,121.30000305175781,114.18409729003906,114.57872009277344,0.394622802734375
236,Ca0.20Li0.25La0.10Nd0.35TiO3,Other,III,Sr,110.4000015258789,114.30891418457031,115.34941101074219,1.040496826171875
237,Ca0.30Li0.20La0.10Nd0.30TiO3,Other,III,Sr,116.0,113.02531433105469,113.71949768066406,0.694183349609375
238,Ca0.40Li0.15La0.10Nd0.25TiO3,Ca,III,Sr,117.0,119.0031509399414,118.31831359863281,-0.6848373413085938
239,SrPr4Ti5O17,Other,III,Sr,46.099998474121094,44.56174087524414,32.84150314331055,-11.720237731933594
240,Ca0.68Nd0.08Sm0.20Ti0.80Al0.20O3,Ca,III,Sr,58.849998474121094,51.38617706298828,49.125247955322266,-2.2609291076660156
241,Ca0.4Li0.3Nd0.3TiO3,Other,III,Sr,112.5999984741211,115.3530502319336,115.24153137207031,-0.11151885986328125
242,CaMg0.2Ta0.4Ti0.4O3,Ca,III,Sr,60.20000076293945,52.986717224121094,48.638282775878906,-4.3484344482421875
243,Ca0.6Pb0.4Fe0.5Ta0.5O3,Ca,II,Sr,62.0,60.583595275878906,51.214027404785156,-9.36956787109375
244,Pb0.6Ca0.4Fe0.475Nb0.475Sn0.05O3,Other,II,Sr,140.39999389648438,138.74317932128906,138.4527130126953,-0.29046630859375
245,Pb0.5Ca0.5Fe0.475Nb0.475Sn0.05O3,Ca,II,Sr,102.80000305175781,99.79582214355469,115.2563705444336,15.460548400878906
246,Pb0.48Ca0.52Fe0.475Nb0.475Sn0.05O3,Ca,II,Sr,95.0,95.50685119628906,108.53646087646484,13.029609680175781
247,Pb0.46Ca0.54Fe0.475Nb0.475Sn0.05O3,Ca,II,Sr,90.5999984741211,91.3802261352539,100.55415344238281,9.173927307128906
248,Pb0.45Ca0.55Fe0.475Nb0.475Sn0.05O3,Ca,II,Sr,88.9000015258789,89.29930877685547,96.53135681152344,7.232048034667969
249,Pb0.4Ca0.6Fe0.475Nb0.475Sn0.05O3,Ca,II,Sr,81.0,76.97383117675781,80.65035247802734,3.6765213012695312
250,Pb0.65Ca0.35ZrO3,Other,III,Sr,118.0,115.00428771972656,115.83109283447266,0.8268051147460938
251,Pb0.6Ca0.4Fe0.45Nb0.45Sn0.1O3,Other,II,Sr,138.0,138.5140838623047,138.29908752441406,-0.214996337890625
252,Pb0.48Ca0.52Fe0.45Nb0.45Sn0.1O3,Ca,II,Sr,92.4000015258789,92.50621032714844,103.7424545288086,11.236244201660156
253,Pb0.46Ca0.54Fe0.45Nb0.45Sn0.1O3,Ca,II,Sr,86.69999694824219,88.01515197753906,94.7352523803711,6.720100402832031
254,Pb0.45Ca0.55Fe0.45Nb0.45Sn0.1O3,Ca,II,Sr,85.30000305175781,85.60250091552734,90.44489288330078,4.8423919677734375
255,Pb0.4Ca0.6Fe0.45Nb0.45Sn0.1O3,Ca,II,Sr,71.0999984741211,72.39279174804688,73.73942565917969,1.3466339111328125
256,Ca0.20Li0.34La0.04Nd0.38TiO3,Other,III,Sr,132.60000610351562,127.231201171875,125.53889465332031,-1.6923065185546875
257,Ca0.40Li0.24La0.04Nd0.28TiO3,Ca,III,Sr,136.39999389648438,118.2911148071289,119.67982482910156,1.3887100219726562
258,Ca0.60Li0.14La0.04Nd0.18TiO3,Ca,III,Sr,142.0,129.35269165039062,127.7298355102539,-1.6228561401367188
259,Ca0.60Li0.15La0.0333Nd0.1833TiO3,Ca,III,Sr,128.1999969482422,129.33633422851562,127.82232666015625,-1.514007568359375
260,Ca0.50Li0.20La0.0333Nd0.2333TiO3,Ca,III,Sr,123.0,124.6612548828125,124.12052917480469,-0.5407257080078125
261,Ca0.40Li0.25La0.0333Nd0.2833TiO3,Ca,III,Sr,121.30000305175781,117.93043518066406,119.69026947021484,1.7598342895507812
262,Ca0.60Li0.05La0.10Nd0.15TiO3,Ca,III,Sr,117.0,118.2524642944336,117.3388900756836,-0.91357421875
263,Pb0.5Ca0.5Fe0.45Nb0.45Sn0.1O3,Ca,II,Sr,96.80000305175781,96.9742431640625,111.9390640258789,14.964820861816406
264,Pb0.63Ca0.37ZrO3,Other,III,Sr,110.0,109.58415222167969,110.56163024902344,0.97747802734375
265,Pb0.60Ca0.40ZrO3,Other,III,Sr,94.0,100.57917785644531,102.10713958740234,1.5279617309570312
266,Pb0.50Ca0.50ZrO3,Ca,III,Sr,74.0,72.6637191772461,75.34034729003906,2.6766281127929688
267,Ca0.20Sr0.80Ti0.20Mg0.2667Nb0.5333O3,Sr,II,Sr,45.0,43.66632080078125,43.66632080078125,0.0
268,Ca0.7Nd0.3Ti0.7Al0.3O3,Ca,II,Sr,44.0,45.14879608154297,42.557762145996094,-2.591033935546875
269,BaTi0.50Ga0.25Nb0.25O3,Ba,Ib,Sr,86.0,82.4533462524414,81.5634536743164,-0.889892578125
270,BaTi0.40Ga0.30Nb0.30O3,Ba,Ib,Sr,66.0,65.4173812866211,63.65264892578125,-1.7647323608398438
271,BaTi0.30Ga0.35Nb0.35O3,Ba,Ib,Sr,47.0,45.597007751464844,44.248233795166016,-1.3487739562988281
272,Ba2La3Ti3NbO15,Ba,II,Sr,47.0,47.416534423828125,39.878807067871094,-7.537727355957031
273,Ba3La3Ti4Nb2O18,Ba,Ib,Sr,47.439998626708984,47.95216369628906,48.448631286621094,0.49646759033203125
274,Sr0.2Ca0.488Nd0.208Ti0.6Al0.5333O3,Ca,II,Sr,48.29999923706055,45.68516159057617,41.135841369628906,-4.549320220947266
275,Pb0.4Ca0.6Fe0.5Ta0.5O3,Ca,II,Sr,62.0,60.583595275878906,51.214027404785156,-9.36956787109375
276,Ca0.80Nd0.1333TiO3,Ca,III,Sr,119.0,118.56636047363281,116.9797134399414,-1.5866470336914062
277,Ca0.70Nd0.20TiO3,Ca,III,Sr,107.0,112.52335357666016,111.67337799072266,-0.8499755859375
278,Ba3LaNb3O12,Ba,Ib,Sr,43.5,44.09648895263672,34.4943733215332,-9.602115631103516
279,Ca0.61Nd0.26TiO3,Ca,III,Sr,98.0,106.65071105957031,106.49029541015625,-0.1604156494140625
280,Ca0.28Sm0.28Li0.15Nd0.15TiO3,Other,III,Sr,98.0,101.80992126464844,104.2149887084961,2.4050674438476562
281,Ca0.85Nd0.10TiO3,Ca,III,Sr,141.0,121.04042053222656,119.2313232421875,-1.8090972900390625
282,Ca0.73Nd0.18TiO3,Ca,III,Sr,117.0,114.46060943603516,113.3733901977539,-1.08721923828125
283,Ca0.61Nd0.26TiO3,Ca,III,Sr,108.0,106.65071105957031,106.49029541015625,-0.1604156494140625
284,Ca0.50Nd0.3333TiO3,Ca,III,Sr,100.0,100.4578628540039,101.16720581054688,0.7093429565429688
285,Ca0.40Nd0.40TiO3,Ca,III,Sr,99.0,95.9195556640625,97.56338500976562,1.643829345703125
286,Ca0.31Nd0.46TiO3,Ca,III,Sr,98.0,92.21830749511719,94.27830505371094,2.05999755859375
287,Ca0.22Nd0.52TiO3,Other,III,Sr,102.0,86.62566375732422,90.34136199951172,3.7156982421875
288,Ca0.15Nd0.5667TiO3,Other,III,Sr,94.0,83.04741668701172,86.87578582763672,3.828369140625
289,Ca0.07Nd0.62TiO3,Other,III,Sr,82.0,78.26580047607422,82.1133041381836,3.847503662109375
290,Ca0.58Nd0.28TiO3,Ca,III,Sr,93.0,104.82051086425781,104.89543151855469,0.074920654296875
291,SrLaPr3Ti5O17,Other,II,Sr,50.0,55.146202087402344,39.39017868041992,-15.756023406982422
292,Ba3LaNb3O12,Ba,Ib,Sr,43.599998474121094,44.17148208618164,34.66504669189453,-9.50643539428711
293,Ba3LaNb3O12,Ba,Ib,Sr,43.79999923706055,44.25068664550781,34.840248107910156,-9.410438537597656
294,Ca0.8Sm0.1333TiO3,Ca,III,Sr,119.0,122.89585876464844,123.21268463134766,0.31682586669921875
295,Ca0.6Sm0.2667TiO3,Ca,III,Sr,101.0,102.45631408691406,102.14952850341797,-0.30678558349609375
296,Ca0.4Sm0.4TiO3,Ca,III,Sr,94.5,95.39830017089844,96.64717864990234,1.2488784790039062
297,Ca0.70Nd0.20TiO3,Ca,III,Sr,112.95999908447266,112.60176086425781,111.7542495727539,-0.8475112915039062
298,Ca0.61Nd0.26TiO3,Ca,III,Sr,103.3499984741211,106.73350524902344,106.57161712646484,-0.16188812255859375
299,Ca0.52Nd0.32TiO3,Ca,III,Sr,100.08000183105469,101.52027893066406,102.07617950439453,0.5559005737304688
300,Ca0.3Li0.35Sm0.35TiO3,Other,III,Sr,114.0,114.0833511352539,114.5899658203125,0.5066146850585938
301,Ca0.5Li0.25Sm0.25TiO3,Ca,III,Sr,130.5,127.93034362792969,125.8420181274414,-2.0883255004882812
302,Sr0.4Ce0.4TiO3,Sr,II,Sr,113.0,113.87593841552734,115.3764877319336,1.50054931640625
303,Ba3LaNb3O12,Ba,Ib,Sr,43.5,44.210548400878906,34.75206756591797,-9.458480834960938
304,Sr0.5Ce0.3333TiO3,Sr,Ib,Sr,123.0,127.7192611694336,127.7192611694336,0.0
305,Sr0.625Ce0.25TiO3,Sr,Ib,Sr,143.0,135.6982879638672,135.6982879638672,0.0
306,La0.48Ca0.52Co0.24Ti0.76O3,Ca,III,Sr,45.0,45.77969741821289,45.94532012939453,0.16562271118164062
307,Nd0.52Ca0.48Co0.26Ti0.74O3,Ca,III,Sr,43.0,41.6115608215332,39.931617736816406,-1.6799430847167969
308,Ba3LaNb3O12,Ba,Ib,Sr,43.900001525878906,44.29193878173828,34.92961120605469,-9.362327575683594
309,Sr0.5714Ce0.2857TiO3,Sr,Ib,Sr,136.0,132.86831665039062,132.86831665039062,0.0
310,CaTi0.40Mg0.20Nb0.40O3,Ca,III,Sr,47.25,47.61701202392578,44.723472595214844,-2.8935394287109375
311,SrLa2Pr2Ti5O17,Other,II,Sr,53.5,57.25687789916992,41.12497329711914,-16.13190460205078
312,SrLa4Ti5O17,Other,II,Sr,60.79999923706055,51.853546142578125,40.78502655029297,-11.068519592285156
313,Ca3Ba2Nb2TiO12,Ca,Ib,Sr,66.0,56.3408088684082,49.50904846191406,-6.831760406494141
314,Ca2Ba3Nb2TiO12,Ba,Ib,Sr,75.0,65.89466857910156,46.954566955566406,-18.940101623535156
315,CaBa4Nb2TiO12,Ba,Ib,Sr,83.0,66.66744232177734,49.81842803955078,-16.849014282226562
316,Ca3Ba2Ta2TiO12,Ca,Ib,Sr,48.0,57.95283126831055,52.814247131347656,-5.138584136962891
317,Ca2Ba3Ta2TiO12,Ba,Ib,Sr,61.0,68.09212493896484,50.63640594482422,-17.455718994140625
318,CaBa4Ta2TiO12,Ba,Ib,Sr,64.0,68.651123046875,53.24018478393555,-15.410938262939453
319,Ba3LaNb3O12,Ba,Ib,Sr,48.29999923706055,46.32928466796875,38.66388702392578,-7.665397644042969
320,Ba3LaNb3O12,Ba,Ib,Sr,44.20000076293945,46.32928466796875,38.66388702392578,-7.665397644042969
321,Ba3La2Ti2Nb2O12,Ba,Ib,Sr,42.79999923706055,45.047630310058594,36.39704513549805,-8.650585174560547
322,BaLa4Ti4O15,Other,Ib,Sr,45.0,46.15085983276367,46.9665641784668,0.815704345703125
323,BaLa3.96Al0.44Ti4O15,Other,Ib,Sr,44.0,43.60316848754883,43.690895080566406,0.08772659301757812
324,BaPr0.3Bi0.2Nb0.5O3,Ba,II,Sr,60.70000076293945,55.761138916015625,56.6588020324707,0.8976631164550781
325,BaSm0.3Bi0.2Nb0.5O3,Ba,II,Sr,50.79999923706055,50.135658264160156,50.173702239990234,0.038043975830078125
326,BaGd0.3Bi0.2Nb0.5O3,Ba,II,Sr,47.900001525878906,47.898643493652344,47.67085266113281,-0.22779083251953125
327,BaDy0.3Bi0.2Nb0.5O3,Ba,II,Sr,48.599998474121094,46.244842529296875,45.823486328125,-0.421356201171875
328,BaY0.3Bi0.2Nb0.5O3,Ba,Ib,Sr,44.599998474121094,44.93817901611328,44.18434143066406,-0.7538375854492188
329,BaEr0.3Bi0.2Nb0.5O3,Ba,Ib,Sr,46.099998474121094,44.14956283569336,43.204429626464844,-0.9451332092285156
330,Ca0.5Nd0.5Zn0.25Ti0.75O3,Ca,III,Sr,45.0,41.38031005859375,40.76919937133789,-0.6111106872558594
331,Ba4NdTiNb3O15,Ba,Ib,Sr,38.150001525878906,42.368709564208984,41.49065399169922,-0.8780555725097656
332,Ba3Nd2Ti2Nb2O15,Ba,Ib,Sr,46.83000183105469,48.2393913269043,38.81911087036133,-9.420280456542969
333,BaSrLa3Ti3NbO15,Ba,III,Sr,43.029998779296875,47.30540466308594,45.186798095703125,-2.1186065673828125
334,Ba.25Sr0.75La3Ti3NbO15,Ba,III,Sr,46.86000061035156,47.313011169433594,45.44270706176758,-1.8703041076660156
335,Ba.5Sr0.5La3Ti3NbO15,Other,Ib,Sr,46.31999969482422,47.642276763916016,37.17304992675781,-10.469226837158203
336,Ba.75Sr0.25La3Ti3NbO15,Other,Ib,Sr,47.0099983215332,46.80216598510742,37.173583984375,-9.628582000732422
337,CaTi0.30Mg0.2333Nb0.4667O3,Ca,III,Sr,41.560001373291016,43.47348403930664,40.28108215332031,-3.192401885986328
338,CaLa4Ti4O15,Other,II,Sr,44.70000076293945,42.994606018066406,44.36281204223633,1.3682060241699219
339,SrLa4Ti4O15,Other,II,Sr,45.099998474121094,43.635826110839844,44.999122619628906,1.3632965087890625
340,BaLa4Ti4O15,Other,Ib,Sr,49.099998474121094,46.571937561035156,47.66226577758789,1.0903282165527344
341,Ca2La4Ti5O18,Other,II,Sr,49.29999923706055,44.948768615722656,46.06237030029297,1.1136016845703125
342,CaLa4Ti5O17,Other,II,Sr,55.20000076293945,56.17731857299805,44.79302215576172,-11.384296417236328
343,CaLa8Ti9O31,Other,II,Sr,54.900001525878906,52.48408126831055,49.63787078857422,-2.846210479736328
344,BaZn0.3167Nb0.6333Zr0.05O3,Ba,Ib,Sr,42.0,39.47357940673828,37.8924674987793,-1.5811119079589844
345,Ca0.10Nd0.90Mg0.45Ti0.55O3,Other,III,Sr,42.0,27.370243072509766,27.582311630249023,0.2120685577392578
346,CaLa4Ti4O15,Other,II,Sr,43.61000061035156,41.0523796081543,42.240081787109375,1.1877021789550781
347,CaLa3.5Nd0.5Ti4O15,Other,II,Sr,43.36000061035156,41.829368591308594,43.00409698486328,1.1747283935546875
348,CaMg0.300Ta0.600Ti0.100O3,Ca,III,Sr,25.399999618530273,23.800045013427734,21.469676971435547,-2.3303680419921875
349,CaLa3NdTi4O15,Other,II,Sr,43.099998474121094,41.22718048095703,42.30479431152344,1.0776138305664062
350,Ba4LaTiTa3O15,Ba,Ib,Sr,41.099998474121094,41.23375701904297,39.45235061645508,-1.7814064025878906
351,Ba4LaTiTa3O15,Ba,Ib,Sr,41.400001525878906,41.162166595458984,39.38981628417969,-1.7723503112792969
352,Ba4LaTiTa3O15,Ba,Ib,Sr,42.29999923706055,41.09058380126953,39.327510833740234,-1.7630729675292969
353,Ba4LaTiTa3O15,Ba,Ib,Sr,42.099998474121094,41.01900863647461,39.26543426513672,-1.7535743713378906
354,Ba2La3Ti3NbO15,Ba,II,Sr,42.83000183105469,47.38612747192383,38.952430725097656,-8.433696746826172
355,Ba3La2Ti2Nb2O15,Ba,Ib,Sr,49.369998931884766,47.96977615356445,38.48978042602539,-9.479995727539062
356,Sr4LaTiNb3O15,Sr,III,Sr,41.099998474121094,41.040252685546875,41.040252685546875,0.0
357,Sr4LaTiNb3O15,Sr,III,Sr,42.20000076293945,40.980533599853516,40.980533599853516,0.0
358,Sr4LaTiNb3O15,Sr,III,Sr,43.29999923706055,40.92129135131836,40.92129135131836,0.0
359,Sr4LaTiNb3O15,Sr,III,Sr,43.099998474121094,40.862525939941406,40.862525939941406,0.0
360,Ba2La3Ti3NbO15,Ba,II,Sr,48.34000015258789,46.991539001464844,38.59545135498047,-8.396087646484375
361,CaLa2Nd2Ti4O15,Other,III,Sr,42.29999923706055,41.8100471496582,43.490135192871094,1.6800880432128906
362,CaMg0.267Ta0.533Ti0.200O3,Ca,III,Sr,28.700000762939453,27.31234359741211,23.877126693725586,-3.4352169036865234
363,CaMg0.233Ta0.467Ti0.300O3,Ca,III,Sr,33.599998474121094,32.53151321411133,28.11519432067871,-4.416318893432617
364,CaMg0.200Ta0.400Ti0.400O3,Ca,III,Sr,39.400001525878906,39.797386169433594,35.10627365112305,-4.691112518310547
365,Sr0.2Ca0.488Nd0.208Ti0.76Al0.32O3,Ca,II,Sr,68.69999694824219,67.2831039428711,60.897865295410156,-6.3852386474609375
366,Sr0.2Ca0.488Nd0.208Ti0.68Al0.4267O3,Ca,II,Sr,57.5,55.1580924987793,49.132057189941406,-6.026035308837891
367,Ba3LiTa3Ti5O21,Ba,Ib,Sr,49.400001525878906,43.781795501708984,37.492156982421875,-6.289638519287109
368,Ba3LiNb3Ti5O21,Ba,Ib,Sr,54.900001525878906,42.31154251098633,34.61109161376953,-7.700450897216797
369,Pb0.2Ca0.15La0.5Mg0.5Nb0.5O3,Other,III,Sr,50.0,49.474609375,48.50669860839844,-0.9679107666015625
370,La0.66Ni0.01TiO3,Other,II,Sr,51.400001525878906,48.47039794921875,48.3847541809082,-0.08564376831054688
371,La0.6533Ni0.02TiO3,Other,II,Sr,63.29999923706055,61.0855827331543,61.72338104248047,0.6377983093261719
372,La0.6467Ni0.03TiO3,Other,II,Sr,69.4000015258789,64.83699798583984,66.29108428955078,1.4540863037109375
373,La0.6333Ni0.05TiO3,Other,II,Sr,59.599998474121094,61.44243621826172,63.77443313598633,2.3319969177246094
374,La0.6167Ni0.075TiO3,Other,II,Sr,58.0,57.99908447265625,60.53479766845703,2.5357131958007812
375,La0.5667Ni0.15TiO3,Other,II,Sr,53.29999923706055,51.308929443359375,53.686622619628906,2.3776931762695312
376,Sr0.2Ca0.488Nd0.208Ti0.84Al0.2133O3,Ca,II,Sr,80.0999984741211,80.37158203125,75.7249755859375,-4.6466064453125
377,La0.5333Ni0.2TiO3,Other,II,Sr,50.70000076293945,47.92625427246094,50.15166473388672,2.2254104614257812
378,La4Ti9O24,Other,II,Sr,37.0,40.55805206298828,36.103004455566406,-4.455047607421875
379,Nd2Ti2O7,Other,III,Sr,36.0,42.35894775390625,32.550174713134766,-9.808773040771484
380,Nd4Ti9O24,Other,III,Sr,37.5,40.3330192565918,36.16001892089844,-4.173000335693359
381,Pb0.2Ca.0667Nb0.5333Ti0.2O3,Ca,III,Sr,51.66999816894531,48.274757385253906,60.9202995300293,12.64554214477539
382,Na0.15La0.15Li0.35Sm0.35TiO3,Other,III,Sr,117.0,117.64017486572266,118.40116119384766,0.760986328125
383,CaFe0.27Nb0.27Ti0.46O3,Ca,III,Sr,60.0,59.407623291015625,55.45698928833008,-3.950634002685547
384,CaAl0.23Ta0.23Ti0.54O3,Ca,II,Sr,47.0,46.2607536315918,43.217628479003906,-3.0431251525878906
385,CaZn0.2333Nb0.4667Ti0.3O3,Ca,III,Sr,51.0,49.903350830078125,44.85718536376953,-5.046165466308594
386,Ca0.58La0.21Na0.21Fe0.29Nb0.29Ti0.42O3,Ca,III,Sr,58.900001525878906,57.35234451293945,53.412071228027344,-3.9402732849121094
387,CaMg0.22Nb0.44Ti0.34O3,Ca,III,Sr,43.900001525878906,45.75374984741211,42.22079849243164,-3.5329513549804688
388,Ca0.6La0.2Na0.2Mg0.2Nb0.4Ti0.4O3,Ca,III,Sr,52.29999923706055,53.097747802734375,49.28205490112305,-3.815692901611328
389,La2Ti2O7,Other,II,Sr,47.0,43.24420928955078,32.749698638916016,-10.494510650634766
390,SrLa3PrTi5O17,Other,II,Sr,57.0,58.55583572387695,42.98664855957031,-15.56918716430664
391,CaMg0.3333Nb0.6667O3,Ca,III,Sr,28.0,25.514541625976562,21.991764068603516,-3.522777557373047
392,CaTi0.34Mg0.22Nb0.44O3,Ca,III,Sr,48.0,45.095497131347656,42.02268981933594,-3.0728073120117188
393,CaMg0.183Ta0.367Ti0.450O3,Ca,III,Sr,45.099998474121094,44.18326950073242,39.741676330566406,-4.441593170166016
394,CaMg0.167Ta0.333Ti0.500O3,Ca,III,Sr,47.79999923706055,48.95201110839844,45.003902435302734,-3.948108673095703
395,CaMg0.133Ta0.267Ti0.600O3,Ca,III,Sr,59.900001525878906,59.711822509765625,57.468414306640625,-2.243408203125
396,CaMg0.100Ta0.200Ti0.700O3,Ca,III,Sr,73.0999984741211,71.48374938964844,74.11493682861328,2.6311874389648438
397,CaMg0.067Ta0.133Ti0.800O3,Ca,III,Sr,95.0,93.6624526977539,106.7314682006836,13.069015502929688
398,CaMg0.033Ta0.067Ti0.900O3,Ca,III,Sr,121.69999694824219,118.96185302734375,123.24095153808594,4.2790985107421875
399,Ba0.8Sr0.2La4Ti4O15,Other,Ib,Sr,46.79999923706055,46.7628059387207,47.79067611694336,1.0278701782226562
400,Ba0.6Sr0.4La4Ti4O15,Other,Ib,Sr,45.70000076293945,46.345741271972656,47.247108459472656,0.9013671875
401,Ba0.4Sr0.6La4Ti4O15,Other,II,Sr,45.400001525878906,44.8073616027832,46.05012893676758,1.242767333984375
402,Ba0.2Sr0.8La4Ti4O15,Other,II,Sr,46.099998474121094,44.13371658325195,44.677528381347656,0.5438117980957031
403,Ba0.8Ca0.2La4Ti4O15,Other,Ib,Sr,47.70000076293945,46.38472366333008,47.40828323364258,1.0235595703125
404,CaTi0.2Mg0.2667Nb0.5333O3,Ca,III,Sr,36.0,36.986900329589844,33.515708923339844,-3.47119140625
405,Ba0.6Ca0.4La4Ti4O15,Other,II,Sr,48.900001525878906,45.0864372253418,46.549903869628906,1.4634666442871094
406,Ba0.2Ca0.8La4Ti4O15,Other,II,Sr,49.5,44.4141960144043,46.26022720336914,1.8460311889648438
407,Ba0.2Sr0.8La4Ti4O15,Other,II,Sr,40.79999923706055,44.44417190551758,45.72377395629883,1.27960205078125
408,Ba0.2Sr0.8La4Ti4.20O15,Other,II,Sr,46.400001525878906,44.56882858276367,45.30693435668945,0.7381057739257812
409,SrGa0.5Nb0.5O3,Sr,Ib,Sr,33.400001525878906,33.412437438964844,33.412437438964844,0.0
410,SrGa0.45Nb0.45Ti0.1O3,Sr,Ib,Sr,36.599998474121094,36.5869026184082,36.5869026184082,0.0
411,SrGa0.4Nb0.4Ti0.2O3,Sr,Ib,Sr,40.400001525878906,40.6120491027832,40.6120491027832,0.0
412,SrGa0.35Nb0.35Ti0.3O3,Sr,Ib,Sr,46.599998474121094,45.36940383911133,45.36940383911133,0.0
413,CaTi0.8Mg0.0667Nb0.1333O3,Ca,III,Sr,109.0,106.24200439453125,115.8401870727539,9.598182678222656
414,CaTi0.6Mg0.1333Nb0.2667O3,Ca,III,Sr,68.0,66.29869842529297,65.46744537353516,-0.8312530517578125
415,CaTi0.4Mg0.2Nb0.4O3,Ca,III,Sr,54.0,49.471405029296875,46.36815643310547,-3.1032485961914062
416,Ba0.4Ca0.6La4Ti4O15,Other,II,Sr,48.900001525878906,44.791282653808594,46.455413818359375,1.6641311645507812
417,La6ZnTi5O18,Other,III,Sr,40.79999923706055,41.806419372558594,41.88117218017578,0.0747528076171875
418,Sr2La4Ti5O18,Other,II,Sr,48.0,43.555198669433594,44.504371643066406,0.9491729736328125
419,CaLi0.3Nb0.6Sn0.1O3,Ca,III,Sr,25.200000762939453,23.419326782226562,12.179707527160645,-11.239619255065918
420,CaLi0.2833Nb0.5667Sn0.15O3,Ca,III,Sr,24.799999237060547,23.65178680419922,12.050640106201172,-11.601146697998047
421,CaLi0.2667Nb0.5333Sn0.2O3,Ca,III,Sr,23.299999237060547,24.1048583984375,12.052760124206543,-12.052098274230957
422,CaLi0.2333Nb0.4667Sn0.3O3,Ca,III,Sr,22.600000381469727,23.670324325561523,12.508352279663086,-11.161972045898438
423,CaLi0.3Nb0.6Sn0.1O3,Ca,III,Sr,25.399999618530273,23.161327362060547,11.827191352844238,-11.334136009216309
424,CaLi0.2833Nb0.5667Sn0.15O3,Ca,III,Sr,24.899999618530273,23.32677459716797,11.650592803955078,-11.67618179321289
425,CaLi0.2667Nb0.5333Sn0.2O3,Ca,III,Sr,23.899999618530273,23.8762264251709,11.766633987426758,-12.10959243774414
426,CaLi0.2333Nb0.4667Sn0.3O3,Ca,III,Sr,23.5,23.360986709594727,12.172414779663086,-11.18857192993164
427,CaLa0.5Nb0.5O3,Ca,III,Sr,23.299999237060547,22.9610595703125,23.057861328125,0.0968017578125
428,CaPr0.5Nb0.5O3,Ca,III,Sr,24.200000762939453,24.237308502197266,24.086624145507812,-0.15068435668945312
429,CaNd0.5Nb0.5O3,Ca,III,Sr,24.5,24.2752742767334,24.05849266052246,-0.2167816162109375
430,CaSm0.5Nb0.5O3,Ca,III,Sr,24.700000762939453,25.3117618560791,24.868022918701172,-0.4437389373779297
431,CaEu0.5Nb0.5O3,Ca,III,Sr,25.0,25.6378231048584,25.01349449157715,-0.62432861328125
432,CaGd0.5Nb0.5O3,Ca,III,Sr,25.5,25.64396095275879,25.001670837402344,-0.6422901153564453
433,CaTb0.5Nb0.5O3,Ca,III,Sr,26.5,26.243295669555664,25.377107620239258,-0.8661880493164062
434,CaDy0.5Nb0.5O3,Ca,III,Sr,32.0,28.06536865234375,27.39862632751465,-0.6667423248291016
435,CaHo0.5Nb0.5O3,Ca,III,Sr,31.399999618530273,28.532550811767578,27.69645118713379,-0.8360996246337891
436,CaY0.5Nb0.5O3,Ca,III,Sr,31.0,29.249887466430664,28.4349308013916,-0.8149566650390625
437,CaEr0.5Nb0.5O3,Ca,III,Sr,30.5,28.81011962890625,27.784067153930664,-1.026052474975586
438,CaYb0.5Nb0.5O3,Ca,III,Sr,30.0,29.14278793334961,27.817882537841797,-1.3249053955078125
439,CaIn0.5Nb0.5O3,Ca,III,Sr,29.600000381469727,23.32542610168457,22.10931968688965,-1.2161064147949219
440,Ba2CaWO6,Ba,Ia,Sr,22.799999237060547,30.32571792602539,24.226818084716797,-6.098899841308594
441,Ba2Ca0.975Sr0.025WO6,Ba,Ia,Sr,23.899999618530273,23.865428924560547,24.458301544189453,0.5928726196289062
442,CaLi0.3333Nb0.6667O3,Ca,III,Sr,29.600000381469727,25.129819869995117,15.326330184936523,-9.803489685058594
443,CaLi0.1667Nb0.3333Ti0.5O3,Ca,III,Sr,55.20000076293945,44.524112701416016,29.938587188720703,-14.585525512695312
444,CaLi0.2333Nb0.4667Ti0.3O3,Ca,III,Sr,44.70000076293945,42.1955680847168,26.762598037719727,-15.43297004699707
445,CaLi0.2667Nb0.5333Ti0.2O3,Ca,III,Sr,38.599998474121094,38.68296813964844,23.349275588989258,-15.33369255065918
446,La0.5Na0.5Mg0.5W0.5O3,Other,III,Sr,20.760000228881836,20.68501091003418,17.785669326782227,-2.899341583251953
447,La0.5Na0.5Mg0.5W0.5O3,Other,III,Sr,18.600000381469727,20.580669403076172,17.717697143554688,-2.8629722595214844
448,Ca5Nb2Ti0.2Zr0.8O12,Ca,III,Sr,34.0,45.01155471801758,40.78934860229492,-4.222206115722656
449,Ca5Ta2Ti0.7Zr0.3O12,Ca,III,Sr,36.0,46.515228271484375,41.48479080200195,-5.030437469482422
450,Nd2Sn2O7,Other,III,Sr,17.0,12.264424324035645,9.714305877685547,-2.5501184463500977
451,NdMg0.5Sn0.4Ti0.1O3,Other,III,Sr,21.100000381469727,19.640960693359375,19.28282928466797,-0.35813140869140625
452,BaTi0.6Zn0.2W0.2O3,Ba,Ib,Sr,71.19999694824219,71.20594787597656,71.06663513183594,-0.139312744140625
453,BaTi0.5Zn0.25W0.25O3,Ba,Ib,Sr,25.399999618530273,24.743358612060547,24.785396575927734,0.0420379638671875
454,BaTi0.45Zn0.275W0.275O3,Ba,Ib,Sr,22.899999618530273,22.612979888916016,22.627843856811523,0.014863967895507812
455,BaTi0.4Zn0.3W0.3O3,Ba,Ib,Sr,21.200000762939453,21.271743774414062,20.890466690063477,-0.38127708435058594
456,BaTi0.35Zn0.325W0.325O3,Ba,Ib,Sr,22.100000381469727,22.127986907958984,19.994197845458984,-2.1337890625
457,Ba2Ca0.95Sr0.05WO6,Ba,Ia,Sr,24.0,24.17397117614746,58.403297424316406,34.22932434082031
458,BaTi0.3Zn0.35W0.35O3,Ba,Ib,Sr,26.399999618530273,25.08755111694336,20.18071746826172,-4.906833648681641
459,BaTi0.1Zn0.45W0.45O3,Ba,Ib,Sr,33.0,29.36444091796875,25.28592872619629,-4.078512191772461
460,BaHfO3,Ba,Ia,Sr,24.100000381469727,24.67218017578125,23.473142623901367,-1.1990375518798828
461,SrHfO3,Sr,III,Sr,23.5,22.283554077148438,22.283554077148438,0.0
462,CaHfO3,Ca,III,Sr,21.399999618530273,19.975421905517578,19.205429077148438,-0.7699928283691406
463,YMg0.5Ti0.5O3,Other,III,Sr,22.0,22.231334686279297,22.601905822753906,0.3705711364746094
464,La.6667MgTaO6,Other,III,Sr,22.5,24.053712844848633,50.054683685302734,26.0009708404541
465,CaLi0.2333Nb0.4667Sn0.3O3,Ca,III,Sr,22.600000381469727,17.45895004272461,14.598782539367676,-2.8601675033569336
466,CaLa0.5Ta0.5O3,Ca,III,Sr,23.0,20.932682037353516,21.07623863220215,0.1435565948486328
467,CaLi0.333Nb0.667O3,Ca,III,Sr,29.600000381469727,25.596694946289062,15.126213073730469,-10.470481872558594
468,CaLi0.3167Nb0.6333Ti0.05O3,Ca,III,Sr,32.400001525878906,35.38227081298828,22.776447296142578,-12.605823516845703
469,CaLi0.3Nb0.6Ti0.1O3,Ca,III,Sr,34.599998474121094,36.82255172729492,22.88517189025879,-13.937379837036133
470,BaTi0.2Zn0.4W0.4O3,Ba,Ib,Sr,31.399999618530273,28.84524154663086,22.939022064208984,-5.906219482421875
471,Ba2Ca0.9Sr0.1WO6,Ba,Ia,Sr,23.5,23.429990768432617,17.992469787597656,-5.437520980834961
472,Ba2Ca0.75Sr0.25WO6,Ba,Ia,Sr,23.399999618530273,22.6986026763916,17.528621673583984,-5.169981002807617
473,Ba2Ca0.5Sr0.5WO6,Ba,Ia,Sr,23.299999237060547,22.403629302978516,17.3911190032959,-5.012510299682617
474,BaZn0.1667Co0.1667Ta0.2222Nb0.2222Sb0.2222O3,Ba,Ib,Sr,24.899999618530273,23.981658935546875,23.246570587158203,-0.7350883483886719
475,Ba0.5Sr0.5Zn0.1667Co0.1667Ta0.2222Nb0.2222Sb0.2222O3,Ba,Ib,Sr,26.299999237060547,26.029672622680664,25.85233497619629,-0.177337646484375
476,LaCo0.5Ti0.5O3,Other,III,Sr,30.0,27.820215225219727,27.65452003479004,-0.1656951904296875
477,CaGa0.5Ta0.5O3,Ca,III,Sr,25.0,23.82131576538086,21.582012176513672,-2.2393035888671875
478,LaCo0.5Ti0.5O3,Other,III,Sr,25.0,27.753040313720703,27.695709228515625,-0.057331085205078125
479,La0.9Al0.9Sr0.1Ti0.1O3,Other,Ib,Sr,25.100000381469727,23.2983455657959,23.136030197143555,-0.16231536865234375
480,Ba4LiTa2SbO12,Ba,Ib,Sr,25.100000381469727,38.391014099121094,25.582090377807617,-12.808923721313477
481,SmCo0.5Ti0.5O3,Other,III,Sr,25.5,26.720317840576172,27.090795516967773,0.37047767639160156
482,BaZn0.3333Ta0.3333Nb0.3333O3,Ba,Ib,Sr,34.20000076293945,32.22832489013672,30.365610122680664,-1.8627147674560547
483,Sr5Nb0.5Ta3.5O15,Sr,II,Sr,34.900001525878906,39.168556213378906,39.168556213378906,0.0
484,Sr5Nb0.75Ta3.25O15,Sr,II,Sr,34.29999923706055,39.247833251953125,39.247833251953125,0.0
485,Sr5NbTa3O15,Sr,II,Sr,33.20000076293945,39.3250846862793,39.3250846862793,0.0
486,Sr5Nb.5Ta2.5O15,Sr,II,Sr,34.5,37.96332931518555,37.96332931518555,0.0
487,La0.5333Na0.4Mg0.5W0.5O3,Other,III,Sr,20.350000381469727,20.08233642578125,17.116683959960938,-2.9656524658203125
488,BaZn0.3333Ta0.6667O3,Ba,Ib,Sr,29.799999237060547,29.02935218811035,27.770126342773438,-1.259225845336914
489,LaMg0.667Ta0.333O3,Other,III,Sr,25.100000381469727,22.35287857055664,21.5819091796875,-0.7709693908691406
490,Ba2Ca0.25Sr0.75WO6,Ba,Ia,Sr,23.700000762939453,23.004304885864258,17.859230041503906,-5.145074844360352
491,Ba2Ca0.1Sr0.9WO6,Ba,Ia,Sr,23.299999237060547,20.78860855102539,46.171775817871094,25.383167266845703
492,Ba2SrWO6,Ba,Ia,Sr,23.5,24.37601661682129,20.405284881591797,-3.970731735229492
493,CaZrO3,Ca,III,Sr,23.799999237060547,25.338842391967773,26.055089950561523,0.71624755859375
494,BaTi0.39Co0.305W0.305O3,Ba,Ib,Sr,18.0,18.47146987915039,18.717737197875977,0.24626731872558594
495,BaMg0.3267Nb0.6533Mn0.02O3,Ba,Ib,Sr,32.0,31.472030639648438,31.348133087158203,-0.12389755249023438
496,BaMg0.3299Ta0.6601Mn0.01O3,Ba,Ib,Sr,25.0,24.794811248779297,24.173873901367188,-0.6209373474121094
497,BaZn0.3333Nb0.6667O3,Ba,Ib,Sr,41.0,39.24016189575195,36.882240295410156,-2.357921600341797
498,BaZn0.3299Ta0.6601Mn0.01O3,Ba,Ib,Sr,30.0,29.1350154876709,27.40834617614746,-1.7266693115234375
499,LaMg0.667Ta0.333O3,Other,III,Sr,24.700000762939453,22.39883804321289,21.610218048095703,-0.7886199951171875
500,BaMn0.3333Nb0.6667O3,Ba,Ib,Sr,39.0,38.00905990600586,37.479957580566406,-0.5291023254394531
501,SrMg0.3267Nb0.6533Mn0.02O3,Sr,II,Sr,33.0,36.79186248779297,36.79186248779297,0.0
502,SrZn0.3333Nb0.6667O3,Sr,II,Sr,40.0,38.78262710571289,38.78262710571289,0.0
503,BaMg0.3333Ta0.6667O3,Ba,Ib,Sr,24.0,24.587665557861328,23.489116668701172,-1.0985488891601562
504,BaMg0.3167Ta0.6333Sn0.05O3,Ba,Ib,Sr,24.399999618530273,24.848764419555664,24.22207260131836,-0.6266918182373047
505,BaMg0.3Ta0.6Sn0.1O3,Ba,Ib,Sr,24.299999237060547,25.013103485107422,24.601938247680664,-0.4111652374267578
506,BaMg0.2833Ta0.5667Sn0.15O3,Ba,Ib,Sr,24.0,24.859638214111328,24.385311126708984,-0.47432708740234375
507,BaTi0.6Ni0.2W0.2O3,Ba,Ib,Sr,29.799999237060547,31.09575843811035,31.158594131469727,0.062835693359375
508,BaTi0.55Ni0.225W0.225O3,Ba,Ib,Sr,26.5,26.330419540405273,26.1854248046875,-0.14499473571777344
509,BaTi0.5Ni0.25W0.25O3,Ba,Ib,Sr,24.200000762939453,23.745986938476562,23.763431549072266,0.017444610595703125
510,BaTi0.45Ni0.275W0.275O3,Ba,Ib,Sr,21.600000381469727,21.600784301757812,21.674610137939453,0.07382583618164062
511,BaTi0.4Ni0.3W0.3O3,Ba,Ib,Sr,20.0,19.894649505615234,20.03946876525879,0.1448192596435547
512,BaMn0.3333Ta0.6667O3,Ba,Ib,Sr,22.0,25.185535430908203,25.401830673217773,0.2162952423095703
513,La0.5333Na0.4Mg0.5W0.5O3,Other,III,Sr,21.100000381469727,19.88947105407715,16.987390518188477,-2.902080535888672
514,La0.5667Na0.3Mg0.5W0.5O3,Other,III,Sr,20.899999618530273,19.618038177490234,16.770572662353516,-2.8474655151367188
515,PrAlO3,Other,Ia,Sr,23.200000762939453,21.594100952148438,21.235881805419922,-0.3582191467285156
516,ErAlO3,Other,III,Sr,16.299999237060547,16.525842666625977,16.365388870239258,-0.16045379638671875
517,DyAlO3,Other,III,Sr,17.600000381469727,16.854564666748047,16.669902801513672,-0.184661865234375
518,GdAlO3,Other,III,Sr,18.399999618530273,17.774694442749023,17.327478408813477,-0.4472160339355469
519,SmAlO3,Other,III,Sr,20.399999618530273,19.212574005126953,18.7830867767334,-0.4294872283935547
520,YAlO3,Other,III,Sr,15.699999809265137,15.859140396118164,15.688491821289062,-0.17064857482910156
521,Ba.8Sr0.2SmSbO6,Ba,Ia,Sr,16.0,16.84774398803711,5.804710388183594,-11.043033599853516
522,Sr2SmSbO6,Sr,II,Sr,16.0,16.66106605529785,16.66106605529785,0.0
523,Ba2SmSbO6,Ba,Ia,Sr,20.700000762939453,18.434438705444336,9.384068489074707,-9.050370216369629
524,Ca5Ta2HfO12,Ca,III,Sr,17.0,34.5784912109375,28.96124839782715,-5.617242813110352
525,Ba2CoWO6,Ba,Ia,Sr,19.299999237060547,18.261730194091797,16.6382999420166,-1.6234302520751953
526,Ba2NiWO6,Ba,Ia,Sr,18.100000381469727,16.669286727905273,15.535636901855469,-1.1336498260498047
527,Ba2ZnWO6,Ba,Ia,Sr,29.100000381469727,22.749135971069336,20.988121032714844,-1.7610149383544922
528,Sr2CoWO6,Sr,II,Sr,21.200000762939453,19.037696838378906,19.037696838378906,0.0
529,Sr2NiWO6,Sr,II,Sr,18.299999237060547,19.406463623046875,19.406463623046875,0.0
530,Sr2ZnWO6,Sr,II,Sr,27.5,21.698062896728516,21.698062896728516,0.0
531,BaZn0.5W0.5O3,Ba,Ia,Sr,19.0,22.01970100402832,20.615217208862305,-1.4044837951660156
532,Ba0.99Zn0.5W0.5O2.99,Ba,Ia,Sr,23.0,21.510433197021484,20.094934463500977,-1.4154987335205078
533,LaAlO3,Other,Ia,Sr,23.399999618530273,22.456995010375977,21.981929779052734,-0.4750652313232422
534,NdAlO3,Other,II,Sr,22.299999237060547,20.158203125,19.627803802490234,-0.5303993225097656
535,BaMg0.3333W0.3333Ti0.3333O3,Ba,Ib,Sr,15.399999618530273,15.297651290893555,15.59807300567627,0.30042171478271484
536,BaTi0.39Co0.305W0.305O3,Ba,Ib,Sr,18.0,18.47000503540039,18.714889526367188,0.24488449096679688
537,La6MgTi5O18,Other,III,Sr,40.20000076293945,39.23761749267578,39.48588562011719,0.24826812744140625
538,BaMg0.5W0.5O3,Ba,Ia,Sr,16.700000762939453,17.16870880126953,15.63911247253418,-1.5295963287353516
539,BaMg0.46W0.46Ti0.08O3,Ba,Ib,Sr,19.600000381469727,19.057132720947266,16.706005096435547,-2.3511276245117188
540,BaMg0.42W0.42Ti0.16O3,Ba,Ib,Sr,16.600000381469727,14.158477783203125,13.039274215698242,-1.1192035675048828
541,BaMg0.36W0.36Ti0.28O3,Ba,Ib,Sr,12.300000190734863,13.696560859680176,13.739233016967773,0.042672157287597656
542,BaMg0.3333W0.3333Ti0.3333O3,Ba,Ib,Sr,13.100000381469727,15.291330337524414,15.586128234863281,0.2947978973388672
543,BaMg0.32W0.32Ti0.36O3,Ba,Ib,Sr,13.5,15.162389755249023,15.480911254882812,0.31852149963378906
544,BaMg0.30W0.30Ti0.40O3,Ba,Ib,Sr,16.700000762939453,16.649349212646484,16.965360641479492,0.3160114288330078
545,BaMg0.28W0.28Ti0.44O3,Ba,Ib,Sr,21.799999237060547,21.431713104248047,21.639265060424805,0.2075519561767578
546,BaMg0.25W0.25Ti0.50O3,Ba,Ib,Sr,31.200000762939453,29.791616439819336,29.43161392211914,-0.3600025177001953
547,BaMg0.20W0.20Ti0.60O3,Ba,Ib,Sr,63.900001525878906,62.49586868286133,62.367271423339844,-0.12859725952148438
548,Ba0.98Zn0.5W0.5O2.98,Ba,Ia,Sr,24.0,21.028945922851562,19.603519439697266,-1.4254264831542969
549,BaMg0.33W0.35Ti0.32O3.02,Ba,Ib,Sr,16.299999237060547,15.580314636230469,15.845407485961914,0.2650928497314453
550,BaMg0.34W0.35Ti0.31O3.01,Ba,Ib,Sr,17.100000381469727,14.962013244628906,15.2373628616333,0.27534961700439453
551,BaMg0.34W0.32Ti0.34O2.98,Ba,Ib,Sr,14.399999618530273,14.962400436401367,15.256382942199707,0.29398250579833984
552,BaMg0.34W0.33Ti0.33O2.99,Ba,Ib,Sr,15.100000381469727,14.901684761047363,15.19398021697998,0.2922954559326172
553,BaMg0.35W0.34Ti0.31O2.99,Ba,Ib,Sr,15.399999618530273,14.372091293334961,14.64294147491455,0.27085018157958984
554,BaMg0.35W0.33Ti0.32O2.98,Ba,Ib,Sr,14.399999618530273,14.36737060546875,14.640460014343262,0.2730894088745117
555,BaMg0.34W0.32Ti0.34O2.98,Ba,Ib,Sr,14.5,15.031817436218262,15.308178901672363,0.27636146545410156
556,BaMg0.34W0.32Ti0.34O2.98,Ba,Ib,Sr,14.800000190734863,15.132062911987305,15.385523796081543,0.2534608840942383
557,BaMg0.32W0.28Ti0.40O3,Ba,Ib,Sr,18.100000381469727,18.689716339111328,18.934926986694336,0.2452106475830078
558,BaMg0.32W0.26Ti0.42O3,Ba,Ib,Sr,21.5,21.348308563232422,21.226518630981445,-0.12178993225097656
559,BaMg0.32W0.25Ti0.43O3,Ba,Ib,Sr,24.0,22.187219619750977,21.903329849243164,-0.2838897705078125
560,BaMg0.33W0.34Ti0.33O3.01,Ba,Ib,Sr,15.600000381469727,15.525545120239258,15.802787780761719,0.27724266052246094
561,Ba0.95Zn0.5W0.5O2.95,Ba,Ia,Sr,21.0,19.730323791503906,18.28061294555664,-1.4497108459472656
562,BaZn0.49W0.5O2.995,Ba,Ia,Sr,20.0,21.809307098388672,20.403568267822266,-1.4057388305664062
563,BaZn0.45W0.5O2.9975,Ba,Ia,Sr,22.5,21.317411422729492,19.911537170410156,-1.405874252319336
564,NdMg0.4Zn0.1Sn0.5O3,Other,III,Sr,19.5,18.361684799194336,17.885648727416992,-0.47603607177734375
565,NdMg0.4Zn0.1Sn0.5O3,Other,III,Sr,19.299999237060547,18.34334945678711,17.876720428466797,-0.4666290283203125
566,Sr3ZnNb2O9,Sr,II,Sr,20.690000534057617,33.140872955322266,33.140872955322266,0.0
567,Sr3Zn0.75Mg0.25Nb2O9,Sr,II,Sr,19.959999084472656,31.9759464263916,31.9759464263916,0.0
568,Sr3Zn0.5Mg0.5Nb2O9,Sr,II,Sr,23.309999465942383,31.215463638305664,31.215463638305664,0.0
569,Sr3Zn0.25Mg0.75Nb2O9,Sr,II,Sr,21.549999237060547,30.708751678466797,30.708751678466797,0.0
570,SrYb0.5Ta0.5O3,Sr,III,Sr,14.100000381469727,20.70209503173828,20.70209503173828,0.0
571,BaMg0.5W0.5O3,Ba,Ia,Sr,20.0,17.856176376342773,16.324312210083008,-1.5318641662597656
572,LaMg0.5Sn0.5O3,Other,III,Sr,19.5,19.43344497680664,18.736536026000977,-0.6969089508056641
573,LaMg0.5Sn0.5O3,Other,III,Sr,19.700000762939453,19.38762855529785,18.70806884765625,-0.6795597076416016
574,LaMg0.5Sn0.5O3,Other,III,Sr,20.100000381469727,19.342464447021484,18.679807662963867,-0.6626567840576172
575,LaMg0.43Ba0.07Sn0.5O3,Other,III,Sr,20.100000381469727,18.992298126220703,17.78185272216797,-1.2104454040527344
576,LaMg0.4Ca0.1Sn0.5O3,Other,III,Sr,20.200000762939453,23.8900146484375,20.67535972595215,-3.2146549224853516
577,La0.6667Mg0.5W0.5O3,Other,III,Sr,23.600000381469727,20.890892028808594,18.966196060180664,-1.9246959686279297
578,La0.6333Na0.1Mg0.5W0.5O3,Other,III,Sr,22.600000381469727,21.263839721679688,18.502145767211914,-2.7616939544677734
579,La0.6333Na0.1Mg0.5W0.5O3,Other,III,Sr,21.899999618530273,21.217092514038086,18.474205017089844,-2.742887496948242
580,La0.6Na0.2Mg0.5W0.5O3,Other,III,Sr,22.600000381469727,21.783733367919922,18.448436737060547,-3.335296630859375
581,La0.5667Na0.3Mg0.5W0.5O3,Other,III,Sr,22.8799991607666,19.527973175048828,16.705259323120117,-2.822713851928711
582,La0.5667Na0.3Mg0.5W0.5O3,Other,III,Sr,20.959999084472656,19.437366485595703,16.640520095825195,-2.796846389770508
583,BaMg0.49Y0.0133W0.4967O3,Ba,Ia,Sr,20.0,18.254440307617188,16.710308074951172,-1.5441322326660156
584,La0.5333Na0.4Mg0.5W0.5O3,Other,III,Sr,22.059999465942383,19.985950469970703,17.05147361755371,-2.934476852416992
585,SrSm0.5Ta0.5O3,Sr,III,Sr,27.700000762939453,25.482036590576172,25.482036590576172,0.0
586,SrLa0.5Ta0.5O3,Sr,III,Sr,27.100000381469727,27.02724838256836,27.02724838256836,0.0
587,Ca0.97La0.02Mg0.5W0.5O3,Ca,III,Sr,19.0,18.451763153076172,15.823290824890137,-2.628472328186035
588,Ba0.94La0.04Mg0.5W0.5O3,Ba,Ia,Sr,20.0,17.904369354248047,16.480091094970703,-1.4242782592773438
589,NdMg0.47Ba0.03Sn0.5O3,Other,III,Sr,19.399999618530273,18.859573364257812,18.37409210205078,-0.48548126220703125
590,NdMg0.45Co0.05Sn0.5O3,Other,III,Sr,19.200000762939453,18.367488861083984,17.97307777404785,-0.3944110870361328
591,NdMg0.5Sn0.5O3,Other,III,Sr,19.299999237060547,18.027990341186523,17.650819778442383,-0.3771705627441406
592,BaLa0.5Nb0.5O3,Ba,III,Sr,37.400001525878906,36.52415084838867,36.739078521728516,0.21492767333984375
593,BaNd0.5Nb0.5O3,Ba,III,Sr,41.900001525878906,40.30689239501953,38.923431396484375,-1.3834609985351562
594,BaSm0.5Nb0.5O3,Ba,II,Sr,39.70000076293945,37.5485954284668,35.95947265625,-1.5891227722167969
595,BaYb0.5Nb0.5O3,Ba,Ib,Sr,28.299999237060547,28.96181869506836,28.19264793395996,-0.7691707611083984
596,BaLa0.5Ta0.5O3,Ba,III,Sr,27.100000381469727,27.58160972595215,28.38262939453125,0.8010196685791016
597,BaNd0.5Ta0.5O3,Ba,III,Sr,36.0,33.97902297973633,33.123939514160156,-0.8550834655761719
598,SrNd0.5Ta0.5O3,Sr,III,Sr,27.100000381469727,26.222309112548828,26.222309112548828,0.0
599,BaSm0.5Ta0.5O3,Ba,II,Sr,34.29999923706055,32.65624237060547,30.666942596435547,-1.9892997741699219
600,CaNd0.5Nb0.5O3,Ca,III,Sr,20.0,19.869503021240234,20.43649673461914,0.5669937133789062
601,CaSm0.5Nb0.5O3,Ca,III,Sr,20.899999618530273,20.74371910095215,21.219362258911133,0.4756431579589844
602,CaYb0.5Nb0.5O3,Ca,III,Sr,27.0,23.719335556030273,23.197338104248047,-0.5219974517822266
603,CaLa0.5Ta0.5O3,Ca,III,Sr,19.5,18.078540802001953,18.405054092407227,0.32651329040527344
604,CaNd0.5Ta0.5O3,Ca,III,Sr,20.0,18.248788833618164,18.53839874267578,0.2896099090576172
605,CaSm0.5Ta0.5O3,Ca,III,Sr,19.600000381469727,18.8223934173584,19.048404693603516,0.2260112762451172
606,CaYb0.5Ta0.5O3,Ca,III,Sr,21.100000381469727,20.77138328552246,20.30945587158203,-0.4619274139404297
607,SrLa0.5Nb0.5O3,Sr,III,Sr,27.5,32.131378173828125,32.131378173828125,0.0
608,SrNd0.5Nb0.5O3,Sr,III,Sr,29.700000762939453,31.653457641601562,31.653457641601562,0.0
609,SrSm0.5Nb0.5O3,Sr,III,Sr,31.799999237060547,30.72504234313965,30.72504234313965,0.0
610,SrYb0.5Nb0.5O3,Sr,III,Sr,29.399999618530273,27.084728240966797,27.084728240966797,0.0
611,BaYb0.5Ta0.5O3,Ba,Ib,Sr,22.100000381469727,26.946334838867188,25.076377868652344,-1.8699569702148438
612,NdMg0.5Ti0.5O3,Other,III,Sr,26.0,25.210294723510742,25.389495849609375,0.1792011260986328
613,CaLa0.5Nb0.5O3,Ca,III,Sr,20.600000381469727,19.062530517578125,19.68148422241211,0.6189537048339844
614,BaMg0.3Ta0.6Ti0.1O3,Ba,Ib,Sr,26.299999237060547,26.531963348388672,26.2665958404541,-0.2653675079345703
615,Ca0.375Mg0.25Nb0.25Ti0.125O3,Ca,III,Sr,38.0,31.598094940185547,29.696247100830078,-1.9018478393554688
616,Ca0.25Mg0.375Nb0.25Ti0.125O3,Ca,III,Sr,31.0,26.04852867126465,25.022809982299805,-1.0257186889648438
617,Ca0.125Mg0.5Nb0.25Ti0.125O3,Ca,III,Sr,23.0,20.146516799926758,20.049488067626953,-0.09702873229980469
618,Ca0.375Mg0.25Nb0.25Ti0.125O3,Ca,III,Sr,26.0,31.611347198486328,29.727991104125977,-1.8833560943603516
619,Ca0.25Mg0.375Nb0.25Ti0.125O3,Ca,III,Sr,23.0,25.916244506835938,25.104515075683594,-0.8117294311523438
620,Ca0.125Mg0.5Nb0.25Ti0.125O3,Ca,III,Sr,20.0,19.944351196289062,19.966964721679688,0.022613525390625
621,Ca0.375Ni0.25Nb0.25Ti0.125O3,Ca,III,Sr,35.0,32.95182418823242,31.133121490478516,-1.8187026977539062
622,Ca0.25Ni0.375Nb0.25Ti0.125O3,Ca,III,Sr,30.0,27.797637939453125,26.527597427368164,-1.270040512084961
623,Ca0.125Ni0.5Nb0.25Ti0.125O3,Ca,III,Sr,26.0,21.838035583496094,21.199926376342773,-0.6381092071533203
624,Ca0.25Co0.375Nb0.25Ti0.125O3,Ca,III,Sr,29.0,24.60027313232422,24.020217895507812,-0.5800552368164062
625,Ca0.125Co0.5Nb0.25Ti0.125O3,Ca,III,Sr,12.0,18.22011947631836,18.269084930419922,0.0489654541015625
626,Ca0.375Mg0.25Ta0.25Ti0.125O3,Ca,III,Sr,30.0,28.0113525390625,26.297992706298828,-1.7133598327636719
627,Ca0.25Mg0.375Ta0.25Ti0.125O3,Ca,III,Sr,26.0,23.207874298095703,22.209697723388672,-0.9981765747070312
628,Ca0.125Mg0.5Ta0.25Ti0.125O3,Ca,III,Sr,20.0,17.834423065185547,17.633737564086914,-0.2006855010986328
629,Ca0.375Zn0.25Ta0.25Ti0.125O3,Ca,III,Sr,17.0,15.429201126098633,14.022236824035645,-1.4069643020629883
630,Ca0.25Zn0.375Ta0.25Ti0.125O3,Ca,III,Sr,13.0,11.123031616210938,10.712315559387207,-0.41071605682373047
631,Ca0.125Zn0.5Ta0.25Ti0.125O3,Ca,III,Sr,10.0,9.224735260009766,9.370073318481445,0.1453380584716797
632,Ca0.375Co0.25Nb0.25Ti0.125O3,Ca,III,Sr,32.0,30.846813201904297,29.359323501586914,-1.4874897003173828
633,Ca0.375Ni0.25Ta0.25Ti0.125O3,Ca,III,Sr,29.0,28.998455047607422,27.124786376953125,-1.8736686706542969
634,SrPr0.5Nb0.5O3,Sr,III,Sr,37.5,33.701316833496094,33.701316833496094,0.0
635,SrNd0.5Nb0.5O3,Sr,III,Sr,36.900001525878906,33.33494186401367,33.33494186401367,0.0
636,SrSm0.5Nb0.5O3,Sr,III,Sr,35.79999923706055,34.3231086730957,34.3231086730957,0.0
637,SrEu0.5Nb0.5O3,Sr,III,Sr,34.70000076293945,32.54646682739258,32.54646682739258,0.0
638,SrGd0.5Nb0.5O3,Sr,III,Sr,34.29999923706055,32.603485107421875,32.603485107421875,0.0
639,SrTb0.5Nb0.5O3,Sr,III,Sr,33.70000076293945,31.266223907470703,31.266223907470703,0.0
640,SrDy0.5Nb0.5O3,Sr,III,Sr,33.0,30.333093643188477,30.333093643188477,0.0
641,SrHo0.5Nb0.5O3,Sr,III,Sr,32.29999923706055,29.76418685913086,29.76418685913086,0.0
642,SrY0.5Nb0.5O3,Sr,III,Sr,32.20000076293945,30.591411590576172,30.591411590576172,0.0
643,SrEr0.5Nb0.5O3,Sr,III,Sr,32.20000076293945,28.7469482421875,28.7469482421875,0.0
644,SrYb0.5Nb0.5O3,Sr,III,Sr,30.700000762939453,27.293743133544922,27.293743133544922,0.0
645,SrIn0.5Nb0.5O3,Sr,III,Sr,26.0,24.272619247436523,24.272619247436523,0.0
646,SrFe0.5Nb0.5O3,Sr,II,Sr,44.900001525878906,43.01494598388672,43.01494598388672,0.0
647,SrCr0.5Nb0.5O3,Sr,Ib,Sr,35.29999923706055,33.81405258178711,33.81405258178711,0.0
648,SrAl0.5Nb0.5O3,Sr,Ib,Sr,30.5,30.596141815185547,30.596141815185547,0.0
649,SrLa0.5Nb0.5O3,Sr,III,Sr,36.599998474121094,32.98494338989258,32.98494338989258,0.0
650,Ca0.25Ni0.375Ta0.25Ti0.125O3,Ca,III,Sr,26.0,24.887826919555664,23.42302894592285,-1.4647979736328125
651,CaZn0.333Ta0.667O3,Ca,III,Sr,25.0,23.190317153930664,22.313865661621094,-0.8764514923095703
652,BaNi0.5Ta0.5O3,Ba,Ib,Sr,23.0,23.77826499938965,20.749156951904297,-3.0291080474853516
653,BaCo0.5Ta0.5O3,Ba,Ib,Sr,25.0,25.520401000976562,23.348474502563477,-2.171926498413086
654,BaMg0.5Ta0.5O3,Ba,Ib,Sr,25.0,22.7067928314209,21.419784545898438,-1.287008285522461
655,BaZn0.5Ta0.5O3,Ba,Ib,Sr,29.0,28.33548355102539,25.025346755981445,-3.3101367950439453
656,BaCa0.5Ta0.5O3,Ba,Ib,Sr,30.0,32.21786117553711,15.008214950561523,-17.209646224975586
657,SrNi0.5Ta0.5O3,Sr,II,Sr,23.0,23.832509994506836,23.832509994506836,0.0
658,SrCo0.5Ta0.5O3,Sr,III,Sr,23.0,22.90885353088379,22.90885353088379,0.0
659,SrMg0.5Ta0.5O3,Sr,II,Sr,22.0,25.649539947509766,25.649539947509766,0.0
660,SrZn0.5Ta0.5O3,Sr,III,Sr,28.0,22.863300323486328,22.863300323486328,0.0
661,SrCa0.5Ta0.5O3,Sr,II,Sr,22.0,25.121910095214844,25.121910095214844,0.0
662,CaCu0.333Ta0.667O3,Ca,III,Sr,23.0,23.622751235961914,22.80545425415039,-0.8172969818115234
663,Mg0.93Ca0.07TiO3,Ca,III,Sr,22.149999618530273,22.525890350341797,23.012653350830078,0.48676300048828125
664,SrSm0.5Ta0.5O3,Sr,III,Sr,30.5,34.535247802734375,34.535247802734375,0.0
665,SrSm0.5Ta0.5O3,Sr,III,Sr,31.600000381469727,34.535247802734375,34.535247802734375,0.0
666,SrSm0.5Ta0.5O3,Sr,III,Sr,32.099998474121094,34.70988845825195,34.70988845825195,0.0
667,SrSm0.5Ta0.5O3,Sr,III,Sr,36.0,34.88322448730469,34.88322448730469,0.0
668,SrSm0.5Ta0.5O3,Sr,III,Sr,39.0,35.22463607788086,35.22463607788086,0.0
669,SrSm0.5Ta0.5O3,Sr,III,Sr,42.0,35.55690383911133,35.55690383911133,0.0
670,SrSm0.5Ta0.5O3,Sr,III,Sr,45.0,35.718849182128906,35.718849182128906,0.0
671,SrSm0.5Ta0.5O3,Sr,III,Sr,48.5,35.877620697021484,35.877620697021484,0.0
672,Ba3Co.07Nb2O9.07,Ba,Ib,Sr,26.0,25.571426391601562,24.839698791503906,-0.7317276000976562
673,SrSm0.5Ta0.5O3,Sr,III,Sr,49.599998474121094,36.184654235839844,36.184654235839844,0.0
674,Ca0.3Li0.14Sm0.42TiO3,Other,III,Sr,92.12000274658203,97.01454162597656,99.11270904541016,2.0981674194335938
675,Ca0.125Ni0.5Ta0.25Ti0.125O3,Ca,III,Sr,23.0,19.680084228515625,18.86370277404785,-0.8163814544677734
676,CaNi0.333Ta0.667O3,Ca,III,Sr,22.0,23.63332748413086,22.82798194885254,-0.8053455352783203
677,CaAl0.333Ta0.667O3,Ca,II,Sr,22.0,25.159936904907227,24.38974952697754,-0.7701873779296875
678,Ca0.375Co0.25Ta0.25Ti0.125O3,Ca,III,Sr,28.0,26.305749893188477,24.832849502563477,-1.472900390625
679,Ca0.25Co0.375Ta0.25Ti0.125O3,Ca,III,Sr,24.0,21.236080169677734,20.47344970703125,-0.7626304626464844
680,Ca0.125Co0.5Ta0.25Ti0.125O3,Ca,III,Sr,20.0,15.995732307434082,15.864137649536133,-0.13159465789794922
681,Ca5Nb2Ti0.4Hf0.6O12,Ca,III,Sr,32.0,44.131309509277344,38.208946228027344,-5.92236328125
682,Ca5Ta2Ti0.6Hf0.4O12,Ca,III,Sr,34.0,44.914520263671875,40.020362854003906,-4.894157409667969
683,Ba8ZnNb6O24,Ba,Ib,Sr,36.20000076293945,36.25265884399414,35.71863555908203,-0.5340232849121094
684,Ba8ZnNb5.7Sb0.3O24,Ba,Ib,Sr,33.599998474121094,33.29201126098633,33.18397903442383,-0.1080322265625
685,Ba8ZnNb5.4Sb0.6O24,Ba,Ib,Sr,33.599998474121094,30.784902572631836,30.814289093017578,0.029386520385742188
686,Ba8ZnNb5.1Sb0.9O24,Ba,Ib,Sr,31.0,28.33359146118164,28.50347900390625,0.16988754272460938
687,Ba8ZnNb4.8Sb.2O24,Ba,Ib,Sr,29.399999618530273,26.879812240600586,27.128265380859375,0.24845314025878906
688,CaCo0.333Ta0.667O3,Ca,III,Sr,23.0,23.07845115661621,22.14080810546875,-0.9376430511474609
689,Ba8ZnNb4.5Sb.5O24,Ba,Ib,Sr,25.899999618530273,25.88663673400879,26.18023109436035,0.2935943603515625
690,Ba8ZnNb3.6Sb2.4O24,Ba,Ib,Sr,17.399999618530273,19.836620330810547,19.756900787353516,-0.07971954345703125
691,CaAl0.5Nb0.5O3,Ca,II,Sr,25.0,22.54939842224121,20.11394500732422,-2.435453414916992
692,CaFe0.5Nb0.5O3,Ca,III,Sr,40.0,34.87687683105469,30.184051513671875,-4.6928253173828125
693,CaAl0.333Nb0.667O3,Ca,II,Sr,28.0,26.68446922302246,23.73224449157715,-2.9522247314453125
694,CaCo0.333Nb0.667O3,Ca,III,Sr,29.0,27.547603607177734,24.005611419677734,-3.5419921875
695,CaNi0.333Nb0.667O3,Ca,III,Sr,26.0,28.38165855407715,24.012470245361328,-4.36918830871582
696,CaCu0.333Nb0.667O3,Ca,III,Sr,27.0,28.64430809020996,25.585514068603516,-3.0587940216064453
697,CaZn0.333Nb0.667O3,Ca,III,Sr,35.0,28.48502540588379,25.666698455810547,-2.818326950073242
698,CaAl0.5Ta0.5O3,Ca,II,Sr,20.0,20.779170989990234,20.127702713012695,-0.6514682769775391
699,CaFe0.5Ta0.5O3,Ca,III,Sr,32.0,28.1043643951416,25.243703842163086,-2.8606605529785156
700,CaMg0.333Ta0.667O3,Ca,III,Sr,21.0,21.348167419433594,20.068626403808594,-1.279541015625
701,Ba8ZnNb4.2Sb.8O24,Ba,Ib,Sr,19.899999618530273,24.883663177490234,25.216259002685547,0.3325958251953125
702,SrCr0.5Nb0.5O3,Sr,Ib,Sr,35.099998474121094,34.10926055908203,34.10926055908203,0.0
703,CaMg0.333Nb0.667O3,Ca,III,Sr,28.0,27.263463973999023,23.780017852783203,-3.4834461212158203
704,SrAl0.5Nb0.5O3,Sr,Ib,Sr,30.0,30.6502742767334,30.6502742767334,0.0
705,CaAl0.421Nb0.421Ti0.158O3,Ca,II,Sr,29.100000381469727,26.678211212158203,25.557830810546875,-1.1203804016113281
706,CaAl0.375Nb0.375Ti0.25O3,Ca,II,Sr,32.20000076293945,29.935373306274414,29.0560359954834,-0.8793373107910156
707,CaAl0.335Nb0.335Ti0.33O3,Ca,II,Sr,35.099998474121094,33.27204132080078,32.49795150756836,-0.7740898132324219
708,CaAl0.25Nb0.25Ti0.5O3,Ca,II,Sr,45.29999923706055,42.709625244140625,41.408973693847656,-1.3006515502929688
709,CaAl0.2355Nb0.2355Ti0.529O3,Ca,II,Sr,44.900001525878906,44.87425994873047,43.30810546875,-1.5661544799804688
710,CaAl0.125Nb0.125Ti0.75O3,Ca,II,Sr,75.4000015258789,73.7208251953125,70.41011047363281,-3.3107147216796875
711,Ba0.1La0.9Mg0.45Ti0.55O3,Other,III,Sr,30.899999618530273,32.167266845703125,32.89519500732422,0.7279281616210938
712,Ba0.3La0.7Mg0.35Ti0.65O3,Other,II,Sr,42.5,41.98567581176758,43.71289825439453,1.7272224426269531
713,Ba0.5La0.5Mg0.25Ti0.75O3,Ba,Ib,Sr,60.900001525878906,60.13286209106445,62.107887268066406,1.9750251770019531
714,Ba0.7La0.3Mg0.15Ti0.85O3,Ba,Ib,Sr,105.80000305175781,102.98558044433594,106.15157318115234,3.1659927368164062
715,LiBa4Nb3O12,Ba,Ib,Sr,37.0,28.616146087646484,17.098011016845703,-11.518135070800781
716,CaAl0.4505Nb0.4505Ti0.099O3,Ca,II,Sr,27.0,24.895538330078125,23.6050968170166,-1.2904415130615234
717,LiBa4Nb2TaO12,Ba,Ib,Sr,34.0,38.750343322753906,25.32258415222168,-13.427759170532227
718,LiBa4Ta3O12,Ba,Ib,Sr,28.0,31.080120086669922,20.85140037536621,-10.228719711303711
719,BaLa0.5Ta0.5O3,Ba,III,Sr,37.099998474121094,34.541961669921875,33.81475067138672,-0.7272109985351562
720,BaNd0.5Ta0.5O3,Ba,III,Sr,38.70000076293945,36.318756103515625,34.77684783935547,-1.5419082641601562
721,BaSm0.5Ta0.5O3,Ba,II,Sr,37.599998474121094,35.56245040893555,33.0049934387207,-2.5574569702148438
722,BaEu0.5Ta0.5O3,Ba,II,Sr,36.5,34.77190017700195,32.79161834716797,-1.9802818298339844
723,BaGd0.5Ta0.5O3,Ba,II,Sr,36.0,34.398109436035156,32.358970642089844,-2.0391387939453125
724,BaTb0.5Ta0.5O3,Ba,II,Sr,35.5,33.333675384521484,31.157306671142578,-2.1763687133789062
725,BaDy0.5Ta0.5O3,Ba,II,Sr,34.0,32.83525085449219,30.76430320739746,-2.0709476470947266
726,BaHo0.5Ta0.5O3,Ba,II,Sr,33.5,31.063140869140625,28.86716079711914,-2.1959800720214844
727,BaY0.5Ta0.5O3,Ba,II,Sr,33.0,31.950204849243164,30.285755157470703,-1.664449691772461
728,BaYb0.5Ta0.5O3,Ba,Ib,Sr,32.0,27.837804794311523,26.29477310180664,-1.5430316925048828
729,LiBa4NbTa2O12,Ba,Ib,Sr,30.0,39.16741180419922,26.278539657592773,-12.888872146606445
730,BaNi0.0658Zr0.0125Zn0.2633Ta0.6583O3,Ba,Ib,Sr,28.299999237060547,28.36728286743164,27.01009750366211,-1.3571853637695312
731,CaAl0.4735Nb0.4735Ti0.053O3,Ca,II,Sr,23.799999237060547,23.674970626831055,22.258777618408203,-1.4161930084228516
732,LaMg0.667Nb0.333O3,Other,III,Sr,26.799999237060547,24.11872673034668,23.251155853271484,-0.8675708770751953
733,SrGa0.5Ta0.5O3,Sr,Ib,Sr,27.0,29.829105377197266,29.829105377197266,0.0
734,SrFe0.5Nb0.5O3,Sr,II,Sr,44.900001525878906,43.235572814941406,43.235572814941406,0.0
735,BaMn0.333Ta0.667O3,Ba,Ib,Sr,27.0,26.564672470092773,26.7225341796875,0.15786170959472656
736,BaMn0.3333Ta0.6667O3,Ba,Ib,Sr,27.0,26.557384490966797,26.71554946899414,0.15816497802734375
737,BaMg0.2333Ta0.4667Co0.1Nb0.2O3,Ba,Ib,Sr,27.0,26.296749114990234,25.89315414428711,-0.403594970703125
738,CaZr0.2Ti0.8O3,Ca,III,Sr,141.0,138.43138122558594,137.32810974121094,-1.103271484375
739,CaZr0.3Ti0.7O3,Ca,III,Sr,138.0,136.8696746826172,135.3343963623047,-1.5352783203125
740,CaZr0.4Ti0.6O3,Ca,III,Sr,98.0,96.99478149414062,120.44891357421875,23.454132080078125
741,CaAl0.5Nb0.5O3,Ca,II,Sr,23.600000381469727,22.317941665649414,20.8458251953125,-1.472116470336914
742,CaZr0.5Ti0.5O3,Ca,III,Sr,59.0,62.165374755859375,67.8360824584961,5.670707702636719
743,CaZr0.7Ti0.3O3,Ca,III,Sr,38.0,37.2950439453125,40.112892150878906,2.8178482055664062
744,CaZr0.8Ti0.2O3,Ca,III,Sr,28.0,30.916250228881836,32.959922790527344,2.043672561645508
745,CaZr0.9Ti0.1O3,Ca,III,Sr,42.0,38.111427307128906,38.31104278564453,0.199615478515625
746,CaZrO3,Ca,III,Sr,27.0,24.931476593017578,25.770450592041016,0.8389739990234375
747,LaMg0.5Ti0.5O3,Other,III,Sr,27.600000381469727,27.283008575439453,27.567617416381836,0.2846088409423828
748,La0.9Ca0.1Mg0.45Ti0.55O3,Other,III,Sr,29.799999237060547,29.181238174438477,29.508197784423828,0.32695960998535156
749,La0.7Ca0.3Mg0.35Ti0.65O3,Other,III,Sr,37.20000076293945,34.763404846191406,35.647911071777344,0.8845062255859375
750,La0.3Ca0.7Mg0.15Ti0.85O3,Ca,III,Sr,51.20000076293945,55.664649963378906,54.884742736816406,-0.7799072265625
751,La0.3Ca0.7Mg0.15Ti0.85O3,Ca,III,Sr,58.79999923706055,55.664649963378906,54.884742736816406,-0.7799072265625
752,La0.1Ca0.9Mg0.05Ti0.95O3,Ca,III,Sr,90.4000015258789,95.31490325927734,101.06847381591797,5.753570556640625
753,La0.1Ca0.9Mg0.05Ti0.95O3,Ca,III,Sr,102.5,95.31490325927734,101.06847381591797,5.753570556640625
754,CaZr0.6Ti0.4O3,Ca,III,Sr,50.0,46.97632598876953,49.879661560058594,2.9033355712890625
755,BaNi0.0542Zr0.0215Zn0.2720Ta0.6523O3,Ba,Ib,Sr,28.399999618530273,28.583566665649414,27.22121238708496,-1.3623542785644531
756,La0.5Ca0.5Mg0.25Ti0.75O3,Ca,III,Sr,43.20000076293945,41.948280334472656,42.33861541748047,0.3903350830078125
757,BaNi0.0242Zr0.0425Zn0.2950Ta0.6383O3,Ba,Ib,Sr,30.200000762939453,29.239864349365234,27.69887924194336,-1.540985107421875
758,SrPr0.5Ta0.5O3,Sr,III,Sr,32.0,29.06683921813965,29.06683921813965,0.0
759,SrNd0.5Ta0.5O3,Sr,III,Sr,31.5,36.10797119140625,36.10797119140625,0.0
760,SrEu0.5Ta0.5O3,Sr,III,Sr,30.0,32.489952087402344,32.489952087402344,0.0
761,SrGd0.5Ta0.5O3,Sr,III,Sr,29.5,32.59511184692383,32.59511184692383,0.0
762,SrTb0.5Ta0.5O3,Sr,III,Sr,28.799999237060547,30.674297332763672,30.674297332763672,0.0
763,SrDy0.5Ta0.5O3,Sr,III,Sr,28.200000762939453,29.38629722595215,29.38629722595215,0.0
764,SrHo0.5Ta0.5O3,Sr,III,Sr,27.700000762939453,28.596847534179688,28.596847534179688,0.0
765,SrY0.5Ta0.5O3,Sr,III,Sr,27.5,25.953781127929688,25.953781127929688,0.0
766,SrEr0.5Ta0.5O3,Sr,III,Sr,27.100000381469727,27.65871810913086,27.65871810913086,0.0
767,SrYb0.5Ta0.5O3,Sr,III,Sr,25.899999618530273,23.03384017944336,23.03384017944336,0.0
768,SrLa0.5Ta0.5O3,Sr,III,Sr,31.200000762939453,27.3675594329834,27.3675594329834,0.0
769,SrPr0.5Nb0.5O3,Sr,III,Sr,36.70000076293945,34.03352737426758,34.03352737426758,0.0
770,SrSm0.5Nb0.5O3,Sr,III,Sr,35.5,35.694496154785156,35.694496154785156,0.0
771,SrEu0.5Nb0.5O3,Sr,III,Sr,34.29999923706055,33.809593200683594,33.809593200683594,0.0
772,SrGd0.5Nb0.5O3,Sr,III,Sr,33.5,33.83635711669922,33.83635711669922,0.0
773,SrTb0.5Nb0.5O3,Sr,III,Sr,32.29999923706055,32.3426628112793,32.3426628112793,0.0
774,SrDy0.5Nb0.5O3,Sr,III,Sr,31.200000762939453,31.300283432006836,31.300283432006836,0.0
775,SrHo0.5Nb0.5O3,Sr,III,Sr,30.600000381469727,30.750560760498047,30.750560760498047,0.0
776,SrY0.5Nb0.5O3,Sr,III,Sr,30.700000762939453,31.400920867919922,31.400920867919922,0.0
777,SrIn0.5Nb0.5O3,Sr,III,Sr,25.0,23.98707389831543,23.98707389831543,0.0
778,BaNi0.0417Zr0.0300Zn0.2817Ta0.6467O3,Ba,Ib,Sr,29.600000381469727,28.83597755432129,27.426132202148438,-1.4098453521728516
779,SrEr0.5Nb0.5O3,Sr,III,Sr,31.100000381469727,29.44451904296875,29.44451904296875,0.0
780,SrYb0.5Nb0.5O3,Sr,III,Sr,29.299999237060547,28.0456600189209,28.0456600189209,0.0
781,SrNd0.5Nb0.5O3,Sr,III,Sr,36.5,33.702491760253906,33.702491760253906,0.0
782,SmZn0.5Ti0.5O3,Other,III,Sr,31.0,29.0634708404541,28.98431968688965,-0.07915115356445312
783,SrLa0.5Nb0.5O3,Sr,III,Sr,36.0,33.077484130859375,33.077484130859375,0.0
784,Sm0.95Ca0.04Sr0.01Mg0.475Ti0.525O3,Other,III,Sr,26.600000381469727,26.17323875427246,26.660015106201172,0.48677635192871094
785,La5Mg0.5Ti3.5O15,Other,II,Sr,36.20000076293945,34.85792541503906,35.544979095458984,0.6870536804199219
786,La5Zn0.5Ti3.5O15,Other,II,Sr,37.709999084472656,35.805641174316406,36.27289962768555,0.4672584533691406
787,La5AlTi3O15,Other,II,Sr,32.97999954223633,30.59731674194336,30.750808715820312,0.15349197387695312
788,BaLi0.3889Nb0.5W0.2O3,Ba,Ib,Sr,31.0,46.72454833984375,25.09686279296875,-21.627685546875
789,BaNi0.0125Zr0.0500Zn0.3042Ta0.6333O3,Ba,Ib,Sr,30.100000381469727,29.53133773803711,27.877227783203125,-1.6541099548339844
790,Pb0.16La0.56Mg0.5W0.5O3,Other,III,Sr,28.700000762939453,27.616825103759766,26.75839614868164,-0.858428955078125
791,Ba0.95Sr0.05Zn0.475Ga0.025Ta0.6583O3,Ba,Ib,Sr,29.0,31.954870223999023,31.154003143310547,-0.8008670806884766
792,BaZr0.0125Zn0.2633Ni0.0658Ta0.6583O3,Ba,Ib,Sr,28.200000762939453,28.115060806274414,27.442279815673828,-0.6727809906005859
793,BaZr0.0215Zn0.2720Ni0.0542Ta0.6523O3,Ba,Ib,Sr,28.700000762939453,28.483753204345703,27.678741455078125,-0.8050117492675781
794,BaZr0.0300Zn0.2817Ni0.0417Ta0.6467O3,Ba,Ib,Sr,29.299999237060547,29.28363037109375,28.053264617919922,-1.2303657531738281
795,BaZr0.0500Zn0.3042Ni0.0125Ta0.6333O3,Ba,Ib,Sr,30.700000762939453,29.813838958740234,28.39105796813965,-1.422780990600586
796,LaMg0.35Zn0.15Ti0.5O3,Other,III,Sr,29.0,29.402658462524414,29.885204315185547,0.4825458526611328
797,La0.2Ca0.64Sm0.1067Mg0.1Ti0.9O3,Ca,III,Sr,72.41000366210938,72.33280944824219,70.615478515625,-1.7173309326171875
798,BaZr0.0425Zn0.2950Ni0.0242Ta0.6383O3,Ba,Ib,Sr,29.700000762939453,28.286819458007812,26.826309204101562,-1.46051025390625
799,La0.45Ca0.44Sm0.0733Mg0.225Ti0.775O3,Ca,III,Sr,47.83000183105469,47.74798583984375,47.99892044067383,0.2509346008300781
800,La0.6Ca0.32Sm0.0533Mg0.3Ti0.7O3,Other,III,Sr,40.04999923706055,39.04424285888672,40.075016021728516,1.0307731628417969
801,Sm0.8Ca0.16Sr0.04Mg0.4Ti0.6O3,Other,III,Sr,30.100000381469727,28.968286514282227,29.773242950439453,0.8049564361572266
802,La0.8Ca0.16Sm0.0267Mg0.4Ti0.6O3,Other,III,Sr,33.560001373291016,32.91717529296875,33.4217414855957,0.5045661926269531
803,BaZr0.05Zn0.32Ta0.63O3,Ba,Ib,Sr,30.0,29.202871322631836,28.032150268554688,-1.1707210540771484
804,Sm0.65Ca0.28Sr0.07Mg0.325Ti0.675O3,Other,III,Sr,31.399999618530273,32.508243560791016,33.85469436645508,1.3464508056640625
805,Sm0.5Ca0.4Sr0.1Mg0.25Ti0.75O3,Other,III,Sr,38.70000076293945,38.307952880859375,40.57870864868164,2.2707557678222656
806,La0.4Ca0.48Sm0.0800Mg0.2Ti0.8O3,Ca,III,Sr,50.58000183105469,50.14250946044922,51.073020935058594,0.930511474609375
807,LaZn0.5Ti0.5O3,Other,III,Sr,30.0,31.16400146484375,31.079936981201172,-0.08406448364257812
808,CaSr4Ta2TiO12,Sr,II,Sr,45.0,44.256683349609375,44.256683349609375,0.0
809,Ba0.7La0.3Zn0.4333Nb0.5667O3,Ba,Ib,Sr,44.70000076293945,43.6913948059082,40.15921401977539,-3.5321807861328125
810,CaLi0.2333Nb0.4667Ti0.3O3,Ca,III,Sr,44.70000076293945,43.36504364013672,30.216272354125977,-13.148771286010742
811,SrFe0.5Nb0.5O3,Sr,II,Sr,44.900001525878906,42.91081237792969,42.91081237792969,0.0
812,La0.7667Ti0.7Al0.3O3,Other,II,Sr,44.900001525878906,43.410614013671875,45.2221565246582,1.8115425109863281
813,Ca0.7Ti0.7Nd0.3Al0.3O3,Ca,II,Sr,45.0,43.66191482543945,41.829864501953125,-1.8320503234863281
814,Ca0.7Ti0.7Sm0.3Al0.3O3,Ca,II,Sr,45.0,43.151634216308594,41.391075134277344,-1.76055908203125
815,BaLa0.5Nb0.5O3,Ba,III,Sr,45.0,42.60857009887695,41.08232879638672,-1.5262413024902344
816,Ca0.6Ti0.6La0.4Ga0.4O3,Ca,II,Sr,45.0,44.007930755615234,41.96827697753906,-2.039653778076172
817,Ca0.2Ti0.2Sr0.8Mg0.2667Nb0.5333O3,Sr,II,Sr,45.0,43.773075103759766,43.773075103759766,0.0
818,BaSr4Nb4O15,Sr,Ib,Sr,45.0,45.735260009765625,45.735260009765625,0.0
819,BaY0.3Bi0.2Nb0.5O3,Ba,Ib,Sr,44.599998474121094,45.40821838378906,44.207786560058594,-1.2004318237304688
820,SrFe0.5Nb0.5O3,Sr,II,Sr,45.0,43.364463806152344,43.364463806152344,0.0
821,Ca0.73Ti0.73Nd0.27Al0.27O3,Ca,II,Sr,45.0,44.56322479248047,43.059452056884766,-1.5037727355957031
822,BaPr0.5Nb0.5O3,Ba,III,Sr,44.5,42.101619720458984,41.578487396240234,-0.52313232421875
823,Sr5Ta4O15,Sr,II,Sr,43.5,40.16646957397461,40.16646957397461,0.0
824,Ba2La2TiNb2O12,Ba,II,Sr,44.20000076293945,47.324729919433594,37.711273193359375,-9.613456726074219
825,Ba6Nb4TiO18,Ba,Ib,Sr,43.0,43.31753158569336,43.68895721435547,0.3714256286621094
826,Sr4LaTiNb3O15,Sr,III,Sr,43.0,42.503875732421875,42.503875732421875,0.0
827,Ca0.65Ti0.65Sm0.35Ga0.35O3,Ca,III,Sr,45.0,45.374080657958984,42.95712661743164,-2.4169540405273438
828,Ba2La3Ti3NbO15,Ba,II,Sr,42.79999923706055,47.04753494262695,38.108665466308594,-8.93886947631836
829,Sr6Nb4TiO18,Sr,Ib,Sr,43.0,46.71521759033203,46.71521759033203,0.0
830,BaLa4Ti4O15,Other,Ib,Sr,44.400001525878906,45.88216018676758,46.99222946166992,1.1100692749023438
831,CaLa3.5Nd0.5Ti4O15,Other,II,Sr,43.400001525878906,40.621368408203125,41.58315658569336,0.9617881774902344
832,CaLa4Ti4O15,Other,II,Sr,43.599998474121094,39.8836555480957,40.846168518066406,0.9625129699707031
833,Ca0.7Nd0.3Ti0.7Al0.3O3,Ca,II,Sr,43.70000076293945,42.953922271728516,41.46021270751953,-1.4937095642089844
834,Ba0.65La0.35Zn0.45Nb0.55O3,Ba,Ib,Sr,43.79999923706055,42.989990234375,39.646514892578125,-3.343475341796875
835,Ca2Sr3Ta2TiO12,Sr,II,Sr,44.0,43.45227813720703,43.45227813720703,0.0
836,BaNd0.5Nb0.5O3,Ba,III,Sr,44.0,41.26829147338867,40.55915451049805,-0.709136962890625
837,Ca0.66La0.34Ti0.66Al0.34O3,Ca,II,Sr,44.0,43.532745361328125,41.547821044921875,-1.98492431640625
838,Ca0.6Nd0.4Ti0.6Ga0.4O3,Ca,III,Sr,44.0,42.99068069458008,40.646697998046875,-2.343982696533203
839,Ba3LaNb3O12,Ba,Ib,Sr,43.5,38.93164825439453,30.93505859375,-7.996589660644531
840,BaGd0.3Bi0.2Nb0.5O3,Ba,II,Sr,47.900001525878906,48.19113540649414,46.948246002197266,-1.242889404296875
841,La0.48Co0.24Ti0.76Ca0.52O3,Ca,III,Sr,45.0,45.44145965576172,46.13596725463867,0.6945075988769531
842,Ba0.6Ca0.4La4Ti4O15,Other,II,Sr,47.70000076293945,43.957252502441406,45.204071044921875,1.2468185424804688
843,Ba5SrNb4TiO18,Ba,Ib,Sr,47.900001525878906,48.443626403808594,48.453433990478516,0.009807586669921875
844,Ca0.65Ti0.65La0.35Ga0.35O3,Ca,II,Sr,48.0,45.951446533203125,43.57237243652344,-2.3790740966796875
845,Ba4SrNb4O15,Ba,Ib,Sr,48.0,47.430747985839844,47.4802360534668,0.049488067626953125
846,CaTi0.34Mg0.22Nb0.44O3,Ca,III,Sr,48.0,47.51464080810547,44.589046478271484,-2.9255943298339844
847,CaLa8Ti9O31,Other,II,Sr,48.599998474121094,49.583492279052734,47.36576461791992,-2.2177276611328125
848,BaDy0.3Bi0.2Nb0.5O3,Ba,II,Sr,48.599998474121094,46.6209831237793,45.48822784423828,-1.1327552795410156
849,Ca0.64Ti0.64La0.36Ga0.36O3,Ca,II,Sr,48.70000076293945,46.443092346191406,44.37324905395508,-2.069843292236328
850,BaLa3Ti2NbO12,Ba,III,Sr,42.400001525878906,42.23271560668945,34.35810089111328,-7.874614715576172
851,Ca0.7Ti0.7Nd0.3Ga0.3O3,Ca,III,Sr,49.0,49.129371643066406,47.42059326171875,-1.7087783813476562
852,Ca0.65Ti0.65Nd0.35Ga0.35O3,Ca,III,Sr,45.0,43.74712371826172,41.81070327758789,-1.9364204406738281
853,Ba0.57Sr0.38La3.8Ti4.15O13.1,Other,Ib,Sr,47.400001525878906,52.6221809387207,41.4240837097168,-11.198097229003906
854,CaTi0.4Mg0.2Nb0.4O3,Ca,III,Sr,47.29999923706055,50.746253967285156,47.8697395324707,-2.876514434814453
855,Nd0.5Zn0.25Ti0.75Ca0.5O3,Ca,III,Sr,45.0,42.974876403808594,42.469322204589844,-0.50555419921875
856,BaMn0.5Ti0.5O3,Ba,Ib,Sr,45.0,44.59516143798828,44.602760314941406,0.007598876953125
857,Ca0.71Ti0.71Nd0.29Al0.29O3,Ca,II,Sr,45.099998474121094,44.558006286621094,42.64298629760742,-1.9150199890136719
858,CaMg0.1833Ta0.3667Ti0.45O3,Ca,III,Sr,45.099998474121094,50.694637298583984,46.33793258666992,-4.3567047119140625
859,BaEr0.3Bi0.2Nb0.5O3,Ba,Ib,Sr,46.099998474121094,44.96851348876953,43.496734619140625,-1.4717788696289062
860,BaLa4Ti4O15,Other,Ib,Sr,46.29999923706055,45.814544677734375,46.86216354370117,1.0476188659667969
861,Ba0.2Sr0.8La4Ti4.2O15,Other,II,Sr,46.400001525878906,44.12903594970703,44.71870803833008,0.5896720886230469
862,Ba3La3Ti4NbO18,Ba,II,Sr,47.400001525878906,48.67014694213867,39.54059600830078,-9.12955093383789
863,Ba.25Sr0.75La3Ti3NbO15,Ba,III,Sr,46.79999923706055,46.48052215576172,42.960304260253906,-3.5202178955078125
864,Ba0.5Ca0.5Sc0.5Nb0.5O3,Ba,II,Sr,46.900001525878906,44.65068435668945,39.92746353149414,-4.7232208251953125
865,Ca0.65Ti0.65La0.35Ga0.35O3,Ca,II,Sr,47.0,45.90338134765625,43.52190399169922,-2.3814773559570312
866,Ba.25Sr0.75La3Ti3NbO15,Ba,III,Sr,47.0,46.48052215576172,42.960304260253906,-3.5202178955078125
867,Ba.75Sr0.25La3Ti3NbO15,Other,Ib,Sr,47.0,41.717037200927734,31.813312530517578,-9.903724670410156
868,SrGa0.35Nb0.35Ti0.3O3,Sr,Ib,Sr,46.599998474121094,45.73108673095703,45.73108673095703,0.0
869,Ba0.95La0.05Zn0.35Nb0.65O3,Ba,Ib,Sr,42.400001525878906,41.43162536621094,37.950599670410156,-3.4810256958007812
870,Ba4LaTiTa3O15,Ba,Ib,Sr,42.29999923706055,41.65462875366211,39.85289764404297,-1.8017311096191406
871,CaZr0.7Ti0.3O3,Ca,III,Sr,38.0,39.08929443359375,43.13019943237305,4.040904998779297
872,BaSm0.5Ta0.5O3,Ba,II,Sr,38.0,36.31431579589844,35.07233428955078,-1.2419815063476562
873,BaHo0.5Nb0.5O3,Ba,II,Sr,38.0,36.252174377441406,34.80561065673828,-1.446563720703125
874,SrPr0.5Nb0.5O3,Sr,III,Sr,38.0,33.63332748413086,33.63332748413086,0.0
875,CaLi0.2667Nb0.5333Ti0.2O3,Ca,III,Sr,38.599998474121094,40.88714599609375,28.41754150390625,-12.4696044921875
876,CaFe0.5Nb0.5O3,Ca,III,Sr,38.599998474121094,37.56077575683594,32.31269073486328,-5.248085021972656
877,BaEu0.5Ta0.5O3,Ba,II,Sr,38.79999923706055,35.14960479736328,33.441864013671875,-1.7077407836914062
878,BaDy0.5Nb0.5O3,Ba,II,Sr,38.900001525878906,36.239097595214844,34.73579406738281,-1.5033035278320312
879,Ba.5Sr.5LaNb3O12,Other,Ib,Sr,38.900001525878906,37.81501388549805,39.333412170410156,1.5183982849121094
880,Ba3.0Zn0.993Nb.986W0.014O9,Ba,Ib,Sr,39.0,37.52756881713867,30.907451629638672,-6.6201171875
881,BaTb0.5Nb0.5O3,Ba,II,Sr,39.0,36.78043746948242,35.240211486816406,-1.5402259826660156
882,Ca4SrTa2TiO12,Ca,III,Sr,39.0,36.95311737060547,31.315738677978516,-5.637378692626953
883,Sr2La2TiNb2O12,Sr,III,Sr,39.0,40.1826171875,40.1826171875,0.0
884,BaDy0.5Ta0.5O3,Ba,II,Sr,39.099998474121094,33.85196304321289,31.57857894897461,-2.2733840942382812
885,La6ZnTi4O18,Other,III,Sr,37.70000076293945,34.838314056396484,34.577430725097656,-0.2608833312988281
886,Ba5SrNb4ZrO18,Ba,Ib,Sr,37.599998474121094,36.386199951171875,35.60041046142578,-0.7857894897460938
887,BaSm0.5Ta0.5O3,Ba,II,Sr,37.599998474121094,36.06991958618164,34.34547805786133,-1.7244415283203125
888,BaCo0.3Y0.05Nb0.65O3,Ba,Ib,Sr,37.0,37.590919494628906,36.11843490600586,-1.4724845886230469
889,Ca0.35La0.65Ti0.35Al0.65O3,Other,Ia,Sr,37.0,32.805763244628906,32.27509307861328,-0.530670166015625
890,Ca0.66Ti0.66La0.17Nd0.17Ga0.34O3,Ca,III,Sr,49.0,47.195701599121094,45.21617889404297,-1.979522705078125
891,BaY0.5Nb0.5O3,Ba,II,Sr,37.0,36.3608283996582,35.124664306640625,-1.2361640930175781
892,Ca4.18Co0.82Nb2TiO12,Ca,III,Sr,37.0,35.6422004699707,31.362743377685547,-4.279457092285156
893,Ca4.85Zn0.15Ta2TiO12,Ca,III,Sr,37.0,38.62392044067383,36.46543502807617,-2.1584854125976562
894,Ca4.82Mg0.18Ta2TiO12,Ca,III,Sr,37.0,39.948970794677734,35.803550720214844,-4.145420074462891
895,Sr2La4Ti5O18,Other,II,Sr,39.20000076293945,40.52213668823242,41.11646270751953,0.5943260192871094
896,Ca0.6Nd0.4Ti0.6Al0.4O3,Ca,II,Sr,37.20000076293945,36.937259674072266,35.415306091308594,-1.5219535827636719
897,BaIn0.5Ta0.5O3,Ba,Ib,Sr,37.20000076293945,37.24583053588867,33.150047302246094,-4.095783233642578
898,BaY0.5Ta0.5O3,Ba,II,Sr,37.29999923706055,34.867088317871094,33.07076644897461,-1.7963218688964844
899,Ca0.6Sr0.5Al0.3Nb0.3Ti0.5O3.3,Sr,Ib,Sr,37.29999923706055,36.28986740112305,35.22773742675781,-1.0621299743652344
900,BaLa0.5Nb0.5O3,Ba,III,Sr,37.400001525878906,38.8644905090332,39.474586486816406,0.6100959777832031
901,Ba4LiNb3O12,Ba,Ib,Sr,37.0,30.000049591064453,21.184743881225586,-8.815305709838867
902,Sr0.92Li0.23Nb0.69Ti0.08O3,Sr,III,Sr,42.29999923706055,37.35048294067383,37.35048294067383,0.0
903,Ba3LaTa3O12,Ba,Ib,Sr,39.400001525878906,41.72834014892578,34.526519775390625,-7.201820373535156
904,BaZn0.25Ti0.25Ta0.5O3,Ba,Ib,Sr,39.599998474121094,37.22467803955078,36.1112174987793,-1.1134605407714844
905,BaZn0.3333Nb0.6667O3,Ba,Ib,Sr,41.099998474121094,39.40530776977539,37.20592498779297,-2.199382781982422
906,CaTi0.5Al0.25Ta0.25O3,Ca,II,Sr,41.400001525878906,42.173606872558594,39.95136260986328,-2.2222442626953125
907,BaNd0.5Nb0.5O3,Ba,III,Sr,41.900001525878906,41.53418731689453,40.9283447265625,-0.6058425903320312
908,Ca0.67Nd0.33Ti0.67Al0.33O3,Ca,II,Sr,42.0,41.276180267333984,39.61662292480469,-1.6595573425292969
909,Ca4.38Ni0.62Nb2TiO12,Ca,III,Sr,42.0,35.854156494140625,31.260753631591797,-4.593402862548828
910,BaZn0.3167Nb0.6333Zr0.05O3,Ba,Ib,Sr,42.0,39.557098388671875,38.13347625732422,-1.4236221313476562
911,Ca3Sr2Ta2TiO12,Ca,II,Sr,42.0,36.4609489440918,31.082910537719727,-5.37803840637207
912,Ba0.8Sr0.2Zn0.3133Ta0.6267Ti0.06O3,Ba,Ib,Sr,42.0,39.27185821533203,34.62470626831055,-4.647151947021484
913,Ca0.1Nd0.9Mg0.45Ti0.55O3,Other,III,Sr,42.0,27.130565643310547,27.367931365966797,0.23736572265625
914,CaZr0.9Ti0.1O3,Ca,III,Sr,42.0,38.25559997558594,38.658164978027344,0.40256500244140625
915,La0.4Sr0.6Al0.4Ti0.6O3,Sr,Ib,Sr,42.099998474121094,43.01044845581055,43.01044845581055,0.0
916,CaLa2Nd2Ti4O15,Other,III,Sr,42.29999923706055,41.08063888549805,42.169586181640625,1.0889472961425781
917,CaLa0.5Nd0.5Ti4O15,Ca,III,Sr,42.29999923706055,43.36148452758789,41.08147430419922,-2.280010223388672
918,CaLa4Ti4O15,Other,II,Sr,41.099998474121094,39.8836555480957,40.846168518066406,0.9625129699707031
919,Sr5Ta4O15,Sr,II,Sr,41.0,40.03266143798828,40.03266143798828,0.0
920,Ca0.65Sm0.35Ti0.65Al0.35O3,Ca,II,Sr,41.0,39.46561050415039,37.93605422973633,-1.5295562744140625
921,Ba0.75Sr0.25Zn0.3133Ta0.6267Ti0.06O3,Ba,Ib,Sr,40.0,40.817359924316406,36.067691802978516,-4.749668121337891
922,BaHo0.5Ta0.5O3,Ba,II,Sr,39.599998474121094,34.27412033081055,32.06254196166992,-2.211578369140625
923,BaSm0.5Nb0.5O3,Ba,II,Sr,39.70000076293945,39.896034240722656,38.7796745300293,-1.1163597106933594
924,BaYb0.5Ta0.5O3,Ba,Ib,Sr,39.70000076293945,33.65383529663086,31.43731689453125,-2.2165184020996094
925,Ca0.65Ti0.65Sm0.315Nd0.035Al0.35O3,Ca,II,Sr,39.70000076293945,38.603206634521484,36.970001220703125,-1.6332054138183594
926,BaGd0.5Nb0.5O3,Ba,II,Sr,40.0,37.76647186279297,36.35695266723633,-1.4095191955566406
927,Ba2SrLaNb3O12,Ba,II,Sr,39.5,37.92591094970703,28.479990005493164,-9.445920944213867
928,BaEu0.5Nb0.5O3,Ba,II,Sr,40.0,38.1378059387207,36.739593505859375,-1.3982124328613281
929,Sr5Nb4O15,Sr,II,Sr,40.0,49.23837661743164,49.23837661743164,0.0
930,CaFe0.5Nb0.5O3,Ca,III,Sr,40.0,38.990821838378906,34.13903045654297,-4.8517913818359375
931,BaZn0.2667Co0.0667Nb0.6667O3,Ba,Ib,Sr,40.0,37.95698165893555,36.641578674316406,-1.3154029846191406
932,BaZn0.3333Nb0.6667O3,Ba,Ib,Sr,40.0,39.40530776977539,37.20592498779297,-2.199382781982422
933,Ba0.3Sr0.7Zn0.3333Nb0.6667O3,Sr,Ib,Sr,40.0,40.51484298706055,40.51484298706055,0.0
934,Ba8Ta4Ti3O24,Ba,Ib,Sr,40.0,39.166683197021484,39.123199462890625,-0.043483734130859375
935,Ca4ZnNb2TiO12,Ca,III,Sr,40.0,38.232582092285156,34.19269561767578,-4.039886474609375
936,Ba3LiTa3Ti5O21,Ba,Ib,Sr,49.400001525878906,43.55018615722656,38.25896072387695,-5.291225433349609
937,Ca0.3355Nd0.7255Li0.225TiO3,Other,III,Sr,101.0,77.18196105957031,46.26082229614258,-30.921138763427734
938,Pb0.6Ca0.4ZrO3,Other,III,Sr,94.0,105.82515716552734,105.50489807128906,-0.32025909423828125
939,Pb0.48Ca0.52Fe0.475Nb0.475Sn0.05O3,Ca,II,Sr,94.30000305175781,96.51011657714844,114.46818542480469,17.95806884765625
940,Ca0.4Sm0.4TiO3,Ca,III,Sr,94.5,95.90039825439453,96.93304443359375,1.0326461791992188
941,Ca0.268Sm0.268Ti0.67Li0.165Sm0.165Ti0.33O3,Other,III,Sr,95.5,99.77687072753906,100.26216888427734,0.48529815673828125
942,Ca0.56Sm0.56Ti0.7Li0.15Nd0.15Ti0.3O3,Other,III,Sr,98.0,91.76671600341797,59.30157470703125,-32.46514129638672
943,Ca0.28Sm0.28Ti0.7Li0.15Nd0.15Ti0.3O3,Other,III,Sr,99.0,102.6702651977539,103.59690856933594,0.9266433715820312
944,Ca0.4Nd0.4TiO3,Ca,III,Sr,99.0,97.52934265136719,98.50471496582031,0.975372314453125
945,Pb0.5Ca0.5Fe0.45Nb0.45Sn0.1O3,Ca,II,Sr,99.5999984741211,98.26573181152344,117.93339538574219,19.66766357421875
946,Ca0.6Sm0.2667TiO3,Ca,III,Sr,101.0,105.39471435546875,105.4927978515625,0.09808349609375
947,Pb0.5Ca0.5Fe0.475Nb0.475Sn0.05O3,Ca,II,Sr,102.0,101.35950469970703,121.09139251708984,19.731887817382812
948,Ca0.9La0.1Mg0.05Ti0.95O3,Ca,III,Sr,102.5,97.77217102050781,104.65562438964844,6.883453369140625
949,Ca0.61Nd0.26TiO3,Ca,III,Sr,103.0,108.2530746459961,108.28035736083984,0.02728271484375
950,Ca0.3La0.1333Li0.25Nd0.25TiO3,Other,III,Sr,105.0,109.38348388671875,111.20491027832031,1.8214263916015625
951,Ca0.61Nd0.26TiO3,Ca,III,Sr,108.0,107.0342025756836,106.6590805053711,-0.3751220703125
952,Pb0.48Ca0.52Fe0.45Nb0.45Sn0.1O3,Ca,II,Sr,93.5999984741211,93.36186218261719,109.51866149902344,16.15679931640625
953,Pb0.45Ca0.55Fe0.5Nb0.5O3,Ca,II,Sr,92.5999984741211,92.0094985961914,115.36988830566406,23.360389709472656
954,Pb0.5Ca0.5Fe0.5Ta0.5O3,Ca,II,Sr,83.9000015258789,81.24421691894531,85.72785186767578,4.483634948730469
955,Pb0.45Ca0.55Fe0.45Nb0.45Sn0.1O3,Ca,II,Sr,85.0,86.01600646972656,98.06809997558594,12.052093505859375
956,Pb0.45Ca0.55Fe0.45Nb0.45Zr0.1O3,Ca,II,Sr,85.0,85.01966857910156,93.89451599121094,8.874847412109375
957,BaTi0.5Ga0.25Nb0.25O3,Ba,Ib,Sr,86.0,82.77652740478516,83.6458740234375,0.8693466186523438
958,Pb0.45Ca0.55Fe0.475Nb0.475Sn0.05O3,Ca,II,Sr,86.30000305175781,89.88525390625,100.40494537353516,10.519691467285156
959,Ca0.6La0.2667TiO3,Ca,II,Sr,109.0,110.51651763916016,114.323486328125,3.8069686889648438
960,Pb0.5Ca0.5Fe0.495Nb0.495Zr0.01O3,Ca,II,Sr,86.30000305175781,93.23869323730469,108.9140396118164,15.675346374511719
961,Ca0.9Sm0.1Mg0.05Ti0.95O3,Ca,III,Sr,87.0,88.90494537353516,92.89958190917969,3.9946365356445312
962,Pb0.45Ca0.55Fe0.475Nb0.475Zr0.05O3,Ca,II,Sr,87.0,85.35738372802734,93.35133361816406,7.993949890136719
963,Pb0.46Ca0.54Fe0.45Nb0.45Sn0.1O3,Ca,II,Sr,87.80000305175781,88.72758483886719,98.47176361083984,9.744178771972656
964,Pb0.46Ca0.54Fe0.475Nb0.475Sn0.05O3,Ca,II,Sr,88.19999694824219,92.03773498535156,105.4483413696289,13.410606384277344
965,Ca0.9La0.1Mg0.05Ti0.95O3,Ca,III,Sr,90.4000015258789,90.50450134277344,95.15264892578125,4.6481475830078125
966,Pb0.46Ca0.46La0.08Fe0.5Nb0.5O3,Ca,II,Sr,90.80000305175781,94.78190612792969,111.83708190917969,17.05517578125
967,Pb0.45Ca0.55Fe0.45Nb0.45Sn0.1O3,Ca,II,Sr,86.69999694824219,86.35791015625,93.22257232666016,6.864662170410156
968,Pb0.45Ca0.55Fe0.25Nb0.48Ta0.02O3,Ca,II,Sr,82.0,80.7508544921875,89.81925201416016,9.068397521972656
969,Pb0.63Ca0.37ZrO3,Other,III,Sr,110.0,112.8531723022461,111.9134521484375,-0.9397201538085938
970,Ca0.16Sm0.16Li0.3Nd0.3TiO3,Other,III,Sr,110.0,108.8921127319336,108.77357482910156,-0.11853790283203125
971,Ca0.2Li0.34Nd0.38La0.04TiO3,Other,III,Sr,132.60000610351562,131.38815307617188,130.6361083984375,-0.752044677734375
972,Sr4Ce2Ti7O22,Sr,Ib,Sr,133.0,134.6749267578125,134.6749267578125,0.0
973,Sr0.8Ca0.2TiO3,Sr,Ib,Sr,133.89999389648438,134.5503692626953,134.5503692626953,0.0
974,Sr0.571Ce0.286TiO3,Sr,Ib,Sr,136.0,137.5727996826172,137.5727996826172,0.0
975,Ca0.4Li0.24Nd0.28La0.04TiO3,Ca,III,Sr,136.39999389648438,126.77117919921875,125.59440612792969,-1.1767730712890625
976,CaZr0.3Ti0.7O3,Ca,III,Sr,138.0,137.65072631835938,136.39193725585938,-1.2587890625
977,Pb0.6Ca0.4Fe0.475Nb0.475Sn0.05O3,Other,II,Sr,139.39999389648438,140.32296752929688,140.06405639648438,-0.2589111328125
978,Pb0.6Zr0.6Ca0.4Fe0.2Nb0.2O3,Other,III,Sr,140.6999969482422,140.27789306640625,140.45547485351562,0.177581787109375
979,Ca0.85Nd0.1TiO3,Ca,III,Sr,141.0,119.31103515625,117.17887878417969,-2.1321563720703125
980,CaZr0.2Ti0.8O3,Ca,III,Sr,141.0,139.1760711669922,137.78134155273438,-1.3947296142578125
981,Ca0.73Nd0.18TiO3,Ca,III,Sr,141.0,113.82666015625,112.2745590209961,-1.5521011352539062
982,Ca0.6Li0.14Nd0.21La0.04TiO3,Ca,III,Sr,142.0,133.6429901123047,131.78646850585938,-1.8565216064453125
983,SrNd0.5Nb0.5O3,Sr,III,Sr,37.0,33.180503845214844,33.180503845214844,0.0
984,Sr5Ce2Ti8O25,Sr,Ib,Sr,142.0,137.75804138183594,137.75804138183594,0.0
985,Pb0.7Ca0.3ZrO3,Other,III,Sr,132.0,121.89323425292969,121.0385971069336,-0.8546371459960938
986,Ca0.6Li0.15Nd0.1833La0.0333TiO3,Ca,III,Sr,128.1999969482422,131.56082153320312,130.31790161132812,-1.242919921875
987,Pb0.56Ca0.44Fe0.5333W0.0667Nb0.4O3,Ca,II,Sr,127.19999694824219,124.71788024902344,127.06246185302734,2.3445816040039062
988,Pb0.6Ca0.4Fe0.495Nb0.495Zr0.01O3,Other,II,Sr,126.69999694824219,128.71865844726562,128.19052124023438,-0.52813720703125
989,Ca0.2Li0.25Nd0.25La0.1Nd0.1TiO3,Other,III,Sr,110.4000015258789,113.598388671875,114.3321533203125,0.7337646484375
990,Pb0.95Ca0.05ZrO3,Other,III,Sr,112.0,120.40293884277344,119.7857666015625,-0.6171722412109375
991,Pb0.05Fe0.0333W0.0167Pb0.475Ca0.475Fe0.475Nb0.475O3,Ca,II,Sr,112.19999694824219,116.8531494140625,127.5251235961914,10.671974182128906
992,Ca0.4Li0.3Nd0.3TiO3,Other,III,Sr,112.5999984741211,115.5345458984375,115.63134765625,0.0968017578125
993,Ca0.3Li0.35Sm0.35TiO3,Other,III,Sr,114.0,115.3017349243164,116.01708984375,0.7153549194335938
994,Pb0.475Ca0.475La0.05Fe0.45Nb0.45Ti0.1O3,Ca,II,Sr,116.5999984741211,116.97607421875,131.37167358398438,14.395599365234375
995,Na0.15La0.15Li0.35Sm0.35TiO3,Other,III,Sr,117.0,117.86781311035156,118.6490478515625,0.7812347412109375
996,Ca0.2Li0.1Nd0.1Ti0.4O3,Ca,III,Sr,110.0,109.3460922241211,108.7282943725586,-0.6177978515625
997,Ca0.6Li0.05Nd0.05La0.1Nd0.1TiO3,Ca,III,Sr,117.0,119.44384765625,118.51680755615234,-0.9270401000976562
998,Pb0.65Ca0.35ZrO3,Other,III,Sr,118.0,116.37457275390625,115.4332504272461,-0.9413223266601562
999,Ca0.8Nd0.1333TiO3,Ca,III,Sr,119.0,120.37220764160156,118.63887023925781,-1.73333740234375
1000,Ca0.8Sm0.1333TiO3,Ca,III,Sr,119.30000305175781,120.22270202636719,118.29139709472656,-1.931304931640625
1001,Ca0.4Li0.25Nd0.2833La0.0333TiO3,Ca,III,Sr,121.30000305175781,126.84303283691406,125.6896743774414,-1.1533584594726562
1002,Ca0.45Li0.125Nd0.225Dy0.1TiO3,Ca,III,Sr,121.30000305175781,121.09492492675781,119.53199768066406,-1.56292724609375
1003,La0.5Na0.5TiO3,Other,II,Sr,122.0,125.4935302734375,128.67178344726562,3.178253173828125
1004,Ca0.5Li0.2Nd0.2333La0.0333TiO3,Ca,III,Sr,123.0,129.3979949951172,128.13914489746094,-1.25885009765625
1005,Ca0.4Li0.15Nd0.15La0.1Nd0.1TiO3,Ca,III,Sr,117.0,123.93172454833984,122.84928131103516,-1.0824432373046875
1006,BaMg0.167Ta0.33Ti0.5O3,Ba,Ib,Sr,76.5999984741211,76.88682556152344,73.56602478027344,-3.32080078125
1007,Pb0.4Ca0.6Mg0.3Nb0.6Sn0.1O3,Ca,III,Sr,52.20000076293945,58.751808166503906,56.92694854736328,-1.824859619140625
1008,La0.2Na0.2Ti0.4Ca0.6Mg0.2Nb0.4O3,Ca,III,Sr,52.29999923706055,52.41526412963867,49.434471130371094,-2.980792999267578
1009,Ca0.8La0.1333Ti0.5Mg0.1667Nb0.3333O3,Ca,III,Sr,52.400001525878906,52.07926559448242,48.27791976928711,-3.8013458251953125
1010,CaLa4Ti5O17,Other,II,Sr,53.70000076293945,54.31439971923828,44.379539489746094,-9.934860229492188
1011,CaTi0.4Mg0.2Nb0.4O3,Ca,III,Sr,54.0,50.746253967285156,47.8697395324707,-2.876514434814453
1012,La0.5333Ti0.8Al0.2O3,Other,II,Sr,54.0,51.09038543701172,52.34546661376953,1.2550811767578125
1013,BaZn0.25Ti0.25Nb0.5O3,Ba,Ib,Sr,54.79999923706055,53.2269287109375,51.41230010986328,-1.8146286010742188
1014,Sm0.5Li0.5TiO3,Other,III,Sr,55.0,54.84137725830078,59.18128204345703,4.33990478515625
1015,CaLi0.1667Nb0.3333Ti0.5O3,Ca,III,Sr,55.0,46.263702392578125,33.26982879638672,-12.993873596191406
1016,Pb0.2Zr0.2Ca0.8Fe0.4Nb0.4O3,Ca,III,Sr,55.099998474121094,55.725135803222656,52.39453125,-3.3306045532226562
1017,Ba4La2Ti3Nb2O18,Ba,Ib,Sr,55.099998474121094,52.059722900390625,44.056671142578125,-8.0030517578125
1018,CaLi0.1667Nb0.3333Ti0.5O3,Ca,III,Sr,55.20000076293945,46.263702392578125,33.26982879638672,-12.993873596191406
1019,CaLa4Ti5O17,Other,II,Sr,57.0,54.425636291503906,44.50402069091797,-9.921615600585938
1020,Ba5LaTi2Nb3O15,Ba,Ib,Sr,57.29999923706055,54.8626823425293,44.610416412353516,-10.252265930175781
1021,Ca4.6Zn0.4Nb4TiO17,Ca,III,Sr,52.0,51.12701416015625,64.01210021972656,12.885086059570312
1022,Ca0.7Ti0.7La0.3Ga0.3O3,Ca,II,Sr,52.0,50.36840057373047,48.05746078491211,-2.3109397888183594
1023,CaTi0.6Al0.2Ta0.2O3,Ca,II,Sr,52.0,50.946319580078125,48.6072998046875,-2.339019775390625
1024,Ba3La2Ti2Nb2O15,Ba,Ib,Sr,49.79999923706055,47.22980499267578,37.19635772705078,-10.033447265625
1025,Pb0.7Ca0.3La0.5Mg0.5Nb0.5O3,Other,III,Sr,50.0,53.87165069580078,40.55249786376953,-13.31915283203125
1026,La0.8333Mg0.25Ti0.75O3,Other,III,Sr,50.0,47.934879302978516,49.52995300292969,1.5950736999511719
1027,Ca0.5La0.5Zn0.25Ti0.75O3,Ca,III,Sr,50.0,48.93791961669922,48.51702117919922,-0.4208984375
1028,Ba2Sr3Nb4O15,Sr,Ib,Sr,50.0,48.1121826171875,48.1121826171875,0.0
1029,CaZr0.6Ti0.4O3,Ca,III,Sr,50.0,51.13454818725586,51.37744140625,0.24289321899414062
1030,Pb0.4Ca0.6Mg0.1667Nb0.3333Sn0.5O3,Ca,III,Sr,57.400001525878906,55.79988479614258,54.41777801513672,-1.3821067810058594
1031,La0.5333Ni0.2TiO3,Other,II,Sr,50.70000076293945,49.58168029785156,51.33759307861328,1.7559127807617188
1032,Ca0.75Ti0.75Sm0.25Al0.25O3,Ca,II,Sr,51.0,48.180320739746094,45.88048553466797,-2.299835205078125
1033,Ba3Sr2Nb4O15,Ba,Ib,Sr,51.0,50.24944305419922,50.088748931884766,-0.16069412231445312
1034,Ca0.7La0.3Mg0.15Ti0.85O3,Ca,III,Sr,51.20000076293945,54.880287170410156,54.833580017089844,-0.0467071533203125
1035,La0.66Ni0.01TiO3,Other,II,Sr,51.400001525878906,48.74809646606445,48.721412658691406,-0.026683807373046875
1036,La0.3Al0.3Sr0.7Ti0.7O3,Sr,Ib,Sr,52.0,51.05223846435547,51.05223846435547,0.0
1037,Li0.5Sm0.5TiO3,Other,III,Sr,52.0,52.86906051635742,56.45713424682617,3.58807373046875
1038,BaSm0.3Bi0.2Nb0.5O3,Ba,II,Sr,50.79999923706055,49.916656494140625,48.57969284057617,-1.3369636535644531
1039,Pb0.4Ca0.6Fe0.475Nb0.475Sn0.05O3,Ca,II,Sr,78.0,77.74900817871094,77.426513671875,-0.3224945068359375
1040,La0.5667Ti0.85Al0.15O3,Other,II,Sr,57.70000076293945,56.813812255859375,58.48505783081055,1.6712455749511719
1041,La0.6167Ni0.075TiO3,Other,II,Sr,58.0,59.55084228515625,61.4537353515625,1.90289306640625
1042,BaTi0.4Ga0.3Nb0.3O3,Ba,Ib,Sr,66.0,68.23613739013672,67.3424072265625,-0.8937301635742188
1043,La0.6133Ti0.92Al0.08O3,Other,II,Sr,66.9000015258789,64.83308410644531,66.47883605957031,1.645751953125
1044,Ca0.8Ti0.8Sm0.2Mg0.1Ti0.1O3,Ca,III,Sr,68.0,67.11421966552734,65.821533203125,-1.2926864624023438
1045,CaTi0.6Mg0.1333Nb0.2667O3,Ca,III,Sr,68.0,64.22976684570312,62.347412109375,-1.882354736328125
1046,Pb0.4Ca0.6Fe0.495Nb0.495Zr0.01O3,Ca,II,Sr,68.69999694824219,72.31614685058594,72.46603393554688,0.1498870849609375
1047,La0.6467Ni0.03TiO3,Other,II,Sr,69.4000015258789,66.07411193847656,67.19999694824219,1.125885009765625
1048,Pb0.4Ca0.6Fe0.45Nb0.45Sn0.1O3,Ca,II,Sr,70.30000305175781,72.28695678710938,68.49504089355469,-3.7919158935546875
1049,La0.64Ti0.96Al0.04O3,Other,II,Sr,71.9000015258789,70.59549713134766,71.69010925292969,1.0946121215820312
1050,Pb0.5Ca0.5Zr0.95Ti0.05O3,Ca,III,Sr,72.0,70.69669342041016,70.81820678710938,0.12151336669921875
1051,La0.64Ti0.96Al0.04O3,Other,II,Sr,72.0,66.81880950927734,68.02754974365234,1.208740234375
1052,Pb0.5Ca0.5ZrO3,Ca,III,Sr,74.0,73.82511138916016,77.66746520996094,3.8423538208007812
1053,CaTi0.7Al0.15Ta0.15O3,Ca,II,Sr,65.4000015258789,63.443138122558594,60.1080322265625,-3.3351058959960938
1054,Pb0.1Fe0.0667W0.0333Pb0.18Ca0.72Fe0.45Nb0.45O3,Ca,III,Sr,65.30000305175781,64.07939910888672,65.8779525756836,1.798553466796875
1055,Pb0.4Ca0.6Mg0.255Nb0.255Sn0.01O3,Ca,III,Sr,65.0,63.314849853515625,66.05667877197266,2.7418289184570312
1056,La0.3Mg0.15Ti0.85Ca0.7O3,Ca,III,Sr,58.79999923706055,54.880287170410156,54.833580017089844,-0.0467071533203125
1057,CaZr0.5Ti0.5O3,Ca,III,Sr,59.0,57.828155517578125,57.624908447265625,-0.2032470703125
1058,La0.6333Ni0.05TiO3,Other,II,Sr,59.599998474121094,63.019378662109375,64.75167083740234,1.7322921752929688
1059,BaTi0.85Mn0.15O3,Ba,Ib,Sr,60.0,62.25140380859375,62.86181640625,0.61041259765625
1060,CaTi0.4Mg0.2Ta0.4O3,Ca,III,Sr,60.20000076293945,49.46073913574219,44.24750518798828,-5.213233947753906
1061,BaPr0.3Bi0.02Nb0.5O3,Ba,II,Sr,60.70000076293945,52.830055236816406,51.15810012817383,-1.6719551086425781
1062,Ca2Ba3Ta2TiO12,Ba,Ib,Sr,61.0,63.41557693481445,46.96515655517578,-16.450420379638672
1063,Ca0.68Nd0.08Ti0.8Sm0.2Al0.2O3,Ca,III,Sr,58.0,54.115455627441406,52.1638069152832,-1.9516487121582031
1064,CaTi0.6Mg0.1333Nb0.2667O3,Ca,III,Sr,62.900001525878906,64.22976684570312,62.347412109375,-1.882354736328125
1065,Pb0.4Ca0.6Mg0.3233Nb0.6467Sn0.03O3,Ca,III,Sr,63.0,60.45880126953125,58.95582962036133,-1.5029716491699219
1066,La0.6Ti0.9Al0.1O3,Other,II,Sr,63.0,59.6520881652832,61.0504035949707,1.3983154296875
1067,La0.6533Ni0.02TiO3,Other,II,Sr,63.29999923706055,61.201438903808594,61.811500549316406,0.6100616455078125
1068,BaMg0.2W0.2Ti0.6O3,Ba,Ib,Sr,63.900001525878906,64.50017547607422,60.95829391479492,-3.541881561279297
1069,Pb0.4Ca0.6Mg0.3367Nb0.6733Sn0.01O3,Ca,III,Sr,64.69999694824219,61.5887336730957,60.2305793762207,-1.358154296875
1070,La0.6Ti0.9Al0.1O3,Other,II,Sr,62.599998474121094,62.3578987121582,64.06018829345703,1.7022895812988281
1071,SrLa0.5Nb0.5O3,Sr,III,Sr,37.0,33.22995376586914,33.22995376586914,0.0
1072,CaLi0.2667Nb0.5333Sn0.2O3,Ca,III,Sr,23.299999237060547,23.31899642944336,14.002511978149414,-9.316484451293945
1073,BaLa0.5Ta0.5O3,Ba,III,Sr,37.0,33.25452423095703,33.970401763916016,0.7158775329589844
1074,BaTi0.1Co0.45W0.45O3,Ba,Ib,Sr,24.0,21.936763763427734,18.559669494628906,-3.377094268798828
1075,Ba0.98Zn0.5W0.5O2.98,Ba,Ia,Sr,24.0,21.656335830688477,20.182043075561523,-1.4742927551269531
1076,BaMg0.333Ta0.667O3,Ba,Ib,Sr,24.0,24.529794692993164,24.276744842529297,-0.2530498504638672
1077,CaIn0.5Ta0.5O3,Ca,III,Sr,24.0,24.200149536132812,23.12762451171875,-1.0725250244140625
1078,CaPr0.5Ta0.5O3,Ca,III,Sr,24.0,22.737531661987305,22.605260848999023,-0.13227081298828125
1079,BaMg0.283Ta0.567Sn0.15O3,Ba,Ib,Sr,24.0,24.721195220947266,24.052406311035156,-0.6687889099121094
1080,BaTi0.5Ni0.25W0.25O3,Ba,Ib,Sr,24.200000762939453,23.715984344482422,23.874845504760742,0.1588611602783203
1081,BaHfO3,Ba,Ia,Sr,24.200000762939453,24.784759521484375,23.826553344726562,-0.9582061767578125
1082,CaNd0.5Ta0.5O3,Ca,III,Sr,24.399999618530273,22.710430145263672,22.523406982421875,-0.18702316284179688
1083,BaMg0.33Ta0.63Ti0.017W0.017O3,Ba,Ib,Sr,24.5,24.4956111907959,24.053028106689453,-0.4425830841064453
1084,Ba0.9925Mg0.33Ta0.67O3,Ba,Ib,Sr,24.700000762939453,24.19876480102539,23.52845573425293,-0.6703090667724609
1085,BaMg0.33Ta0.53Ti0.067W0.067O3,Ba,Ib,Sr,23.600000381469727,23.841915130615234,23.340023040771484,-0.50189208984375
1086,SrHfO3,Sr,III,Sr,23.5,22.961563110351562,22.961563110351562,0.0
1087,Sr3Zn0.5Mg0.5Nb2O9,Sr,II,Sr,22.299999237060547,30.8074951171875,30.8074951171875,0.0
1088,La0.952Na0.048Mg0.5W0.5O3,Other,III,Sr,22.600000381469727,25.910503387451172,24.092018127441406,-1.8184852600097656
1089,La0.907Na0.0938Mg0.5W0.5O3,Other,III,Sr,22.600000381469727,25.43524742126465,23.340473175048828,-2.0947742462158203
1090,CaLi0.2333Nb0.4667Sn0.3O3,Ca,III,Sr,22.600000381469727,19.708932876586914,12.631853103637695,-7.077079772949219
1091,Ba0.99Zn0.5W0.5O2.99,Ba,Ia,Sr,23.0,22.13272476196289,20.663854598999023,-1.4688701629638672
1092,CaLa0.5Ta0.5O3,Ca,III,Sr,23.0,21.561203002929688,21.610960006713867,0.04975700378417969
1093,NdMg0.5Ti0.5O3,Other,III,Sr,23.0,24.240842819213867,24.645280838012695,0.4044380187988281
1094,Ca0.07Mg0.93TiO3,Ca,III,Sr,23.0,21.47295379638672,22.116411209106445,0.6434574127197266
1095,LaAlO3,Other,Ia,Sr,23.399999618530273,22.428546905517578,21.98544692993164,-0.4430999755859375
1096,BaZn0.1667Co0.1667Ta0.2222Nb0.2222Sb0.2222O3,Ba,Ib,Sr,24.899999618530273,24.140661239624023,23.373882293701172,-0.7667789459228516
1097,BaCo0.3333Ta0.6667O3,Ba,Ib,Sr,25.0,26.157541275024414,23.458255767822266,-2.6992855072021484
1098,CaEr0.5Ta0.5O3,Ca,III,Sr,26.399999618530273,25.905323028564453,24.692768096923828,-1.212554931640625
1099,BaTi0.3Zn0.35W0.35O3,Ba,Ib,Sr,26.399999618530273,26.326187133789062,20.396596908569336,-5.929590225219727
1100,BaTi0.55Ni0.225W0.225O3,Ba,Ib,Sr,26.5,26.502050399780273,26.474895477294922,-0.027154922485351562
1101,CaEu0.5Ta0.5O3,Ca,III,Sr,26.799999237060547,24.256511688232422,23.720388412475586,-0.5361232757568359
1102,CaY0.5Ta0.5O3,Ca,III,Sr,27.0,26.116840362548828,25.173572540283203,-0.943267822265625
1103,Ca0.6Ba0.4Y0.5Ta0.5O3,Ca,III,Sr,27.0,27.472824096679688,26.669170379638672,-0.8036537170410156
1104,Ba5Nb2Ta2O15,Ba,Ib,Sr,27.0,28.725738525390625,28.691394805908203,-0.034343719482421875
1105,BaMg0.1333Zn0.2Ta0.6667O3,Ba,Ib,Sr,27.0,26.82309913635254,26.032155990600586,-0.7909431457519531
1106,CaZrO3,Ca,III,Sr,27.0,25.413318634033203,26.21134376525879,0.7980251312255859
1107,BaMg0.3Ta0.6Ti0.1O3,Ba,Ib,Sr,26.299999237060547,26.124521255493164,26.03155517578125,-0.09296607971191406
1108,CaYb0.5Ta0.5O3,Ca,III,Sr,25.799999237060547,26.197128295898438,24.773366928100586,-1.4237613677978516
1109,Sr2AlNbO6,Sr,Ib,Sr,25.0,22.42959213256836,22.42959213256836,0.0
1110,SmMg0.5Ti0.5O3,Other,III,Sr,25.0,25.335826873779297,25.609731674194336,0.27390480041503906
1111,NdAlO3,Other,II,Sr,22.299999237060547,20.020212173461914,19.52531623840332,-0.49489593505859375
1112,Ba4LiTa2SbO12,Ba,Ib,Sr,25.100000381469727,38.447288513183594,25.688030242919922,-12.759258270263672
1113,CaLi0.3Nb0.6Sn0.1O3,Ca,III,Sr,25.200000762939453,23.187366485595703,14.606042861938477,-8.581323623657227
1114,BaTi0.5Zn0.25W0.25O3,Ba,Ib,Sr,25.399999618530273,25.728893280029297,26.1253604888916,0.3964672088623047
1115,Ba5Nb3TaO15,Ba,Ib,Sr,25.700000762939453,31.756969451904297,31.703210830688477,-0.05375862121582031
1116,CaSm0.5Ta0.5O3,Ca,III,Sr,25.799999237060547,23.797283172607422,23.416824340820312,-0.3804588317871094
1117,BaMg0.3183Ta0.67O3,Ba,Ib,Sr,25.100000381469727,24.44894790649414,23.59286117553711,-0.8560867309570312
1118,BaYb0.5Ta0.5O3,Ba,Ib,Sr,22.100000381469727,26.5060977935791,25.281192779541016,-1.224905014038086
1119,La0.823Na0.176Mg0.5W0.5O3,Other,III,Sr,22.100000381469727,24.251211166381836,21.714454650878906,-2.5367565155029297
1120,Ca5Nb2HfO12,Ca,III,Sr,22.0,36.213584899902344,32.45400619506836,-3.7595787048339844
1121,BaMg0.5W0.5O3,Ba,Ia,Sr,17.0,17.717639923095703,16.12200355529785,-1.5956363677978516
1122,BaMg0.34W0.35Ti0.31O3,Ba,Ib,Sr,17.100000381469727,14.8810453414917,15.126513481140137,0.2454681396484375
1123,BaNi0.5W0.5O3,Ba,Ia,Sr,17.100000381469727,18.104896545410156,16.809064865112305,-1.2958316802978516
1124,BaMg0.33Ta0.13Ti0.267W0.267O3,Ba,Ib,Sr,17.399999618530273,16.259334564208984,16.526845932006836,0.26751136779785156
1125,DyAlO3,Other,III,Sr,17.600000381469727,16.95067024230957,16.777515411376953,-0.1731548309326172
1126,BaNi0.5W0.5O3,Ba,Ia,Sr,18.100000381469727,18.104896545410156,16.809064865112305,-1.2958316802978516
1127,SrNi0.5W0.5O3,Sr,II,Sr,18.299999237060547,20.629940032958984,20.629940032958984,0.0
1128,GdAlO3,Other,III,Sr,18.399999618530273,17.8577938079834,17.438343048095703,-0.4194507598876953
1129,Sr2AlNbO6,Sr,Ib,Sr,19.0,22.387195587158203,22.387195587158203,0.0
1130,Ba.2Sr0.8SmSbO6,Other,Ia,Sr,19.0,19.15923500061035,15.112428665161133,-4.046806335449219
1131,BaZn0.5W0.5O3,Ba,Ia,Sr,19.0,22.636125564575195,21.173561096191406,-1.462564468383789
1132,NdMg0.47Ba0.03Sn0.5O3,Other,III,Sr,19.100000381469727,18.82722282409668,18.380138397216797,-0.4470844268798828
1133,BaMg0.33W0.35Ti0.32O3,Ba,Ib,Sr,16.299999237060547,15.269970893859863,15.50096607208252,0.23099517822265625
1134,ErAlO3,Other,III,Sr,16.299999237060547,16.599702835083008,16.45114517211914,-0.1485576629638672
1135,Pb0.6Ca0.4Fe0.45Nb0.45Sn0.1O3,Other,II,Sr,142.60000610351562,140.06922912597656,139.8777618408203,-0.19146728515625
1136,BaMg0.335W0.335Ti0.33O3,Ba,Ib,Sr,13.100000381469727,14.697526931762695,15.215423583984375,0.5178966522216797
1137,BaTi0.39Co0.305W0.305O3,Ba,Ib,Sr,14.0,17.65384864807129,18.26799201965332,0.6141433715820312
1138,BaMg0.35W0.33Ti0.32O3,Ba,Ib,Sr,14.399999618530273,14.8384428024292,15.080785751342773,0.24234294891357422
1139,NdMg0.45Co0.05Sn0.5O3,Other,III,Sr,19.200000762939453,18.4174747467041,18.016735076904297,-0.4007396697998047
1140,BaMg0.34W0.32Ti0.34O3,Ba,Ib,Sr,14.399999618530273,15.459428787231445,15.6965970993042,0.2371683120727539
1141,BaMg0.34W0.33Ti0.33O3,Ba,Ib,Sr,15.100000381469727,15.22602367401123,15.46996021270752,0.24393653869628906
1142,BaMg0.35W0.34Ti0.31O3,Ba,Ib,Sr,15.399999618530273,14.67175006866455,14.917719841003418,0.2459697723388672
1143,BaMg0.33W0.33Ti0.33O3,Ba,Ib,Sr,15.399999618530273,15.238916397094727,15.487770080566406,0.2488536834716797
1144,BaMg0.33W0.34Ti0.33O3,Ba,Ib,Sr,15.600000381469727,15.444183349609375,15.676594734191895,0.23241138458251953
1145,YAlO3,Other,III,Sr,15.699999809265137,15.777338027954102,15.623336791992188,-0.15400123596191406
1146,Sr2SmSbO6,Sr,II,Sr,16.0,15.01183032989502,15.01183032989502,0.0
1147,BaMg0.34W0.32Ti0.34O3,Ba,Ib,Sr,14.5,15.459428787231445,15.6965970993042,0.2371683120727539
1148,Ba0.5Sr0.5Zn0.1667Co0.1667Ta0.2222Nb0.2222Sb0.2222O3,Ba,Ib,Sr,27.0,26.6018009185791,26.340978622436523,-0.2608222961425781
1149,CaLa0.5Ta0.5O3,Ca,III,Sr,19.5,21.507125854492188,21.56534767150879,0.05822181701660156
1150,Ba2SmSbO6,Ba,Ia,Sr,20.700000762939453,16.750263214111328,12.088820457458496,-4.661442756652832
1151,Sr0.985La0.01Mg0.5W0.5O3,Sr,II,Sr,20.700000762939453,19.086706161499023,19.086706161499023,0.0
1152,Ba2Mg0.9Ca0.1WO6,Ba,Ia,Sr,20.799999237060547,21.70638656616211,20.822513580322266,-0.8838729858398438
1153,Sr0.036Mg0.964TiO3,Sr,II,Sr,20.799999237060547,24.999713897705078,24.999713897705078,0.0
1154,La0.786Na0.214Mg0.5W0.5O3,Other,III,Sr,20.799999237060547,23.219858169555664,20.207515716552734,-3.0123424530029297
1155,CaSm0.5Nb0.5O3,Ca,III,Sr,20.899999618530273,22.454675674438477,23.261962890625,0.8072872161865234
1156,Ca5Ta2ZrO12,Ca,III,Sr,21.0,39.352115631103516,36.623992919921875,-2.7281227111816406
1157,Ba0.95Zn0.5W0.5O2.95,Ba,Ia,Sr,21.0,20.369384765625,18.88312339782715,-1.4862613677978516
1158,NdMg0.5Sn0.4Ti0.1O3,Other,III,Sr,21.100000381469727,19.554061889648438,19.19586753845215,-0.35819435119628906
1159,BaTi0.4Zn0.3W0.3O3,Ba,Ib,Sr,21.200000762939453,21.109439849853516,20.792978286743164,-0.31646156311035156
1160,CaYb0.5Ta0.5O3,Ca,III,Sr,21.200000762939453,22.693918228149414,22.627676010131836,-0.06624221801757812
1161,SrCo0.5W0.5O3,Sr,II,Sr,21.200000762939453,20.125804901123047,20.125804901123047,0.0
1162,CaHfO3,Ca,III,Sr,21.399999618530273,20.907878875732422,19.974035263061523,-0.9338436126708984
1163,BaTi0.45Ni0.275W0.275O3,Ba,Ib,Sr,21.600000381469727,21.451927185058594,21.687847137451172,0.23591995239257812
1164,Sr3ZnNb2O9,Sr,II,Sr,20.700000762939453,35.916805267333984,35.916805267333984,0.0
1165,CaLa0.5Nb0.5O3,Ca,III,Sr,20.600000381469727,20.180217742919922,20.99618911743164,0.8159713745117188
1166,NdMg0.43Ca0.07Sn0.5O3,Other,III,Sr,19.5,15.615010261535645,15.071975708007812,-0.543034553527832
1167,CaSm0.5Ta0.5O3,Ca,III,Sr,19.600000381469727,20.10286521911621,20.620288848876953,0.5174236297607422
1168,BaMg0.33Ta0.33Ti0.167W0.167O3,Ba,Ib,Sr,19.700000762939453,18.883413314819336,18.322860717773438,-0.5605525970458984
1169,CaNd0.5Ta0.5O3,Ca,III,Sr,20.0,22.647319793701172,22.476848602294922,-0.17047119140625
1170,CaNd0.5Nb0.5O3,Ca,III,Sr,20.0,21.344831466674805,22.190994262695312,0.8461627960205078
1171,BaCo0.5W0.5O3,Ba,Ia,Sr,19.299999237060547,19.41533088684082,17.892669677734375,-1.5226612091064453
1172,Sr3Zn0.75Mg0.25Nb2O9,Sr,II,Sr,20.0,31.626834869384766,31.626834869384766,0.0
1173,BaMg0.46W0.46Ti0.08O3,Ba,Ib,Sr,20.0,19.443706512451172,17.021015167236328,-2.4226913452148438
1174,BaMg0.333Ta0.567W0.05Ti0.05O3,Ba,Ib,Sr,20.0,22.467273712158203,21.56026840209961,-0.9070053100585938
1175,BaTi0.4Ni0.3W0.3O3,Ba,Ib,Sr,20.0,19.980743408203125,20.079792022705078,0.09904861450195312
1176,BaMg0.49Y0.006667W0.496667O3,Ba,Ia,Sr,20.0,17.637502670288086,16.008228302001953,-1.6292743682861328
1177,Ba0.97La0.02Mg0.5W0.5O3,Ba,Ia,Sr,20.0,17.641963958740234,16.085803985595703,-1.5561599731445312
1178,BaLa0.5Ta0.5O3,Ba,III,Sr,27.100000381469727,26.75954246520996,28.12912940979004,1.3695869445800781
1179,SrLa0.5Ta0.5O3,Sr,III,Sr,27.100000381469727,25.589784622192383,25.589784622192383,0.0
1180,SrNd0.5Ta0.5O3,Sr,III,Sr,27.100000381469727,25.515949249267578,25.515949249267578,0.0
1181,Sr5Nb2Ta2O15,Sr,II,Sr,33.20000076293945,39.31840896606445,39.31840896606445,0.0
1182,BaHo0.5Ta0.5O3,Ba,II,Sr,33.5,32.69908142089844,30.761371612548828,-1.9377098083496094
1183,Ba8ZnNb5.4Sb0.6O24,Ba,Ib,Sr,33.599998474121094,32.625732421875,32.47465133666992,-0.15108108520507812
1184,Ba0.99Co0.2333Zn0.1Nb0.6667O3,Ba,Ib,Sr,33.70000076293945,33.45728302001953,32.56703567504883,-0.8902473449707031
1185,Ba2Sr3Ta4O15,Sr,Ib,Sr,33.70000076293945,33.211395263671875,33.211395263671875,0.0
1186,Sr0.35Ba0.65Y0.5Nb0.5O3,Ba,III,Sr,33.79999923706055,33.182899475097656,32.013023376464844,-1.1698760986328125
1187,Ba0.99La0.0067Co0.2333Zn0.1Nb0.6667O3,Ba,Ib,Sr,34.0,33.972877502441406,33.10884475708008,-0.8640327453613281
1188,Ba4LiNb2TaO12,Ba,Ib,Sr,34.0,40.469390869140625,27.119720458984375,-13.34967041015625
1189,Ba10Ta7.52Ti0.48O30,Ba,Ib,Sr,34.0,32.43022918701172,32.073204040527344,-0.357025146484375
1190,Ca5Ta2Ti0.6Hf0.4O12,Ca,III,Sr,34.0,37.65496826171875,33.789459228515625,-3.865509033203125
1191,Ca0.5Sm0.5Mg0.25Ti0.75O3,Ca,III,Sr,34.0,35.83448791503906,36.69402313232422,0.8595352172851562
1192,SrGd0.5Nb0.5O3,Sr,III,Sr,34.0,32.19164276123047,32.19164276123047,0.0
1193,Ba3Sr2Ta4O15,Ba,Ib,Sr,33.20000076293945,33.06439971923828,32.1266975402832,-0.9377021789550781
1194,Sr0.5La0.5Ti0.5Al0.5O3,Sr,Ib,Sr,33.0,34.063819885253906,34.820098876953125,0.7562789916992188
1195,Li0.774Zr0.057NbO3,Other,III,Sr,33.0,31.603662490844727,31.55197525024414,-0.05168724060058594
1196,BaYb0.5Ta0.5O3,Ba,Ib,Sr,32.0,33.65383529663086,31.43731689453125,-2.2165184020996094
1197,CaEr0.5Nb0.5O3,Ca,III,Sr,32.0,25.78590965270996,25.831436157226562,0.04552650451660156
1198,SrNd0.5Ta0.5O3,Sr,III,Sr,32.0,28.519847869873047,28.519847869873047,0.0
1199,SrHo0.5Nb0.5O3,Sr,III,Sr,32.0,30.67218017578125,30.67218017578125,0.0
1200,SrY0.5Nb0.5O3,Sr,III,Sr,32.0,31.420679092407227,31.420679092407227,0.0
1201,BaCo0.33Nb0.665Y0.005O3,Ba,Ib,Sr,34.0,33.13634490966797,31.730777740478516,-1.4055671691894531
1202,SrEr0.5Nb0.5O3,Sr,III,Sr,32.0,30.284488677978516,30.284488677978516,0.0
1203,BaSn0.226Zn0.258Nb0.516O3,Ba,Ib,Sr,32.0,33.093048095703125,30.752613067626953,-2.340435028076172
1204,Ba5Nb3TaO15,Ba,Ib,Sr,32.20000076293945,31.93284034729004,31.854900360107422,-0.07793998718261719
1205,Ba6Nb4ZrO18,Ba,Ib,Sr,32.400001525878906,31.4893798828125,31.68454933166504,0.19516944885253906
1206,Sr0.05Ba0.95Y0.5Ta0.5O3,Ba,II,Sr,32.5,32.408634185791016,30.1968936920166,-2.211740493774414
1207,BaTi0.1Zn0.45W0.45O3,Ba,Ib,Sr,33.0,29.835927963256836,26.753185272216797,-3.082742691040039
1208,Ba0.95Sr0.05Y0.5Ta0.5O3,Ba,II,Sr,33.0,32.408634185791016,30.1968936920166,-2.211740493774414
1209,Ca5Nb2Ti0.4Hf0.6O12,Ca,III,Sr,32.0,36.88712692260742,31.892253875732422,-4.994873046875
1210,Ba0.95Ca0.05Yb0.475Y0.025Nb0.5O3,Ba,II,Sr,34.0,31.635025024414062,30.206798553466797,-1.4282264709472656
1211,BaYb0.5Nb0.5O3,Ba,Ib,Sr,36.0,35.50807189941406,34.117923736572266,-1.3901481628417969
1212,BaTb0.5Ta0.5O3,Ba,II,Sr,36.0,33.069252014160156,30.949810028076172,-2.1194419860839844
1213,Pb0.2Ca.1333Nb0.6667O3,Ca,III,Sr,36.0,35.7447509765625,29.031946182250977,-6.712804794311523
1214,BaZn0.3333Nb0.6667O3,Ba,Ib,Sr,36.0,36.932064056396484,34.287418365478516,-2.6446456909179688
1215,SrSm0.5Nb0.5O3,Sr,III,Sr,36.0,32.95161819458008,32.95161819458008,0.0
1216,Ca4NiNb2TiO12,Ca,III,Sr,36.0,34.944610595703125,30.897130966186523,-4.047479629516602
1217,Ca4.88Co0.12Ta2TiO12,Ca,III,Sr,36.0,40.94693374633789,36.61060333251953,-4.336330413818359
1218,Ba8Ta4.32Ti2.6O24,Ba,Ib,Sr,36.0,37.60230255126953,37.56117630004883,-0.041126251220703125
1219,Sr3LaNb3O12,Sr,III,Sr,36.0,36.59031295776367,36.59031295776367,0.0
1220,Sr5NbTa3O15,Sr,II,Sr,36.20000076293945,38.31498718261719,38.31498718261719,0.0
1221,La6MgTi4O18,Other,III,Sr,36.29999923706055,33.40243148803711,33.6933708190918,0.2909393310546875
1222,Sr0.05Ba0.95Y0.5Nb0.5O3,Ba,II,Sr,36.29999923706055,33.95891571044922,32.543704986572266,-1.4152107238769531
1223,BaNd0.5Ta0.5O3,Ba,III,Sr,36.0,36.94790267944336,36.878684997558594,-0.06921768188476562
1224,La0.5Sr0.5Al0.5Ti0.5O3,Sr,Ib,Sr,35.900001525878906,35.1107177734375,35.963348388671875,0.852630615234375
1225,BaSc0.5Nb0.5O3,Ba,Ib,Sr,35.70000076293945,36.35042953491211,36.40597152709961,0.0555419921875
1226,BaZn0.0833Mg0.25Nb0.6667O3,Ba,Ib,Sr,34.0,33.274681091308594,32.86322021484375,-0.41146087646484375
1227,Ba2SrYNb3O12,Ba,Ib,Sr,34.099998474121094,37.40895462036133,27.325641632080078,-10.08331298828125
1228,La0.8333Ti0.5Al0.5O3,Other,Ia,Sr,34.400001525878906,32.60427474975586,32.35955047607422,-0.24472427368164062
1229,BaCo0.2333Zn0.1Nb0.6667O3,Ba,Ib,Sr,34.5,33.78224182128906,32.78904342651367,-0.9931983947753906
1230,BaSr2YNb3O12,Sr,II,Sr,34.70000076293945,36.0751838684082,36.0751838684082,0.0
1231,SrTb0.5Nb0.5O3,Sr,III,Sr,34.0,31.598962783813477,31.598962783813477,0.0
1232,Ba10Ta7.04Ti.2O30,Ba,Ib,Sr,35.0,33.440948486328125,33.167205810546875,-0.27374267578125
1233,SrCr0.5Nb0.5O3,Sr,Ib,Sr,35.0,34.1435546875,34.1435546875,0.0
1234,BaNi0.1167Zn0.2167Nb0.6667O3,Ba,Ib,Sr,35.0,33.8947868347168,32.5207633972168,-1.3740234375
1235,Ca4.75Ni0.25Ta2TiO12,Ca,III,Sr,35.0,44.0717887878418,41.43700408935547,-2.634784698486328
1236,Ba2Sr3Ta4O15,Sr,Ib,Sr,35.20000076293945,33.217960357666016,33.217960357666016,0.0
1237,cCa0.05Ba0.95Y0.5Nb0.5O3,Ba,II,Sr,35.20000076293945,33.78369903564453,32.3241081237793,-1.4595909118652344
1238,BaZn0.2Co0.1333Nb0.6667O3,Ba,Ib,Sr,35.5,36.574432373046875,35.37989044189453,-1.1945419311523438
1239,BaEu0.5Ta0.5O3,Ba,II,Sr,37.0,35.14960479736328,33.441864013671875,-1.7077407836914062
1240,BaNi0.3Nb0.6Zr0.1O3,Ba,Ib,Sr,31.799999237060547,31.306848526000977,31.118343353271484,-0.1885051727294922
1241,BaSr4Ta4O15,Sr,Ib,Sr,31.700000762939453,33.72996139526367,33.72996139526367,0.0
1242,La5AlTi3O15,Other,II,Sr,28.100000381469727,29.640270233154297,29.740554809570312,0.10028457641601562
1243,BaZn0.5W0.5O3,Ba,Ia,Sr,28.100000381469727,22.659576416015625,21.190839767456055,-1.4687366485595703
1244,CaHo0.5Ta0.5O3,Ca,III,Sr,28.200000762939453,25.71101951599121,24.65230941772461,-1.0587100982666016
1245,LaMg0.5Ti0.5O3,Other,III,Sr,29.0,28.116226196289062,28.42365074157715,0.30742454528808594
1246,Ba0.95Sr0.05Zn0.475Ga0.025Ta0.6583O3,Ba,Ib,Sr,29.0,32.84619140625,31.271337509155273,-1.5748538970947266
1247,BaZr0.0215Zn0.272Ni0.0542Ta0.6523O3,Ba,Ib,Sr,29.0,28.754085540771484,27.503625869750977,-1.2504596710205078
1248,SrTb0.5Ta0.5O3,Sr,III,Sr,29.0,27.098154067993164,27.098154067993164,0.0
1249,BaHfO3,Ba,Ia,Sr,29.100000381469727,24.784759521484375,23.826553344726562,-0.9582061767578125
1250,CaLi0.3333Nb0.6667O3,Ca,III,Sr,29.600000381469727,27.77450180053711,21.22762680053711,-6.546875
1251,SrNd0.5Nb0.5O3,Sr,III,Sr,29.700000762939453,33.31465530395508,33.31465530395508,0.0
1252,BaTi0.6Ni0.2W0.2O3,Ba,Ib,Sr,29.799999237060547,31.280920028686523,31.361682891845703,0.08076286315917969
1253,Ba5Ta4O15,Ba,Ib,Sr,28.0,29.699060440063477,29.41006088256836,-0.2889995574951172
1254,PrMg0.5Ti0.5O3,Other,III,Sr,28.0,24.85597801208496,25.295263290405273,0.4392852783203125
1255,SrY0.5Ta0.5O3,Sr,III,Sr,28.0,27.363122940063477,27.363122940063477,0.0
1256,SrHo0.5Ta0.5O3,Sr,III,Sr,28.0,26.11923599243164,26.11923599243164,0.0
1257,CaGd0.5Ta0.5O3,Ca,III,Sr,27.200000762939453,24.209712982177734,23.651958465576172,-0.5577545166015625
1258,SrLa0.5Nb0.5O3,Sr,III,Sr,27.5,30.7420654296875,30.7420654296875,0.0
1259,SrZn0.5W0.5O3,Sr,II,Sr,27.5,22.025100708007812,22.025100708007812,0.0
1260,LaMg0.5Ti0.5O3,Other,III,Sr,27.600000381469727,28.134899139404297,28.441242218017578,0.30634307861328125
1261,SrSm0.5Ta0.5O3,Sr,III,Sr,27.700000762939453,28.38370132446289,28.38370132446289,0.0
1262,BaMg0.1333Zn0.2Ta0.6667O3,Ba,Ib,Sr,27.700000762939453,26.83035659790039,26.03145980834961,-0.7988967895507812
1263,NdMg0.5Ti0.5O3,Other,III,Sr,28.0,25.119606018066406,25.327342987060547,0.20773696899414062
1264,CaLi0.3167Nb0.6333Zr0.05O3,Ca,III,Sr,29.899999618530273,30.313562393188477,22.457054138183594,-7.856508255004883
1265,Ba4LiTa3O12,Ba,Ib,Sr,28.0,33.036643981933594,25.268672943115234,-7.767971038818359
1266,BaTb0.5Ta0.5O3,Ba,II,Sr,28.0,33.852394104003906,31.63600730895996,-2.2163867950439453
1267,SrZn0.3333Ta0.6667O3,Sr,II,Sr,28.0,30.534183502197266,30.534183502197266,0.0
1268,BaZn0.3333Ta0.6667O3,Ba,Ib,Sr,28.0,28.71368408203125,27.30501365661621,-1.408670425415039
1269,Ca0.6Ba0.4Yb0.5Ta0.5O3,Ca,III,Sr,28.0,25.975051879882812,24.26421546936035,-1.710836410522461
1270,BaZr0.0215Ni0.0542Zn0.272Ta0.6523O3,Ba,Ib,Sr,28.0,28.74392318725586,27.50100326538086,-1.242919921875
1271,CaHo0.5Ta0.5O3,Ca,III,Sr,28.0,25.71101951599121,24.65230941772461,-1.0587100982666016
1272,SrDy0.5Ta0.5O3,Sr,III,Sr,28.0,26.48025894165039,26.48025894165039,0.0
1273,CaZr0.8Ti0.2O3,Ca,III,Sr,28.0,30.214160919189453,32.28501510620117,2.0708541870117188
1274,SrSm0.5Nb0.5O3,Sr,III,Sr,31.799999237060547,30.801666259765625,30.801666259765625,0.0
1275,CaDy0.5Ta0.5O3,Ca,III,Sr,30.0,25.2991943359375,24.38711929321289,-0.9120750427246094
1276,LaCo0.5Ti0.5O3,Other,III,Sr,30.0,28.78619384765625,28.864803314208984,0.07860946655273438
1277,SrAl0.5Nb0.5O3,Sr,Ib,Sr,31.0,30.400691986083984,30.400691986083984,0.0
1278,SrYb0.5Nb0.5O3,Sr,III,Sr,31.0,28.947269439697266,28.947269439697266,0.0
1279,Ca0.4Sm0.6Mg0.3Ti0.7O3,Other,III,Sr,31.0,31.026819229125977,32.201133728027344,1.1743144989013672
1280,Ca4MgTa2TiO12,Ca,III,Sr,31.0,30.148096084594727,27.26566505432129,-2.8824310302734375
1281,Ca4NiTa2TiO12,Ca,III,Sr,31.0,30.679697036743164,26.354171752929688,-4.325525283813477
1282,BaNi0.3333Nb0.6667O3,Ba,Ib,Sr,31.0,30.277191162109375,29.59710121154785,-0.6800899505615234
1283,BaMg0.3333Nb0.6667O3,Ba,Ib,Sr,31.0,31.06521987915039,30.932886123657227,-0.13233375549316406
1284,Ba4SrTa4O15,Ba,Ib,Sr,31.100000381469727,31.26491355895996,30.71303939819336,-0.5518741607666016
1285,CaLi0.2333Nb0.4667Zr0.3O3,Ca,III,Sr,31.100000381469727,32.22480010986328,21.409021377563477,-10.815778732299805
1286,BaMg0.25W0.25Ti0.5O3,Ba,Ib,Sr,31.200000762939453,31.12270164489746,30.819625854492188,-0.30307579040527344
1287,BaZn0.5W0.5O3,Ba,Ia,Sr,31.399999618530273,22.678279876708984,21.20381736755371,-1.4744625091552734
1288,BaZn0.3Ta0.6Ti0.4O3.6,Ba,Ib,Sr,31.5,32.84036636352539,36.76173400878906,3.921367645263672
1289,SrSm0.5Ta0.5O3,Sr,III,Sr,31.0,28.36313247680664,28.36313247680664,0.0
1290,SrLa0.5Ta0.5O3,Sr,III,Sr,31.0,28.563140869140625,28.563140869140625,0.0
1291,Ba0.9875Sr0.0125Zn0.475Ga0.025Ta0.6583O3,Ba,Ib,Sr,31.0,31.88895034790039,30.756336212158203,-1.1326141357421875
1292,Ba0.9875Sr0.0125Zn0.3167Ga0.025Ta0.6583O3,Ba,Ib,Sr,31.0,29.68158531188965,27.788198471069336,-1.8933868408203125
1293,CaLi0.2857Nb0.5715W0.1428O3,Ca,III,Sr,30.0,39.62027359008789,28.406002044677734,-11.214271545410156
1294,Ba5Ta4O15,Ba,Ib,Sr,30.0,29.699060440063477,29.41006088256836,-0.2889995574951172
1295,BaZr0.03Ni0.0417Zn0.2817Ta0.6467O3,Ba,Ib,Sr,30.0,29.016027450561523,27.649032592773438,-1.366994857788086
1296,BaZr0.05Zn0.32Ta0.63O3,Ba,Ib,Sr,30.0,29.22653579711914,27.590991973876953,-1.6355438232421875
1297,SrLi0.3078Nb0.4613W0.231O3,Sr,III,Sr,30.0,32.013980865478516,32.013980865478516,0.0
1298,BaYb0.5Nb0.5O3,Ba,Ib,Sr,30.0,30.96455955505371,30.104501724243164,-0.8600578308105469
1299,CaLi0.3Nb0.6Zr0.1O3,Ca,III,Sr,30.100000381469727,29.741260528564453,20.98529052734375,-8.755970001220703
1300,Ba8ZnTa6O24,Ba,Ib,Sr,30.5,29.714920043945312,29.222253799438477,-0.49266624450683594
1301,SrLi0.3889Nb0.5W0.2O3,Sr,III,Sr,31.0,29.90389633178711,29.90389633178711,0.0
1302,Sr0.15Ba0.85Yb0.5Ta0.5O3,Ba,II,Sr,31.0,29.888904571533203,27.342945098876953,-2.54595947265625
1303,Sr0.625Ce0.25TiO3,Sr,Ib,Sr,143.0,139.3310546875,139.3310546875,0.0
0,Ca0.8Sr0.2SnO3,Ca,III,RE,8.5,18.425823211669922,18.48680877685547,0.060985565185546875
1,CaTi0.53Al0.235Nb0.235O3,Ca,II,RE,49.79999923706055,48.213661193847656,43.76670455932617,-4.446956634521484
2,CaTi0.5Al0.25Nb0.25O3,Ca,II,RE,48.0,45.933406829833984,42.013423919677734,-3.91998291015625
3,CaTi0.4Al0.3Nb0.3O3,Ca,II,RE,41.29999923706055,39.77037811279297,37.071041107177734,-2.6993370056152344
4,CaTi0.3Al0.35Nb0.35O3,Ca,II,RE,36.79999923706055,35.04400634765625,33.01887130737305,-2.025135040283203
5,CaTi0.7Al0.15Nb0.15O3,Ca,II,RE,65.4000015258789,66.03942108154297,58.2856330871582,-7.753787994384766
6,CaTi0.6Al0.2Nb0.2O3,Ca,II,RE,54.29999923706055,54.737342834472656,48.710044860839844,-6.0272979736328125
7,CaTi0.53Al0.235Nb0.235O3,Ca,II,RE,48.5,48.26680374145508,43.803932189941406,-4.462871551513672
8,CaTi0.5Al0.25Nb0.25O3,Ca,II,RE,48.099998474121094,45.953956604003906,42.02836608886719,-3.9255905151367188
9,CaTi0.4Al0.3Nb0.3O3,Ca,II,RE,41.20000076293945,39.713871002197266,37.02802276611328,-2.6858482360839844
10,CaTi0.3Al0.35Nb0.35O3,Ca,II,RE,36.400001525878906,34.94426345825195,32.938865661621094,-2.0053977966308594
11,CaTi0.7Al0.15Nb0.15O3,Ca,II,RE,69.0,66.80378723144531,58.915748596191406,-7.888038635253906
12,CaTi0.6Al0.2Nb0.2O3,Ca,II,RE,56.599998474121094,55.12306594848633,48.97380828857422,-6.149257659912109
13,CaTi0.53Al0.235Nb0.235O3,Ca,II,RE,49.400001525878906,48.37401580810547,43.880252838134766,-4.493762969970703
14,CaTi0.5Al0.25Nb0.25O3,Ca,II,RE,48.0,45.96588897705078,42.03887176513672,-3.9270172119140625
15,CaTi0.4Al0.3Nb0.3O3,Ca,II,RE,41.099998474121094,39.49907302856445,36.86494064331055,-2.6341323852539062
16,CaTi0.3Al0.35Nb0.35O3,Ca,II,RE,36.400001525878906,34.60340118408203,32.66893768310547,-1.9344635009765625
17,Sm0.6Ca0.4Co0.3Ti0.7O3,Other,III,RE,37.0,36.104156494140625,36.104156494140625,0.0
18,Ca0.6Sr0.4Al0.3Nb0.3Ti0.4O3,Ca,Ib,RE,37.20000076293945,37.79297637939453,35.59740447998047,-2.1955718994140625
19,Ca5Nb4TiO17,Ca,III,RE,45.599998474121094,37.051910400390625,39.74981689453125,2.697906494140625
20,Ca4.9Zn0.1Nb4TiO17,Ca,III,RE,40.29999923706055,44.450775146484375,47.41663360595703,2.9658584594726562
21,Ca4.8Zn0.2Nb4TiO17,Ca,III,RE,37.900001525878906,44.04842758178711,46.869224548339844,2.8207969665527344
22,Ca4.7Zn0.3Nb4TiO17,Ca,III,RE,45.79999923706055,43.748714447021484,46.52107620239258,2.7723617553710938
23,Ca4.6Zn0.4Nb4TiO17,Ca,III,RE,52.0,43.489349365234375,46.24669647216797,2.7573471069335938
24,CaTi0.6Al0.2Nb0.2O3,Ca,II,RE,55.70000076293945,54.589134216308594,48.608360290527344,-5.98077392578125
25,CaTi0.7Al0.15Nb0.15O3,Ca,II,RE,67.80000305175781,65.76713562011719,58.060035705566406,-7.707099914550781
26,SrLa3Ti2NbO12,Sr,III,RE,41.0,43.067047119140625,35.325706481933594,-7.741340637207031
27,Sr2La2TiNb2O12,Sr,III,RE,39.0,40.87590408325195,34.94626998901367,-5.929634094238281
28,Ba2SrLaNb3O12,Ba,II,RE,39.5,41.546607971191406,35.986114501953125,-5.560493469238281
29,Ba.5Sr.5LaNb3O12,Other,Ib,RE,38.95000076293945,37.5306282043457,50.18269348144531,12.65206527709961
30,BaSr2LaNb3O12,Sr,III,RE,37.099998474121094,36.658294677734375,33.87621307373047,-2.7820816040039062
31,Sr3LaNb3O12,Sr,III,RE,35.79999923706055,36.59031295776367,34.4488639831543,-2.141448974609375
32,BaLa0.5Nb0.5O3,Ba,III,RE,45.0,44.30556869506836,43.477867126464844,-0.8277015686035156
33,BaPr0.5Nb0.5O3,Ba,III,RE,44.5,43.216819763183594,42.275447845458984,-0.9413719177246094
34,BaNd0.5Nb0.5O3,Ba,III,RE,44.0,41.635215759277344,41.0969352722168,-0.5382804870605469
35,BaSm0.5Nb0.5O3,Ba,II,RE,43.0,40.13835525512695,39.00380325317383,-1.134552001953125
36,BaEu0.5Nb0.5O3,Ba,II,RE,40.0,38.91962432861328,37.73545455932617,-1.1841697692871094
37,BaGd0.5Nb0.5O3,Ba,II,RE,40.0,38.1583251953125,36.940547943115234,-1.2177772521972656
38,BaTb0.5Nb0.5O3,Ba,II,RE,39.0,37.38579559326172,36.05628204345703,-1.3295135498046875
39,Ca5Nb2TiO12,Ca,III,RE,48.0,37.46767807006836,36.266292572021484,-1.201385498046875
40,BaDy0.5Nb0.5O3,Ba,II,RE,38.900001525878906,36.74372100830078,35.45466995239258,-1.2890510559082031
41,BaY0.5Nb0.5O3,Ba,II,RE,37.0,36.021141052246094,34.85575866699219,-1.1653823852539062
42,BaYb0.5Nb0.5O3,Ba,Ib,RE,36.0,35.02079772949219,33.90412139892578,-1.1166763305664062
43,Ba8Ta4Ti3O23.5,Ba,Ib,RE,40.0,40.51011276245117,38.56657409667969,-1.9435386657714844
44,Ba8Ta4.32Ti2.6O23.54,Ba,Ib,RE,36.0,39.223655700683594,37.42137908935547,-1.802276611328125
45,Ba8Ta4.64Ti2.2O23.58,Ba,Ib,RE,44.0,37.98704528808594,36.295799255371094,-1.6912460327148438
46,Ba10Ta7.04Ti.2O29.88,Ba,Ib,RE,35.0,34.95874786376953,33.888427734375,-1.0703201293945312
47,Ba10Ta7.28Ti0.9O29.91,Ba,Ib,RE,35.0,35.202632904052734,34.212242126464844,-0.9903907775878906
48,Ba10Ta7.52Ti0.6O29.94,Ba,Ib,RE,34.0,34.456932067871094,33.582855224609375,-0.8740768432617188
49,Ba5Ta4O15,Ba,Ib,RE,28.0,29.438730239868164,29.16391944885254,-0.274810791015625
50,Ba5Sr2Ta4ZrO21,Ba,Ib,RE,27.0,27.49909019470215,30.47738265991211,2.978292465209961
51,Sr3LaNb3O12,Sr,III,RE,36.0,36.338504791259766,33.92388153076172,-2.414623260498047
52,BaHo0.5Nb0.5O3,Ba,II,RE,38.0,36.630699157714844,35.38204574584961,-1.2486534118652344
53,Ca5Ta2TiO12,Ca,III,RE,38.0,37.29634475708008,36.060935974121094,-1.2354087829589844
54,CaTi0.70Al0.15Ta0.15O3,Ca,II,RE,65.4000015258789,64.3299789428711,55.27374267578125,-9.056236267089844
55,CaTi0.60Al0.20Ta0.20O3,Ca,II,RE,52.20000076293945,50.847618103027344,45.44462966918945,-5.402988433837891
56,CaTi0.60Al0.20Ta0.20O3,Ca,II,RE,52.29999923706055,50.80861282348633,45.35523223876953,-5.453380584716797
57,CaTi0.60Al0.20Ta0.20O3,Ca,II,RE,52.400001525878906,50.7314338684082,45.143592834472656,-5.587841033935547
58,CaTi0.60Al0.20Ta0.20O3,Ca,II,RE,52.0,50.68230438232422,44.949947357177734,-5.732357025146484
59,CaTi0.54Al0.23Ta0.23O3,Ca,II,RE,46.599998474121094,45.07677459716797,41.156578063964844,-3.920196533203125
60,CaTi0.54Al0.23Ta0.23O3,Ca,II,RE,46.70000076293945,44.95319747924805,41.02861785888672,-3.924579620361328
61,CaTi0.54Al0.23Ta0.23O3,Ca,II,RE,46.79999923706055,44.667171478271484,40.72456359863281,-3.942607879638672
62,CaTi0.54Al0.23Ta0.23O3,Ca,II,RE,46.5,44.416038513183594,40.444942474365234,-3.9710960388183594
63,CaTi0.50Al0.25Ta0.25O3,Ca,II,RE,41.400001525878906,41.86163330078125,38.67328643798828,-3.1883468627929688
64,CaTi0.70Al0.15Ta0.15O3,Ca,II,RE,65.69999694824219,63.9976692199707,55.208473205566406,-8.789196014404297
65,CaTi0.50Al0.25Ta0.25O3,Ca,II,RE,41.5,41.31879806518555,38.17805099487305,-3.1407470703125
66,Ca0.70Nd0.30Ti0.70Al0.30O3,Ca,II,RE,43.5,39.98851013183594,37.41720962524414,-2.571300506591797
67,Ca0.70La0.15Nd0.15Ti0.70Al0.30O3,Ca,II,RE,41.5,40.13109588623047,37.02349090576172,-3.10760498046875
68,Ca0.70La0.30Ti0.70Ga0.30O3,Ca,II,RE,49.400001525878906,47.33585739135742,45.247398376464844,-2.088459014892578
69,Ca0.70Nd0.30Ti0.70Ga0.15Al0.15O3,Ca,III,RE,45.29999923706055,47.20301818847656,44.5300407409668,-2.6729774475097656
70,Ca0.70La0.30Ti0.70Ga0.15Al0.15O3,Ca,II,RE,45.20000076293945,44.577178955078125,42.00233459472656,-2.5748443603515625
71,Ca0.70La0.15Nd0.15Ti0.70Ga0.15Al0.15O3,Ca,II,RE,45.20000076293945,43.041561126708984,40.593082427978516,-2.4484786987304688
72,Ca0.67La0.165Nd0.165Ti0.67Ga0.33O3,Ca,III,RE,44.70000076293945,44.423065185546875,42.883766174316406,-1.5392990112304688
73,Ca0.66La0.17Nd0.17Ti0.66Ga0.34O3,Ca,III,RE,44.099998474121094,43.80479049682617,42.37834930419922,-1.4264411926269531
74,Ca0.64La0.18Nd0.18Ti0.64Ga0.36O3,Ca,III,RE,43.599998474121094,42.66214370727539,41.42942810058594,-1.2327156066894531
75,Ca0.66La0.34Ti0.66Ga0.34O3,Ca,II,RE,47.5,44.78599166870117,43.223716735839844,-1.5622749328613281
76,Ca0.64La0.36Ti0.64Ga0.36O3,Ca,II,RE,46.5,43.65390396118164,42.298988342285156,-1.3549156188964844
77,Ba2.5Sr0.5LaNb3O12,Ba,Ib,RE,41.86000061035156,42.29841232299805,36.68313217163086,-5.6152801513671875
78,CaTi0.70Al0.15Ta0.15O3,Ca,II,RE,65.5999984741211,63.65191650390625,55.147056579589844,-8.504859924316406
79,CaLa4Ti4O15,Other,II,RE,41.099998474121094,41.048370361328125,41.048370361328125,0.0
80,BaZn0.300Nb0.600Zr0.100O3,Ba,Ib,RE,38.0,40.093711853027344,37.24554443359375,-2.8481674194335938
81,Ba0.80Sr0.20Zn0.313Ta0.627Ti0.060O3,Ba,Ib,RE,42.0,38.802978515625,36.291908264160156,-2.5110702514648438
82,Ba0.75Sr0.25Zn0.313Ta0.627Ti0.060O3,Ba,Ib,RE,40.0,39.99459457397461,37.41754150390625,-2.5770530700683594
83,Ba4LaTiNb3O15,Ba,Ib,RE,52.0,47.268463134765625,44.840946197509766,-2.4275169372558594
84,Ba4LaSnNb3O15,Ba,Ib,RE,39.0,38.284080505371094,36.420982360839844,-1.86309814453125
85,Ca0.65Sm0.315Nd0.035Ti0.65Al0.35O3,Ca,II,RE,39.70000076293945,39.71641159057617,36.490352630615234,-3.2260589599609375
86,Ca0.25Sm0.675Nd0.075Ti0.25Al0.75O3,Other,II,RE,22.739999771118164,22.64687156677246,22.64687156677246,0.0
87,Ca0.35Sm0.585Nd0.065Ti0.35Al0.65O3,Other,II,RE,25.84000015258789,24.872241973876953,24.872241973876953,0.0
88,Ca0.45Sm0.495Nd0.055Ti0.45Al0.55O3,Ca,II,RE,29.3799991607666,28.54030418395996,27.87897300720215,-0.6613311767578125
89,Ca0.55Sm0.405Nd0.045Ti0.55Al0.45O3,Ca,II,RE,32.849998474121094,31.829055786132812,31.02971839904785,-0.7993373870849609
90,Ca0.75Sm0.225Nd0.025Ti0.75Al0.25O3,Ca,II,RE,50.209999084472656,49.1157112121582,42.98656463623047,-6.129146575927734
91,CaTi0.70Al0.15Ta0.15O3,Ca,II,RE,65.5,63.511207580566406,55.12403106689453,-8.387176513671875
92,Ca0.85Sm0.135Nd0.015Ti0.85Al0.15O3,Ca,II,RE,69.19999694824219,68.5419921875,56.232093811035156,-12.309898376464844
93,Ca5Nb.5Ta0.5TiO12,Ca,III,RE,46.0,39.585731506347656,35.277381896972656,-4.308349609375
94,Ca5NbTaTiO12,Ca,III,RE,43.0,40.10346221923828,35.67166519165039,-4.431797027587891
95,Ca5Nb0.5Ta.5TiO12,Ca,III,RE,40.0,39.05818557739258,34.75212860107422,-4.306056976318359
96,Ca5Ta2TiO12,Ca,III,RE,38.0,37.60356903076172,36.5312614440918,-1.0723075866699219
97,BaZn0.333Co0.000Nb0.667O3,Ba,Ib,RE,41.400001525878906,39.75270462036133,36.647254943847656,-3.105449676513672
98,BaZn0.267Co0.067Nb0.667O3,Ba,Ib,RE,40.099998474121094,37.74397659301758,34.97479248046875,-2.769184112548828
99,BaZn0.200Co0.133Nb0.667O3,Ba,Ib,RE,38.20000076293945,36.28466796875,33.74077224731445,-2.543895721435547
100,BaZn0.133Co0.200Nb0.667O3,Ba,Ib,RE,35.79999923706055,35.06586837768555,32.692752838134766,-2.3731155395507812
101,BaZn0.067Co0.267Nb0.667O3,Ba,Ib,RE,33.900001525878906,34.2448844909668,31.94342613220215,-2.3014583587646484
102,BaLa4Ti4O15,Other,Ib,RE,44.400001525878906,44.7479248046875,44.7479248046875,0.0
103,SrLa4Ti4O15,Other,II,RE,43.70000076293945,42.511314392089844,42.511314392089844,0.0
104,CaTi0.60Mg0.1333Nb0.2667O3,Ca,III,RE,62.970001220703125,60.9940071105957,56.9821891784668,-4.011817932128906
105,Ba3LaNb3O12,Ba,Ib,RE,44.79999923706055,44.04253005981445,37.69402313232422,-6.348506927490234
106,Pb0.40Ca0.60Fe0.495Nb0.495Zr0.01O3,Ca,II,RE,68.4000015258789,70.1401596069336,66.03404235839844,-4.106117248535156
107,LaAlO3,Other,Ia,RE,22.0,22.417438507080078,22.417438507080078,0.0
108,La0.75Sr0.25Al0.75Ti0.25O3,Other,Ib,RE,26.0,26.358041763305664,26.358041763305664,0.0
109,La0.55Sr0.45Al0.55Ti0.45O3,Sr,Ib,RE,29.0,30.688669204711914,31.31113052368164,0.6224613189697266
110,La0.50Sr0.50Al0.50Ti0.50O3,Sr,Ib,RE,33.0,32.29483413696289,32.92681121826172,0.6319770812988281
111,La0.45Sr0.55Al0.45Ti0.55O3,Sr,Ib,RE,34.0,34.0758171081543,34.71331787109375,0.6375007629394531
112,La0.40Sr0.60Al0.40Ti0.60O3,Sr,Ib,RE,39.0,37.2553825378418,37.22114181518555,-0.03424072265625
113,La0.25Sr0.75Al0.25Ti0.75O3,Sr,Ib,RE,46.0,46.188758850097656,45.43613815307617,-0.7526206970214844
114,Ba0.99Zn0.10Co0.2333Nb0.6667O3,Ba,Ib,RE,33.70000076293945,33.896705627441406,31.60004234313965,-2.296663284301758
115,Ba0.993La0.0067Zn0.10Co0.2333Nb0.6667O3,Ba,Ib,RE,34.0,33.951568603515625,31.407211303710938,-2.5443572998046875
116,LaZn0.5Ti0.5O3,Other,III,RE,34.0,32.11526870727539,32.11526870727539,0.0
117,Ba5Ta4O15,Ba,Ib,RE,30.200000762939453,30.698040008544922,30.145259857177734,-0.5527801513671875
118,Ba4SrTa4O15,Ba,Ib,RE,32.900001525878906,32.67020034790039,31.663660049438477,-1.006540298461914
119,Ba3Sr2Ta4O15,Ba,Ib,RE,34.29999923706055,34.52740478515625,33.10547637939453,-1.4219284057617188
120,Ba2Sr3Ta4O15,Sr,Ib,RE,35.20000076293945,34.081626892089844,33.92011260986328,-0.1615142822265625
121,BaSr4Ta4O15,Sr,Ib,RE,33.20000076293945,34.39307403564453,34.41913986206055,0.026065826416015625
122,Sr5Ta4O15,Sr,II,RE,43.5,40.838661193847656,40.46544647216797,-0.3732147216796875
123,Ba5NbTa3O15,Ba,Ib,RE,31.700000762939453,29.644245147705078,28.838754653930664,-0.8054904937744141
124,Ba5Nb2Ta2O15,Ba,Ib,RE,34.20000076293945,31.5089054107666,29.884876251220703,-1.6240291595458984
125,Ba5Nb3TaO15,Ba,Ib,RE,37.20000076293945,35.59894561767578,33.065547943115234,-2.533397674560547
126,Ba5Nb4O15,Ba,Ib,RE,42.0,42.427024841308594,40.24645233154297,-2.180572509765625
127,Sr5Nb2Ta2O15,Sr,II,RE,34.29999923706055,40.49461364746094,39.15206527709961,-1.3425483703613281
128,Sr5Nb3TaO15,Sr,II,RE,38.20000076293945,42.98713302612305,41.263633728027344,-1.7234992980957031
129,Li0.774Zr0.057NbO3,Other,III,RE,30.969999313354492,31.604961395263672,31.437694549560547,-0.167266845703125
130,Li0.774Zr0.057NbO3,Other,III,RE,38.65999984741211,31.604961395263672,31.437694549560547,-0.167266845703125
131,Li0.774Zr0.057NbO3,Other,III,RE,27.75,30.75530433654785,30.621530532836914,-0.1337738037109375
132,Li0.774Zr0.057NbO3,Other,III,RE,33.0099983215332,31.604961395263672,31.437694549560547,-0.167266845703125
133,Ba6Nb4ZrO18,Ba,Ib,RE,32.400001525878906,34.55954360961914,31.92085838317871,-2.6386852264404297
134,Ba6Ta4TiO18,Ba,Ib,RE,29.299999237060547,33.30103302001953,32.22493362426758,-1.0760993957519531
135,Ba5SrNb4TiO18,Ba,Ib,RE,50.79999923706055,49.83708190917969,43.748260498046875,-6.0888214111328125
136,Ba5SrNb4ZrO18,Ba,Ib,RE,39.5,38.89110565185547,35.415191650390625,-3.4759140014648438
137,Ba5SrTa4TiO18,Ba,Ib,RE,34.900001525878906,35.69169235229492,34.084197998046875,-1.6074943542480469
138,Sr6Nb4TiO18,Sr,Ib,RE,46.20000076293945,40.677459716796875,39.440269470214844,-1.2371902465820312
139,BaZn0.333Ta0.667O3,Ba,Ib,RE,29.5,29.4903621673584,28.788875579833984,-0.7014865875244141
140,BaZn0.333Ta0.667O3,Ba,Ib,RE,29.600000381469727,28.97943687438965,28.52814292907715,-0.4512939453125
141,BaZn0.333Ta0.667O3,Ba,Ib,RE,28.399999618530273,28.84393882751465,28.406551361083984,-0.43738746643066406
142,BaZn0.333Ta0.667O3,Ba,Ib,RE,30.200000762939453,29.209270477294922,28.733562469482422,-0.4757080078125
143,NdCo0.5Ti0.5O3,Other,III,RE,27.0,26.298110961914062,26.298110961914062,0.0
144,Sr5Nb4O15,Sr,II,RE,45.20000076293945,49.750526428222656,47.87846755981445,-1.8720588684082031
145,Nd0.9Sr0.1Co0.45Ti0.55O3,Other,III,RE,29.31999969482422,29.05613136291504,29.05613136291504,0.0
146,Ba2SrYNb3O12,Ba,Ib,RE,34.099998474121094,38.79484176635742,29.487293243408203,-9.307548522949219
147,BaSr2YNb3O12,Sr,II,RE,34.70000076293945,35.31471633911133,28.874094009399414,-6.440622329711914
148,Sr3YNb3O12,Sr,III,RE,34.900001525878906,34.715362548828125,32.78813934326172,-1.9272232055664062
149,BaZn0.33Ta0.67O3,Ba,Ib,RE,29.100000381469727,28.669687271118164,28.27615737915039,-0.39352989196777344
150,BaZn0.33Ta0.67O3,Ba,Ib,RE,30.399999618530273,28.669687271118164,28.27615737915039,-0.39352989196777344
151,Sr0.1Ba0.9Ti0.1Zn0.3Ta0.6O3,Ba,Ib,RE,33.70000076293945,32.925498962402344,31.724132537841797,-1.2013664245605469
152,BaMg0.333Nb0.667O3,Ba,Ib,RE,31.200000762939453,30.641292572021484,28.536876678466797,-2.1044158935546875
153,BaMg0.333Nb0.667O3,Ba,Ib,RE,31.5,30.45699691772461,28.383563995361328,-2.0734329223632812
154,BaMg0.333Nb0.667O3,Ba,Ib,RE,31.0,30.641292572021484,28.536876678466797,-2.1044158935546875
155,BaZn0.25Ta0.50Ti0.33O3,Ba,Ib,RE,31.5,32.13920593261719,30.414947509765625,-1.7242584228515625
156,BaSn0.226Zn0.255Nb0.515O3,Ba,Ib,RE,32.0,32.97568893432617,31.15993881225586,-1.8157501220703125
157,Ba3YNb3O12,Ba,Ib,RE,29.899999618530273,37.083038330078125,26.857336044311523,-10.225702285766602
158,La0.680Al0.04Ti0.96O3,Other,II,RE,71.9000015258789,69.90773010253906,69.90773010253906,0.0
159,La0.687Al0.06Ti0.94O3,Other,II,RE,67.5999984741211,67.53059387207031,67.53059387207031,0.0
160,La0.693Al0.08Ti0.92O3,Other,II,RE,66.9000015258789,65.3322982788086,65.3322982788086,0.0
161,Ca4La2Ti4Mg0.333Nb0.667O17,Ca,III,RE,59.29999923706055,49.12053298950195,44.64750289916992,-4.473030090332031
162,Ca4La2Ti3Mg0.667Nb.333O17,Ca,III,RE,49.209999084472656,46.785179138183594,38.75159454345703,-8.033584594726562
163,Ca4La2Ti2.5Mg0.833Nb.667O17,Ca,III,RE,44.36000061035156,43.660491943359375,41.43052673339844,-2.2299652099609375
164,Ca4La2Ti2MgNb2O17,Ca,III,RE,40.45000076293945,40.9760856628418,36.238014221191406,-4.738071441650391
165,Ca4La2TiMg.333Nb2.667O17,Ca,III,RE,35.22999954223633,41.68255615234375,37.14582443237305,-4.536731719970703
166,Pb0.55Ca0.45Fe0.475Nb0.475Zr0.05O3,Ca,II,RE,108.5,101.99929809570312,115.02714538574219,13.027847290039062
167,Pb0.50Ca0.50Fe0.475Nb0.475Zr0.05O3,Ca,II,RE,94.30000305175781,92.8686752319336,100.42835998535156,7.559684753417969
168,Pb0.45Ca0.55Fe0.475Nb0.475Zr0.05O3,Ca,II,RE,81.19999694824219,82.80628967285156,83.84587097167969,1.039581298828125
169,Pb0.40Ca0.60Fe0.475Nb0.475Zr0.05O3,Ca,II,RE,67.19999694824219,69.34269714355469,64.39547729492188,-4.9472198486328125
170,Ca4La2Ti5O17,Ca,II,RE,71.86000061035156,70.46709442138672,59.64019775390625,-10.826896667480469
171,Pb0.55Ca0.45Fe0.475Nb0.475Zr0.05O3,Ca,II,RE,100.0999984741211,102.45420837402344,115.43376159667969,12.97955322265625
172,Pb0.45Ca0.55Fe0.475Nb0.475Zr0.05O3,Ca,II,RE,86.80000305175781,83.33380126953125,84.46537017822266,1.1315689086914062
173,Pb0.40Ca0.60Fe0.475Nb0.475Zr0.05O3,Ca,II,RE,70.0999984741211,69.81698608398438,64.66756439208984,-5.149421691894531
174,Pb0.60Ca0.40Fe0.495Nb0.495Zr0.01O3,Other,II,RE,126.69999694824219,128.1024932861328,127.31834411621094,-0.784149169921875
175,Pb0.55Ca0.45Fe0.495Nb0.495Zr0.01O3,Ca,II,RE,90.5999984741211,98.04759216308594,110.3188705444336,12.271278381347656
176,Pb0.50Ca0.50Fe0.495Nb0.495Zr0.01O3,Ca,II,RE,86.30000305175781,91.00729370117188,97.77693939208984,6.769645690917969
177,Pb0.45Ca0.55Fe0.495Nb0.495Zr0.01O3,Ca,II,RE,82.5,81.80904388427734,83.01467895507812,1.2056350708007812
178,Pb0.40Ca0.60Fe0.495Nb0.495Zr0.01O3,Ca,II,RE,68.69999694824219,69.61997985839844,65.64764404296875,-3.9723358154296875
179,Pb0.60Ca0.40Fe0.495Nb0.495Zr0.01O3,Other,II,RE,128.39999389648438,128.22171020507812,127.41386413574219,-0.8078460693359375
180,Pb0.55Ca0.45Fe0.495Nb0.495Zr0.01O3,Ca,II,RE,97.0999984741211,98.45518493652344,110.702880859375,12.247695922851562
181,Pb0.50Ca0.50Fe0.495Nb0.495Zr0.01O3,Ca,II,RE,89.19999694824219,91.41053771972656,98.30970764160156,6.899169921875
182,Pb0.45Ca0.55Fe0.495Nb0.495Zr0.01O3,Ca,II,RE,85.30000305175781,82.3328857421875,83.63740539550781,1.3045196533203125
183,Pb0.50Ca0.50Fe0.475Nb0.475Zr0.05O3,Ca,II,RE,96.5,93.29150390625,100.97528076171875,7.68377685546875
184,BaZn0.20Co0.133Nb0.667O3,Ba,Ib,RE,35.5,34.897151947021484,33.15761184692383,-1.7395401000976562
185,BaCo0.233Zn0.100Nb0.667O3,Ba,Ib,RE,34.5,33.27021026611328,30.84537696838379,-2.424833297729492
186,La0.8Ti0.6Al0.4O3,Other,Ia,RE,38.70000076293945,35.823246002197266,35.823246002197266,0.0
187,La0.700Al0.10Ti0.90O3,Other,II,RE,62.599998474121094,61.399070739746094,61.399070739746094,0.0
188,La0.708Al0.125Ti0.875O3,Other,II,RE,60.70000076293945,59.04852294921875,59.04852294921875,0.0
189,La0.717Al0.15Ti0.85O3,Other,II,RE,57.70000076293945,56.7213020324707,56.7213020324707,0.0
190,La0.733Al0.20Ti0.80O3,Other,II,RE,53.900001525878906,51.7507209777832,51.7507209777832,0.0
191,La0.767Al0.30Ti0.70O3,Other,II,RE,44.900001525878906,42.89573669433594,42.89573669433594,0.0
192,La0.800Al0.40Ti0.60O3,Other,Ia,RE,39.599998474121094,35.8480110168457,35.8480110168457,0.0
193,La0.833Al0.50Ti0.50O3,Other,Ia,RE,34.400001525878906,32.409175872802734,32.409175872802734,0.0
194,La0.680Al0.04Ti0.96O3,Other,II,RE,70.4000015258789,69.90574645996094,69.90574645996094,0.0
195,La0.687Al0.06Ti0.94O3,Other,II,RE,68.0,67.53059387207031,67.53059387207031,0.0
196,La0.693Al0.08Ti0.92O3,Other,II,RE,66.69999694824219,65.31752014160156,65.31752014160156,0.0
197,La0.700Al0.10Ti0.90O3,Other,II,RE,65.30000305175781,61.399070739746094,61.399070739746094,0.0
198,BaCo0.333Nb0.667O3,Ba,Ib,RE,32.0,32.89084243774414,30.527999877929688,-2.362842559814453
199,La0.708Al0.125Ti0.875O3,Other,II,RE,60.79999923706055,59.04852294921875,59.04852294921875,0.0
200,La0.733Al0.20Ti0.80O3,Other,II,RE,53.099998474121094,51.7507209777832,51.7507209777832,0.0
201,La0.767Al0.30Ti0.70O3,Other,II,RE,46.29999923706055,42.96355438232422,42.96355438232422,0.0
202,La0.800Al0.40Ti0.60O3,Other,Ia,RE,40.0,35.8480110168457,35.8480110168457,0.0
203,La0.833Al0.50Ti0.50O3,Other,Ia,RE,36.599998474121094,32.409175872802734,32.409175872802734,0.0
204,La0.8Ti0.6Al0.4O3,Other,Ia,RE,29.399999618530273,35.89726257324219,35.89726257324219,0.0
205,La0.8Ti0.6Al0.4O3,Other,Ia,RE,34.20000076293945,35.89726257324219,35.89726257324219,0.0
206,La0.8Ti0.6Al0.4O3,Other,Ia,RE,35.099998474121094,35.8726806640625,35.8726806640625,0.0
207,La0.8Ti0.6Al0.4O3,Other,Ia,RE,38.70000076293945,35.8726806640625,35.8726806640625,0.0
208,La0.8Ti0.6Al0.4O3,Other,Ia,RE,39.599998474121094,35.8480110168457,35.8480110168457,0.0
209,La0.8Ti0.6Al0.4O3,Other,Ia,RE,40.0,35.8480110168457,35.8480110168457,0.0
210,La0.8Ti0.6Al0.4O3,Other,Ia,RE,38.29999923706055,35.823246002197266,35.823246002197266,0.0
211,La0.717Al0.15Ti0.85O3,Other,II,RE,54.400001525878906,56.7213020324707,56.7213020324707,0.0
212,Ba6Nb4TiO18,Ba,Ib,RE,46.20000076293945,44.8317756652832,40.60182571411133,-4.229949951171875
213,CaTi0.50Mg0.1667Nb0.3333O3,Ca,III,RE,54.310001373291016,53.164390563964844,49.46014404296875,-3.7042465209960938
214,CaTi0.35Mg0.2167Nb0.4333O3,Ca,III,RE,44.2400016784668,45.392417907714844,42.241294860839844,-3.151123046875
215,Ca0.45Li0.175Dy0.0667Nd0.2417TiO3,Ca,III,RE,100.0999984741211,115.90330505371094,116.52081298828125,0.6175079345703125
216,Ca0.45Li0.225Dy0.0333Nd0.2583TiO3,Ca,III,RE,105.0999984741211,117.83709716796875,119.73661804199219,1.8995208740234375
217,Ca0.30Li0.20Dy0.10Nd0.30TiO3,Other,III,RE,97.5999984741211,104.25016784667969,104.25016784667969,0.0
218,Ca0.20Li0.25Dy0.10Nd0.35TiO3,Other,III,RE,89.4000015258789,97.61637115478516,97.61637115478516,0.0
219,Ca0.40Li0.25Dy0.0333Nd0.2833TiO3,Ca,III,RE,103.0,113.6724624633789,117.06668853759766,3.39422607421875
220,Ca0.10Li0.25Dy0.1333Nd0.3833TiO3,Other,III,RE,70.5999984741211,78.94990539550781,78.94990539550781,0.0
221,Ca0.5Pb0.5Zr0.95Ti0.05O3,Ca,III,RE,72.0,71.910888671875,71.9979476928711,0.08705902099609375
222,Ca4La2Ti5O17,Ca,II,RE,73.0,70.80015563964844,60.6076545715332,-10.192501068115234
223,Ca0.268Li0.165Sm0.433TiO3,Other,III,RE,95.5,96.30865478515625,96.30865478515625,0.0
224,Ca0.5Pb0.5Fe0.5Ta0.5O3,Ca,II,RE,67.9000015258789,78.00875854492188,77.76528930664062,-0.24346923828125
225,Ca0.5Pb0.5Fe0.5Ta0.5O3,Ca,II,RE,79.5999984741211,78.45307922363281,78.1602783203125,-0.2928009033203125
226,Ca0.5Pb0.5Fe0.5Ta0.5O3,Ca,II,RE,84.0,78.89280700683594,78.55194091796875,-0.3408660888671875
227,Ca0.5Pb0.5Fe0.5Ta0.5O3,Ca,II,RE,83.9000015258789,79.32523345947266,78.93843078613281,-0.38680267333984375
228,Pb.0ZrO3,Other,III,RE,129.0,124.02653503417969,124.0509262084961,0.02439117431640625
229,Ba0.05Pb0.95ZrO3,Other,II,RE,135.0,136.64108276367188,136.07240295410156,-0.5686798095703125
230,Pb0.90Sr0.10ZrO3,Other,III,RE,127.0,122.7621841430664,122.74581146240234,-0.0163726806640625
231,Pb0.50Sr0.50ZrO3,Sr,III,RE,101.0,101.0460205078125,104.75643157958984,3.7104110717773438
232,Pb0.40Sr0.60ZrO3,Sr,III,RE,73.0,75.19651794433594,78.97989654541016,3.7833786010742188
233,Pb0.95Ca0.05ZrO3,Other,III,RE,112.0,121.2289810180664,121.6950912475586,0.4661102294921875
234,Pb0.70Ca0.30ZrO3,Other,III,RE,132.0,123.7068099975586,124.81402587890625,1.1072158813476562
235,Ca0.45Li0.125Dy0.10Nd0.225TiO3,Ca,III,RE,121.30000305175781,114.18409729003906,113.5440902709961,-0.6400070190429688
236,Ca0.20Li0.25La0.10Nd0.35TiO3,Other,III,RE,110.4000015258789,114.30891418457031,114.30891418457031,0.0
237,Ca0.30Li0.20La0.10Nd0.30TiO3,Other,III,RE,116.0,113.02531433105469,113.02531433105469,0.0
238,Ca0.40Li0.15La0.10Nd0.25TiO3,Ca,III,RE,117.0,119.0031509399414,117.70870208740234,-1.2944488525390625
239,SrPr4Ti5O17,Other,III,RE,46.099998474121094,44.56174087524414,44.56174087524414,0.0
240,Ca0.68Nd0.08Sm0.20Ti0.80Al0.20O3,Ca,III,RE,58.849998474121094,51.38617706298828,47.0378532409668,-4.348323822021484
241,Ca0.4Li0.3Nd0.3TiO3,Other,III,RE,112.5999984741211,115.3530502319336,115.0347671508789,-0.3182830810546875
242,CaMg0.2Ta0.4Ti0.4O3,Ca,III,RE,60.20000076293945,52.986717224121094,51.99524688720703,-0.9914703369140625
243,Ca0.6Pb0.4Fe0.5Ta0.5O3,Ca,II,RE,62.0,60.583595275878906,54.67552947998047,-5.9080657958984375
244,Pb0.6Ca0.4Fe0.475Nb0.475Sn0.05O3,Other,II,RE,140.39999389648438,138.74317932128906,137.98709106445312,-0.7560882568359375
245,Pb0.5Ca0.5Fe0.475Nb0.475Sn0.05O3,Ca,II,RE,102.80000305175781,99.79582214355469,110.96321868896484,11.167396545410156
246,Pb0.48Ca0.52Fe0.475Nb0.475Sn0.05O3,Ca,II,RE,95.0,95.50685119628906,103.81709289550781,8.31024169921875
247,Pb0.46Ca0.54Fe0.475Nb0.475Sn0.05O3,Ca,II,RE,90.5999984741211,91.3802261352539,96.51460266113281,5.134376525878906
248,Pb0.45Ca0.55Fe0.475Nb0.475Sn0.05O3,Ca,II,RE,88.9000015258789,89.29930877685547,92.94525146484375,3.6459426879882812
249,Pb0.4Ca0.6Fe0.475Nb0.475Sn0.05O3,Ca,II,RE,81.0,76.97383117675781,75.54984283447266,-1.4239883422851562
250,Pb0.65Ca0.35ZrO3,Other,III,RE,118.0,115.00428771972656,116.78553771972656,1.78125
251,Pb0.6Ca0.4Fe0.45Nb0.45Sn0.1O3,Other,II,RE,138.0,138.5140838623047,137.713623046875,-0.8004608154296875
252,Pb0.48Ca0.52Fe0.45Nb0.45Sn0.1O3,Ca,II,RE,92.4000015258789,92.50621032714844,98.50106048583984,5.994850158691406
253,Pb0.46Ca0.54Fe0.45Nb0.45Sn0.1O3,Ca,II,RE,86.69999694824219,88.01515197753906,90.6690902709961,2.6539382934570312
254,Pb0.45Ca0.55Fe0.45Nb0.45Sn0.1O3,Ca,II,RE,85.30000305175781,85.60250091552734,86.74917602539062,1.1466751098632812
255,Pb0.4Ca0.6Fe0.45Nb0.45Sn0.1O3,Ca,II,RE,71.0999984741211,72.39279174804688,69.72127532958984,-2.6715164184570312
256,Ca0.20Li0.34La0.04Nd0.38TiO3,Other,III,RE,132.60000610351562,127.231201171875,127.231201171875,0.0
257,Ca0.40Li0.24La0.04Nd0.28TiO3,Ca,III,RE,136.39999389648438,118.2911148071289,119.8486557006836,1.5575408935546875
258,Ca0.60Li0.14La0.04Nd0.18TiO3,Ca,III,RE,142.0,129.35269165039062,127.50679779052734,-1.8458938598632812
259,Ca0.60Li0.15La0.0333Nd0.1833TiO3,Ca,III,RE,128.1999969482422,129.33633422851562,127.68682861328125,-1.649505615234375
260,Ca0.50Li0.20La0.0333Nd0.2333TiO3,Ca,III,RE,123.0,124.6612548828125,124.18955993652344,-0.4716949462890625
261,Ca0.40Li0.25La0.0333Nd0.2833TiO3,Ca,III,RE,121.30000305175781,117.93043518066406,119.84248352050781,1.91204833984375
262,Ca0.60Li0.05La0.10Nd0.15TiO3,Ca,III,RE,117.0,118.2524642944336,115.74560546875,-2.5068588256835938
263,Pb0.5Ca0.5Fe0.45Nb0.45Sn0.1O3,Ca,II,RE,96.80000305175781,96.9742431640625,106.53829193115234,9.564048767089844
264,Pb0.63Ca0.37ZrO3,Other,III,RE,110.0,109.58415222167969,111.372314453125,1.7881622314453125
265,Pb0.60Ca0.40ZrO3,Other,III,RE,94.0,100.57917785644531,101.5911865234375,1.0120086669921875
266,Pb0.50Ca0.50ZrO3,Ca,III,RE,74.0,72.6637191772461,73.76228332519531,1.0985641479492188
267,Ca0.20Sr0.80Ti0.20Mg0.2667Nb0.5333O3,Sr,II,RE,45.0,43.66632080078125,42.05954360961914,-1.6067771911621094
268,Ca0.7Nd0.3Ti0.7Al0.3O3,Ca,II,RE,44.0,45.14879608154297,40.615966796875,-4.532829284667969
269,BaTi0.50Ga0.25Nb0.25O3,Ba,Ib,RE,86.0,82.4533462524414,78.731201171875,-3.7221450805664062
270,BaTi0.40Ga0.30Nb0.30O3,Ba,Ib,RE,66.0,65.4173812866211,59.159523010253906,-6.2578582763671875
271,BaTi0.30Ga0.35Nb0.35O3,Ba,Ib,RE,47.0,45.597007751464844,39.786460876464844,-5.810546875
272,Ba2La3Ti3NbO15,Ba,II,RE,47.0,47.416534423828125,36.2039680480957,-11.212566375732422
273,Ba3La3Ti4Nb2O18,Ba,Ib,RE,47.439998626708984,47.95216369628906,47.83092498779297,-0.12123870849609375
274,Sr0.2Ca0.488Nd0.208Ti0.6Al0.5333O3,Ca,II,RE,48.29999923706055,45.68516159057617,39.72992706298828,-5.955234527587891
275,Pb0.4Ca0.6Fe0.5Ta0.5O3,Ca,II,RE,62.0,60.583595275878906,54.67552947998047,-5.9080657958984375
276,Ca0.80Nd0.1333TiO3,Ca,III,RE,119.0,118.56636047363281,114.78507232666016,-3.7812881469726562
277,Ca0.70Nd0.20TiO3,Ca,III,RE,107.0,112.52335357666016,108.89298248291016,-3.63037109375
278,Ba3LaNb3O12,Ba,Ib,RE,43.5,44.09648895263672,37.27067947387695,-6.825809478759766
279,Ca0.61Nd0.26TiO3,Ca,III,RE,98.0,106.65071105957031,103.60676574707031,-3.0439453125
280,Ca0.28Sm0.28Li0.15Nd0.15TiO3,Other,III,RE,98.0,101.80992126464844,101.80992126464844,0.0
281,Ca0.85Nd0.10TiO3,Ca,III,RE,141.0,121.04042053222656,117.3616714477539,-3.6787490844726562
282,Ca0.73Nd0.18TiO3,Ca,III,RE,117.0,114.46060943603516,110.7236557006836,-3.7369537353515625
283,Ca0.61Nd0.26TiO3,Ca,III,RE,108.0,106.65071105957031,103.60676574707031,-3.0439453125
284,Ca0.50Nd0.3333TiO3,Ca,III,RE,100.0,100.4578628540039,98.31995391845703,-2.137908935546875
285,Ca0.40Nd0.40TiO3,Ca,III,RE,99.0,95.9195556640625,94.82762908935547,-1.0919265747070312
286,Ca0.31Nd0.46TiO3,Ca,III,RE,98.0,92.21830749511719,91.40933990478516,-0.8089675903320312
287,Ca0.22Nd0.52TiO3,Other,III,RE,102.0,86.62566375732422,86.62566375732422,0.0
288,Ca0.15Nd0.5667TiO3,Other,III,RE,94.0,83.04741668701172,83.04741668701172,0.0
289,Ca0.07Nd0.62TiO3,Other,III,RE,82.0,78.26580047607422,78.26580047607422,0.0
290,Ca0.58Nd0.28TiO3,Ca,III,RE,93.0,104.82051086425781,102.02403259277344,-2.796478271484375
291,SrLaPr3Ti5O17,Other,II,RE,50.0,55.146202087402344,55.146202087402344,0.0
292,Ba3LaNb3O12,Ba,Ib,RE,43.599998474121094,44.17148208618164,37.4493408203125,-6.722141265869141
293,Ba3LaNb3O12,Ba,Ib,RE,43.79999923706055,44.25068664550781,37.63386154174805,-6.616825103759766
294,Ca0.8Sm0.1333TiO3,Ca,III,RE,119.0,122.89585876464844,121.29978942871094,-1.5960693359375
295,Ca0.6Sm0.2667TiO3,Ca,III,RE,101.0,102.45631408691406,100.48283386230469,-1.973480224609375
296,Ca0.4Sm0.4TiO3,Ca,III,RE,94.5,95.39830017089844,94.45393371582031,-0.944366455078125
297,Ca0.70Nd0.20TiO3,Ca,III,RE,112.95999908447266,112.60176086425781,108.99494934082031,-3.6068115234375
298,Ca0.61Nd0.26TiO3,Ca,III,RE,103.3499984741211,106.73350524902344,103.6776123046875,-3.0558929443359375
299,Ca0.52Nd0.32TiO3,Ca,III,RE,100.08000183105469,101.52027893066406,99.20124816894531,-2.31903076171875
300,Ca0.3Li0.35Sm0.35TiO3,Other,III,RE,114.0,114.0833511352539,114.11861419677734,0.0352630615234375
301,Ca0.5Li0.25Sm0.25TiO3,Ca,III,RE,130.5,127.93034362792969,125.45204162597656,-2.478302001953125
302,Sr0.4Ce0.4TiO3,Sr,II,RE,113.0,113.87593841552734,113.3791275024414,-0.4968109130859375
303,Ba3LaNb3O12,Ba,Ib,RE,43.5,44.210548400878906,37.540855407714844,-6.6696929931640625
304,Sr0.5Ce0.3333TiO3,Sr,Ib,RE,123.0,127.7192611694336,122.36457824707031,-5.354682922363281
305,Sr0.625Ce0.25TiO3,Sr,Ib,RE,143.0,135.6982879638672,131.50851440429688,-4.1897735595703125
306,La0.48Ca0.52Co0.24Ti0.76O3,Ca,III,RE,45.0,45.77969741821289,43.51897048950195,-2.2607269287109375
307,Nd0.52Ca0.48Co0.26Ti0.74O3,Ca,III,RE,43.0,41.6115608215332,38.519187927246094,-3.0923728942871094
308,Ba3LaNb3O12,Ba,Ib,RE,43.900001525878906,44.29193878173828,37.72838592529297,-6.5635528564453125
309,Sr0.5714Ce0.2857TiO3,Sr,Ib,RE,136.0,132.86831665039062,127.82389068603516,-5.044425964355469
310,CaTi0.40Mg0.20Nb0.40O3,Ca,III,RE,47.25,47.61701202392578,44.284400939941406,-3.332611083984375
311,SrLa2Pr2Ti5O17,Other,II,RE,53.5,57.25687789916992,57.25687789916992,0.0
312,SrLa4Ti5O17,Other,II,RE,60.79999923706055,51.853546142578125,51.853546142578125,0.0
313,Ca3Ba2Nb2TiO12,Ca,Ib,RE,66.0,56.3408088684082,54.343528747558594,-1.9972801208496094
314,Ca2Ba3Nb2TiO12,Ba,Ib,RE,75.0,65.89466857910156,53.01995849609375,-12.874710083007812
315,CaBa4Nb2TiO12,Ba,Ib,RE,83.0,66.66744232177734,54.271446228027344,-12.39599609375
316,Ca3Ba2Ta2TiO12,Ca,Ib,RE,48.0,57.95283126831055,55.35552978515625,-2.597301483154297
317,Ca2Ba3Ta2TiO12,Ba,Ib,RE,61.0,68.09212493896484,54.7211799621582,-13.37094497680664
318,CaBa4Ta2TiO12,Ba,Ib,RE,64.0,68.651123046875,55.81608963012695,-12.835033416748047
319,Ba3LaNb3O12,Ba,Ib,RE,48.29999923706055,46.32928466796875,41.4244499206543,-4.904834747314453
320,Ba3LaNb3O12,Ba,Ib,RE,44.20000076293945,46.32928466796875,41.4244499206543,-4.904834747314453
321,Ba3La2Ti2Nb2O12,Ba,Ib,RE,42.79999923706055,45.047630310058594,44.41704559326172,-0.630584716796875
322,BaLa4Ti4O15,Other,Ib,RE,45.0,46.15085983276367,46.15085983276367,0.0
323,BaLa3.96Al0.44Ti4O15,Other,Ib,RE,44.0,43.60316848754883,43.60316848754883,0.0
324,BaPr0.3Bi0.2Nb0.5O3,Ba,II,RE,60.70000076293945,55.761138916015625,54.80207443237305,-0.9590644836425781
325,BaSm0.3Bi0.2Nb0.5O3,Ba,II,RE,50.79999923706055,50.135658264160156,48.78180694580078,-1.353851318359375
326,BaGd0.3Bi0.2Nb0.5O3,Ba,II,RE,47.900001525878906,47.898643493652344,46.47991943359375,-1.4187240600585938
327,BaDy0.3Bi0.2Nb0.5O3,Ba,II,RE,48.599998474121094,46.244842529296875,44.825645446777344,-1.4191970825195312
328,BaY0.3Bi0.2Nb0.5O3,Ba,Ib,RE,44.599998474121094,44.93817901611328,44.00291442871094,-0.9352645874023438
329,BaEr0.3Bi0.2Nb0.5O3,Ba,Ib,RE,46.099998474121094,44.14956283569336,43.20669174194336,-0.94287109375
330,Ca0.5Nd0.5Zn0.25Ti0.75O3,Ca,III,RE,45.0,41.38031005859375,39.371219635009766,-2.0090904235839844
331,Ba4NdTiNb3O15,Ba,Ib,RE,38.150001525878906,42.368709564208984,40.19346618652344,-2.175243377685547
332,Ba3Nd2Ti2Nb2O15,Ba,Ib,RE,46.83000183105469,48.2393913269043,37.663909912109375,-10.575481414794922
333,BaSrLa3Ti3NbO15,Ba,III,RE,43.029998779296875,47.30540466308594,34.47357177734375,-12.831832885742188
334,Ba.25Sr0.75La3Ti3NbO15,Ba,III,RE,46.86000061035156,47.313011169433594,34.22650146484375,-13.086509704589844
335,Ba.5Sr0.5La3Ti3NbO15,Other,Ib,RE,46.31999969482422,47.642276763916016,47.642276763916016,0.0
336,Ba.75Sr0.25La3Ti3NbO15,Other,Ib,RE,47.0099983215332,46.80216598510742,46.80216598510742,0.0
337,CaTi0.30Mg0.2333Nb0.4667O3,Ca,III,RE,41.560001373291016,43.47348403930664,40.483211517333984,-2.9902725219726562
338,CaLa4Ti4O15,Other,II,RE,44.70000076293945,42.994606018066406,42.994606018066406,0.0
339,SrLa4Ti4O15,Other,II,RE,45.099998474121094,43.635826110839844,43.635826110839844,0.0
340,BaLa4Ti4O15,Other,Ib,RE,49.099998474121094,46.571937561035156,46.571937561035156,0.0
341,Ca2La4Ti5O18,Other,II,RE,49.29999923706055,44.948768615722656,44.948768615722656,0.0
342,CaLa4Ti5O17,Other,II,RE,55.20000076293945,56.17731857299805,56.17731857299805,0.0
343,CaLa8Ti9O31,Other,II,RE,54.900001525878906,52.48408126831055,52.48408126831055,0.0
344,BaZn0.3167Nb0.6333Zr0.05O3,Ba,Ib,RE,42.0,39.47357940673828,36.61377716064453,-2.85980224609375
345,Ca0.10Nd0.90Mg0.45Ti0.55O3,Other,III,RE,42.0,27.370243072509766,27.370243072509766,0.0
346,CaLa4Ti4O15,Other,II,RE,43.61000061035156,41.0523796081543,41.0523796081543,0.0
347,CaLa3.5Nd0.5Ti4O15,Other,II,RE,43.36000061035156,41.829368591308594,41.829368591308594,0.0
348,CaMg0.300Ta0.600Ti0.100O3,Ca,III,RE,25.399999618530273,23.800045013427734,23.9041748046875,0.10412979125976562
349,CaLa3NdTi4O15,Other,II,RE,43.099998474121094,41.22718048095703,41.22718048095703,0.0
350,Ba4LaTiTa3O15,Ba,Ib,RE,41.099998474121094,41.23375701904297,39.01264572143555,-2.221111297607422
351,Ba4LaTiTa3O15,Ba,Ib,RE,41.400001525878906,41.162166595458984,38.93337631225586,-2.228790283203125
352,Ba4LaTiTa3O15,Ba,Ib,RE,42.29999923706055,41.09058380126953,38.85425567626953,-2.236328125
353,Ba4LaTiTa3O15,Ba,Ib,RE,42.099998474121094,41.01900863647461,38.77529525756836,-2.24371337890625
354,Ba2La3Ti3NbO15,Ba,II,RE,42.83000183105469,47.38612747192383,37.421165466308594,-9.964962005615234
355,Ba3La2Ti2Nb2O15,Ba,Ib,RE,49.369998931884766,47.96977615356445,37.52848434448242,-10.441291809082031
356,Sr4LaTiNb3O15,Sr,III,RE,41.099998474121094,41.040252685546875,40.8817253112793,-0.15852737426757812
357,Sr4LaTiNb3O15,Sr,III,RE,42.20000076293945,40.980533599853516,40.808189392089844,-0.17234420776367188
358,Sr4LaTiNb3O15,Sr,III,RE,43.29999923706055,40.92129135131836,40.735206604003906,-0.18608474731445312
359,Sr4LaTiNb3O15,Sr,III,RE,43.099998474121094,40.862525939941406,40.66276931762695,-0.19975662231445312
360,Ba2La3Ti3NbO15,Ba,II,RE,48.34000015258789,46.991539001464844,35.89524459838867,-11.096294403076172
361,CaLa2Nd2Ti4O15,Other,III,RE,42.29999923706055,41.8100471496582,41.8100471496582,0.0
362,CaMg0.267Ta0.533Ti0.200O3,Ca,III,RE,28.700000762939453,27.31234359741211,27.48810386657715,0.17576026916503906
363,CaMg0.233Ta0.467Ti0.300O3,Ca,III,RE,33.599998474121094,32.53151321411133,32.646453857421875,0.11494064331054688
364,CaMg0.200Ta0.400Ti0.400O3,Ca,III,RE,39.400001525878906,39.797386169433594,39.58599853515625,-0.21138763427734375
365,Sr0.2Ca0.488Nd0.208Ti0.76Al0.32O3,Ca,II,RE,68.69999694824219,67.2831039428711,57.3068733215332,-9.97623062133789
366,Sr0.2Ca0.488Nd0.208Ti0.68Al0.4267O3,Ca,II,RE,57.5,55.1580924987793,46.65937042236328,-8.498722076416016
367,Ba3LiTa3Ti5O21,Ba,Ib,RE,49.400001525878906,43.781795501708984,37.954322814941406,-5.827472686767578
368,Ba3LiNb3Ti5O21,Ba,Ib,RE,54.900001525878906,42.31154251098633,37.187225341796875,-5.124317169189453
369,Pb0.2Ca0.15La0.5Mg0.5Nb0.5O3,Other,III,RE,50.0,49.474609375,49.474609375,0.0
370,La0.66Ni0.01TiO3,Other,II,RE,51.400001525878906,48.47039794921875,48.47039794921875,0.0
371,La0.6533Ni0.02TiO3,Other,II,RE,63.29999923706055,61.0855827331543,61.0855827331543,0.0
372,La0.6467Ni0.03TiO3,Other,II,RE,69.4000015258789,64.83699798583984,64.83699798583984,0.0
373,La0.6333Ni0.05TiO3,Other,II,RE,59.599998474121094,61.44243621826172,61.44243621826172,0.0
374,La0.6167Ni0.075TiO3,Other,II,RE,58.0,57.99908447265625,57.99908447265625,0.0
375,La0.5667Ni0.15TiO3,Other,II,RE,53.29999923706055,51.308929443359375,51.308929443359375,0.0
376,Sr0.2Ca0.488Nd0.208Ti0.84Al0.2133O3,Ca,II,RE,80.0999984741211,80.37158203125,72.3204345703125,-8.0511474609375
377,La0.5333Ni0.2TiO3,Other,II,RE,50.70000076293945,47.92625427246094,47.92625427246094,0.0
378,La4Ti9O24,Other,II,RE,37.0,40.55805206298828,40.55805206298828,0.0
379,Nd2Ti2O7,Other,III,RE,36.0,42.35894775390625,42.35894775390625,0.0
380,Nd4Ti9O24,Other,III,RE,37.5,40.3330192565918,40.3330192565918,0.0
381,Pb0.2Ca.0667Nb0.5333Ti0.2O3,Ca,III,RE,51.66999816894531,48.274757385253906,36.570777893066406,-11.7039794921875
382,Na0.15La0.15Li0.35Sm0.35TiO3,Other,III,RE,117.0,117.64017486572266,117.64017486572266,0.0
383,CaFe0.27Nb0.27Ti0.46O3,Ca,III,RE,60.0,59.407623291015625,52.07830810546875,-7.329315185546875
384,CaAl0.23Ta0.23Ti0.54O3,Ca,II,RE,47.0,46.2607536315918,41.52332305908203,-4.737430572509766
385,CaZn0.2333Nb0.4667Ti0.3O3,Ca,III,RE,51.0,49.903350830078125,45.29120635986328,-4.612144470214844
386,Ca0.58La0.21Na0.21Fe0.29Nb0.29Ti0.42O3,Ca,III,RE,58.900001525878906,57.35234451293945,52.33449172973633,-5.017852783203125
387,CaMg0.22Nb0.44Ti0.34O3,Ca,III,RE,43.900001525878906,45.75374984741211,41.99343490600586,-3.76031494140625
388,Ca0.6La0.2Na0.2Mg0.2Nb0.4Ti0.4O3,Ca,III,RE,52.29999923706055,53.097747802734375,49.498985290527344,-3.5987625122070312
389,La2Ti2O7,Other,II,RE,47.0,43.24420928955078,43.24420928955078,0.0
390,SrLa3PrTi5O17,Other,II,RE,57.0,58.55583572387695,58.55583572387695,0.0
391,CaMg0.3333Nb0.6667O3,Ca,III,RE,28.0,25.514541625976562,25.54623031616211,0.031688690185546875
392,CaTi0.34Mg0.22Nb0.44O3,Ca,III,RE,48.0,45.095497131347656,41.9947395324707,-3.100757598876953
393,CaMg0.183Ta0.367Ti0.450O3,Ca,III,RE,45.099998474121094,44.18326950073242,43.68400192260742,-0.499267578125
394,CaMg0.167Ta0.333Ti0.500O3,Ca,III,RE,47.79999923706055,48.95201110839844,48.09379959106445,-0.8582115173339844
395,CaMg0.133Ta0.267Ti0.600O3,Ca,III,RE,59.900001525878906,59.711822509765625,58.171714782714844,-1.5401077270507812
396,CaMg0.100Ta0.200Ti0.700O3,Ca,III,RE,73.0999984741211,71.48374938964844,70.13688659667969,-1.34686279296875
397,CaMg0.067Ta0.133Ti0.800O3,Ca,III,RE,95.0,93.6624526977539,97.74647521972656,4.084022521972656
398,CaMg0.033Ta0.067Ti0.900O3,Ca,III,RE,121.69999694824219,118.96185302734375,120.52557373046875,1.563720703125
399,Ba0.8Sr0.2La4Ti4O15,Other,Ib,RE,46.79999923706055,46.7628059387207,46.7628059387207,0.0
400,Ba0.6Sr0.4La4Ti4O15,Other,Ib,RE,45.70000076293945,46.345741271972656,46.345741271972656,0.0
401,Ba0.4Sr0.6La4Ti4O15,Other,II,RE,45.400001525878906,44.8073616027832,44.8073616027832,0.0
402,Ba0.2Sr0.8La4Ti4O15,Other,II,RE,46.099998474121094,44.13371658325195,44.13371658325195,0.0
403,Ba0.8Ca0.2La4Ti4O15,Other,Ib,RE,47.70000076293945,46.38472366333008,46.38472366333008,0.0
404,CaTi0.2Mg0.2667Nb0.5333O3,Ca,III,RE,36.0,36.986900329589844,36.4207763671875,-0.5661239624023438
405,Ba0.6Ca0.4La4Ti4O15,Other,II,RE,48.900001525878906,45.0864372253418,45.0864372253418,0.0
406,Ba0.2Ca0.8La4Ti4O15,Other,II,RE,49.5,44.4141960144043,44.4141960144043,0.0
407,Ba0.2Sr0.8La4Ti4O15,Other,II,RE,40.79999923706055,44.44417190551758,44.44417190551758,0.0
408,Ba0.2Sr0.8La4Ti4.20O15,Other,II,RE,46.400001525878906,44.56882858276367,44.56882858276367,0.0
409,SrGa0.5Nb0.5O3,Sr,Ib,RE,33.400001525878906,33.412437438964844,34.014312744140625,0.6018753051757812
410,SrGa0.45Nb0.45Ti0.1O3,Sr,Ib,RE,36.599998474121094,36.5869026184082,36.20586013793945,-0.38104248046875
411,SrGa0.4Nb0.4Ti0.2O3,Sr,Ib,RE,40.400001525878906,40.6120491027832,39.43941116333008,-1.172637939453125
412,SrGa0.35Nb0.35Ti0.3O3,Sr,Ib,RE,46.599998474121094,45.36940383911133,43.57166290283203,-1.7977409362792969
413,CaTi0.8Mg0.0667Nb0.1333O3,Ca,III,RE,109.0,106.24200439453125,108.54583740234375,2.3038330078125
414,CaTi0.6Mg0.1333Nb0.2667O3,Ca,III,RE,68.0,66.29869842529297,63.558631896972656,-2.7400665283203125
415,CaTi0.4Mg0.2Nb0.4O3,Ca,III,RE,54.0,49.471405029296875,47.439598083496094,-2.0318069458007812
416,Ba0.4Ca0.6La4Ti4O15,Other,II,RE,48.900001525878906,44.791282653808594,44.791282653808594,0.0
417,La6ZnTi5O18,Other,III,RE,40.79999923706055,41.806419372558594,41.806419372558594,0.0
418,Sr2La4Ti5O18,Other,II,RE,48.0,43.555198669433594,43.555198669433594,0.0
419,CaLi0.3Nb0.6Sn0.1O3,Ca,III,RE,25.200000762939453,23.419326782226562,36.792301177978516,13.372974395751953
420,CaLi0.2833Nb0.5667Sn0.15O3,Ca,III,RE,24.799999237060547,23.65178680419922,35.599220275878906,11.947433471679688
421,CaLi0.2667Nb0.5333Sn0.2O3,Ca,III,RE,23.299999237060547,24.1048583984375,37.13237762451172,13.027519226074219
422,CaLi0.2333Nb0.4667Sn0.3O3,Ca,III,RE,22.600000381469727,23.670324325561523,34.320682525634766,10.650358200073242
423,CaLi0.3Nb0.6Sn0.1O3,Ca,III,RE,25.399999618530273,23.161327362060547,36.85663986206055,13.6953125
424,CaLi0.2833Nb0.5667Sn0.15O3,Ca,III,RE,24.899999618530273,23.32677459716797,35.555641174316406,12.228866577148438
425,CaLi0.2667Nb0.5333Sn0.2O3,Ca,III,RE,23.899999618530273,23.8762264251709,37.11426544189453,13.238039016723633
426,CaLi0.2333Nb0.4667Sn0.3O3,Ca,III,RE,23.5,23.360986709594727,34.17734909057617,10.816362380981445
427,CaLa0.5Nb0.5O3,Ca,III,RE,23.299999237060547,22.9610595703125,22.269001007080078,-0.6920585632324219
428,CaPr0.5Nb0.5O3,Ca,III,RE,24.200000762939453,24.237308502197266,23.3321533203125,-0.9051551818847656
429,CaNd0.5Nb0.5O3,Ca,III,RE,24.5,24.2752742767334,23.339862823486328,-0.9354114532470703
430,CaSm0.5Nb0.5O3,Ca,III,RE,24.700000762939453,25.3117618560791,24.2432918548584,-1.0684700012207031
431,CaEu0.5Nb0.5O3,Ca,III,RE,25.0,25.6378231048584,24.47602653503418,-1.1617965698242188
432,CaGd0.5Nb0.5O3,Ca,III,RE,25.5,25.64396095275879,24.494247436523438,-1.1497135162353516
433,CaTb0.5Nb0.5O3,Ca,III,RE,26.5,26.243295669555664,24.989177703857422,-1.2541179656982422
434,CaDy0.5Nb0.5O3,Ca,III,RE,32.0,28.06536865234375,27.076202392578125,-0.989166259765625
435,CaHo0.5Nb0.5O3,Ca,III,RE,31.399999618530273,28.532550811767578,27.502843856811523,-1.0297069549560547
436,CaY0.5Nb0.5O3,Ca,III,RE,31.0,29.249887466430664,27.91022300720215,-1.3396644592285156
437,CaEr0.5Nb0.5O3,Ca,III,RE,30.5,28.81011962890625,27.730350494384766,-1.0797691345214844
438,CaYb0.5Nb0.5O3,Ca,III,RE,30.0,29.14278793334961,28.00140953063965,-1.141378402709961
439,CaIn0.5Nb0.5O3,Ca,III,RE,29.600000381469727,23.32542610168457,23.87932014465332,0.55389404296875
440,Ba2CaWO6,Ba,Ia,RE,22.799999237060547,30.32571792602539,39.29572296142578,8.97000503540039
441,Ba2Ca0.975Sr0.025WO6,Ba,Ia,RE,23.899999618530273,23.865428924560547,38.70718765258789,14.841758728027344
442,CaLi0.3333Nb0.6667O3,Ca,III,RE,29.600000381469727,25.129819869995117,40.91808319091797,15.788263320922852
443,CaLi0.1667Nb0.3333Ti0.5O3,Ca,III,RE,55.20000076293945,44.524112701416016,47.78386306762695,3.2597503662109375
444,CaLi0.2333Nb0.4667Ti0.3O3,Ca,III,RE,44.70000076293945,42.1955680847168,46.88462448120117,4.689056396484375
445,CaLi0.2667Nb0.5333Ti0.2O3,Ca,III,RE,38.599998474121094,38.68296813964844,48.34980010986328,9.666831970214844
446,La0.5Na0.5Mg0.5W0.5O3,Other,III,RE,20.760000228881836,20.68501091003418,20.68501091003418,0.0
447,La0.5Na0.5Mg0.5W0.5O3,Other,III,RE,18.600000381469727,20.580669403076172,20.580669403076172,0.0
448,Ca5Nb2Ti0.2Zr0.8O12,Ca,III,RE,34.0,45.01155471801758,40.231224060058594,-4.780330657958984
449,Ca5Ta2Ti0.7Zr0.3O12,Ca,III,RE,36.0,46.515228271484375,42.831119537353516,-3.6841087341308594
450,Nd2Sn2O7,Other,III,RE,17.0,12.264424324035645,12.264424324035645,0.0
451,NdMg0.5Sn0.4Ti0.1O3,Other,III,RE,21.100000381469727,19.640960693359375,19.640960693359375,0.0
452,BaTi0.6Zn0.2W0.2O3,Ba,Ib,RE,71.19999694824219,71.20594787597656,60.82465362548828,-10.381294250488281
453,BaTi0.5Zn0.25W0.25O3,Ba,Ib,RE,25.399999618530273,24.743358612060547,24.319067001342773,-0.42429161071777344
454,BaTi0.45Zn0.275W0.275O3,Ba,Ib,RE,22.899999618530273,22.612979888916016,22.404287338256836,-0.2086925506591797
455,BaTi0.4Zn0.3W0.3O3,Ba,Ib,RE,21.200000762939453,21.271743774414062,21.011795043945312,-0.25994873046875
456,BaTi0.35Zn0.325W0.325O3,Ba,Ib,RE,22.100000381469727,22.127986907958984,20.745952606201172,-1.3820343017578125
457,Ba2Ca0.95Sr0.05WO6,Ba,Ia,RE,24.0,24.17397117614746,35.35049057006836,11.176519393920898
458,BaTi0.3Zn0.35W0.35O3,Ba,Ib,RE,26.399999618530273,25.08755111694336,22.06201171875,-3.0255393981933594
459,BaTi0.1Zn0.45W0.45O3,Ba,Ib,RE,33.0,29.36444091796875,27.504749298095703,-1.8596916198730469
460,BaHfO3,Ba,Ia,RE,24.100000381469727,24.67218017578125,24.209863662719727,-0.46231651306152344
461,SrHfO3,Sr,III,RE,23.5,22.283554077148438,22.373104095458984,0.08955001831054688
462,CaHfO3,Ca,III,RE,21.399999618530273,19.975421905517578,19.76345443725586,-0.21196746826171875
463,YMg0.5Ti0.5O3,Other,III,RE,22.0,22.231334686279297,22.231334686279297,0.0
464,La.6667MgTaO6,Other,III,RE,22.5,24.053712844848633,24.053712844848633,0.0
465,CaLi0.2333Nb0.4667Sn0.3O3,Ca,III,RE,22.600000381469727,17.45895004272461,36.06380081176758,18.60485076904297
466,CaLa0.5Ta0.5O3,Ca,III,RE,23.0,20.932682037353516,20.781370162963867,-0.15131187438964844
467,CaLi0.333Nb0.667O3,Ca,III,RE,29.600000381469727,25.596694946289062,43.839988708496094,18.24329376220703
468,CaLi0.3167Nb0.6333Ti0.05O3,Ca,III,RE,32.400001525878906,35.38227081298828,47.48228454589844,12.100013732910156
469,CaLi0.3Nb0.6Ti0.1O3,Ca,III,RE,34.599998474121094,36.82255172729492,46.79497146606445,9.972419738769531
470,BaTi0.2Zn0.4W0.4O3,Ba,Ib,RE,31.399999618530273,28.84524154663086,26.06162452697754,-2.7836170196533203
471,Ba2Ca0.9Sr0.1WO6,Ba,Ia,RE,23.5,23.429990768432617,37.14551544189453,13.715524673461914
472,Ba2Ca0.75Sr0.25WO6,Ba,Ia,RE,23.399999618530273,22.6986026763916,36.717002868652344,14.018400192260742
473,Ba2Ca0.5Sr0.5WO6,Ba,Ia,RE,23.299999237060547,22.403629302978516,36.51743698120117,14.113807678222656
474,BaZn0.1667Co0.1667Ta0.2222Nb0.2222Sb0.2222O3,Ba,Ib,RE,24.899999618530273,23.981658935546875,23.115299224853516,-0.8663597106933594
475,Ba0.5Sr0.5Zn0.1667Co0.1667Ta0.2222Nb0.2222Sb0.2222O3,Ba,Ib,RE,26.299999237060547,26.029672622680664,25.80646324157715,-0.22320938110351562
476,LaCo0.5Ti0.5O3,Other,III,RE,30.0,27.820215225219727,27.820215225219727,0.0
477,CaGa0.5Ta0.5O3,Ca,III,RE,25.0,23.82131576538086,24.498945236206055,0.6776294708251953
478,LaCo0.5Ti0.5O3,Other,III,RE,25.0,27.753040313720703,27.753040313720703,0.0
479,La0.9Al0.9Sr0.1Ti0.1O3,Other,Ib,RE,25.100000381469727,23.2983455657959,23.2983455657959,0.0
480,Ba4LiTa2SbO12,Ba,Ib,RE,25.100000381469727,38.391014099121094,33.41008377075195,-4.980930328369141
481,SmCo0.5Ti0.5O3,Other,III,RE,25.5,26.720317840576172,26.720317840576172,0.0
482,BaZn0.3333Ta0.3333Nb0.3333O3,Ba,Ib,RE,34.20000076293945,32.22832489013672,30.277355194091797,-1.9509696960449219
483,Sr5Nb0.5Ta3.5O15,Sr,II,RE,34.900001525878906,39.168556213378906,38.641258239746094,-0.5272979736328125
484,Sr5Nb0.75Ta3.25O15,Sr,II,RE,34.29999923706055,39.247833251953125,38.51451873779297,-0.7333145141601562
485,Sr5NbTa3O15,Sr,II,RE,33.20000076293945,39.3250846862793,38.442413330078125,-0.8826713562011719
486,Sr5Nb.5Ta2.5O15,Sr,II,RE,34.5,37.96332931518555,33.544395446777344,-4.418933868408203
487,La0.5333Na0.4Mg0.5W0.5O3,Other,III,RE,20.350000381469727,20.08233642578125,20.08233642578125,0.0
488,BaZn0.3333Ta0.6667O3,Ba,Ib,RE,29.799999237060547,29.02935218811035,28.365615844726562,-0.6637363433837891
489,LaMg0.667Ta0.333O3,Other,III,RE,25.100000381469727,22.35287857055664,22.35287857055664,0.0
490,Ba2Ca0.25Sr0.75WO6,Ba,Ia,RE,23.700000762939453,23.004304885864258,36.8492317199707,13.844926834106445
491,Ba2Ca0.1Sr0.9WO6,Ba,Ia,RE,23.299999237060547,20.78860855102539,30.768274307250977,9.979665756225586
492,Ba2SrWO6,Ba,Ia,RE,23.5,24.37601661682129,40.930416107177734,16.554399490356445
493,CaZrO3,Ca,III,RE,23.799999237060547,25.338842391967773,25.576534271240234,0.23769187927246094
494,BaTi0.39Co0.305W0.305O3,Ba,Ib,RE,18.0,18.47146987915039,18.70627784729004,0.23480796813964844
495,BaMg0.3267Nb0.6533Mn0.02O3,Ba,Ib,RE,32.0,31.472030639648438,29.6362247467041,-1.835805892944336
496,BaMg0.3299Ta0.6601Mn0.01O3,Ba,Ib,RE,25.0,24.794811248779297,24.509212493896484,-0.2855987548828125
497,BaZn0.3333Nb0.6667O3,Ba,Ib,RE,41.0,39.24016189575195,36.36866760253906,-2.8714942932128906
498,BaZn0.3299Ta0.6601Mn0.01O3,Ba,Ib,RE,30.0,29.1350154876709,28.532398223876953,-0.6026172637939453
499,LaMg0.667Ta0.333O3,Other,III,RE,24.700000762939453,22.39883804321289,22.39883804321289,0.0
500,BaMn0.3333Nb0.6667O3,Ba,Ib,RE,39.0,38.00905990600586,35.08880615234375,-2.9202537536621094
501,SrMg0.3267Nb0.6533Mn0.02O3,Sr,II,RE,33.0,36.79186248779297,36.352439880371094,-0.439422607421875
502,SrZn0.3333Nb0.6667O3,Sr,II,RE,40.0,38.78262710571289,40.2364501953125,1.4538230895996094
503,BaMg0.3333Ta0.6667O3,Ba,Ib,RE,24.0,24.587665557861328,24.1302433013916,-0.45742225646972656
504,BaMg0.3167Ta0.6333Sn0.05O3,Ba,Ib,RE,24.399999618530273,24.848764419555664,24.558975219726562,-0.28978919982910156
505,BaMg0.3Ta0.6Sn0.1O3,Ba,Ib,RE,24.299999237060547,25.013103485107422,24.65719223022461,-0.3559112548828125
506,BaMg0.2833Ta0.5667Sn0.15O3,Ba,Ib,RE,24.0,24.859638214111328,24.531034469604492,-0.32860374450683594
507,BaTi0.6Ni0.2W0.2O3,Ba,Ib,RE,29.799999237060547,31.09575843811035,28.413721084594727,-2.682037353515625
508,BaTi0.55Ni0.225W0.225O3,Ba,Ib,RE,26.5,26.330419540405273,25.654743194580078,-0.6756763458251953
509,BaTi0.5Ni0.25W0.25O3,Ba,Ib,RE,24.200000762939453,23.745986938476562,23.437389373779297,-0.3085975646972656
510,BaTi0.45Ni0.275W0.275O3,Ba,Ib,RE,21.600000381469727,21.600784301757812,21.5545597076416,-0.04622459411621094
511,BaTi0.4Ni0.3W0.3O3,Ba,Ib,RE,20.0,19.894649505615234,20.027645111083984,0.13299560546875
512,BaMn0.3333Ta0.6667O3,Ba,Ib,RE,22.0,25.185535430908203,25.882617950439453,0.69708251953125
513,La0.5333Na0.4Mg0.5W0.5O3,Other,III,RE,21.100000381469727,19.88947105407715,19.88947105407715,0.0
514,La0.5667Na0.3Mg0.5W0.5O3,Other,III,RE,20.899999618530273,19.618038177490234,19.618038177490234,0.0
515,PrAlO3,Other,Ia,RE,23.200000762939453,21.594100952148438,21.594100952148438,0.0
516,ErAlO3,Other,III,RE,16.299999237060547,16.525842666625977,16.525842666625977,0.0
517,DyAlO3,Other,III,RE,17.600000381469727,16.854564666748047,16.854564666748047,0.0
518,GdAlO3,Other,III,RE,18.399999618530273,17.774694442749023,17.774694442749023,0.0
519,SmAlO3,Other,III,RE,20.399999618530273,19.212574005126953,19.212574005126953,0.0
520,YAlO3,Other,III,RE,15.699999809265137,15.859140396118164,15.859140396118164,0.0
521,Ba.8Sr0.2SmSbO6,Ba,Ia,RE,16.0,16.84774398803711,24.943782806396484,8.096038818359375
522,Sr2SmSbO6,Sr,II,RE,16.0,16.66106605529785,28.04448890686035,11.3834228515625
523,Ba2SmSbO6,Ba,Ia,RE,20.700000762939453,18.434438705444336,23.61808204650879,5.183643341064453
524,Ca5Ta2HfO12,Ca,III,RE,17.0,34.5784912109375,32.67503356933594,-1.9034576416015625
525,Ba2CoWO6,Ba,Ia,RE,19.299999237060547,18.261730194091797,17.502803802490234,-0.7589263916015625
526,Ba2NiWO6,Ba,Ia,RE,18.100000381469727,16.669286727905273,16.17020606994629,-0.4990806579589844
527,Ba2ZnWO6,Ba,Ia,RE,29.100000381469727,22.749135971069336,22.26701545715332,-0.4821205139160156
528,Sr2CoWO6,Sr,II,RE,21.200000762939453,19.037696838378906,19.716873168945312,0.6791763305664062
529,Sr2NiWO6,Sr,II,RE,18.299999237060547,19.406463623046875,20.00339126586914,0.5969276428222656
530,Sr2ZnWO6,Sr,II,RE,27.5,21.698062896728516,23.554784774780273,1.8567218780517578
531,BaZn0.5W0.5O3,Ba,Ia,RE,19.0,22.01970100402832,22.09669303894043,0.07699203491210938
532,Ba0.99Zn0.5W0.5O2.99,Ba,Ia,RE,23.0,21.510433197021484,21.599985122680664,0.08955192565917969
533,LaAlO3,Other,Ia,RE,23.399999618530273,22.456995010375977,22.456995010375977,0.0
534,NdAlO3,Other,II,RE,22.299999237060547,20.158203125,20.158203125,0.0
535,BaMg0.3333W0.3333Ti0.3333O3,Ba,Ib,RE,15.399999618530273,15.297651290893555,15.591023445129395,0.29337215423583984
536,BaTi0.39Co0.305W0.305O3,Ba,Ib,RE,18.0,18.47000503540039,18.70554542541504,0.23554039001464844
537,La6MgTi5O18,Other,III,RE,40.20000076293945,39.23761749267578,39.23761749267578,0.0
538,BaMg0.5W0.5O3,Ba,Ia,RE,16.700000762939453,17.16870880126953,16.547046661376953,-0.6216621398925781
539,BaMg0.46W0.46Ti0.08O3,Ba,Ib,RE,19.600000381469727,19.057132720947266,17.789857864379883,-1.2672748565673828
540,BaMg0.42W0.42Ti0.16O3,Ba,Ib,RE,16.600000381469727,14.158477783203125,13.600503921508789,-0.5579738616943359
541,BaMg0.36W0.36Ti0.28O3,Ba,Ib,RE,12.300000190734863,13.696560859680176,13.791244506835938,0.09468364715576172
542,BaMg0.3333W0.3333Ti0.3333O3,Ba,Ib,RE,13.100000381469727,15.291330337524414,15.58245849609375,0.29112815856933594
543,BaMg0.32W0.32Ti0.36O3,Ba,Ib,RE,13.5,15.162389755249023,15.326120376586914,0.16373062133789062
544,BaMg0.30W0.30Ti0.40O3,Ba,Ib,RE,16.700000762939453,16.649349212646484,16.60782241821289,-0.04152679443359375
545,BaMg0.28W0.28Ti0.44O3,Ba,Ib,RE,21.799999237060547,21.431713104248047,20.02684783935547,-1.4048652648925781
546,BaMg0.25W0.25Ti0.50O3,Ba,Ib,RE,31.200000762939453,29.791616439819336,25.416671752929688,-4.374944686889648
547,BaMg0.20W0.20Ti0.60O3,Ba,Ib,RE,63.900001525878906,62.49586868286133,52.90370559692383,-9.5921630859375
548,Ba0.98Zn0.5W0.5O2.98,Ba,Ia,RE,24.0,21.028945922851562,21.12996482849121,0.10101890563964844
549,BaMg0.33W0.35Ti0.32O3.02,Ba,Ib,RE,16.299999237060547,15.580314636230469,15.89550495147705,0.31519031524658203
550,BaMg0.34W0.35Ti0.31O3.01,Ba,Ib,RE,17.100000381469727,14.962013244628906,15.287396430969238,0.32538318634033203
551,BaMg0.34W0.32Ti0.34O2.98,Ba,Ib,RE,14.399999618530273,14.962400436401367,15.192695617675781,0.23029518127441406
552,BaMg0.34W0.33Ti0.33O2.99,Ba,Ib,RE,15.100000381469727,14.901684761047363,15.183621406555176,0.2819366455078125
553,BaMg0.35W0.34Ti0.31O2.99,Ba,Ib,RE,15.399999618530273,14.372091293334961,14.67027759552002,0.2981863021850586
554,BaMg0.35W0.33Ti0.32O2.98,Ba,Ib,RE,14.399999618530273,14.36737060546875,14.6365327835083,0.2691621780395508
555,BaMg0.34W0.32Ti0.34O2.98,Ba,Ib,RE,14.5,15.031817436218262,15.242815017700195,0.2109975814819336
556,BaMg0.34W0.32Ti0.34O2.98,Ba,Ib,RE,14.800000190734863,15.132062911987305,15.311075210571289,0.17901229858398438
557,BaMg0.32W0.28Ti0.40O3,Ba,Ib,RE,18.100000381469727,18.689716339111328,18.063472747802734,-0.6262435913085938
558,BaMg0.32W0.26Ti0.42O3,Ba,Ib,RE,21.5,21.348308563232422,19.644838333129883,-1.703470230102539
559,BaMg0.32W0.25Ti0.43O3,Ba,Ib,RE,24.0,22.187219619750977,20.43035316467285,-1.756866455078125
560,BaMg0.33W0.34Ti0.33O3.01,Ba,Ib,RE,15.600000381469727,15.525545120239258,15.824399948120117,0.2988548278808594
561,Ba0.95Zn0.5W0.5O2.95,Ba,Ia,RE,21.0,19.730323791503906,19.860322952270508,0.12999916076660156
562,BaZn0.49W0.5O2.995,Ba,Ia,RE,20.0,21.809307098388672,21.8853816986084,0.07607460021972656
563,BaZn0.45W0.5O2.9975,Ba,Ia,RE,22.5,21.317411422729492,21.378942489624023,0.06153106689453125
564,NdMg0.4Zn0.1Sn0.5O3,Other,III,RE,19.5,18.361684799194336,18.361684799194336,0.0
565,NdMg0.4Zn0.1Sn0.5O3,Other,III,RE,19.299999237060547,18.34334945678711,18.34334945678711,0.0
566,Sr3ZnNb2O9,Sr,II,RE,20.690000534057617,33.140872955322266,33.116416931152344,-0.024456024169921875
567,Sr3Zn0.75Mg0.25Nb2O9,Sr,II,RE,19.959999084472656,31.9759464263916,31.6018123626709,-0.3741340637207031
568,Sr3Zn0.5Mg0.5Nb2O9,Sr,II,RE,23.309999465942383,31.215463638305664,30.64824867248535,-0.5672149658203125
569,Sr3Zn0.25Mg0.75Nb2O9,Sr,II,RE,21.549999237060547,30.708751678466797,29.989925384521484,-0.7188262939453125
570,SrYb0.5Ta0.5O3,Sr,III,RE,14.100000381469727,20.70209503173828,21.850479125976562,1.1483840942382812
571,BaMg0.5W0.5O3,Ba,Ia,RE,20.0,17.856176376342773,17.266765594482422,-0.5894107818603516
572,LaMg0.5Sn0.5O3,Other,III,RE,19.5,19.43344497680664,19.43344497680664,0.0
573,LaMg0.5Sn0.5O3,Other,III,RE,19.700000762939453,19.38762855529785,19.38762855529785,0.0
574,LaMg0.5Sn0.5O3,Other,III,RE,20.100000381469727,19.342464447021484,19.342464447021484,0.0
575,LaMg0.43Ba0.07Sn0.5O3,Other,III,RE,20.100000381469727,18.992298126220703,18.992298126220703,0.0
576,LaMg0.4Ca0.1Sn0.5O3,Other,III,RE,20.200000762939453,23.8900146484375,23.8900146484375,0.0
577,La0.6667Mg0.5W0.5O3,Other,III,RE,23.600000381469727,20.890892028808594,20.890892028808594,0.0
578,La0.6333Na0.1Mg0.5W0.5O3,Other,III,RE,22.600000381469727,21.263839721679688,21.263839721679688,0.0
579,La0.6333Na0.1Mg0.5W0.5O3,Other,III,RE,21.899999618530273,21.217092514038086,21.217092514038086,0.0
580,La0.6Na0.2Mg0.5W0.5O3,Other,III,RE,22.600000381469727,21.783733367919922,21.783733367919922,0.0
581,La0.5667Na0.3Mg0.5W0.5O3,Other,III,RE,22.8799991607666,19.527973175048828,19.527973175048828,0.0
582,La0.5667Na0.3Mg0.5W0.5O3,Other,III,RE,20.959999084472656,19.437366485595703,19.437366485595703,0.0
583,BaMg0.49Y0.0133W0.4967O3,Ba,Ia,RE,20.0,18.254440307617188,17.6895694732666,-0.5648708343505859
584,La0.5333Na0.4Mg0.5W0.5O3,Other,III,RE,22.059999465942383,19.985950469970703,19.985950469970703,0.0
585,SrSm0.5Ta0.5O3,Sr,III,RE,27.700000762939453,25.482036590576172,25.962154388427734,0.4801177978515625
586,SrLa0.5Ta0.5O3,Sr,III,RE,27.100000381469727,27.02724838256836,25.762989044189453,-1.2642593383789062
587,Ca0.97La0.02Mg0.5W0.5O3,Ca,III,RE,19.0,18.451763153076172,17.39553451538086,-1.0562286376953125
588,Ba0.94La0.04Mg0.5W0.5O3,Ba,Ia,RE,20.0,17.904369354248047,17.491609573364258,-0.41275978088378906
589,NdMg0.47Ba0.03Sn0.5O3,Other,III,RE,19.399999618530273,18.859573364257812,18.859573364257812,0.0
590,NdMg0.45Co0.05Sn0.5O3,Other,III,RE,19.200000762939453,18.367488861083984,18.367488861083984,0.0
591,NdMg0.5Sn0.5O3,Other,III,RE,19.299999237060547,18.027990341186523,18.027990341186523,0.0
592,BaLa0.5Nb0.5O3,Ba,III,RE,37.400001525878906,36.52415084838867,35.10219955444336,-1.4219512939453125
593,BaNd0.5Nb0.5O3,Ba,III,RE,41.900001525878906,40.30689239501953,38.14030838012695,-2.166584014892578
594,BaSm0.5Nb0.5O3,Ba,II,RE,39.70000076293945,37.5485954284668,34.66051483154297,-2.888080596923828
595,BaYb0.5Nb0.5O3,Ba,Ib,RE,28.299999237060547,28.96181869506836,27.0843563079834,-1.877462387084961
596,BaLa0.5Ta0.5O3,Ba,III,RE,27.100000381469727,27.58160972595215,27.073888778686523,-0.507720947265625
597,BaNd0.5Ta0.5O3,Ba,III,RE,36.0,33.97902297973633,32.577816009521484,-1.4012069702148438
598,SrNd0.5Ta0.5O3,Sr,III,RE,27.100000381469727,26.222309112548828,25.9247989654541,-0.29751014709472656
599,BaSm0.5Ta0.5O3,Ba,II,RE,34.29999923706055,32.65624237060547,30.59551429748535,-2.060728073120117
600,CaNd0.5Nb0.5O3,Ca,III,RE,20.0,19.869503021240234,19.671863555908203,-0.19763946533203125
601,CaSm0.5Nb0.5O3,Ca,III,RE,20.899999618530273,20.74371910095215,20.494821548461914,-0.24889755249023438
602,CaYb0.5Nb0.5O3,Ca,III,RE,27.0,23.719335556030273,23.063140869140625,-0.6561946868896484
603,CaLa0.5Ta0.5O3,Ca,III,RE,19.5,18.078540802001953,18.11606216430664,0.0375213623046875
604,CaNd0.5Ta0.5O3,Ca,III,RE,20.0,18.248788833618164,18.318893432617188,0.07010459899902344
605,CaSm0.5Ta0.5O3,Ca,III,RE,19.600000381469727,18.8223934173584,18.917461395263672,0.09506797790527344
606,CaYb0.5Ta0.5O3,Ca,III,RE,21.100000381469727,20.77138328552246,20.856266021728516,0.08488273620605469
607,SrLa0.5Nb0.5O3,Sr,III,RE,27.5,32.131378173828125,29.598663330078125,-2.53271484375
608,SrNd0.5Nb0.5O3,Sr,III,RE,29.700000762939453,31.653457641601562,30.106456756591797,-1.5470008850097656
609,SrSm0.5Nb0.5O3,Sr,III,RE,31.799999237060547,30.72504234313965,29.81693458557129,-0.9081077575683594
610,SrYb0.5Nb0.5O3,Sr,III,RE,29.399999618530273,27.084728240966797,26.365951538085938,-0.7187767028808594
611,BaYb0.5Ta0.5O3,Ba,Ib,RE,22.100000381469727,26.946334838867188,25.15255355834961,-1.7937812805175781
612,NdMg0.5Ti0.5O3,Other,III,RE,26.0,25.210294723510742,25.210294723510742,0.0
613,CaLa0.5Nb0.5O3,Ca,III,RE,20.600000381469727,19.062530517578125,18.9377498626709,-0.12478065490722656
614,BaMg0.3Ta0.6Ti0.1O3,Ba,Ib,RE,26.299999237060547,26.531963348388672,25.97994613647461,-0.5520172119140625
615,Ca0.375Mg0.25Nb0.25Ti0.125O3,Ca,III,RE,38.0,31.598094940185547,30.18526268005371,-1.412832260131836
616,Ca0.25Mg0.375Nb0.25Ti0.125O3,Ca,III,RE,31.0,26.04852867126465,25.05428695678711,-0.9942417144775391
617,Ca0.125Mg0.5Nb0.25Ti0.125O3,Ca,III,RE,23.0,20.146516799926758,19.642671585083008,-0.50384521484375
618,Ca0.375Mg0.25Nb0.25Ti0.125O3,Ca,III,RE,26.0,31.611347198486328,30.21661376953125,-1.3947334289550781
619,Ca0.25Mg0.375Nb0.25Ti0.125O3,Ca,III,RE,23.0,25.916244506835938,25.137191772460938,-0.779052734375
620,Ca0.125Mg0.5Nb0.25Ti0.125O3,Ca,III,RE,20.0,19.944351196289062,19.58445930480957,-0.3598918914794922
621,Ca0.375Ni0.25Nb0.25Ti0.125O3,Ca,III,RE,35.0,32.95182418823242,31.591625213623047,-1.360198974609375
622,Ca0.25Ni0.375Nb0.25Ti0.125O3,Ca,III,RE,30.0,27.797637939453125,27.08229637145996,-0.7153415679931641
623,Ca0.125Ni0.5Nb0.25Ti0.125O3,Ca,III,RE,26.0,21.838035583496094,21.565460205078125,-0.27257537841796875
624,Ca0.25Co0.375Nb0.25Ti0.125O3,Ca,III,RE,29.0,24.60027313232422,24.271263122558594,-0.329010009765625
625,Ca0.125Co0.5Nb0.25Ti0.125O3,Ca,III,RE,12.0,18.22011947631836,18.36830711364746,0.14818763732910156
626,Ca0.375Mg0.25Ta0.25Ti0.125O3,Ca,III,RE,30.0,28.0113525390625,27.615798950195312,-0.3955535888671875
627,Ca0.25Mg0.375Ta0.25Ti0.125O3,Ca,III,RE,26.0,23.207874298095703,23.04384994506836,-0.16402435302734375
628,Ca0.125Mg0.5Ta0.25Ti0.125O3,Ca,III,RE,20.0,17.834423065185547,17.81163787841797,-0.022785186767578125
629,Ca0.375Zn0.25Ta0.25Ti0.125O3,Ca,III,RE,17.0,15.429201126098633,16.920923233032227,1.4917221069335938
630,Ca0.25Zn0.375Ta0.25Ti0.125O3,Ca,III,RE,13.0,11.123031616210938,12.483270645141602,1.360239028930664
631,Ca0.125Zn0.5Ta0.25Ti0.125O3,Ca,III,RE,10.0,9.224735260009766,10.272883415222168,1.0481481552124023
632,Ca0.375Co0.25Nb0.25Ti0.125O3,Ca,III,RE,32.0,30.846813201904297,29.69415855407715,-1.1526546478271484
633,Ca0.375Ni0.25Ta0.25Ti0.125O3,Ca,III,RE,29.0,28.998455047607422,28.65578842163086,-0.3426666259765625
634,SrPr0.5Nb0.5O3,Sr,III,RE,37.5,33.701316833496094,30.7565975189209,-2.9447193145751953
635,SrNd0.5Nb0.5O3,Sr,III,RE,36.900001525878906,33.33494186401367,30.673511505126953,-2.6614303588867188
636,SrSm0.5Nb0.5O3,Sr,III,RE,35.79999923706055,34.3231086730957,33.75202941894531,-0.5710792541503906
637,SrEu0.5Nb0.5O3,Sr,III,RE,34.70000076293945,32.54646682739258,32.05491256713867,-0.49155426025390625
638,SrGd0.5Nb0.5O3,Sr,III,RE,34.29999923706055,32.603485107421875,32.17980194091797,-0.42368316650390625
639,SrTb0.5Nb0.5O3,Sr,III,RE,33.70000076293945,31.266223907470703,30.84389877319336,-0.42232513427734375
640,SrDy0.5Nb0.5O3,Sr,III,RE,33.0,30.333093643188477,29.92059898376465,-0.4124946594238281
641,SrHo0.5Nb0.5O3,Sr,III,RE,32.29999923706055,29.76418685913086,29.33858299255371,-0.42560386657714844
642,SrY0.5Nb0.5O3,Sr,III,RE,32.20000076293945,30.591411590576172,30.018077850341797,-0.573333740234375
643,SrEr0.5Nb0.5O3,Sr,III,RE,32.20000076293945,28.7469482421875,28.81235122680664,0.06540298461914062
644,SrYb0.5Nb0.5O3,Sr,III,RE,30.700000762939453,27.293743133544922,27.243427276611328,-0.05031585693359375
645,SrIn0.5Nb0.5O3,Sr,III,RE,26.0,24.272619247436523,26.579776763916016,2.307157516479492
646,SrFe0.5Nb0.5O3,Sr,II,RE,44.900001525878906,43.01494598388672,41.41078186035156,-1.6041641235351562
647,SrCr0.5Nb0.5O3,Sr,Ib,RE,35.29999923706055,33.81405258178711,32.69822311401367,-1.1158294677734375
648,SrAl0.5Nb0.5O3,Sr,Ib,RE,30.5,30.596141815185547,29.792404174804688,-0.8037376403808594
649,SrLa0.5Nb0.5O3,Sr,III,RE,36.599998474121094,32.98494338989258,29.627178192138672,-3.3577651977539062
650,Ca0.25Ni0.375Ta0.25Ti0.125O3,Ca,III,RE,26.0,24.887826919555664,24.831180572509766,-0.05664634704589844
651,CaZn0.333Ta0.667O3,Ca,III,RE,25.0,23.190317153930664,23.582942962646484,0.3926258087158203
652,BaNi0.5Ta0.5O3,Ba,Ib,RE,23.0,23.77826499938965,22.517866134643555,-1.2603988647460938
653,BaCo0.5Ta0.5O3,Ba,Ib,RE,25.0,25.520401000976562,24.814220428466797,-0.7061805725097656
654,BaMg0.5Ta0.5O3,Ba,Ib,RE,25.0,22.7067928314209,22.181873321533203,-0.5249195098876953
655,BaZn0.5Ta0.5O3,Ba,Ib,RE,29.0,28.33548355102539,27.21526527404785,-1.120218276977539
656,BaCa0.5Ta0.5O3,Ba,Ib,RE,30.0,32.21786117553711,40.94819259643555,8.730331420898438
657,SrNi0.5Ta0.5O3,Sr,II,RE,23.0,23.832509994506836,25.38851547241211,1.5560054779052734
658,SrCo0.5Ta0.5O3,Sr,III,RE,23.0,22.90885353088379,25.9987850189209,3.0899314880371094
659,SrMg0.5Ta0.5O3,Sr,II,RE,22.0,25.649539947509766,28.076122283935547,2.4265823364257812
660,SrZn0.5Ta0.5O3,Sr,III,RE,28.0,22.863300323486328,25.315479278564453,2.452178955078125
661,SrCa0.5Ta0.5O3,Sr,II,RE,22.0,25.121910095214844,37.666107177734375,12.544197082519531
662,CaCu0.333Ta0.667O3,Ca,III,RE,23.0,23.622751235961914,23.968597412109375,0.34584617614746094
663,Mg0.93Ca0.07TiO3,Ca,III,RE,22.149999618530273,22.525890350341797,22.378429412841797,-0.1474609375
664,SrSm0.5Ta0.5O3,Sr,III,RE,30.5,34.535247802734375,34.3172607421875,-0.217987060546875
665,SrSm0.5Ta0.5O3,Sr,III,RE,31.600000381469727,34.535247802734375,34.3172607421875,-0.217987060546875
666,SrSm0.5Ta0.5O3,Sr,III,RE,32.099998474121094,34.70988845825195,34.48021697998047,-0.22967147827148438
667,SrSm0.5Ta0.5O3,Sr,III,RE,36.0,34.88322448730469,34.641357421875,-0.2418670654296875
668,SrSm0.5Ta0.5O3,Sr,III,RE,39.0,35.22463607788086,34.95695877075195,-0.26767730712890625
669,SrSm0.5Ta0.5O3,Sr,III,RE,42.0,35.55690383911133,35.26173782348633,-0.295166015625
670,SrSm0.5Ta0.5O3,Sr,III,RE,45.0,35.718849182128906,35.409393310546875,-0.30945587158203125
671,SrSm0.5Ta0.5O3,Sr,III,RE,48.5,35.877620697021484,35.55358123779297,-0.3240394592285156
672,Ba3Co.07Nb2O9.07,Ba,Ib,RE,26.0,25.571426391601562,23.59209442138672,-1.9793319702148438
673,SrSm0.5Ta0.5O3,Sr,III,RE,49.599998474121094,36.184654235839844,35.83063888549805,-0.3540153503417969
674,Ca0.3Li0.14Sm0.42TiO3,Other,III,RE,92.12000274658203,97.01454162597656,97.01454162597656,0.0
675,Ca0.125Ni0.5Ta0.25Ti0.125O3,Ca,III,RE,23.0,19.680084228515625,19.76237678527832,0.08229255676269531
676,CaNi0.333Ta0.667O3,Ca,III,RE,22.0,23.63332748413086,23.738666534423828,0.10533905029296875
677,CaAl0.333Ta0.667O3,Ca,II,RE,22.0,25.159936904907227,25.132570266723633,-0.02736663818359375
678,Ca0.375Co0.25Ta0.25Ti0.125O3,Ca,III,RE,28.0,26.305749893188477,26.430744171142578,0.12499427795410156
679,Ca0.25Co0.375Ta0.25Ti0.125O3,Ca,III,RE,24.0,21.236080169677734,21.67399024963379,0.4379100799560547
680,Ca0.125Co0.5Ta0.25Ti0.125O3,Ca,III,RE,20.0,15.995732307434082,16.48219871520996,0.4864664077758789
681,Ca5Nb2Ti0.4Hf0.6O12,Ca,III,RE,32.0,44.131309509277344,39.669334411621094,-4.46197509765625
682,Ca5Ta2Ti0.6Hf0.4O12,Ca,III,RE,34.0,44.914520263671875,40.954261779785156,-3.9602584838867188
683,Ba8ZnNb6O24,Ba,Ib,RE,36.20000076293945,36.25265884399414,34.05069351196289,-2.20196533203125
684,Ba8ZnNb5.7Sb0.3O24,Ba,Ib,RE,33.599998474121094,33.29201126098633,31.80120849609375,-1.4908027648925781
685,Ba8ZnNb5.4Sb0.6O24,Ba,Ib,RE,33.599998474121094,30.784902572631836,29.386463165283203,-1.3984394073486328
686,Ba8ZnNb5.1Sb0.9O24,Ba,Ib,RE,31.0,28.33359146118164,27.08248519897461,-1.2511062622070312
687,Ba8ZnNb4.8Sb.2O24,Ba,Ib,RE,29.399999618530273,26.879812240600586,25.71160888671875,-1.168203353881836
688,CaCo0.333Ta0.667O3,Ca,III,RE,23.0,23.07845115661621,23.121990203857422,0.04353904724121094
689,Ba8ZnNb4.5Sb.5O24,Ba,Ib,RE,25.899999618530273,25.88663673400879,24.754077911376953,-1.132558822631836
690,Ba8ZnNb3.6Sb2.4O24,Ba,Ib,RE,17.399999618530273,19.836620330810547,19.46524429321289,-0.37137603759765625
691,CaAl0.5Nb0.5O3,Ca,II,RE,25.0,22.54939842224121,22.326614379882812,-0.22278404235839844
692,CaFe0.5Nb0.5O3,Ca,III,RE,40.0,34.87687683105469,34.30022430419922,-0.5766525268554688
693,CaAl0.333Nb0.667O3,Ca,II,RE,28.0,26.68446922302246,26.904277801513672,0.21980857849121094
694,CaCo0.333Nb0.667O3,Ca,III,RE,29.0,27.547603607177734,27.405956268310547,-0.1416473388671875
695,CaNi0.333Nb0.667O3,Ca,III,RE,26.0,28.38165855407715,28.265399932861328,-0.11625862121582031
696,CaCu0.333Nb0.667O3,Ca,III,RE,27.0,28.64430809020996,29.661571502685547,1.017263412475586
697,CaZn0.333Nb0.667O3,Ca,III,RE,35.0,28.48502540588379,29.62204360961914,1.1370182037353516
698,CaAl0.5Ta0.5O3,Ca,II,RE,20.0,20.779170989990234,20.826522827148438,0.047351837158203125
699,CaFe0.5Ta0.5O3,Ca,III,RE,32.0,28.1043643951416,28.5167236328125,0.41235923767089844
700,CaMg0.333Ta0.667O3,Ca,III,RE,21.0,21.348167419433594,21.445293426513672,0.09712600708007812
701,Ba8ZnNb4.2Sb.8O24,Ba,Ib,RE,19.899999618530273,24.883663177490234,23.799488067626953,-1.0841751098632812
702,SrCr0.5Nb0.5O3,Sr,Ib,RE,35.099998474121094,34.10926055908203,33.137481689453125,-0.9717788696289062
703,CaMg0.333Nb0.667O3,Ca,III,RE,28.0,27.263463973999023,27.44207191467285,0.17860794067382812
704,SrAl0.5Nb0.5O3,Sr,Ib,RE,30.0,30.6502742767334,29.954174041748047,-0.6961002349853516
705,CaAl0.421Nb0.421Ti0.158O3,Ca,II,RE,29.100000381469727,26.678211212158203,25.909015655517578,-0.769195556640625
706,CaAl0.375Nb0.375Ti0.25O3,Ca,II,RE,32.20000076293945,29.935373306274414,28.77402114868164,-1.1613521575927734
707,CaAl0.335Nb0.335Ti0.33O3,Ca,II,RE,35.099998474121094,33.27204132080078,31.5838623046875,-1.6881790161132812
708,CaAl0.25Nb0.25Ti0.5O3,Ca,II,RE,45.29999923706055,42.709625244140625,38.83580780029297,-3.8738174438476562
709,CaAl0.2355Nb0.2355Ti0.529O3,Ca,II,RE,44.900001525878906,44.87425994873047,40.35020065307617,-4.524059295654297
710,CaAl0.125Nb0.125Ti0.75O3,Ca,II,RE,75.4000015258789,73.7208251953125,65.59117126464844,-8.129653930664062
711,Ba0.1La0.9Mg0.45Ti0.55O3,Other,III,RE,30.899999618530273,32.167266845703125,32.167266845703125,0.0
712,Ba0.3La0.7Mg0.35Ti0.65O3,Other,II,RE,42.5,41.98567581176758,41.98567581176758,0.0
713,Ba0.5La0.5Mg0.25Ti0.75O3,Ba,Ib,RE,60.900001525878906,60.13286209106445,59.26762771606445,-0.865234375
714,Ba0.7La0.3Mg0.15Ti0.85O3,Ba,Ib,RE,105.80000305175781,102.98558044433594,99.23030853271484,-3.7552719116210938
715,LiBa4Nb3O12,Ba,Ib,RE,37.0,28.616146087646484,36.674766540527344,8.05862045288086
716,CaAl0.4505Nb0.4505Ti0.099O3,Ca,II,RE,27.0,24.895538330078125,24.285043716430664,-0.6104946136474609
717,LiBa4Nb2TaO12,Ba,Ib,RE,34.0,38.750343322753906,35.684898376464844,-3.0654449462890625
718,LiBa4Ta3O12,Ba,Ib,RE,28.0,31.080120086669922,37.00267791748047,5.922557830810547
719,BaLa0.5Ta0.5O3,Ba,III,RE,37.099998474121094,34.541961669921875,33.66436004638672,-0.8776016235351562
720,BaNd0.5Ta0.5O3,Ba,III,RE,38.70000076293945,36.318756103515625,35.11994171142578,-1.1988143920898438
721,BaSm0.5Ta0.5O3,Ba,II,RE,37.599998474121094,35.56245040893555,33.72260665893555,-1.83984375
722,BaEu0.5Ta0.5O3,Ba,II,RE,36.5,34.77190017700195,32.660438537597656,-2.111461639404297
723,BaGd0.5Ta0.5O3,Ba,II,RE,36.0,34.398109436035156,32.33228302001953,-2.065826416015625
724,BaTb0.5Ta0.5O3,Ba,II,RE,35.5,33.333675384521484,31.170019149780273,-2.163656234741211
725,BaDy0.5Ta0.5O3,Ba,II,RE,34.0,32.83525085449219,30.75528335571289,-2.079967498779297
726,BaHo0.5Ta0.5O3,Ba,II,RE,33.5,31.063140869140625,29.302738189697266,-1.7604026794433594
727,BaY0.5Ta0.5O3,Ba,II,RE,33.0,31.950204849243164,30.078388214111328,-1.871816635131836
728,BaYb0.5Ta0.5O3,Ba,Ib,RE,32.0,27.837804794311523,26.059986114501953,-1.7778186798095703
729,LiBa4NbTa2O12,Ba,Ib,RE,30.0,39.16741180419922,35.620182037353516,-3.547229766845703
730,BaNi0.0658Zr0.0125Zn0.2633Ta0.6583O3,Ba,Ib,RE,28.299999237060547,28.36728286743164,27.568859100341797,-0.7984237670898438
731,CaAl0.4735Nb0.4735Ti0.053O3,Ca,II,RE,23.799999237060547,23.674970626831055,23.144561767578125,-0.5304088592529297
732,LaMg0.667Nb0.333O3,Other,III,RE,26.799999237060547,24.11872673034668,24.11872673034668,0.0
733,SrGa0.5Ta0.5O3,Sr,Ib,RE,27.0,29.829105377197266,31.17270278930664,1.343597412109375
734,SrFe0.5Nb0.5O3,Sr,II,RE,44.900001525878906,43.235572814941406,41.736366271972656,-1.49920654296875
735,BaMn0.333Ta0.667O3,Ba,Ib,RE,27.0,26.564672470092773,26.899829864501953,0.3351573944091797
736,BaMn0.3333Ta0.6667O3,Ba,Ib,RE,27.0,26.557384490966797,26.892419815063477,0.3350353240966797
737,BaMg0.2333Ta0.4667Co0.1Nb0.2O3,Ba,Ib,RE,27.0,26.296749114990234,25.475601196289062,-0.8211479187011719
738,CaZr0.2Ti0.8O3,Ca,III,RE,141.0,138.43138122558594,137.25967407226562,-1.1717071533203125
739,CaZr0.3Ti0.7O3,Ca,III,RE,138.0,136.8696746826172,132.40579223632812,-4.4638824462890625
740,CaZr0.4Ti0.6O3,Ca,III,RE,98.0,96.99478149414062,114.36673736572266,17.37195587158203
741,CaAl0.5Nb0.5O3,Ca,II,RE,23.600000381469727,22.317941665649414,21.591943740844727,-0.7259979248046875
742,CaZr0.5Ti0.5O3,Ca,III,RE,59.0,62.165374755859375,62.22809600830078,0.06272125244140625
743,CaZr0.7Ti0.3O3,Ca,III,RE,38.0,37.2950439453125,38.273014068603516,0.9779701232910156
744,CaZr0.8Ti0.2O3,Ca,III,RE,28.0,30.916250228881836,32.10551834106445,1.1892681121826172
745,CaZr0.9Ti0.1O3,Ca,III,RE,42.0,38.111427307128906,37.58488845825195,-0.5265388488769531
746,CaZrO3,Ca,III,RE,27.0,24.931476593017578,25.278873443603516,0.3473968505859375
747,LaMg0.5Ti0.5O3,Other,III,RE,27.600000381469727,27.283008575439453,27.283008575439453,0.0
748,La0.9Ca0.1Mg0.45Ti0.55O3,Other,III,RE,29.799999237060547,29.181238174438477,29.181238174438477,0.0
749,La0.7Ca0.3Mg0.35Ti0.65O3,Other,III,RE,37.20000076293945,34.763404846191406,34.763404846191406,0.0
750,La0.3Ca0.7Mg0.15Ti0.85O3,Ca,III,RE,51.20000076293945,55.664649963378906,51.345672607421875,-4.318977355957031
751,La0.3Ca0.7Mg0.15Ti0.85O3,Ca,III,RE,58.79999923706055,55.664649963378906,51.345672607421875,-4.318977355957031
752,La0.1Ca0.9Mg0.05Ti0.95O3,Ca,III,RE,90.4000015258789,95.31490325927734,94.10604858398438,-1.2088546752929688
753,La0.1Ca0.9Mg0.05Ti0.95O3,Ca,III,RE,102.5,95.31490325927734,94.10604858398438,-1.2088546752929688
754,CaZr0.6Ti0.4O3,Ca,III,RE,50.0,46.97632598876953,46.582122802734375,-0.39420318603515625
755,BaNi0.0542Zr0.0215Zn0.2720Ta0.6523O3,Ba,Ib,RE,28.399999618530273,28.583566665649414,27.777441024780273,-0.8061256408691406
756,La0.5Ca0.5Mg0.25Ti0.75O3,Ca,III,RE,43.20000076293945,41.948280334472656,40.957881927490234,-0.9903984069824219
757,BaNi0.0242Zr0.0425Zn0.2950Ta0.6383O3,Ba,Ib,RE,30.200000762939453,29.239864349365234,28.31184959411621,-0.9280147552490234
758,SrPr0.5Ta0.5O3,Sr,III,RE,32.0,29.06683921813965,29.446619033813477,0.3797798156738281
759,SrNd0.5Ta0.5O3,Sr,III,RE,31.5,36.10797119140625,35.24243927001953,-0.8655319213867188
760,SrEu0.5Ta0.5O3,Sr,III,RE,30.0,32.489952087402344,32.54942321777344,0.05947113037109375
761,SrGd0.5Ta0.5O3,Sr,III,RE,29.5,32.59511184692383,32.784671783447266,0.1895599365234375
762,SrTb0.5Ta0.5O3,Sr,III,RE,28.799999237060547,30.674297332763672,31.055816650390625,0.3815193176269531
763,SrDy0.5Ta0.5O3,Sr,III,RE,28.200000762939453,29.38629722595215,29.877172470092773,0.490875244140625
764,SrHo0.5Ta0.5O3,Sr,III,RE,27.700000762939453,28.596847534179688,29.15775489807129,0.5609073638916016
765,SrY0.5Ta0.5O3,Sr,III,RE,27.5,25.953781127929688,27.915796279907227,1.962015151977539
766,SrEr0.5Ta0.5O3,Sr,III,RE,27.100000381469727,27.65871810913086,28.266094207763672,0.6073760986328125
767,SrYb0.5Ta0.5O3,Sr,III,RE,25.899999618530273,23.03384017944336,24.55678939819336,1.52294921875
768,SrLa0.5Ta0.5O3,Sr,III,RE,31.200000762939453,27.3675594329834,26.088638305664062,-1.278921127319336
769,SrPr0.5Nb0.5O3,Sr,III,RE,36.70000076293945,34.03352737426758,31.007837295532227,-3.0256900787353516
770,SrSm0.5Nb0.5O3,Sr,III,RE,35.5,35.694496154785156,35.13486099243164,-0.5596351623535156
771,SrEu0.5Nb0.5O3,Sr,III,RE,34.29999923706055,33.809593200683594,33.36653137207031,-0.44306182861328125
772,SrGd0.5Nb0.5O3,Sr,III,RE,33.5,33.83635711669922,33.485103607177734,-0.3512535095214844
773,SrTb0.5Nb0.5O3,Sr,III,RE,32.29999923706055,32.3426628112793,32.002418518066406,-0.3402442932128906
774,SrDy0.5Nb0.5O3,Sr,III,RE,31.200000762939453,31.300283432006836,30.969295501708984,-0.33098793029785156
775,SrHo0.5Nb0.5O3,Sr,III,RE,30.600000381469727,30.750560760498047,30.41046714782715,-0.34009361267089844
776,SrY0.5Nb0.5O3,Sr,III,RE,30.700000762939453,31.400920867919922,31.032024383544922,-0.368896484375
777,SrIn0.5Nb0.5O3,Sr,III,RE,25.0,23.98707389831543,26.503459930419922,2.516386032104492
778,BaNi0.0417Zr0.0300Zn0.2817Ta0.6467O3,Ba,Ib,RE,29.600000381469727,28.83597755432129,27.997661590576172,-0.8383159637451172
779,SrEr0.5Nb0.5O3,Sr,III,RE,31.100000381469727,29.44451904296875,29.80159568786621,0.35707664489746094
780,SrYb0.5Nb0.5O3,Sr,III,RE,29.299999237060547,28.0456600189209,28.283172607421875,0.23751258850097656
781,SrNd0.5Nb0.5O3,Sr,III,RE,36.5,33.702491760253906,30.98699951171875,-2.7154922485351562
782,SmZn0.5Ti0.5O3,Other,III,RE,31.0,29.0634708404541,29.0634708404541,0.0
783,SrLa0.5Nb0.5O3,Sr,III,RE,36.0,33.077484130859375,29.760290145874023,-3.3171939849853516
784,Sm0.95Ca0.04Sr0.01Mg0.475Ti0.525O3,Other,III,RE,26.600000381469727,26.17323875427246,26.17323875427246,0.0
785,La5Mg0.5Ti3.5O15,Other,II,RE,36.20000076293945,34.85792541503906,34.85792541503906,0.0
786,La5Zn0.5Ti3.5O15,Other,II,RE,37.709999084472656,35.805641174316406,35.805641174316406,0.0
787,La5AlTi3O15,Other,II,RE,32.97999954223633,30.59731674194336,30.59731674194336,0.0
788,BaLi0.3889Nb0.5W0.2O3,Ba,Ib,RE,31.0,46.72454833984375,39.08916091918945,-7.635387420654297
789,BaNi0.0125Zr0.0500Zn0.3042Ta0.6333O3,Ba,Ib,RE,30.100000381469727,29.53133773803711,28.531469345092773,-0.9998683929443359
790,Pb0.16La0.56Mg0.5W0.5O3,Other,III,RE,28.700000762939453,27.616825103759766,27.616825103759766,0.0
791,Ba0.95Sr0.05Zn0.475Ga0.025Ta0.6583O3,Ba,Ib,RE,29.0,31.954870223999023,31.667388916015625,-0.28748130798339844
792,BaZr0.0125Zn0.2633Ni0.0658Ta0.6583O3,Ba,Ib,RE,28.200000762939453,28.115060806274414,27.70330238342285,-0.4117584228515625
793,BaZr0.0215Zn0.2720Ni0.0542Ta0.6523O3,Ba,Ib,RE,28.700000762939453,28.483753204345703,27.994976043701172,-0.48877716064453125
794,BaZr0.0300Zn0.2817Ni0.0417Ta0.6467O3,Ba,Ib,RE,29.299999237060547,29.28363037109375,28.513736724853516,-0.7698936462402344
795,BaZr0.0500Zn0.3042Ni0.0125Ta0.6333O3,Ba,Ib,RE,30.700000762939453,29.813838958740234,28.881927490234375,-0.9319114685058594
796,LaMg0.35Zn0.15Ti0.5O3,Other,III,RE,29.0,29.402658462524414,29.402658462524414,0.0
797,La0.2Ca0.64Sm0.1067Mg0.1Ti0.9O3,Ca,III,RE,72.41000366210938,72.33280944824219,65.39143371582031,-6.941375732421875
798,BaZr0.0425Zn0.2950Ni0.0242Ta0.6383O3,Ba,Ib,RE,29.700000762939453,28.286819458007812,27.70856285095215,-0.5782566070556641
799,La0.45Ca0.44Sm0.0733Mg0.225Ti0.775O3,Ca,III,RE,47.83000183105469,47.74798583984375,46.29462814331055,-1.4533576965332031
800,La0.6Ca0.32Sm0.0533Mg0.3Ti0.7O3,Other,III,RE,40.04999923706055,39.04424285888672,39.04424285888672,0.0
801,Sm0.8Ca0.16Sr0.04Mg0.4Ti0.6O3,Other,III,RE,30.100000381469727,28.968286514282227,28.968286514282227,0.0
802,La0.8Ca0.16Sm0.0267Mg0.4Ti0.6O3,Other,III,RE,33.560001373291016,32.91717529296875,32.91717529296875,0.0
803,BaZr0.05Zn0.32Ta0.63O3,Ba,Ib,RE,30.0,29.202871322631836,28.579029083251953,-0.6238422393798828
804,Sm0.65Ca0.28Sr0.07Mg0.325Ti0.675O3,Other,III,RE,31.399999618530273,32.508243560791016,32.508243560791016,0.0
805,Sm0.5Ca0.4Sr0.1Mg0.25Ti0.75O3,Other,III,RE,38.70000076293945,38.307952880859375,38.307952880859375,0.0
806,La0.4Ca0.48Sm0.0800Mg0.2Ti0.8O3,Ca,III,RE,50.58000183105469,50.14250946044922,48.63215255737305,-1.5103569030761719
807,LaZn0.5Ti0.5O3,Other,III,RE,30.0,31.16400146484375,31.16400146484375,0.0
808,CaSr4Ta2TiO12,Sr,II,RE,45.0,44.256683349609375,42.47728729248047,-1.7793960571289062
809,Ba0.7La0.3Zn0.4333Nb0.5667O3,Ba,Ib,RE,44.70000076293945,43.6913948059082,41.312625885009766,-2.3787689208984375
810,CaLi0.2333Nb0.4667Ti0.3O3,Ca,III,RE,44.70000076293945,43.36504364013672,48.36848831176758,5.003444671630859
811,SrFe0.5Nb0.5O3,Sr,II,RE,44.900001525878906,42.91081237792969,40.88829040527344,-2.02252197265625
812,La0.7667Ti0.7Al0.3O3,Other,II,RE,44.900001525878906,43.410614013671875,43.410614013671875,0.0
813,Ca0.7Ti0.7Nd0.3Al0.3O3,Ca,II,RE,45.0,43.66191482543945,40.05579376220703,-3.606121063232422
814,Ca0.7Ti0.7Sm0.3Al0.3O3,Ca,II,RE,45.0,43.151634216308594,39.634681701660156,-3.5169525146484375
815,BaLa0.5Nb0.5O3,Ba,III,RE,45.0,42.60857009887695,40.692195892333984,-1.9163742065429688
816,Ca0.6Ti0.6La0.4Ga0.4O3,Ca,II,RE,45.0,44.007930755615234,41.99989700317383,-2.0080337524414062
817,Ca0.2Ti0.2Sr0.8Mg0.2667Nb0.5333O3,Sr,II,RE,45.0,43.773075103759766,42.47821044921875,-1.2948646545410156
818,BaSr4Nb4O15,Sr,Ib,RE,45.0,45.735260009765625,43.49342346191406,-2.2418365478515625
819,BaY0.3Bi0.2Nb0.5O3,Ba,Ib,RE,44.599998474121094,45.40821838378906,44.331993103027344,-1.0762252807617188
820,SrFe0.5Nb0.5O3,Sr,II,RE,45.0,43.364463806152344,41.401161193847656,-1.9633026123046875
821,Ca0.73Ti0.73Nd0.27Al0.27O3,Ca,II,RE,45.0,44.56322479248047,42.81183624267578,-1.7513885498046875
822,BaPr0.5Nb0.5O3,Ba,III,RE,44.5,42.101619720458984,40.905948638916016,-1.1956710815429688
823,Sr5Ta4O15,Sr,II,RE,43.5,40.16646957397461,39.66883087158203,-0.4976387023925781
824,Ba2La2TiNb2O12,Ba,II,RE,44.20000076293945,47.324729919433594,38.00969314575195,-9.31503677368164
825,Ba6Nb4TiO18,Ba,Ib,RE,43.0,43.31753158569336,40.73558044433594,-2.581951141357422
826,Sr4LaTiNb3O15,Sr,III,RE,43.0,42.503875732421875,42.348052978515625,-0.15582275390625
827,Ca0.65Ti0.65Sm0.35Ga0.35O3,Ca,III,RE,45.0,45.374080657958984,43.04486083984375,-2.3292198181152344
828,Ba2La3Ti3NbO15,Ba,II,RE,42.79999923706055,47.04753494262695,37.52924728393555,-9.518287658691406
829,Sr6Nb4TiO18,Sr,Ib,RE,43.0,46.71521759033203,43.543731689453125,-3.1714859008789062
830,BaLa4Ti4O15,Other,Ib,RE,44.400001525878906,45.88216018676758,45.88216018676758,0.0
831,CaLa3.5Nd0.5Ti4O15,Other,II,RE,43.400001525878906,40.621368408203125,40.621368408203125,0.0
832,CaLa4Ti4O15,Other,II,RE,43.599998474121094,39.8836555480957,39.8836555480957,0.0
833,Ca0.7Nd0.3Ti0.7Al0.3O3,Ca,II,RE,43.70000076293945,42.953922271728516,41.37531280517578,-1.5786094665527344
834,Ba0.65La0.35Zn0.45Nb0.55O3,Ba,Ib,RE,43.79999923706055,42.989990234375,40.62040328979492,-2.369586944580078
835,Ca2Sr3Ta2TiO12,Sr,II,RE,44.0,43.45227813720703,42.13703536987305,-1.3152427673339844
836,BaNd0.5Nb0.5O3,Ba,III,RE,44.0,41.26829147338867,40.10698699951172,-1.1613044738769531
837,Ca0.66La0.34Ti0.66Al0.34O3,Ca,II,RE,44.0,43.532745361328125,40.120384216308594,-3.4123611450195312
838,Ca0.6Nd0.4Ti0.6Ga0.4O3,Ca,III,RE,44.0,42.99068069458008,41.10118865966797,-1.8894920349121094
839,Ba3LaNb3O12,Ba,Ib,RE,43.5,38.93164825439453,29.19501304626465,-9.736635208129883
840,BaGd0.3Bi0.2Nb0.5O3,Ba,II,RE,47.900001525878906,48.19113540649414,46.500160217285156,-1.6909751892089844
841,La0.48Co0.24Ti0.76Ca0.52O3,Ca,III,RE,45.0,45.44145965576172,43.70045471191406,-1.7410049438476562
842,Ba0.6Ca0.4La4Ti4O15,Other,II,RE,47.70000076293945,43.957252502441406,43.957252502441406,0.0
843,Ba5SrNb4TiO18,Ba,Ib,RE,47.900001525878906,48.443626403808594,44.63727951049805,-3.806346893310547
844,Ca0.65Ti0.65La0.35Ga0.35O3,Ca,II,RE,48.0,45.951446533203125,43.276031494140625,-2.6754150390625
845,Ba4SrNb4O15,Ba,Ib,RE,48.0,47.430747985839844,44.03459930419922,-3.396148681640625
846,CaTi0.34Mg0.22Nb0.44O3,Ca,III,RE,48.0,47.51464080810547,44.31142044067383,-3.2032203674316406
847,CaLa8Ti9O31,Other,II,RE,48.599998474121094,49.583492279052734,49.583492279052734,0.0
848,BaDy0.3Bi0.2Nb0.5O3,Ba,II,RE,48.599998474121094,46.6209831237793,44.888397216796875,-1.7325859069824219
849,Ca0.64Ti0.64La0.36Ga0.36O3,Ca,II,RE,48.70000076293945,46.443092346191406,44.16160202026367,-2.2814903259277344
850,BaLa3Ti2NbO12,Ba,III,RE,42.400001525878906,42.23271560668945,33.18101501464844,-9.051700592041016
851,Ca0.7Ti0.7Nd0.3Ga0.3O3,Ca,III,RE,49.0,49.129371643066406,46.87196350097656,-2.2574081420898438
852,Ca0.65Ti0.65Nd0.35Ga0.35O3,Ca,III,RE,45.0,43.74712371826172,41.77826690673828,-1.9688568115234375
853,Ba0.57Sr0.38La3.8Ti4.15O13.1,Other,Ib,RE,47.400001525878906,52.6221809387207,52.6221809387207,0.0
854,CaTi0.4Mg0.2Nb0.4O3,Ca,III,RE,47.29999923706055,50.746253967285156,47.524452209472656,-3.2218017578125
855,Nd0.5Zn0.25Ti0.75Ca0.5O3,Ca,III,RE,45.0,42.974876403808594,41.3465690612793,-1.6283073425292969
856,BaMn0.5Ti0.5O3,Ba,Ib,RE,45.0,44.59516143798828,41.747135162353516,-2.8480262756347656
857,Ca0.71Ti0.71Nd0.29Al0.29O3,Ca,II,RE,45.099998474121094,44.558006286621094,40.71795654296875,-3.8400497436523438
858,CaMg0.1833Ta0.3667Ti0.45O3,Ca,III,RE,45.099998474121094,50.694637298583984,46.88615798950195,-3.8084793090820312
859,BaEr0.3Bi0.2Nb0.5O3,Ba,Ib,RE,46.099998474121094,44.96851348876953,43.76282501220703,-1.2056884765625
860,BaLa4Ti4O15,Other,Ib,RE,46.29999923706055,45.814544677734375,45.814544677734375,0.0
861,Ba0.2Sr0.8La4Ti4.2O15,Other,II,RE,46.400001525878906,44.12903594970703,44.12903594970703,0.0
862,Ba3La3Ti4NbO18,Ba,II,RE,47.400001525878906,48.67014694213867,38.94190979003906,-9.72823715209961
863,Ba.25Sr0.75La3Ti3NbO15,Ba,III,RE,46.79999923706055,46.48052215576172,35.162269592285156,-11.318252563476562
864,Ba0.5Ca0.5Sc0.5Nb0.5O3,Ba,II,RE,46.900001525878906,44.65068435668945,39.64234161376953,-5.008342742919922
865,Ca0.65Ti0.65La0.35Ga0.35O3,Ca,II,RE,47.0,45.90338134765625,43.15788269042969,-2.7454986572265625
866,Ba.25Sr0.75La3Ti3NbO15,Ba,III,RE,47.0,46.48052215576172,35.162269592285156,-11.318252563476562
867,Ba.75Sr0.25La3Ti3NbO15,Other,Ib,RE,47.0,41.717037200927734,41.717037200927734,0.0
868,SrGa0.35Nb0.35Ti0.3O3,Sr,Ib,RE,46.599998474121094,45.73108673095703,43.97179412841797,-1.7592926025390625
869,Ba0.95La0.05Zn0.35Nb0.65O3,Ba,Ib,RE,42.400001525878906,41.43162536621094,38.29088592529297,-3.1407394409179688
870,Ba4LaTiTa3O15,Ba,Ib,RE,42.29999923706055,41.65462875366211,39.249267578125,-2.4053611755371094
871,CaZr0.7Ti0.3O3,Ca,III,RE,38.0,39.08929443359375,39.065250396728516,-0.024044036865234375
872,BaSm0.5Ta0.5O3,Ba,II,RE,38.0,36.31431579589844,34.995933532714844,-1.3183822631835938
873,BaHo0.5Nb0.5O3,Ba,II,RE,38.0,36.252174377441406,34.445228576660156,-1.80694580078125
874,SrPr0.5Nb0.5O3,Sr,III,RE,38.0,33.63332748413086,31.693767547607422,-1.9395599365234375
875,CaLi0.2667Nb0.5333Ti0.2O3,Ca,III,RE,38.599998474121094,40.88714599609375,47.82999801635742,6.942852020263672
876,CaFe0.5Nb0.5O3,Ca,III,RE,38.599998474121094,37.56077575683594,34.938377380371094,-2.6223983764648438
877,BaEu0.5Ta0.5O3,Ba,II,RE,38.79999923706055,35.14960479736328,33.61543273925781,-1.5341720581054688
878,BaDy0.5Nb0.5O3,Ba,II,RE,38.900001525878906,36.239097595214844,34.37354278564453,-1.8655548095703125
879,Ba.5Sr.5LaNb3O12,Other,Ib,RE,38.900001525878906,37.81501388549805,45.36951446533203,7.554500579833984
880,Ba3.0Zn0.993Nb.986W0.014O9,Ba,Ib,RE,39.0,37.52756881713867,30.192556381225586,-7.335012435913086
881,BaTb0.5Nb0.5O3,Ba,II,RE,39.0,36.78043746948242,34.86549377441406,-1.9149436950683594
882,Ca4SrTa2TiO12,Ca,III,RE,39.0,36.95311737060547,43.150726318359375,6.197608947753906
883,Sr2La2TiNb2O12,Sr,III,RE,39.0,40.1826171875,35.14321517944336,-5.039402008056641
884,BaDy0.5Ta0.5O3,Ba,II,RE,39.099998474121094,33.85196304321289,32.078857421875,-1.7731056213378906
885,La6ZnTi4O18,Other,III,RE,37.70000076293945,34.838314056396484,34.838314056396484,0.0
886,Ba5SrNb4ZrO18,Ba,Ib,RE,37.599998474121094,36.386199951171875,33.4467887878418,-2.939411163330078
887,BaSm0.5Ta0.5O3,Ba,II,RE,37.599998474121094,36.06991958618164,34.00912857055664,-2.060791015625
888,BaCo0.3Y0.05Nb0.65O3,Ba,Ib,RE,37.0,37.590919494628906,34.73476028442383,-2.856159210205078
889,Ca0.35La0.65Ti0.35Al0.65O3,Other,Ia,RE,37.0,32.805763244628906,32.805763244628906,0.0
890,Ca0.66Ti0.66La0.17Nd0.17Ga0.34O3,Ca,III,RE,49.0,47.195701599121094,45.182945251464844,-2.01275634765625
891,BaY0.5Nb0.5O3,Ba,II,RE,37.0,36.3608283996582,34.5665397644043,-1.7942886352539062
892,Ca4.18Co0.82Nb2TiO12,Ca,III,RE,37.0,35.6422004699707,30.783191680908203,-4.8590087890625
893,Ca4.85Zn0.15Ta2TiO12,Ca,III,RE,37.0,38.62392044067383,40.346412658691406,1.7224922180175781
894,Ca4.82Mg0.18Ta2TiO12,Ca,III,RE,37.0,39.948970794677734,39.51171112060547,-0.4372596740722656
895,Sr2La4Ti5O18,Other,II,RE,39.20000076293945,40.52213668823242,40.52213668823242,0.0
896,Ca0.6Nd0.4Ti0.6Al0.4O3,Ca,II,RE,37.20000076293945,36.937259674072266,34.703880310058594,-2.233379364013672
897,BaIn0.5Ta0.5O3,Ba,Ib,RE,37.20000076293945,37.24583053588867,35.114173889160156,-2.1316566467285156
898,BaY0.5Ta0.5O3,Ba,II,RE,37.29999923706055,34.867088317871094,33.02742385864258,-1.8396644592285156
899,Ca0.6Sr0.5Al0.3Nb0.3Ti0.5O3.3,Sr,Ib,RE,37.29999923706055,36.28986740112305,33.743614196777344,-2.546253204345703
900,BaLa0.5Nb0.5O3,Ba,III,RE,37.400001525878906,38.8644905090332,37.98992156982422,-0.8745689392089844
901,Ba4LiNb3O12,Ba,Ib,RE,37.0,30.000049591064453,38.53986740112305,8.539817810058594
902,Sr0.92Li0.23Nb0.69Ti0.08O3,Sr,III,RE,42.29999923706055,37.35048294067383,41.315940856933594,3.9654579162597656
903,Ba3LaTa3O12,Ba,Ib,RE,39.400001525878906,41.72834014892578,31.71877098083496,-10.00956916809082
904,BaZn0.25Ti0.25Ta0.5O3,Ba,Ib,RE,39.599998474121094,37.22467803955078,33.465660095214844,-3.7590179443359375
905,BaZn0.3333Nb0.6667O3,Ba,Ib,RE,41.099998474121094,39.40530776977539,36.704166412353516,-2.701141357421875
906,CaTi0.5Al0.25Ta0.25O3,Ca,II,RE,41.400001525878906,42.173606872558594,38.821598052978516,-3.352008819580078
907,BaNd0.5Nb0.5O3,Ba,III,RE,41.900001525878906,41.53418731689453,40.4606819152832,-1.0735054016113281
908,Ca0.67Nd0.33Ti0.67Al0.33O3,Ca,II,RE,42.0,41.276180267333984,38.23587417602539,-3.0403060913085938
909,Ca4.38Ni0.62Nb2TiO12,Ca,III,RE,42.0,35.854156494140625,34.3858757019043,-1.4682807922363281
910,BaZn0.3167Nb0.6333Zr0.05O3,Ba,Ib,RE,42.0,39.557098388671875,36.82716751098633,-2.729930877685547
911,Ca3Sr2Ta2TiO12,Ca,II,RE,42.0,36.4609489440918,43.693336486816406,7.232387542724609
912,Ba0.8Sr0.2Zn0.3133Ta0.6267Ti0.06O3,Ba,Ib,RE,42.0,39.27185821533203,36.386985778808594,-2.8848724365234375
913,Ca0.1Nd0.9Mg0.45Ti0.55O3,Other,III,RE,42.0,27.130565643310547,27.130565643310547,0.0
914,CaZr0.9Ti0.1O3,Ca,III,RE,42.0,38.25559997558594,37.741294860839844,-0.5143051147460938
915,La0.4Sr0.6Al0.4Ti0.6O3,Sr,Ib,RE,42.099998474121094,43.01044845581055,41.735252380371094,-1.2751960754394531
916,CaLa2Nd2Ti4O15,Other,III,RE,42.29999923706055,41.08063888549805,41.08063888549805,0.0
917,CaLa0.5Nd0.5Ti4O15,Ca,III,RE,42.29999923706055,43.36148452758789,47.87105178833008,4.5095672607421875
918,CaLa4Ti4O15,Other,II,RE,41.099998474121094,39.8836555480957,39.8836555480957,0.0
919,Sr5Ta4O15,Sr,II,RE,41.0,40.03266143798828,39.50043869018555,-0.5322227478027344
920,Ca0.65Sm0.35Ti0.65Al0.35O3,Ca,II,RE,41.0,39.46561050415039,36.78594970703125,-2.6796607971191406
921,Ba0.75Sr0.25Zn0.3133Ta0.6267Ti0.06O3,Ba,Ib,RE,40.0,40.817359924316406,37.844940185546875,-2.9724197387695312
922,BaHo0.5Ta0.5O3,Ba,II,RE,39.599998474121094,34.27412033081055,32.48842239379883,-1.7856979370117188
923,BaSm0.5Nb0.5O3,Ba,II,RE,39.70000076293945,39.896034240722656,38.25829315185547,-1.6377410888671875
924,BaYb0.5Ta0.5O3,Ba,Ib,RE,39.70000076293945,33.65383529663086,31.463336944580078,-2.1904983520507812
925,Ca0.65Ti0.65Sm0.315Nd0.035Al0.35O3,Ca,II,RE,39.70000076293945,38.603206634521484,36.012657165527344,-2.5905494689941406
926,BaGd0.5Nb0.5O3,Ba,II,RE,40.0,37.76647186279297,35.979942321777344,-1.786529541015625
927,Ba2SrLaNb3O12,Ba,II,RE,39.5,37.92591094970703,29.432336807250977,-8.493574142456055
928,BaEu0.5Nb0.5O3,Ba,II,RE,40.0,38.1378059387207,36.28004837036133,-1.857757568359375
929,Sr5Nb4O15,Sr,II,RE,40.0,49.23837661743164,47.008018493652344,-2.230358123779297
930,CaFe0.5Nb0.5O3,Ca,III,RE,40.0,38.990821838378906,35.701847076416016,-3.2889747619628906
931,BaZn0.2667Co0.0667Nb0.6667O3,Ba,Ib,RE,40.0,37.95698165893555,35.30057907104492,-2.656402587890625
932,BaZn0.3333Nb0.6667O3,Ba,Ib,RE,40.0,39.40530776977539,36.704166412353516,-2.701141357421875
933,Ba0.3Sr0.7Zn0.3333Nb0.6667O3,Sr,Ib,RE,40.0,40.51484298706055,40.283424377441406,-0.23141860961914062
934,Ba8Ta4Ti3O24,Ba,Ib,RE,40.0,39.166683197021484,37.002323150634766,-2.1643600463867188
935,Ca4ZnNb2TiO12,Ca,III,RE,40.0,38.232582092285156,33.861328125,-4.371253967285156
936,Ba3LiTa3Ti5O21,Ba,Ib,RE,49.400001525878906,43.55018615722656,39.2303581237793,-4.319828033447266
937,Ca0.3355Nd0.7255Li0.225TiO3,Other,III,RE,101.0,77.18196105957031,77.18196105957031,0.0
938,Pb0.6Ca0.4ZrO3,Other,III,RE,94.0,105.82515716552734,106.68348693847656,0.8583297729492188
939,Pb0.48Ca0.52Fe0.475Nb0.475Sn0.05O3,Ca,II,RE,94.30000305175781,96.51011657714844,108.368896484375,11.858779907226562
940,Ca0.4Sm0.4TiO3,Ca,III,RE,94.5,95.90039825439453,95.58528900146484,-0.3151092529296875
941,Ca0.268Sm0.268Ti0.67Li0.165Sm0.165Ti0.33O3,Other,III,RE,95.5,99.77687072753906,99.77687072753906,0.0
942,Ca0.56Sm0.56Ti0.7Li0.15Nd0.15Ti0.3O3,Other,III,RE,98.0,91.76671600341797,91.76671600341797,0.0
943,Ca0.28Sm0.28Ti0.7Li0.15Nd0.15Ti0.3O3,Other,III,RE,99.0,102.6702651977539,102.6702651977539,0.0
944,Ca0.4Nd0.4TiO3,Ca,III,RE,99.0,97.52934265136719,96.90621185302734,-0.6231307983398438
945,Pb0.5Ca0.5Fe0.45Nb0.45Sn0.1O3,Ca,II,RE,99.5999984741211,98.26573181152344,111.5767593383789,13.311027526855469
946,Ca0.6Sm0.2667TiO3,Ca,III,RE,101.0,105.39471435546875,102.9701156616211,-2.4245986938476562
947,Pb0.5Ca0.5Fe0.475Nb0.475Sn0.05O3,Ca,II,RE,102.0,101.35950469970703,116.0556640625,14.696159362792969
948,Ca0.9La0.1Mg0.05Ti0.95O3,Ca,III,RE,102.5,97.77217102050781,97.68648529052734,-0.08568572998046875
949,Ca0.61Nd0.26TiO3,Ca,III,RE,103.0,108.2530746459961,105.46943664550781,-2.7836380004882812
950,Ca0.3La0.1333Li0.25Nd0.25TiO3,Other,III,RE,105.0,109.38348388671875,109.38348388671875,0.0
951,Ca0.61Nd0.26TiO3,Ca,III,RE,108.0,107.0342025756836,104.9383544921875,-2.0958480834960938
952,Pb0.48Ca0.52Fe0.45Nb0.45Sn0.1O3,Ca,II,RE,93.5999984741211,93.36186218261719,102.37852478027344,9.01666259765625
953,Pb0.45Ca0.55Fe0.5Nb0.5O3,Ca,II,RE,92.5999984741211,92.0094985961914,106.43525695800781,14.425758361816406
954,Pb0.5Ca0.5Fe0.5Ta0.5O3,Ca,II,RE,83.9000015258789,81.24421691894531,82.07850646972656,0.83428955078125
955,Pb0.45Ca0.55Fe0.45Nb0.45Sn0.1O3,Ca,II,RE,85.0,86.01600646972656,88.29368591308594,2.277679443359375
956,Pb0.45Ca0.55Fe0.45Nb0.45Zr0.1O3,Ca,II,RE,85.0,85.01966857910156,85.32484436035156,0.30517578125
957,BaTi0.5Ga0.25Nb0.25O3,Ba,Ib,RE,86.0,82.77652740478516,78.54744720458984,-4.2290802001953125
958,Pb0.45Ca0.55Fe0.475Nb0.475Sn0.05O3,Ca,II,RE,86.30000305175781,89.88525390625,95.63494873046875,5.74969482421875
959,Ca0.6La0.2667TiO3,Ca,II,RE,109.0,110.51651763916016,110.4254379272461,-0.0910797119140625
960,Pb0.5Ca0.5Fe0.495Nb0.495Zr0.01O3,Ca,II,RE,86.30000305175781,93.23869323730469,105.25553131103516,12.016838073730469
961,Ca0.9Sm0.1Mg0.05Ti0.95O3,Ca,III,RE,87.0,88.90494537353516,86.09017944335938,-2.8147659301757812
962,Pb0.45Ca0.55Fe0.475Nb0.475Zr0.05O3,Ca,II,RE,87.0,85.35738372802734,89.68864440917969,4.331260681152344
963,Pb0.46Ca0.54Fe0.45Nb0.45Sn0.1O3,Ca,II,RE,87.80000305175781,88.72758483886719,93.27659606933594,4.54901123046875
964,Pb0.46Ca0.54Fe0.475Nb0.475Sn0.05O3,Ca,II,RE,88.19999694824219,92.03773498535156,99.83976745605469,7.802032470703125
965,Ca0.9La0.1Mg0.05Ti0.95O3,Ca,III,RE,90.4000015258789,90.50450134277344,87.65531921386719,-2.84918212890625
966,Pb0.46Ca0.46La0.08Fe0.5Nb0.5O3,Ca,II,RE,90.80000305175781,94.78190612792969,102.2853775024414,7.503471374511719
967,Pb0.45Ca0.55Fe0.45Nb0.45Sn0.1O3,Ca,II,RE,86.69999694824219,86.35791015625,88.95411682128906,2.5962066650390625
968,Pb0.45Ca0.55Fe0.25Nb0.48Ta0.02O3,Ca,II,RE,82.0,80.7508544921875,86.28721618652344,5.5363616943359375
969,Pb0.63Ca0.37ZrO3,Other,III,RE,110.0,112.8531723022461,113.6614761352539,0.8083038330078125
970,Ca0.16Sm0.16Li0.3Nd0.3TiO3,Other,III,RE,110.0,108.8921127319336,108.8921127319336,0.0
971,Ca0.2Li0.34Nd0.38La0.04TiO3,Other,III,RE,132.60000610351562,131.38815307617188,131.38815307617188,0.0
972,Sr4Ce2Ti7O22,Sr,Ib,RE,133.0,134.6749267578125,105.41725158691406,-29.257675170898438
973,Sr0.8Ca0.2TiO3,Sr,Ib,RE,133.89999389648438,134.5503692626953,131.00694274902344,-3.543426513671875
974,Sr0.571Ce0.286TiO3,Sr,Ib,RE,136.0,137.5727996826172,133.62576293945312,-3.9470367431640625
975,Ca0.4Li0.24Nd0.28La0.04TiO3,Ca,III,RE,136.39999389648438,126.77117919921875,124.71334075927734,-2.0578384399414062
976,CaZr0.3Ti0.7O3,Ca,III,RE,138.0,137.65072631835938,137.11720275878906,-0.5335235595703125
977,Pb0.6Ca0.4Fe0.475Nb0.475Sn0.05O3,Other,II,RE,139.39999389648438,140.32296752929688,139.40072631835938,-0.9222412109375
978,Pb0.6Zr0.6Ca0.4Fe0.2Nb0.2O3,Other,III,RE,140.6999969482422,140.27789306640625,140.72030639648438,0.442413330078125
979,Ca0.85Nd0.1TiO3,Ca,III,RE,141.0,119.31103515625,116.1236801147461,-3.1873550415039062
980,CaZr0.2Ti0.8O3,Ca,III,RE,141.0,139.1760711669922,138.09262084960938,-1.0834503173828125
981,Ca0.73Nd0.18TiO3,Ca,III,RE,141.0,113.82666015625,110.76707458496094,-3.0595855712890625
982,Ca0.6Li0.14Nd0.21La0.04TiO3,Ca,III,RE,142.0,133.6429901123047,130.648681640625,-2.9943084716796875
983,SrNd0.5Nb0.5O3,Sr,III,RE,37.0,33.180503845214844,31.47393798828125,-1.7065658569335938
984,Sr5Ce2Ti8O25,Sr,Ib,RE,142.0,137.75804138183594,108.59654235839844,-29.1614990234375
985,Pb0.7Ca0.3ZrO3,Other,III,RE,132.0,121.89323425292969,122.16465759277344,0.27142333984375
986,Ca0.6Li0.15Nd0.1833La0.0333TiO3,Ca,III,RE,128.1999969482422,131.56082153320312,129.51095581054688,-2.04986572265625
987,Pb0.56Ca0.44Fe0.5333W0.0667Nb0.4O3,Ca,II,RE,127.19999694824219,124.71788024902344,126.1362533569336,1.4183731079101562
988,Pb0.6Ca0.4Fe0.495Nb0.495Zr0.01O3,Other,II,RE,126.69999694824219,128.71865844726562,127.33512878417969,-1.3835296630859375
989,Ca0.2Li0.25Nd0.25La0.1Nd0.1TiO3,Other,III,RE,110.4000015258789,113.598388671875,113.598388671875,0.0
990,Pb0.95Ca0.05ZrO3,Other,III,RE,112.0,120.40293884277344,120.7176284790039,0.31468963623046875
991,Pb0.05Fe0.0333W0.0167Pb0.475Ca0.475Fe0.475Nb0.475O3,Ca,II,RE,112.19999694824219,116.8531494140625,126.73747253417969,9.884323120117188
992,Ca0.4Li0.3Nd0.3TiO3,Other,III,RE,112.5999984741211,115.5345458984375,115.28216552734375,-0.25238037109375
993,Ca0.3Li0.35Sm0.35TiO3,Other,III,RE,114.0,115.3017349243164,115.48741149902344,0.18567657470703125
994,Pb0.475Ca0.475La0.05Fe0.45Nb0.45Ti0.1O3,Ca,II,RE,116.5999984741211,116.97607421875,127.8387451171875,10.8626708984375
995,Na0.15La0.15Li0.35Sm0.35TiO3,Other,III,RE,117.0,117.86781311035156,117.86781311035156,0.0
996,Ca0.2Li0.1Nd0.1Ti0.4O3,Ca,III,RE,110.0,109.3460922241211,107.81867980957031,-1.5274124145507812
997,Ca0.6Li0.05Nd0.05La0.1Nd0.1TiO3,Ca,III,RE,117.0,119.44384765625,115.08259582519531,-4.3612518310546875
998,Pb0.65Ca0.35ZrO3,Other,III,RE,118.0,116.37457275390625,117.00532531738281,0.6307525634765625
999,Ca0.8Nd0.1333TiO3,Ca,III,RE,119.0,120.37220764160156,116.6383056640625,-3.7339019775390625
1000,Ca0.8Sm0.1333TiO3,Ca,III,RE,119.30000305175781,120.22270202636719,116.23289489746094,-3.98980712890625
1001,Ca0.4Li0.25Nd0.2833La0.0333TiO3,Ca,III,RE,121.30000305175781,126.84303283691406,124.8708724975586,-1.9721603393554688
1002,Ca0.45Li0.125Nd0.225Dy0.1TiO3,Ca,III,RE,121.30000305175781,121.09492492675781,117.5151138305664,-3.5798110961914062
1003,La0.5Na0.5TiO3,Other,II,RE,122.0,125.4935302734375,125.4935302734375,0.0
1004,Ca0.5Li0.2Nd0.2333La0.0333TiO3,Ca,III,RE,123.0,129.3979949951172,127.31446838378906,-2.083526611328125
1005,Ca0.4Li0.15Nd0.15La0.1Nd0.1TiO3,Ca,III,RE,117.0,123.93172454833984,120.92041015625,-3.0113143920898438
1006,BaMg0.167Ta0.33Ti0.5O3,Ba,Ib,RE,76.5999984741211,76.88682556152344,73.06600952148438,-3.8208160400390625
1007,Pb0.4Ca0.6Mg0.3Nb0.6Sn0.1O3,Ca,III,RE,52.20000076293945,58.751808166503906,56.294273376464844,-2.4575347900390625
1008,La0.2Na0.2Ti0.4Ca0.6Mg0.2Nb0.4O3,Ca,III,RE,52.29999923706055,52.41526412963867,49.59001541137695,-2.8252487182617188
1009,Ca0.8La0.1333Ti0.5Mg0.1667Nb0.3333O3,Ca,III,RE,52.400001525878906,52.07926559448242,47.475364685058594,-4.603900909423828
1010,CaLa4Ti5O17,Other,II,RE,53.70000076293945,54.31439971923828,54.31439971923828,0.0
1011,CaTi0.4Mg0.2Nb0.4O3,Ca,III,RE,54.0,50.746253967285156,47.524452209472656,-3.2218017578125
1012,La0.5333Ti0.8Al0.2O3,Other,II,RE,54.0,51.09038543701172,51.09038543701172,0.0
1013,BaZn0.25Ti0.25Nb0.5O3,Ba,Ib,RE,54.79999923706055,53.2269287109375,46.87235641479492,-6.354572296142578
1014,Sm0.5Li0.5TiO3,Other,III,RE,55.0,54.84137725830078,54.84137725830078,0.0
1015,CaLi0.1667Nb0.3333Ti0.5O3,Ca,III,RE,55.0,46.263702392578125,49.805686950683594,3.5419845581054688
1016,Pb0.2Zr0.2Ca0.8Fe0.4Nb0.4O3,Ca,III,RE,55.099998474121094,55.725135803222656,54.19702911376953,-1.528106689453125
1017,Ba4La2Ti3Nb2O18,Ba,Ib,RE,55.099998474121094,52.059722900390625,38.52070999145508,-13.539012908935547
1018,CaLi0.1667Nb0.3333Ti0.5O3,Ca,III,RE,55.20000076293945,46.263702392578125,49.805686950683594,3.5419845581054688
1019,CaLa4Ti5O17,Other,II,RE,57.0,54.425636291503906,54.425636291503906,0.0
1020,Ba5LaTi2Nb3O15,Ba,Ib,RE,57.29999923706055,54.8626823425293,45.938961029052734,-8.923721313476562
1021,Ca4.6Zn0.4Nb4TiO17,Ca,III,RE,52.0,51.12701416015625,40.33661651611328,-10.790397644042969
1022,Ca0.7Ti0.7La0.3Ga0.3O3,Ca,II,RE,52.0,50.36840057373047,47.16864776611328,-3.1997528076171875
1023,CaTi0.6Al0.2Ta0.2O3,Ca,II,RE,52.0,50.946319580078125,45.4488410949707,-5.497478485107422
1024,Ba3La2Ti2Nb2O15,Ba,Ib,RE,49.79999923706055,47.22980499267578,37.201255798339844,-10.028549194335938
1025,Pb0.7Ca0.3La0.5Mg0.5Nb0.5O3,Other,III,RE,50.0,53.87165069580078,53.122154235839844,-0.7494964599609375
1026,La0.8333Mg0.25Ti0.75O3,Other,III,RE,50.0,47.934879302978516,47.934879302978516,0.0
1027,Ca0.5La0.5Zn0.25Ti0.75O3,Ca,III,RE,50.0,48.93791961669922,47.41007614135742,-1.5278434753417969
1028,Ba2Sr3Nb4O15,Sr,Ib,RE,50.0,48.1121826171875,45.27974319458008,-2.832439422607422
1029,CaZr0.6Ti0.4O3,Ca,III,RE,50.0,51.13454818725586,48.944461822509766,-2.1900863647460938
1030,Pb0.4Ca0.6Mg0.1667Nb0.3333Sn0.5O3,Ca,III,RE,57.400001525878906,55.79988479614258,55.25770950317383,-0.54217529296875
1031,La0.5333Ni0.2TiO3,Other,II,RE,50.70000076293945,49.58168029785156,49.58168029785156,0.0
1032,Ca0.75Ti0.75Sm0.25Al0.25O3,Ca,II,RE,51.0,48.180320739746094,43.21527862548828,-4.9650421142578125
1033,Ba3Sr2Nb4O15,Ba,Ib,RE,51.0,50.24944305419922,46.638771057128906,-3.6106719970703125
1034,Ca0.7La0.3Mg0.15Ti0.85O3,Ca,III,RE,51.20000076293945,54.880287170410156,51.778411865234375,-3.1018753051757812
1035,La0.66Ni0.01TiO3,Other,II,RE,51.400001525878906,48.74809646606445,48.74809646606445,0.0
1036,La0.3Al0.3Sr0.7Ti0.7O3,Sr,Ib,RE,52.0,51.05223846435547,48.92958450317383,-2.1226539611816406
1037,Li0.5Sm0.5TiO3,Other,III,RE,52.0,52.86906051635742,52.86906051635742,0.0
1038,BaSm0.3Bi0.2Nb0.5O3,Ba,II,RE,50.79999923706055,49.916656494140625,48.211753845214844,-1.7049026489257812
1039,Pb0.4Ca0.6Fe0.475Nb0.475Sn0.05O3,Ca,II,RE,78.0,77.74900817871094,75.17088317871094,-2.578125
1040,La0.5667Ti0.85Al0.15O3,Other,II,RE,57.70000076293945,56.813812255859375,56.813812255859375,0.0
1041,La0.6167Ni0.075TiO3,Other,II,RE,58.0,59.55084228515625,59.55084228515625,0.0
1042,BaTi0.4Ga0.3Nb0.3O3,Ba,Ib,RE,66.0,68.23613739013672,61.437164306640625,-6.798973083496094
1043,La0.6133Ti0.92Al0.08O3,Other,II,RE,66.9000015258789,64.83308410644531,64.83308410644531,0.0
1044,Ca0.8Ti0.8Sm0.2Mg0.1Ti0.1O3,Ca,III,RE,68.0,67.11421966552734,61.906211853027344,-5.2080078125
1045,CaTi0.6Mg0.1333Nb0.2667O3,Ca,III,RE,68.0,64.22976684570312,61.00267791748047,-3.2270889282226562
1046,Pb0.4Ca0.6Fe0.495Nb0.495Zr0.01O3,Ca,II,RE,68.69999694824219,72.31614685058594,68.42532348632812,-3.8908233642578125
1047,La0.6467Ni0.03TiO3,Other,II,RE,69.4000015258789,66.07411193847656,66.07411193847656,0.0
1048,Pb0.4Ca0.6Fe0.45Nb0.45Sn0.1O3,Ca,II,RE,70.30000305175781,72.28695678710938,67.53148651123047,-4.755470275878906
1049,La0.64Ti0.96Al0.04O3,Other,II,RE,71.9000015258789,70.59549713134766,70.59549713134766,0.0
1050,Pb0.5Ca0.5Zr0.95Ti0.05O3,Ca,III,RE,72.0,70.69669342041016,70.537353515625,-0.15933990478515625
1051,La0.64Ti0.96Al0.04O3,Other,II,RE,72.0,66.81880950927734,66.81880950927734,0.0
1052,Pb0.5Ca0.5ZrO3,Ca,III,RE,74.0,73.82511138916016,75.73172760009766,1.9066162109375
1053,CaTi0.7Al0.15Ta0.15O3,Ca,II,RE,65.4000015258789,63.443138122558594,55.05543899536133,-8.387699127197266
1054,Pb0.1Fe0.0667W0.0333Pb0.18Ca0.72Fe0.45Nb0.45O3,Ca,III,RE,65.30000305175781,64.07939910888672,65.08382415771484,1.004425048828125
1055,Pb0.4Ca0.6Mg0.255Nb0.255Sn0.01O3,Ca,III,RE,65.0,63.314849853515625,66.42890930175781,3.1140594482421875
1056,La0.3Mg0.15Ti0.85Ca0.7O3,Ca,III,RE,58.79999923706055,54.880287170410156,51.778411865234375,-3.1018753051757812
1057,CaZr0.5Ti0.5O3,Ca,III,RE,59.0,57.828155517578125,55.7415771484375,-2.086578369140625
1058,La0.6333Ni0.05TiO3,Other,II,RE,59.599998474121094,63.019378662109375,63.019378662109375,0.0
1059,BaTi0.85Mn0.15O3,Ba,Ib,RE,60.0,62.25140380859375,61.47755813598633,-0.7738456726074219
1060,CaTi0.4Mg0.2Ta0.4O3,Ca,III,RE,60.20000076293945,49.46073913574219,46.07897186279297,-3.3817672729492188
1061,BaPr0.3Bi0.02Nb0.5O3,Ba,II,RE,60.70000076293945,52.830055236816406,51.4400634765625,-1.3899917602539062
1062,Ca2Ba3Ta2TiO12,Ba,Ib,RE,61.0,63.41557693481445,51.050315856933594,-12.36526107788086
1063,Ca0.68Nd0.08Ti0.8Sm0.2Al0.2O3,Ca,III,RE,58.0,54.115455627441406,50.451927185058594,-3.6635284423828125
1064,CaTi0.6Mg0.1333Nb0.2667O3,Ca,III,RE,62.900001525878906,64.22976684570312,61.00267791748047,-3.2270889282226562
1065,Pb0.4Ca0.6Mg0.3233Nb0.6467Sn0.03O3,Ca,III,RE,63.0,60.45880126953125,57.876808166503906,-2.5819931030273438
1066,La0.6Ti0.9Al0.1O3,Other,II,RE,63.0,59.6520881652832,59.6520881652832,0.0
1067,La0.6533Ni0.02TiO3,Other,II,RE,63.29999923706055,61.201438903808594,61.201438903808594,0.0
1068,BaMg0.2W0.2Ti0.6O3,Ba,Ib,RE,63.900001525878906,64.50017547607422,53.87828826904297,-10.62188720703125
1069,Pb0.4Ca0.6Mg0.3367Nb0.6733Sn0.01O3,Ca,III,RE,64.69999694824219,61.5887336730957,58.971046447753906,-2.617687225341797
1070,La0.6Ti0.9Al0.1O3,Other,II,RE,62.599998474121094,62.3578987121582,62.3578987121582,0.0
1071,SrLa0.5Nb0.5O3,Sr,III,RE,37.0,33.22995376586914,30.645273208618164,-2.5846805572509766
1072,CaLi0.2667Nb0.5333Sn0.2O3,Ca,III,RE,23.299999237060547,23.31899642944336,34.73658752441406,11.417591094970703
1073,BaLa0.5Ta0.5O3,Ba,III,RE,37.0,33.25452423095703,32.7564697265625,-0.49805450439453125
1074,BaTi0.1Co0.45W0.45O3,Ba,Ib,RE,24.0,21.936763763427734,20.266857147216797,-1.6699066162109375
1075,Ba0.98Zn0.5W0.5O2.98,Ba,Ia,RE,24.0,21.656335830688477,21.7309627532959,0.07462692260742188
1076,BaMg0.333Ta0.667O3,Ba,Ib,RE,24.0,24.529794692993164,24.363534927368164,-0.166259765625
1077,CaIn0.5Ta0.5O3,Ca,III,RE,24.0,24.200149536132812,24.58296775817871,0.38281822204589844
1078,CaPr0.5Ta0.5O3,Ca,III,RE,24.0,22.737531661987305,22.20200538635254,-0.5355262756347656
1079,BaMg0.283Ta0.567Sn0.15O3,Ba,Ib,RE,24.0,24.721195220947266,24.516590118408203,-0.2046051025390625
1080,BaTi0.5Ni0.25W0.25O3,Ba,Ib,RE,24.200000762939453,23.715984344482422,23.353389739990234,-0.3625946044921875
1081,BaHfO3,Ba,Ia,RE,24.200000762939453,24.784759521484375,24.330219268798828,-0.4545402526855469
1082,CaNd0.5Ta0.5O3,Ca,III,RE,24.399999618530273,22.710430145263672,22.16291046142578,-0.5475196838378906
1083,BaMg0.33Ta0.63Ti0.017W0.017O3,Ba,Ib,RE,24.5,24.4956111907959,24.00368881225586,-0.49192237854003906
1084,Ba0.9925Mg0.33Ta0.67O3,Ba,Ib,RE,24.700000762939453,24.19876480102539,24.080623626708984,-0.11814117431640625
1085,BaMg0.33Ta0.53Ti0.067W0.067O3,Ba,Ib,RE,23.600000381469727,23.841915130615234,21.943363189697266,-1.8985519409179688
1086,SrHfO3,Sr,III,RE,23.5,22.961563110351562,23.003803253173828,0.042240142822265625
1087,Sr3Zn0.5Mg0.5Nb2O9,Sr,II,RE,22.299999237060547,30.8074951171875,30.209741592407227,-0.5977535247802734
1088,La0.952Na0.048Mg0.5W0.5O3,Other,III,RE,22.600000381469727,25.910503387451172,25.910503387451172,0.0
1089,La0.907Na0.0938Mg0.5W0.5O3,Other,III,RE,22.600000381469727,25.43524742126465,25.43524742126465,0.0
1090,CaLi0.2333Nb0.4667Sn0.3O3,Ca,III,RE,22.600000381469727,19.708932876586914,34.718528747558594,15.00959587097168
1091,Ba0.99Zn0.5W0.5O2.99,Ba,Ia,RE,23.0,22.13272476196289,22.192367553710938,0.059642791748046875
1092,CaLa0.5Ta0.5O3,Ca,III,RE,23.0,21.561203002929688,21.174240112304688,-0.386962890625
1093,NdMg0.5Ti0.5O3,Other,III,RE,23.0,24.240842819213867,24.240842819213867,0.0
1094,Ca0.07Mg0.93TiO3,Ca,III,RE,23.0,21.47295379638672,21.588911056518555,0.11595726013183594
1095,LaAlO3,Other,Ia,RE,23.399999618530273,22.428546905517578,22.428546905517578,0.0
1096,BaZn0.1667Co0.1667Ta0.2222Nb0.2222Sb0.2222O3,Ba,Ib,RE,24.899999618530273,24.140661239624023,23.224428176879883,-0.9162330627441406
1097,BaCo0.3333Ta0.6667O3,Ba,Ib,RE,25.0,26.157541275024414,24.687145233154297,-1.4703960418701172
1098,CaEr0.5Ta0.5O3,Ca,III,RE,26.399999618530273,25.905323028564453,24.960668563842773,-0.9446544647216797
1099,BaTi0.3Zn0.35W0.35O3,Ba,Ib,RE,26.399999618530273,26.326187133789062,22.880998611450195,-3.445188522338867
1100,BaTi0.55Ni0.225W0.225O3,Ba,Ib,RE,26.5,26.502050399780273,25.616491317749023,-0.88555908203125
1101,CaEu0.5Ta0.5O3,Ca,III,RE,26.799999237060547,24.256511688232422,23.519556045532227,-0.7369556427001953
1102,CaY0.5Ta0.5O3,Ca,III,RE,27.0,26.116840362548828,25.099956512451172,-1.0168838500976562
1103,Ca0.6Ba0.4Y0.5Ta0.5O3,Ca,III,RE,27.0,27.472824096679688,27.182727813720703,-0.2900962829589844
1104,Ba5Nb2Ta2O15,Ba,Ib,RE,27.0,28.725738525390625,27.775440216064453,-0.9502983093261719
1105,BaMg0.1333Zn0.2Ta0.6667O3,Ba,Ib,RE,27.0,26.82309913635254,26.561941146850586,-0.2611579895019531
1106,CaZrO3,Ca,III,RE,27.0,25.413318634033203,25.696096420288086,0.2827777862548828
1107,BaMg0.3Ta0.6Ti0.1O3,Ba,Ib,RE,26.299999237060547,26.124521255493164,25.643169403076172,-0.4813518524169922
1108,CaYb0.5Ta0.5O3,Ca,III,RE,25.799999237060547,26.197128295898438,25.22735023498535,-0.9697780609130859
1109,Sr2AlNbO6,Sr,Ib,RE,25.0,22.42959213256836,22.514490127563477,0.08489799499511719
1110,SmMg0.5Ti0.5O3,Other,III,RE,25.0,25.335826873779297,25.335826873779297,0.0
1111,NdAlO3,Other,II,RE,22.299999237060547,20.020212173461914,20.020212173461914,0.0
1112,Ba4LiTa2SbO12,Ba,Ib,RE,25.100000381469727,38.447288513183594,34.53530502319336,-3.9119834899902344
1113,CaLi0.3Nb0.6Sn0.1O3,Ca,III,RE,25.200000762939453,23.187366485595703,36.96628952026367,13.778923034667969
1114,BaTi0.5Zn0.25W0.25O3,Ba,Ib,RE,25.399999618530273,25.728893280029297,24.23543930053711,-1.4934539794921875
1115,Ba5Nb3TaO15,Ba,Ib,RE,25.700000762939453,31.756969451904297,29.811269760131836,-1.945699691772461
1116,CaSm0.5Ta0.5O3,Ca,III,RE,25.799999237060547,23.797283172607422,23.155582427978516,-0.6417007446289062
1117,BaMg0.3183Ta0.67O3,Ba,Ib,RE,25.100000381469727,24.44894790649414,24.277130126953125,-0.17181777954101562
1118,BaYb0.5Ta0.5O3,Ba,Ib,RE,22.100000381469727,26.5060977935791,24.927898406982422,-1.5781993865966797
1119,La0.823Na0.176Mg0.5W0.5O3,Other,III,RE,22.100000381469727,24.251211166381836,24.251211166381836,0.0
1120,Ca5Nb2HfO12,Ca,III,RE,22.0,36.213584899902344,32.51197052001953,-3.7016143798828125
1121,BaMg0.5W0.5O3,Ba,Ia,RE,17.0,17.717639923095703,17.062339782714844,-0.6553001403808594
1122,BaMg0.34W0.35Ti0.31O3,Ba,Ib,RE,17.100000381469727,14.8810453414917,15.227099418640137,0.3460540771484375
1123,BaNi0.5W0.5O3,Ba,Ia,RE,17.100000381469727,18.104896545410156,17.48503875732422,-0.6198577880859375
1124,BaMg0.33Ta0.13Ti0.267W0.267O3,Ba,Ib,RE,17.399999618530273,16.259334564208984,16.401182174682617,0.1418476104736328
1125,DyAlO3,Other,III,RE,17.600000381469727,16.95067024230957,16.95067024230957,0.0
1126,BaNi0.5W0.5O3,Ba,Ia,RE,18.100000381469727,18.104896545410156,17.48503875732422,-0.6198577880859375
1127,SrNi0.5W0.5O3,Sr,II,RE,18.299999237060547,20.629940032958984,21.441638946533203,0.8116989135742188
1128,GdAlO3,Other,III,RE,18.399999618530273,17.8577938079834,17.8577938079834,0.0
1129,Sr2AlNbO6,Sr,Ib,RE,19.0,22.387195587158203,22.51008415222168,0.12288856506347656
1130,Ba.2Sr0.8SmSbO6,Other,Ia,RE,19.0,19.15923500061035,33.43281936645508,14.273584365844727
1131,BaZn0.5W0.5O3,Ba,Ia,RE,19.0,22.636125564575195,22.679487228393555,0.043361663818359375
1132,NdMg0.47Ba0.03Sn0.5O3,Other,III,RE,19.100000381469727,18.82722282409668,18.82722282409668,0.0
1133,BaMg0.33W0.35Ti0.32O3,Ba,Ib,RE,16.299999237060547,15.269970893859863,15.607507705688477,0.3375368118286133
1134,ErAlO3,Other,III,RE,16.299999237060547,16.599702835083008,16.599702835083008,0.0
1135,Pb0.6Ca0.4Fe0.45Nb0.45Sn0.1O3,Other,II,RE,142.60000610351562,140.06922912597656,139.10098266601562,-0.9682464599609375
1136,BaMg0.335W0.335Ti0.33O3,Ba,Ib,RE,13.100000381469727,14.697526931762695,15.202534675598145,0.5050077438354492
1137,BaTi0.39Co0.305W0.305O3,Ba,Ib,RE,14.0,17.65384864807129,18.129446029663086,0.4755973815917969
1138,BaMg0.35W0.33Ti0.32O3,Ba,Ib,RE,14.399999618530273,14.8384428024292,15.1513032913208,0.31286048889160156
1139,NdMg0.45Co0.05Sn0.5O3,Other,III,RE,19.200000762939453,18.4174747467041,18.4174747467041,0.0
1140,BaMg0.34W0.32Ti0.34O3,Ba,Ib,RE,14.399999618530273,15.459428787231445,15.724111557006836,0.2646827697753906
1141,BaMg0.34W0.33Ti0.33O3,Ba,Ib,RE,15.100000381469727,15.22602367401123,15.532577514648438,0.30655384063720703
1142,BaMg0.35W0.34Ti0.31O3,Ba,Ib,RE,15.399999618530273,14.67175006866455,15.003573417663574,0.33182334899902344
1143,BaMg0.33W0.33Ti0.33O3,Ba,Ib,RE,15.399999618530273,15.238916397094727,15.538729667663574,0.29981327056884766
1144,BaMg0.33W0.34Ti0.33O3,Ba,Ib,RE,15.600000381469727,15.444183349609375,15.762125015258789,0.31794166564941406
1145,YAlO3,Other,III,RE,15.699999809265137,15.777338027954102,15.777338027954102,0.0
1146,Sr2SmSbO6,Sr,II,RE,16.0,15.01183032989502,32.09745407104492,17.08562469482422
1147,BaMg0.34W0.32Ti0.34O3,Ba,Ib,RE,14.5,15.459428787231445,15.724111557006836,0.2646827697753906
1148,Ba0.5Sr0.5Zn0.1667Co0.1667Ta0.2222Nb0.2222Sb0.2222O3,Ba,Ib,RE,27.0,26.6018009185791,26.420940399169922,-0.1808605194091797
1149,CaLa0.5Ta0.5O3,Ca,III,RE,19.5,21.507125854492188,21.13802146911621,-0.36910438537597656
1150,Ba2SmSbO6,Ba,Ia,RE,20.700000762939453,16.750263214111328,25.04354476928711,8.293281555175781
1151,Sr0.985La0.01Mg0.5W0.5O3,Sr,II,RE,20.700000762939453,19.086706161499023,20.373937606811523,1.2872314453125
1152,Ba2Mg0.9Ca0.1WO6,Ba,Ia,RE,20.799999237060547,21.70638656616211,21.54485321044922,-0.16153335571289062
1153,Sr0.036Mg0.964TiO3,Sr,II,RE,20.799999237060547,24.999713897705078,24.647016525268555,-0.35269737243652344
1154,La0.786Na0.214Mg0.5W0.5O3,Other,III,RE,20.799999237060547,23.219858169555664,23.219858169555664,0.0
1155,CaSm0.5Nb0.5O3,Ca,III,RE,20.899999618530273,22.454675674438477,22.256010055541992,-0.19866561889648438
1156,Ca5Ta2ZrO12,Ca,III,RE,21.0,39.352115631103516,36.49815368652344,-2.853961944580078
1157,Ba0.95Zn0.5W0.5O2.95,Ba,Ia,RE,21.0,20.369384765625,20.48246192932129,0.11307716369628906
1158,NdMg0.5Sn0.4Ti0.1O3,Other,III,RE,21.100000381469727,19.554061889648438,19.554061889648438,0.0
1159,BaTi0.4Zn0.3W0.3O3,Ba,Ib,RE,21.200000762939453,21.109439849853516,20.863174438476562,-0.24626541137695312
1160,CaYb0.5Ta0.5O3,Ca,III,RE,21.200000762939453,22.693918228149414,23.017898559570312,0.32398033142089844
1161,SrCo0.5W0.5O3,Sr,II,RE,21.200000762939453,20.125804901123047,20.951473236083984,0.8256683349609375
1162,CaHfO3,Ca,III,RE,21.399999618530273,20.907878875732422,20.6531925201416,-0.2546863555908203
1163,BaTi0.45Ni0.275W0.275O3,Ba,Ib,RE,21.600000381469727,21.451927185058594,21.404664993286133,-0.04726219177246094
1164,Sr3ZnNb2O9,Sr,II,RE,20.700000762939453,35.916805267333984,35.386512756347656,-0.5302925109863281
1165,CaLa0.5Nb0.5O3,Ca,III,RE,20.600000381469727,20.180217742919922,20.066116333007812,-0.11410140991210938
1166,NdMg0.43Ca0.07Sn0.5O3,Other,III,RE,19.5,15.615010261535645,15.615010261535645,0.0
1167,CaSm0.5Ta0.5O3,Ca,III,RE,19.600000381469727,20.10286521911621,20.28933334350586,0.18646812438964844
1168,BaMg0.33Ta0.33Ti0.167W0.167O3,Ba,Ib,RE,19.700000762939453,18.883413314819336,18.68240737915039,-0.2010059356689453
1169,CaNd0.5Ta0.5O3,Ca,III,RE,20.0,22.647319793701172,22.126964569091797,-0.520355224609375
1170,CaNd0.5Nb0.5O3,Ca,III,RE,20.0,21.344831466674805,21.174697875976562,-0.1701335906982422
1171,BaCo0.5W0.5O3,Ba,Ia,RE,19.299999237060547,19.41533088684082,18.771282196044922,-0.6440486907958984
1172,Sr3Zn0.75Mg0.25Nb2O9,Sr,II,RE,20.0,31.626834869384766,31.220138549804688,-0.4066963195800781
1173,BaMg0.46W0.46Ti0.08O3,Ba,Ib,RE,20.0,19.443706512451172,18.109106063842773,-1.3346004486083984
1174,BaMg0.333Ta0.567W0.05Ti0.05O3,Ba,Ib,RE,20.0,22.467273712158203,22.024755477905273,-0.4425182342529297
1175,BaTi0.4Ni0.3W0.3O3,Ba,Ib,RE,20.0,19.980743408203125,20.102291107177734,0.12154769897460938
1176,BaMg0.49Y0.006667W0.496667O3,Ba,Ia,RE,20.0,17.637502670288086,16.970993041992188,-0.6665096282958984
1177,Ba0.97La0.02Mg0.5W0.5O3,Ba,Ia,RE,20.0,17.641963958740234,17.070781707763672,-0.5711822509765625
1178,BaLa0.5Ta0.5O3,Ba,III,RE,27.100000381469727,26.75954246520996,26.45774269104004,-0.3017997741699219
1179,SrLa0.5Ta0.5O3,Sr,III,RE,27.100000381469727,25.589784622192383,23.885967254638672,-1.703817367553711
1180,SrNd0.5Ta0.5O3,Sr,III,RE,27.100000381469727,25.515949249267578,24.24386215209961,-1.2720870971679688
1181,Sr5Nb2Ta2O15,Sr,II,RE,33.20000076293945,39.31840896606445,37.90660858154297,-1.4118003845214844
1182,BaHo0.5Ta0.5O3,Ba,II,RE,33.5,32.69908142089844,30.60947036743164,-2.089611053466797
1183,Ba8ZnNb5.4Sb0.6O24,Ba,Ib,RE,33.599998474121094,32.625732421875,31.21795082092285,-1.4077816009521484
1184,Ba0.99Co0.2333Zn0.1Nb0.6667O3,Ba,Ib,RE,33.70000076293945,33.45728302001953,31.315441131591797,-2.1418418884277344
1185,Ba2Sr3Ta4O15,Sr,Ib,RE,33.70000076293945,33.211395263671875,33.089385986328125,-0.12200927734375
1186,Sr0.35Ba0.65Y0.5Nb0.5O3,Ba,III,RE,33.79999923706055,33.182899475097656,31.74288558959961,-1.4400138854980469
1187,Ba0.99La0.0067Co0.2333Zn0.1Nb0.6667O3,Ba,Ib,RE,34.0,33.972877502441406,31.54863929748535,-2.4242382049560547
1188,Ba4LiNb2TaO12,Ba,Ib,RE,34.0,40.469390869140625,37.54173278808594,-2.9276580810546875
1189,Ba10Ta7.52Ti0.48O30,Ba,Ib,RE,34.0,32.43022918701172,31.760692596435547,-0.6695365905761719
1190,Ca5Ta2Ti0.6Hf0.4O12,Ca,III,RE,34.0,37.65496826171875,36.74652862548828,-0.9084396362304688
1191,Ca0.5Sm0.5Mg0.25Ti0.75O3,Ca,III,RE,34.0,35.83448791503906,34.896453857421875,-0.9380340576171875
1192,SrGd0.5Nb0.5O3,Sr,III,RE,34.0,32.19164276123047,31.336517333984375,-0.8551254272460938
1193,Ba3Sr2Ta4O15,Ba,Ib,RE,33.20000076293945,33.06439971923828,32.06371307373047,-1.0006866455078125
1194,Sr0.5La0.5Ti0.5Al0.5O3,Sr,Ib,RE,33.0,34.063819885253906,34.256229400634766,0.19240951538085938
1195,Li0.774Zr0.057NbO3,Other,III,RE,33.0,31.603662490844727,31.440143585205078,-0.16351890563964844
1196,BaYb0.5Ta0.5O3,Ba,Ib,RE,32.0,33.65383529663086,31.463336944580078,-2.1904983520507812
1197,CaEr0.5Nb0.5O3,Ca,III,RE,32.0,25.78590965270996,25.227497100830078,-0.5584125518798828
1198,SrNd0.5Ta0.5O3,Sr,III,RE,32.0,28.519847869873047,27.566471099853516,-0.9533767700195312
1199,SrHo0.5Nb0.5O3,Sr,III,RE,32.0,30.67218017578125,30.128070831298828,-0.5441093444824219
1200,SrY0.5Nb0.5O3,Sr,III,RE,32.0,31.420679092407227,30.604028701782227,-0.816650390625
1201,BaCo0.33Nb0.665Y0.005O3,Ba,Ib,RE,34.0,33.13634490966797,30.17571449279785,-2.960630416870117
1202,SrEr0.5Nb0.5O3,Sr,III,RE,32.0,30.284488677978516,29.823877334594727,-0.46061134338378906
1203,BaSn0.226Zn0.258Nb0.516O3,Ba,Ib,RE,32.0,33.093048095703125,31.23935890197754,-1.853689193725586
1204,Ba5Nb3TaO15,Ba,Ib,RE,32.20000076293945,31.93284034729004,29.957366943359375,-1.975473403930664
1205,Ba6Nb4ZrO18,Ba,Ib,RE,32.400001525878906,31.4893798828125,29.604183197021484,-1.8851966857910156
1206,Sr0.05Ba0.95Y0.5Ta0.5O3,Ba,II,RE,32.5,32.408634185791016,30.353363037109375,-2.0552711486816406
1207,BaTi0.1Zn0.45W0.45O3,Ba,Ib,RE,33.0,29.835927963256836,28.256576538085938,-1.5793514251708984
1208,Ba0.95Sr0.05Y0.5Ta0.5O3,Ba,II,RE,33.0,32.408634185791016,30.353363037109375,-2.0552711486816406
1209,Ca5Nb2Ti0.4Hf0.6O12,Ca,III,RE,32.0,36.88712692260742,35.50559616088867,-1.38153076171875
1210,Ba0.95Ca0.05Yb0.475Y0.025Nb0.5O3,Ba,II,RE,34.0,31.635025024414062,29.768646240234375,-1.8663787841796875
1211,BaYb0.5Nb0.5O3,Ba,Ib,RE,36.0,35.50807189941406,33.83209991455078,-1.6759719848632812
1212,BaTb0.5Ta0.5O3,Ba,II,RE,36.0,33.069252014160156,30.847570419311523,-2.221681594848633
1213,Pb0.2Ca.1333Nb0.6667O3,Ca,III,RE,36.0,35.7447509765625,48.85915756225586,13.11440658569336
1214,BaZn0.3333Nb0.6667O3,Ba,Ib,RE,36.0,36.932064056396484,34.57923126220703,-2.352832794189453
1215,SrSm0.5Nb0.5O3,Sr,III,RE,36.0,32.95161819458008,31.79568099975586,-1.1559371948242188
1216,Ca4NiNb2TiO12,Ca,III,RE,36.0,34.944610595703125,30.245492935180664,-4.699117660522461
1217,Ca4.88Co0.12Ta2TiO12,Ca,III,RE,36.0,40.94693374633789,40.727298736572266,-0.219635009765625
1218,Ba8Ta4.32Ti2.6O24,Ba,Ib,RE,36.0,37.60230255126953,35.734230041503906,-1.868072509765625
1219,Sr3LaNb3O12,Sr,III,RE,36.0,36.59031295776367,34.4488639831543,-2.141448974609375
1220,Sr5NbTa3O15,Sr,II,RE,36.20000076293945,38.31498718261719,37.36768341064453,-0.9473037719726562
1221,La6MgTi4O18,Other,III,RE,36.29999923706055,33.40243148803711,33.40243148803711,0.0
1222,Sr0.05Ba0.95Y0.5Nb0.5O3,Ba,II,RE,36.29999923706055,33.95891571044922,31.904033660888672,-2.054882049560547
1223,BaNd0.5Ta0.5O3,Ba,III,RE,36.0,36.94790267944336,36.385169982910156,-0.5627326965332031
1224,La0.5Sr0.5Al0.5Ti0.5O3,Sr,Ib,RE,35.900001525878906,35.1107177734375,35.39663314819336,0.2859153747558594
1225,BaSc0.5Nb0.5O3,Ba,Ib,RE,35.70000076293945,36.35042953491211,34.3426513671875,-2.0077781677246094
1226,BaZn0.0833Mg0.25Nb0.6667O3,Ba,Ib,RE,34.0,33.274681091308594,31.222309112548828,-2.0523719787597656
1227,Ba2SrYNb3O12,Ba,Ib,RE,34.099998474121094,37.40895462036133,28.474411010742188,-8.93454360961914
1228,La0.8333Ti0.5Al0.5O3,Other,Ia,RE,34.400001525878906,32.60427474975586,32.60427474975586,0.0
1229,BaCo0.2333Zn0.1Nb0.6667O3,Ba,Ib,RE,34.5,33.78224182128906,31.604717254638672,-2.1775245666503906
1230,BaSr2YNb3O12,Sr,II,RE,34.70000076293945,36.0751838684082,28.802621841430664,-7.272562026977539
1231,SrTb0.5Nb0.5O3,Sr,III,RE,34.0,31.598962783813477,30.883468627929688,-0.7154941558837891
1232,Ba10Ta7.04Ti.2O30,Ba,Ib,RE,35.0,33.440948486328125,32.55413818359375,-0.886810302734375
1233,SrCr0.5Nb0.5O3,Sr,Ib,RE,35.0,34.1435546875,32.86415481567383,-1.2793998718261719
1234,BaNi0.1167Zn0.2167Nb0.6667O3,Ba,Ib,RE,35.0,33.8947868347168,31.74236488342285,-2.1524219512939453
1235,Ca4.75Ni0.25Ta2TiO12,Ca,III,RE,35.0,44.0717887878418,39.08278274536133,-4.989006042480469
1236,Ba2Sr3Ta4O15,Sr,Ib,RE,35.20000076293945,33.217960357666016,33.098724365234375,-0.11923599243164062
1237,cCa0.05Ba0.95Y0.5Nb0.5O3,Ba,II,RE,35.20000076293945,33.78369903564453,31.719066619873047,-2.0646324157714844
1238,BaZn0.2Co0.1333Nb0.6667O3,Ba,Ib,RE,35.5,36.574432373046875,33.758811950683594,-2.8156204223632812
1239,BaEu0.5Ta0.5O3,Ba,II,RE,37.0,35.14960479736328,33.61543273925781,-1.5341720581054688
1240,BaNi0.3Nb0.6Zr0.1O3,Ba,Ib,RE,31.799999237060547,31.306848526000977,27.510940551757812,-3.795907974243164
1241,BaSr4Ta4O15,Sr,Ib,RE,31.700000762939453,33.72996139526367,33.76569366455078,0.035732269287109375
1242,La5AlTi3O15,Other,II,RE,28.100000381469727,29.640270233154297,29.640270233154297,0.0
1243,BaZn0.5W0.5O3,Ba,Ia,RE,28.100000381469727,22.659576416015625,22.66659164428711,0.007015228271484375
1244,CaHo0.5Ta0.5O3,Ca,III,RE,28.200000762939453,25.71101951599121,24.811176300048828,-0.8998432159423828
1245,LaMg0.5Ti0.5O3,Other,III,RE,29.0,28.116226196289062,28.116226196289062,0.0
1246,Ba0.95Sr0.05Zn0.475Ga0.025Ta0.6583O3,Ba,Ib,RE,29.0,32.84619140625,32.22673797607422,-0.6194534301757812
1247,BaZr0.0215Zn0.272Ni0.0542Ta0.6523O3,Ba,Ib,RE,29.0,28.754085540771484,28.185306549072266,-0.5687789916992188
1248,SrTb0.5Ta0.5O3,Sr,III,RE,29.0,27.098154067993164,27.608524322509766,0.5103702545166016
1249,BaHfO3,Ba,Ia,RE,29.100000381469727,24.784759521484375,24.330219268798828,-0.4545402526855469
1250,CaLi0.3333Nb0.6667O3,Ca,III,RE,29.600000381469727,27.77450180053711,43.1295051574707,15.355003356933594
1251,SrNd0.5Nb0.5O3,Sr,III,RE,29.700000762939453,33.31465530395508,31.572906494140625,-1.7417488098144531
1252,BaTi0.6Ni0.2W0.2O3,Ba,Ib,RE,29.799999237060547,31.280920028686523,28.357044219970703,-2.9238758087158203
1253,Ba5Ta4O15,Ba,Ib,RE,28.0,29.699060440063477,29.376895904541016,-0.32216453552246094
1254,PrMg0.5Ti0.5O3,Other,III,RE,28.0,24.85597801208496,24.85597801208496,0.0
1255,SrY0.5Ta0.5O3,Sr,III,RE,28.0,27.363122940063477,27.449108123779297,0.08598518371582031
1256,SrHo0.5Ta0.5O3,Sr,III,RE,28.0,26.11923599243164,27.038555145263672,0.9193191528320312
1257,CaGd0.5Ta0.5O3,Ca,III,RE,27.200000762939453,24.209712982177734,23.505435943603516,-0.7042770385742188
1258,SrLa0.5Nb0.5O3,Sr,III,RE,27.5,30.7420654296875,27.505935668945312,-3.2361297607421875
1259,SrZn0.5W0.5O3,Sr,II,RE,27.5,22.025100708007812,24.364009857177734,2.338909149169922
1260,LaMg0.5Ti0.5O3,Other,III,RE,27.600000381469727,28.134899139404297,28.134899139404297,0.0
1261,SrSm0.5Ta0.5O3,Sr,III,RE,27.700000762939453,28.38370132446289,28.066547393798828,-0.3171539306640625
1262,BaMg0.1333Zn0.2Ta0.6667O3,Ba,Ib,RE,27.700000762939453,26.83035659790039,26.57314109802246,-0.2572154998779297
1263,NdMg0.5Ti0.5O3,Other,III,RE,28.0,25.119606018066406,25.119606018066406,0.0
1264,CaLi0.3167Nb0.6333Zr0.05O3,Ca,III,RE,29.899999618530273,30.313562393188477,49.041160583496094,18.727598190307617
1265,Ba4LiTa3O12,Ba,Ib,RE,28.0,33.036643981933594,39.34634017944336,6.309696197509766
1266,BaTb0.5Ta0.5O3,Ba,II,RE,28.0,33.852394104003906,32.15502166748047,-1.6973724365234375
1267,SrZn0.3333Ta0.6667O3,Sr,II,RE,28.0,30.534183502197266,32.212581634521484,1.6783981323242188
1268,BaZn0.3333Ta0.6667O3,Ba,Ib,RE,28.0,28.71368408203125,28.40593910217285,-0.30774497985839844
1269,Ca0.6Ba0.4Yb0.5Ta0.5O3,Ca,III,RE,28.0,25.975051879882812,25.664287567138672,-0.3107643127441406
1270,BaZr0.0215Ni0.0542Zn0.272Ta0.6523O3,Ba,Ib,RE,28.0,28.74392318725586,28.174785614013672,-0.5691375732421875
1271,CaHo0.5Ta0.5O3,Ca,III,RE,28.0,25.71101951599121,24.811176300048828,-0.8998432159423828
1272,SrDy0.5Ta0.5O3,Sr,III,RE,28.0,26.48025894165039,27.2209415435791,0.7406826019287109
1273,CaZr0.8Ti0.2O3,Ca,III,RE,28.0,30.214160919189453,29.612117767333984,-0.6020431518554688
1274,SrSm0.5Nb0.5O3,Sr,III,RE,31.799999237060547,30.801666259765625,29.979602813720703,-0.8220634460449219
1275,CaDy0.5Ta0.5O3,Ca,III,RE,30.0,25.2991943359375,24.44388771057129,-0.8553066253662109
1276,LaCo0.5Ti0.5O3,Other,III,RE,30.0,28.78619384765625,28.78619384765625,0.0
1277,SrAl0.5Nb0.5O3,Sr,Ib,RE,31.0,30.400691986083984,29.72842025756836,-0.672271728515625
1278,SrYb0.5Nb0.5O3,Sr,III,RE,31.0,28.947269439697266,28.472177505493164,-0.47509193420410156
1279,Ca0.4Sm0.6Mg0.3Ti0.7O3,Other,III,RE,31.0,31.026819229125977,31.026819229125977,0.0
1280,Ca4MgTa2TiO12,Ca,III,RE,31.0,30.148096084594727,27.678241729736328,-2.4698543548583984
1281,Ca4NiTa2TiO12,Ca,III,RE,31.0,30.679697036743164,27.26107406616211,-3.4186229705810547
1282,BaNi0.3333Nb0.6667O3,Ba,Ib,RE,31.0,30.277191162109375,27.628759384155273,-2.6484317779541016
1283,BaMg0.3333Nb0.6667O3,Ba,Ib,RE,31.0,31.06521987915039,29.444782257080078,-1.6204376220703125
1284,Ba4SrTa4O15,Ba,Ib,RE,31.100000381469727,31.26491355895996,30.649892807006836,-0.615020751953125
1285,CaLi0.2333Nb0.4667Zr0.3O3,Ca,III,RE,31.100000381469727,32.22480010986328,45.289180755615234,13.064380645751953
1286,BaMg0.25W0.25Ti0.5O3,Ba,Ib,RE,31.200000762939453,31.12270164489746,25.47661781311035,-5.646083831787109
1287,BaZn0.5W0.5O3,Ba,Ia,RE,31.399999618530273,22.678279876708984,22.65028953552246,-0.027990341186523438
1288,BaZn0.3Ta0.6Ti0.4O3.6,Ba,Ib,RE,31.5,32.84036636352539,22.612361907958984,-10.228004455566406
1289,SrSm0.5Ta0.5O3,Sr,III,RE,31.0,28.36313247680664,28.056365966796875,-0.3067665100097656
1290,SrLa0.5Ta0.5O3,Sr,III,RE,31.0,28.563140869140625,26.861270904541016,-1.7018699645996094
1291,Ba0.9875Sr0.0125Zn0.475Ga0.025Ta0.6583O3,Ba,Ib,RE,31.0,31.88895034790039,31.496896743774414,-0.39205360412597656
1292,Ba0.9875Sr0.0125Zn0.3167Ga0.025Ta0.6583O3,Ba,Ib,RE,31.0,29.68158531188965,28.773265838623047,-0.9083194732666016
1293,CaLi0.2857Nb0.5715W0.1428O3,Ca,III,RE,30.0,39.62027359008789,48.19407272338867,8.573799133300781
1294,Ba5Ta4O15,Ba,Ib,RE,30.0,29.699060440063477,29.376895904541016,-0.32216453552246094
1295,BaZr0.03Ni0.0417Zn0.2817Ta0.6467O3,Ba,Ib,RE,30.0,29.016027450561523,28.3724365234375,-0.6435909271240234
1296,BaZr0.05Zn0.32Ta0.63O3,Ba,Ib,RE,30.0,29.22653579711914,28.6367130279541,-0.5898227691650391
1297,SrLi0.3078Nb0.4613W0.231O3,Sr,III,RE,30.0,32.013980865478516,35.73060989379883,3.7166290283203125
1298,BaYb0.5Nb0.5O3,Ba,Ib,RE,30.0,30.96455955505371,28.9945125579834,-1.9700469970703125
1299,CaLi0.3Nb0.6Zr0.1O3,Ca,III,RE,30.100000381469727,29.741260528564453,46.96337127685547,17.222110748291016
1300,Ba8ZnTa6O24,Ba,Ib,RE,30.5,29.714920043945312,29.17059326171875,-0.5443267822265625
1301,SrLi0.3889Nb0.5W0.2O3,Sr,III,RE,31.0,29.90389633178711,37.24602127075195,7.342124938964844
1302,Sr0.15Ba0.85Yb0.5Ta0.5O3,Ba,II,RE,31.0,29.888904571533203,27.973876953125,-1.9150276184082031
1303,Sr0.625Ce0.25TiO3,Sr,Ib,RE,143.0,139.3310546875,135.93067932128906,-3.4003753662109375
