idx,formula,regime,a_site,is_train,is_holdout,er_measured,er_predicted,ensemble_std,er_cm,delta_lst,delta_tilt,delta_res,sigma_conf,has_cm,cm_approx,gii,gii_norm,tolerance_factor,chi_A,chi_B,d0_per_field,d0_B_fraction,alpha_total,a_off_centering_frac,phase_transition,ordering_proxy,soft_mode_tolerance_weighted,RE_x_chi_A,f_lst
0,Ca0.8Sr0.2SnO3,III,Ca,True,False,8.5,18.425823,0.07615571,17.70044,0.7076992,-0.0016469167,0.01933068,0.38080642,True,False,0.8825181,0.75693655,0.933786945490369,0.99,1.96,0.0,0.0,12.236,0.0,0.0,-0.0,0.0,0.0,0.03998201174660065
1,CaTi0.53Al0.235Nb0.235O3,II,Ca,True,False,49.8,48.21366,0.6974134,21.911745,26.240072,-0.0013025772,0.06314034,0.23383418,True,False,0.47406596,0.4066068,0.9703009004275096,1.0,1.57055,0.06877205861041473,0.765,11.642949999999999,0.0,0.0,1.1301391931832372,0.6510719041868589,0.0,1.1975345642257156
2,CaTi0.5Al0.25Nb0.25O3,II,Ca,True,False,48.0,45.933407,0.74171466,21.548077,24.329098,-0.0014872527,0.057718832,0.23343822,True,False,0.47277692,0.4055012,0.970556082880972,1.0,1.5725000000000002,0.06734803941145333,0.75,11.612499999999999,0.0,0.0,1.1552453009332422,0.6308614538726318,0.0,1.1290612150680546
3,CaTi0.4Al0.3Nb0.3O3,II,Ca,True,False,41.3,39.77038,0.9176016,20.409891,19.318607,-0.0022620244,0.044142574,0.23211697,True,False,0.468464,0.40180197,0.971407661294129,1.0,1.5790000000000002,0.06262427053380876,0.7,11.511,0.0,0.0,1.2098888614946932,0.563416443550595,0.0,0.9465316105803799
4,CaTi0.3Al0.35Nb0.35O3,II,Ca,True,False,36.8,35.044006,1.017365,19.373863,15.638315,-0.0031774875,0.035007752,0.23079333,True,False,0.46412635,0.39808157,0.9722607353913638,1.0,1.5855000000000001,0.05793552626634086,0.6499999999999999,11.4095,0.0,0.0,1.2178525871631725,0.4958529750495956,0.0,0.8071862075209265
5,CaTi0.7Al0.15Nb0.15O3,II,Ca,True,False,65.4,66.03942,1.6426044,24.197956,41.730423,-0.00070154725,0.111751124,0.23607357,True,False,0.48132858,0.41283596,0.9688573974002452,1.0,1.5594999999999999,0.07690223260090356,0.85,11.8155,0.0,0.0,0.8794609344616088,0.7653973439461936,0.0,1.7245433044014131
6,CaTi0.6Al0.2Nb0.2O3,II,Ca,True,False,54.3,54.737343,0.8532227,22.80431,31.852901,-0.0009636908,0.08109357,0.23475716,True,False,0.47706512,0.40917918,0.969705996221792,1.0,1.566,0.07210722681783648,0.8,11.714,0.0,0.0,1.0206609495468077,0.6981883172796902,0.0,1.3967930185127284
7,CaTi0.53Al0.235Nb0.235O3,II,Ca,True,False,48.5,48.266804,0.7742334,21.911745,26.291748,-0.0012946965,0.06460889,0.23383418,True,False,0.47406596,0.4066068,0.9703009004275096,1.0,1.57055,0.06877205861041473,0.765,11.642949999999999,0.0,0.0,1.092467886743796,0.6510719041868589,0.0,1.1998929341319005
8,CaTi0.5Al0.25Nb0.25O3,II,Ca,True,False,48.1,45.953957,0.80157304,21.548077,24.348322,-0.0014790886,0.059037514,0.23343822,True,False,0.47277692,0.4055012,0.970556082880972,1.0,1.5725000000000002,0.06734803941145333,0.75,11.612499999999999,0.0,0.0,1.1167371242354676,0.6308614538726318,0.0,1.129953359643183
9,CaTi0.4Al0.3Nb0.3O3,II,Ca,True,False,41.2,39.71387,0.94259816,20.409891,19.26116,-0.002253347,0.04507337,0.23211697,True,False,0.468464,0.40180197,0.971407661294129,1.0,1.5790000000000002,0.06262427053380876,0.7,11.511,0.0,0.0,1.1695592327782034,0.563416443550595,0.0,0.9437169458670799
10,CaTi0.3Al0.35Nb0.35O3,II,Ca,True,False,36.4,34.944263,1.0303893,19.373863,15.537893,-0.0031697967,0.03567633,0.23079333,True,False,0.46412635,0.39808157,0.9722607353913638,1.0,1.5855000000000001,0.05793552626634086,0.6499999999999999,11.4095,0.0,0.0,1.1772575009244002,0.4958529750495956,0.0,0.8020028323726662
11,CaTi0.7Al0.15Nb0.15O3,II,Ca,True,False,69.0,66.80379,1.9803274,24.197956,42.488243,-0.00068961194,0.11827568,0.23607357,True,False,0.48132858,0.41283596,0.9688573974002452,1.0,1.5594999999999999,0.07690223260090356,0.85,11.8155,0.0,0.0,0.7884822171035112,0.7653973439461936,0.0,1.7558608256003108
12,CaTi0.6Al0.2Nb0.2O3,II,Ca,True,False,56.6,55.123066,1.1740912,22.80431,32.233242,-0.0009469697,0.086456396,0.23475716,True,False,0.47706512,0.40917918,0.969705996221792,1.0,1.566,0.07210722681783648,0.8,11.714,0.0,0.0,0.9150753340764481,0.6981883172796902,0.0,1.413471488503708
13,CaTi0.53Al0.235Nb0.235O3,II,Ca,True,False,49.4,48.374016,0.9926727,21.911745,26.394754,-0.0012760286,0.068797186,0.23383418,True,False,0.47406596,0.4066068,0.9703009004275096,1.0,1.57055,0.06877205861041473,0.765,11.642949999999999,0.0,0.0,0.9794539674254722,0.6510719041868589,0.0,1.2045938833260428
14,CaTi0.5Al0.25Nb0.25O3,II,Ca,True,False,48.0,45.96589,0.96765417,21.548077,24.35649,-0.001459901,0.06278123,0.23343822,True,False,0.47277692,0.4055012,0.970556082880972,1.0,1.5725000000000002,0.06734803941145333,0.75,11.612499999999999,0.0,0.0,1.001212594142143,0.6308614538726318,0.0,1.130332418990335
15,CaTi0.4Al0.3Nb0.3O3,II,Ca,True,False,41.1,39.499073,0.99933445,20.409891,19.04376,-0.0022347043,0.04765717,0.23211697,True,False,0.468464,0.40180197,0.971407661294129,1.0,1.5790000000000002,0.06262427053380876,0.7,11.511,0.0,0.0,1.048570346628734,0.563416443550595,0.0,0.933065247629201
16,CaTi0.3Al0.35Nb0.35O3,II,Ca,True,False,36.4,34.6034,1.0495769,19.373863,15.195227,-0.003157916,0.037468486,0.23079333,True,False,0.46412635,0.39808157,0.9722607353913638,1.0,1.5855000000000001,0.05793552626634086,0.6499999999999999,11.4095,0.0,0.0,1.0554722422080827,0.4958529750495956,0.0,0.7843158073327967
17,Sm0.6Ca0.4Co0.3Ti0.7O3,III,Other,True,False,37.0,36.104156,0.84534174,24.86803,10.943591,-0.0044069393,0.29694003,0.7801253,True,False,0.7382509,0.63319844,0.925767549379554,1.1019999999999999,1.642,0.08017608421873106,0.7,11.898,0.0,1.0,0.6425387473466287,0.6480372845656878,1.1019999999999999,0.4400666639054239
18,Ca0.6Sr0.4Al0.3Nb0.3Ti0.4O3,Ib,Ca,True,False,37.2,37.792976,0.8640531,22.903906,14.828258,-0.0021633198,0.06297276,0.18295608,True,False,0.29354835,0.25177667,0.985588795035649,0.98,1.5790000000000002,0.06262427053380876,0.7,11.943,0.0,0.0,1.2098888614946932,0.5716415011206765,0.0,0.6474117558812894
19,Ca5Nb4TiO17,III,Ca,False,True,45.6,37.05191,3.818204,0.0,36.139275,-0.00037858885,0.4927321,0.9932121,False,True,0.57468307,0.49290618,0.9530115988446336,1.0,1.5880000000000003,0.08367312951366797,1.0,65.06,0.0,0.0,0.5485893235826059,0.6480478872143509,0.0,
20,Ca4.9Zn0.1Nb4TiO17,III,Ca,True,False,40.3,44.450775,1.8432815,0.0,42.08243,-0.00036072065,0.6053076,0.9932195,False,True,0.57530916,0.49344316,0.9520291126602576,1.0,1.5892156862745102,0.08316482700519554,0.9803921568627452,64.948,0.0,0.0,0.5914484577667695,0.6346860751068385,0.0,
21,Ca4.8Zn0.2Nb4TiO17,III,Ca,True,False,37.9,44.048428,1.7110115,0.0,42.05181,-0.00036112632,0.60749865,0.99322855,False,True,0.5760897,0.49411264,0.9510863228873718,1.0,1.5903846153846155,0.08266266293922553,0.9615384615384615,64.83599999999998,0.0,0.0,0.6394081037069231,0.6218641341955893,0.0,
22,Ca4.7Zn0.3Nb4TiO17,III,Ca,True,False,45.8,43.748714,1.7930518,0.0,42.04003,-0.00036141282,0.6124202,0.9932389,False,True,0.5770029,0.49489588,0.950180871323313,1.0,1.5915094339622642,0.08216652678810993,0.9433962264150944,64.72399999999999,0.0,0.0,0.664055724599417,0.6095499929243894,0.0,
23,Ca4.6Zn0.4Nb4TiO17,III,Ca,True,False,52.0,43.48935,1.9460975,0.0,42.02668,-0.0003616993,0.61795324,0.9932507,False,True,0.5780298,0.49577668,0.9493105829267904,1.0,1.5925925925925926,0.08167631066188977,0.9259259259259258,64.612,0.0,0.0,0.6788951205640825,0.5977140707316828,0.0,
24,CaTi0.6Al0.2Nb0.2O3,II,Ca,True,False,55.7,54.589134,0.74448866,22.80431,31.70657,-0.00097050256,0.07922528,0.23475716,True,False,0.47706512,0.40917918,0.969705996221792,1.0,1.566,0.07210722681783648,0.8,11.714,0.0,0.0,1.055856154703594,0.6981883172796902,0.0,1.3903762051998065
25,CaTi0.7Al0.15Nb0.15O3,II,Ca,True,False,67.8,65.767136,1.5267111,24.197956,41.460407,-0.00070609734,0.10948397,0.23607357,True,False,0.48132858,0.41283596,0.9688573974002452,1.0,1.5594999999999999,0.07690223260090356,0.85,11.8155,0.0,0.0,0.9097871735809745,0.7653973439461936,0.0,1.7133846759618867
26,SrLa3Ti2NbO12,III,Sr,True,False,41.0,43.067047,1.2319418,0.0,36.68994,-0.0002772348,0.52838343,0.9975274,False,True,1.5873516,1.0,0.9028247828127356,0.95,1.33,0.07056503083396053,0.5,49.53,0.0,0.0,1.1087987494569487,0.3912240725521855,0.0,
27,Sr2La2TiNb2O12,III,Sr,True,False,39.0,40.875904,0.815507,0.0,38.59811,-0.00030564558,0.49465865,0.9975274,False,True,1.3182707,1.0,0.91706240687268,0.95,1.3880000000000003,0.07321367126361038,0.6,49.79,0.0,0.0,1.1330624026517846,0.4035074590239793,0.0,
28,Ba2SrLaNb3O12,II,Ba,True,False,39.5,41.546608,1.0846137,0.0,38.52878,-0.00042317374,0.472261,0.99172246,False,True,0.45814767,0.39295366,0.9767642783462442,0.9099999999999999,1.475,0.07606889794096311,0.75,52.05,0.0,0.0,0.5831623721972826,0.4395439252558099,0.0,
29,Ba.5Sr.5LaNb3O12,Ib,Other,True,False,38.95,37.53063,1.4913998,0.0,38.527534,-0.0004880024,0.62116325,0.9835122,False,True,0.05159978,0.044257175,0.9948021872575448,0.98,1.6,0.08192,1.0,46.81,0.0,0.0,-0.0,0.5968813123545268,0.0,
30,BaSr2LaNb3O12,III,Sr,True,False,37.1,36.658295,3.0262833,0.0,35.87787,-0.00039399983,0.539049,0.99416244,False,True,0.6631684,0.5688001,0.9580227515608196,0.9299999999999999,1.475,0.07606889794096311,0.75,51.05,0.0,0.0,0.589410540470825,0.4311102382023688,0.0,
31,Sr3LaNb3O12,III,Sr,True,False,35.8,36.590313,1.6363978,0.0,34.13711,-0.00035051064,0.46004766,0.9960496,False,True,0.8918976,0.7649814,0.9392812247753952,0.95,1.475,0.07606889794096311,0.75,50.05,0.0,0.0,0.5956587087443673,0.42267655114892777,0.0,
32,BaLa0.5Nb0.5O3,III,Ba,True,False,45.0,44.30557,1.0631105,14.323596,29.73418,-0.0003430101,0.2481348,0.36607236,True,False,0.8458055,0.72544813,0.9518745131357372,0.89,1.35,0.0665607499633807,0.5,14.834999999999999,0.0,0.0,0.6931471805599453,0.2855623539407211,0.0,2.0758879264676273
33,BaPr0.5Nb0.5O3,III,Ba,True,False,44.5,43.21682,0.9988736,14.143694,28.876348,-0.00036169364,0.19714053,0.29989025,True,False,0.6716674,0.57608974,0.9608990570525996,0.89,1.365,0.06549670598600167,0.5,14.584999999999999,0.0,0.0,0.6931471805599453,0.2882697171157798,0.0,2.0416411723839616
34,BaNd0.5Nb0.5O3,III,Ba,True,False,44.0,41.635216,1.1452299,13.811662,27.682425,-0.00037370255,0.14150512,0.25514084,True,False,0.54134285,0.46431026,0.9624198107038244,0.89,1.37,0.0653095665934298,0.5,14.479999999999999,0.0,0.0,0.6931471805599453,0.2887259432111473,0.0,2.004279065039385
35,BaSm0.5Nb0.5O3,II,Ba,True,False,43.0,40.138355,1.1871161,13.953447,26.083603,-0.00042183595,0.10172778,0.20895639,True,False,0.3898634,0.3343862,0.9678905918015044,0.89,1.385,0.06461682516217973,0.5,14.385,0.0,0.0,0.6931471805599453,0.29036717754045127,0.0,1.8693304242313744
36,BaEu0.5Nb0.5O3,II,Ba,True,False,40.0,38.919624,1.1161432,13.880859,24.947107,-0.0004405168,0.09210094,0.19484496,True,False,0.3387949,0.29058468,0.9703174886580844,0.89,1.4,0.06429948062655297,0.5,14.315,0.0,0.0,0.6931471805599453,0.2910952465974253,0.0,1.7972307765679343
37,BaGd0.5Nb0.5O3,II,Ba,True,False,40.0,38.158325,1.0065621,13.855624,24.210592,-0.00044973762,0.09255749,0.19923118,True,False,0.35495684,0.3044468,0.9723122025452297,0.89,1.4,0.06403390577858643,0.5,14.264999999999999,0.0,0.0,0.6931471805599453,0.2916936607635689,0.0,1.7473476474246123
38,BaTb0.5Nb0.5O3,II,Ba,True,False,39.0,37.385796,1.0481952,13.997077,23.310755,-0.00046993705,0.07843079,0.18543082,True,False,0.30314922,0.26001135,0.9756550132347046,0.89,1.4100000000000001,0.0635790498766044,0.5,14.219999999999999,0.0,0.0,0.6931471805599453,0.29269650397041136,0.0,1.6654016406425427
39,Ca5Nb2TiO12,III,Ca,False,True,48.0,37.467678,1.8843158,0.0,39.57414,-0.0003592229,0.5405836,0.99309003,False,True,0.56421494,0.48392767,0.9552042302963716,1.0,1.58,0.08488417238353166,1.0,48.93,0.0,0.0,0.730812563597748,0.7004831022173392,0.0,
40,BaDy0.5Nb0.5O3,II,Ba,True,False,38.9,36.74372,1.0714059,13.9698305,22.703547,-0.00048082526,0.07082102,0.17003855,True,False,0.24171948,0.20732301,0.9781210530199942,0.89,1.4100000000000001,0.06323546685673558,0.5,14.159999999999998,0.0,0.0,0.6931471805599453,0.2934363159059982,0.0,1.6251841423559148
41,BaY0.5Nb0.5O3,II,Ba,True,False,37.0,36.02114,0.52598995,13.844435,22.101542,-0.00050327054,0.075667396,0.16754971,True,False,0.23137818,0.19845328,0.9808255351942432,0.89,1.4100000000000001,0.06285064787451694,0.5,14.075,0.0,0.0,0.6931471805599453,0.294247660558273,0.0,1.596420655664171
42,BaYb0.5Nb0.5O3,Ib,Ba,True,False,36.0,35.020798,1.7652534,14.227498,20.732754,-0.00051124266,0.06105389,0.13450766,True,False,0.08063567,0.06916128,0.988111147340533,0.89,1.35,0.061770899133693095,0.5,13.995,0.0,0.0,0.6931471805599453,0.2964333442021599,0.0,1.4572312011570832
43,Ba8Ta4Ti3O23.5,Ib,Ba,True,False,40.0,40.510113,0.7742373,27.197948,13.175283,-0.0070394585,0.14392117,0.86933696,True,True,0.5218073,0.4475546,1.0510574870970408,0.89,1.5171428571428571,0.08577089010028033,1.0,112.42500000000001,0.0,0.0,0.7082009974671558,0.5693655077417755,0.0,0.4844219497735638
44,Ba8Ta4.32Ti2.6O23.54,Ib,Ba,True,False,36.0,39.223656,0.8335057,27.009779,12.075066,-0.0065273577,0.14533685,0.8685751,True,True,0.5179071,0.44420937,1.050098287918752,0.89,1.5150289017341043,0.08527656405813587,1.0,112.4918,0.0,0.0,0.6864471894055965,0.5348001546630841,0.0,0.4470627471627961
45,Ba8Ta4.64Ti2.2O23.58,Ib,Ba,True,False,44.0,37.987045,0.9261622,26.816463,11.027571,-0.005758834,0.14876951,0.8678297,True,True,0.51410943,0.44095212,1.0491184622876724,0.89,1.5128654970760236,0.08477653965771238,1.0,112.5586,0.0,0.0,0.6513604207414463,0.4993518250676434,0.0,0.4112239186801034
46,Ba10Ta7.04Ti.2O29.88,Ib,Ba,True,False,35.0,34.958748,0.9213766,25.920134,8.85675,-0.002649358,0.18451539,0.8654307,True,True,0.5020095,0.430574,1.0455602842023954,0.89,1.5049751243781098,0.08300150343467506,1.0,140.8736,0.0,0.0,0.3894678123458126,0.3694298999455405,0.0,0.34169383537909176
47,Ba10Ta7.28Ti0.9O29.91,Ib,Ba,True,False,35.0,35.202633,0.8647227,26.91737,8.1083555,-0.003056412,0.1799651,0.8652771,True,True,0.50124115,0.42991498,1.0453023136235002,0.89,1.5044009779951102,0.08287523888235265,1.0,141.5097,0.0,0.0,0.3594022467570317,0.3599373673331449,0.0,0.3012313424379871
48,Ba10Ta7.52Ti0.6O29.94,Ib,Ba,True,False,34.0,34.456932,0.93757385,26.778732,7.494742,-0.0028711096,0.18632884,0.8649039,True,True,0.49937722,0.4283163,1.0446534810827406,0.89,1.5029556650246307,0.08255908420014675,1.0,141.5598,0.0,0.0,0.2733536230749385,0.33601843079158783,0.0,0.2798766573413558
49,Ba5Ta4O15,Ib,Ba,True,False,28.0,29.43873,0.4919551,26.495808,2.958133,-0.0067697265,-0.008441517,0.8642023,True,True,0.49588448,0.42532057,1.043329123221327,0.89,1.5,0.08192,1.0,70.83000000000001,0.0,0.0,-0.0,0.2870012630336018,0.0,0.1116453214032952
50,Ba5Sr2Ta4ZrO21,Ib,Ba,True,False,27.0,27.49909,1.5682132,0.0,26.440393,-0.00058769045,0.32557186,0.98837644,False,True,0.25826725,0.22151606,1.0185049731793443,0.9071428571428573,1.4660000000000002,0.08842643923240938,1.0,94.62,0.0,0.0,0.5189358466321948,0.35333820965543594,0.0,
51,Sr3LaNb3O12,III,Sr,True,False,36.0,36.338505,1.7039337,0.0,34.03193,-0.0003537504,0.48248196,0.9960496,False,True,0.8918976,0.7649814,0.9392812247753952,0.95,1.475,0.07606889794096311,0.75,50.05,0.0,0.0,0.5956587087443673,0.42267655114892777,0.0,
52,BaHo0.5Nb0.5O3,II,Ba,True,False,38.0,36.6307,1.1494253,14.089469,22.475658,-0.00049111794,0.06606142,0.15946716,True,False,0.19692299,0.16890103,0.9805995905881172,0.89,1.415,0.06288312250546305,0.5,14.129999999999999,0.0,0.0,0.6931471805599453,0.2941798771764351,0.0,1.5952097272083143
53,Ca5Ta2TiO12,III,Ca,False,True,38.0,37.296345,1.4531382,0.0,29.562891,-0.00035643516,0.4279847,0.9937261,False,True,0.62088317,0.53253204,0.9552042302963716,1.0,1.5133333333333332,0.08488417238353166,1.0,50.089999999999996,0.0,0.0,0.7661744618363487,0.5094422561580648,0.0,
54,CaTi0.70Al0.15Ta0.15O3,II,Ca,True,False,65.4,64.32998,1.4028623,25.77965,38.446514,-0.00075690576,0.104574874,0.24022293,True,False,0.49466097,0.42427117,0.9688573974002452,1.0,1.5444999999999998,0.07690223260090356,0.85,11.9025,0.0,0.0,0.9097871735809745,0.7217987610631827,0.0,1.4913512790127097
55,CaTi0.60Al0.20Ta0.20O3,II,Ca,True,False,52.2,50.84762,0.94653386,24.728025,26.051441,-0.0012142337,0.06936513,0.24031451,True,False,0.4949535,0.42452207,0.969705996221792,1.0,1.546,0.07210722681783648,0.8,11.83,0.0,0.0,1.055856154703594,0.6400059575063827,0.0,1.0535188718063817
56,CaTi0.60Al0.20Ta0.20O3,II,Ca,True,False,52.3,50.808613,0.93151635,24.728025,26.01319,-0.0012259453,0.06861827,0.24031451,True,False,0.4949535,0.42452207,0.969705996221792,1.0,1.546,0.07210722681783648,0.8,11.83,0.0,0.0,1.055856154703594,0.6400059575063827,0.0,1.0519720034252635
57,CaTi0.60Al0.20Ta0.20O3,II,Ca,True,False,52.4,50.731434,0.90658486,24.728025,25.937826,-0.0012550568,0.066837385,0.24031451,True,False,0.4949535,0.42452207,0.969705996221792,1.0,1.546,0.07210722681783648,0.8,11.83,0.0,0.0,1.055856154703594,0.6400059575063827,0.0,1.0489242873217737
58,CaTi0.60Al0.20Ta0.20O3,II,Ca,True,False,52.0,50.682304,0.90192336,24.728025,25.890387,-0.0012835953,0.06517627,0.24031451,True,False,0.4949535,0.42452207,0.969705996221792,1.0,1.546,0.07210722681783648,0.8,11.83,0.0,0.0,1.055856154703594,0.6400059575063827,0.0,1.0470058567152047
59,CaTi0.54Al0.23Ta0.23O3,II,Ca,True,False,46.6,45.076775,0.72829425,24.133062,20.892776,-0.0017283994,0.052666564,0.24037424,True,False,0.49514413,0.42468557,0.9702158694264454,1.0,1.5469000000000002,0.06924744189308356,0.77,11.7865,0.0,0.0,1.120879401684416,0.5908614644807053,0.0,0.8657324959427031
60,CaTi0.54Al0.23Ta0.23O3,II,Ca,True,False,46.7,44.953197,0.7452267,24.133062,20.770256,-0.0017631305,0.051644243,0.24037424,True,False,0.49514413,0.42468557,0.9702158694264454,1.0,1.5469000000000002,0.06924744189308356,0.77,11.7865,0.0,0.0,1.120879401684416,0.5908614644807053,0.0,0.8606556432830612
61,CaTi0.54Al0.23Ta0.23O3,II,Ca,True,False,46.8,44.66717,0.8024649,24.133062,20.486761,-0.0018521383,0.049204208,0.24037424,True,False,0.49514413,0.42468557,0.9702158694264454,1.0,1.5469000000000002,0.06924744189308356,0.77,11.7865,0.0,0.0,1.120879401684416,0.5908614644807053,0.0,0.8489084808218701
62,CaTi0.54Al0.23Ta0.23O3,II,Ca,True,False,46.5,44.41604,0.8774187,24.133062,20.23798,-0.0019434178,0.04693682,0.24037424,True,False,0.49514413,0.42468557,0.9702158694264454,1.0,1.5469000000000002,0.06924744189308356,0.77,11.7865,0.0,0.0,1.120879401684416,0.5908614644807053,0.0,0.8385997599475774
63,CaTi0.50Al0.25Ta0.25O3,II,Ca,True,False,41.4,41.861633,0.85705304,23.750372,18.070108,-0.002189544,0.043342225,0.240416,True,False,0.49527746,0.42479992,0.970556082880972,1.0,1.5475,0.06734803941145333,0.75,11.7575,0.0,0.0,1.1552453009332422,0.5580697476565588,0.0,0.7608347355569842
64,CaTi0.70Al0.15Ta0.15O3,II,Ca,True,False,65.7,63.99767,1.5334285,25.77965,38.113567,-0.0007533111,0.10520463,0.24022293,True,False,0.49466097,0.42427117,0.9688573974002452,1.0,1.5444999999999998,0.07690223260090356,0.85,11.9025,0.0,0.0,0.9097871735809745,0.7217987610631827,0.0,1.4784361696144053
65,CaTi0.50Al0.25Ta0.25O3,II,Ca,True,False,41.5,41.318798,0.9598716,23.750372,17.531454,-0.0024101953,0.039384138,0.240416,True,False,0.49527746,0.42479992,0.970556082880972,1.0,1.5475,0.06734803941145333,0.75,11.7575,0.0,0.0,1.1552453009332422,0.5580697476565588,0.0,0.7381549223734265
66,Ca0.70Nd0.30Ti0.70Al0.30O3,II,Ca,False,True,43.5,39.98851,1.2368249,24.230476,15.681516,-0.0043014763,0.08082006,0.23554704,True,False,0.47962525,0.41137502,0.969064182482975,1.0419999999999998,1.561,0.06485006129225518,0.7,11.544,0.0,0.0,0.6108643020548935,0.6783449277380824,0.0,0.6471815081139967
67,Ca0.70La0.15Nd0.15Ti0.70Al0.30O3,II,Ca,True,False,41.5,40.131096,0.64863104,24.615978,15.432516,-0.0060700956,0.08867546,0.22151645,True,False,0.4332215,0.37157446,0.9738756449557666,1.036,1.561,0.06485006129225518,0.7,11.6505,0.0,0.0,0.6108643020548935,0.6817129514690365,0.0,0.6269308495482081
68,Ca0.70La0.30Ti0.70Ga0.30O3,II,Ca,True,False,49.4,47.335857,1.3765378,24.682264,22.545282,-0.0013107704,0.10962081,0.23083086,True,False,0.4642494,0.39818713,0.9662678383370288,1.03,1.621,0.07006262313332634,0.7,11.969999999999999,0.0,0.0,0.6108643020548935,0.67638748683592,0.0,0.91342034101896
69,Ca0.70Nd0.30Ti0.70Ga0.15Al0.15O3,III,Ca,False,True,45.3,47.20302,1.4321936,24.109007,22.97532,-0.0016906807,0.12038092,0.24781163,True,False,0.5186436,0.4448411,0.9628763430806172,1.0419999999999998,1.591,0.06735564448721115,0.7,11.6505,0.0,0.0,0.818808456222877,0.674013440156432,0.0,0.9529766198997744
70,Ca0.70La0.30Ti0.70Ga0.15Al0.15O3,II,Ca,True,False,45.2,44.57718,1.0382836,24.84513,19.644543,-0.002858344,0.090361744,0.21959487,True,False,0.42670533,0.36598554,0.9724378220299282,1.03,1.591,0.06735564448721115,0.7,11.863499999999998,0.0,0.0,0.818808456222877,0.6807064754209498,0.0,0.7906798233698112
71,Ca0.70La0.15Nd0.15Ti0.70Ga0.15Al0.15O3,II,Ca,True,False,45.2,43.04156,1.25255,24.478294,18.459543,-0.0034370036,0.10716204,0.23323385,True,False,0.4721109,0.40492994,0.9676570825552728,1.036,1.591,0.06735564448721115,0.7,11.756999999999998,0.0,0.0,0.818808456222877,0.6773599577886908,0.0,0.7541188532174669
72,Ca0.67La0.165Nd0.165Ti0.67Ga0.33O3,III,Ca,True,False,44.7,44.423065,1.2401443,23.908289,20.385134,-0.0014939911,0.13113442,0.2454427,True,False,0.5112111,0.43846622,0.9610383091650794,1.0396,1.6291000000000002,0.06769491203859376,0.67,11.83785,0.0,0.0,0.6341786357122057,0.6438956671406032,0.0,0.8526387647397102
73,Ca0.66La0.17Nd0.17Ti0.66Ga0.34O3,III,Ca,True,False,44.1,43.80479,1.1841338,23.77012,19.906359,-0.001499038,0.12981243,0.2456049,True,False,0.5117215,0.438904,0.9608786492269312,1.0408000000000002,1.6318000000000001,0.06689567935719294,0.66,11.8293,0.0,0.0,0.6410354778811556,0.6341799084897747,0.0,0.837453029265313
74,Ca0.64La0.18Nd0.18Ti0.64Ga0.36O3,III,Ca,True,False,43.6,42.662144,1.0912522,23.498144,19.037899,-0.0015011576,0.12759885,0.24592881,True,False,0.51274014,0.43977767,0.9605594008259358,1.0432000000000001,1.6372,0.0652819338669582,0.64,11.8122,0.0,0.0,0.6534181947937018,0.614758016528599,0.0,0.8101873492646908
75,Ca0.66La0.34Ti0.66Ga0.34O3,II,Ca,True,False,47.5,44.78599,1.3179613,24.154959,20.527943,-0.0013824105,0.10447327,0.22981885,True,False,0.46092147,0.39533275,0.966260836059504,1.034,1.6318000000000001,0.06689567935719294,0.66,11.95,0.0,0.0,0.6410354778811556,0.6377321517992727,0.0,0.8498438353797246
76,Ca0.64La0.36Ti0.64Ga0.36O3,II,Ca,True,False,46.5,43.653904,1.286582,23.899342,19.653591,-0.0014093515,0.10237701,0.22933073,True,False,0.4593128,0.393953,0.9662573364881036,1.036,1.6372,0.0652819338669582,0.64,11.94,0.0,0.0,0.6534181947937018,0.6184046953523863,0.0,0.8223486236566679
77,Ba2.5Sr0.5LaNb3O12,Ib,Ba,True,False,41.86,42.298412,0.94244313,0.0,41.68382,-0.00044830865,0.49682474,0.99030906,False,True,0.36540958,0.31341213,0.9861350417389564,0.9,1.475,0.07606889794096311,0.75,52.55,0.0,0.0,0.5789969266815879,0.4437607687825304,0.0,
78,CaTi0.70Al0.15Ta0.15O3,II,Ca,True,False,65.6,63.651917,1.6578846,25.77965,37.76722,-0.00075019285,0.10579659,0.24022293,True,False,0.49466097,0.42427117,0.9688573974002452,1.0,1.5444999999999998,0.07690223260090356,0.85,11.9025,0.0,0.0,0.9097871735809745,0.7217987610631827,0.0,1.4650012703818711
79,CaLa4Ti4O15,II,Other,True,False,41.1,41.04837,0.8033541,30.835848,10.121058,-0.018498555,0.10996048,0.8469585,True,True,0.41444704,0.35547158,0.9719632363841024,1.08,1.54,0.09150625,1.0,61.39,0.0,0.0,-0.0,0.9719632363841023,1.08,0.32822376086430316
80,BaZn0.300Nb0.600Zr0.100O3,Ib,Ba,True,False,38.0,40.09371,1.5032899,19.79774,20.23619,-0.0015029965,0.061284088,0.1931163,True,False,0.33234966,0.2850566,1.0242499573491377,0.89,1.5879999999999999,0.0761572034862525,0.7,14.030999999999999,0.0,0.0,0.9312029739255494,0.4098150179133622,0.0,1.0221464672230265
81,Ba0.80Sr0.20Zn0.313Ta0.627Ti0.060O3,Ib,Ba,True,False,42.0,38.80298,1.4914356,25.428335,13.32861,-0.0011121017,0.04714768,0.17470756,True,False,0.26079932,0.22368781,1.0169871355167046,0.9020000000000001,1.54935,0.07267786518064653,0.687,14.15406,0.0,0.0,0.8556172858415277,0.24388549167830556,0.0,0.5241636937691752
82,Ba0.75Sr0.25Zn0.313Ta0.627Ti0.060O3,Ib,Ba,True,False,40.0,39.994595,1.4121939,25.603855,14.341807,-0.001066228,0.049997784,0.16913988,True,False,0.23799947,0.20413235,1.014082434356795,0.905,1.54935,0.07267786518064653,0.687,14.10406,0.0,0.0,0.8556172858415277,0.24460614803607922,0.0,0.5601424863560585
83,Ba4LaTiNb3O15,Ib,Ba,True,False,52.0,47.268463,1.7119383,13.565022,33.40593,-0.0007832679,0.29829592,0.8040215,True,True,0.23995605,0.20581052,1.0080474620495916,0.89,1.488,0.07941842370193727,0.8,67.25,0.0,0.0,1.0206609495468077,0.5554934212522287,0.0,2.462652106277454
84,Ba4LaSnNb3O15,Ib,Ba,True,False,39.0,38.28408,1.2952689,12.737082,25.249329,-0.0008217807,0.2984915,0.8079812,True,True,0.2547191,0.21847281,0.999995964748876,0.89,1.5719999999999998,0.06270964882892471,0.6,67.15,0.0,0.0,1.0417780726408796,0.35999854730959535,0.0,1.9823479977596126
85,Ca0.65Sm0.315Nd0.035Ti0.65Al0.35O3,II,Ca,True,False,39.7,39.71641,0.80791086,23.470377,16.163624,-0.0031047803,0.08551456,0.24660847,True,False,0.5148747,0.4416085,0.9661531457863456,1.0584500000000001,1.5645000000000002,0.06034284430593846,0.65,11.38815,0.0,0.0,0.6786199957288925,0.6279995447611246,0.0,0.6886819074103496
86,Ca0.25Sm0.675Nd0.075Ti0.25Al0.75O3,II,Other,True,False,22.74,22.646872,0.5859934,18.457018,4.188775,-0.05036267,0.05144112,0.23302606,True,False,0.4714333,0.40434876,0.9659567539666164,1.1252499999999999,1.5925,0.0236004855968237,0.25,10.551749999999998,0.0,0.0,0.5831623721972826,0.24148918849165413,1.1252499999999999,0.22694754916530935
87,Ca0.35Sm0.585Nd0.065Ti0.35Al0.65O3,II,Other,True,False,25.84,24.872242,0.68907547,19.567703,5.3049307,-0.051930927,0.051538847,0.2385629,True,False,0.48934627,0.41971272,0.9660063781052964,1.10855,1.5855000000000001,0.03290185703101604,0.35,10.76085,0.0,0.0,0.6714261441840633,0.3381022323368537,1.10855,0.27110646047724657
88,Ca0.45Sm0.495Nd0.055Ti0.45Al0.55O3,II,Ca,True,False,29.38,28.540304,0.7651349,20.766563,7.737399,-0.02018989,0.05653174,0.24268737,True,False,0.5025049,0.4309989,0.9660556489574564,1.09185,1.5785000000000002,0.04212539472052915,0.45,10.96995,0.0,0.0,0.7136254364437213,0.4347250420308554,1.09185,0.37258929173787686
89,Ca0.55Sm0.405Nd0.045Ti0.55Al0.45O3,II,Ca,True,False,32.85,31.829056,0.91465634,22.063604,9.723109,-0.01766252,0.06000649,0.24537024,True,False,0.51098293,0.4382705,0.9661045702824156,1.0751499999999998,1.5715000000000001,0.051272071562282064,0.55,11.17905,0.0,0.0,0.6983334628056416,0.5313575136553286,1.0751499999999998,0.44068543833545953
90,Ca0.75Sm0.225Nd0.025Ti0.75Al0.25O3,II,Ca,True,False,50.21,49.11571,0.7719321,25.00027,24.00553,-0.0015087756,0.111417376,0.2464211,True,False,0.5142866,0.44110405,0.9662013791232033,1.04175,1.5575,0.06933865388751924,0.75,11.597249999999999,0.0,0.0,0.570666035650198,0.7246510343424024,0.0,0.960210829723039
91,CaTi0.70Al0.15Ta0.15O3,II,Ca,True,False,65.5,63.511208,1.7058197,25.77965,37.62628,-0.0007490265,0.106025115,0.24022293,True,False,0.49466097,0.42427117,0.9688573974002452,1.0,1.5444999999999998,0.07690223260090356,0.85,11.9025,0.0,0.0,0.9097871735809745,0.7217987610631827,0.0,1.4595341674537863
92,Ca0.85Sm0.135Nd0.015Ti0.85Al0.15O3,II,Ca,True,False,69.2,68.54199,1.0415382,26.668907,41.706318,-0.00068622205,0.16744713,0.2448463,True,False,0.50933206,0.43685457,0.966249273895651,1.0250499999999998,1.5505,0.0782604257547778,0.85,11.806349999999998,0.0,0.0,0.4289714446623759,0.8213118828113033,0.0,1.5638555415863125
93,Ca5Nb.5Ta0.5TiO12,III,Ca,False,True,46.0,39.58573,1.1396073,0.0,41.75185,-0.000359748,0.54524016,0.9932205,False,True,0.5754076,0.49352762,0.9563043338850644,1.0,1.5560000000000003,0.08550293566627791,1.0,47.699999999999996,0.0,0.0,1.2190188607839887,0.6694130337195451,0.0,
94,Ca5NbTaTiO12,III,Ca,False,True,43.0,40.103462,1.1141092,0.0,37.86501,-0.0003656338,0.4999435,0.9934127,False,True,0.59228086,0.50799984,0.9552042302963716,1.0,1.5466666666666664,0.08488417238353166,1.0,49.51,0.0,0.0,1.2857832711819355,0.604962679187702,0.0,
95,Ca5Nb0.5Ta.5TiO12,III,Ca,False,True,40.0,39.058186,1.0360675,0.0,38.867588,-0.00036134478,0.5132895,0.9934149,False,True,0.59247434,0.5081658,0.9563043338850644,1.0,1.5360000000000003,0.08550293566627791,1.0,47.989999999999995,0.0,0.0,1.250275754650245,0.6120347736864412,0.0,
96,Ca5Ta2TiO12,III,Ca,False,True,38.0,37.60357,1.469813,0.0,29.465662,-0.0003559585,0.42898685,0.9937261,False,True,0.62088317,0.53253204,0.9552042302963716,1.0,1.5133333333333332,0.08488417238353166,1.0,50.089999999999996,0.0,0.0,0.742599863010615,0.5094422561580648,0.0,
97,BaZn0.333Co0.000Nb0.667O3,Ib,Ba,True,False,41.4,39.752705,1.2760139,19.72983,19.955273,-0.0014024283,0.06900625,0.20369485,True,False,0.371132,0.31832024,1.026571847475767,0.89,1.6166500000000001,0.0712735826041586,0.667,13.977,0.0,0.0,0.6551356949467928,0.38956594664019806,0.0,1.011426504942009
98,BaZn0.267Co0.067Nb0.667O3,Ib,Ba,True,False,40.1,37.743977,1.5284472,19.769308,17.913267,-0.0020777653,0.06347907,0.2043324,True,False,0.37342077,0.32028332,1.0263731872591584,0.89,1.632077922077922,0.07127069848559922,0.6663336663336663,13.98507,0.0,0.0,0.839721622384447,0.38925619426462016,0.0,0.9061150243599828
99,BaZn0.200Co0.133Nb0.667O3,Ib,Ba,True,False,38.2,36.284668,1.5299737,19.781626,16.446997,-0.0029366203,0.058982175,0.20518856,True,False,0.3764859,0.3229123,1.0262426855667806,0.89,1.64724,0.0713231088181709,0.667,13.98897,0.0,0.0,0.9112960057188453,0.38969767723617443,0.0,0.8314279624940841
100,BaZn0.133Co0.200Nb0.667O3,Ib,Ba,True,False,35.8,35.06587,1.4505835,19.807785,15.206279,-0.0040451996,0.055851035,0.20596163,True,False,0.37924534,0.32527906,1.0260769471009534,0.89,1.6626500000000002,0.07134808419320998,0.667,13.995000000000001,0.0,0.0,0.9112960057188453,0.38976400577019843,0.0,0.7676920463343075
101,BaZn0.067Co0.267Nb0.667O3,Ib,Ba,True,False,33.9,34.244884,1.4787663,19.847576,14.346576,-0.0050219977,0.05575753,0.20663568,True,False,0.38164517,0.3273374,1.025878972340711,0.89,1.678031968031968,0.07134519404213892,0.6663336663336663,14.003070000000001,0.0,0.0,0.827810677386086,0.3894537814877598,0.0,0.7228376906076591
102,BaLa4Ti4O15,Ib,Other,True,False,44.4,44.747925,0.89683926,32.38309,12.262724,-0.0151838185,0.11729499,0.7968837,True,True,0.21390313,0.1834649,0.9910075087951116,1.058,1.54,0.09150625,1.0,63.47,0.0,0.0,-0.0,0.9910075087951115,1.058,0.3786767723524839
103,SrLa4Ti4O15,II,Other,True,False,43.7,42.511314,1.1072075,33.20294,9.282314,-0.039824247,0.06588199,0.8282591,True,True,0.33423007,0.28666943,0.979016670610402,1.07,1.54,0.09150625,1.0,62.47,0.0,0.0,-0.0,0.9790166706104019,1.07,0.2795630146005143
104,CaTi0.60Mg0.1333Nb0.2667O3,III,Ca,True,False,62.97,60.994007,2.4314969,21.870686,39.004578,-0.00053513265,0.119274035,0.24534681,True,False,0.51090926,0.43820733,0.9545779894855208,1.0,1.525343,0.08392710202813872,0.8667,11.934724,0.0,0.0,0.9619495647698247,0.7254983635687855,0.0,1.7834181332949504
105,Ba3LaNb3O12,Ib,Ba,True,False,44.8,44.04253,0.3602242,0.0,43.954445,-0.00046396177,0.45865622,0.98882025,False,True,0.28122267,0.24120493,0.9955058051316688,0.89,1.475,0.07606889794096311,0.75,53.05,0.0,0.0,0.5748314811658929,0.44797761230925087,0.0,
106,Pb0.40Ca0.60Fe0.495Nb0.495Zr0.01O3,II,Ca,True,False,68.4,70.14016,1.9952886,26.785053,43.187874,-0.00041818377,0.16765401,0.21248408,True,False,0.40222856,0.3449918,0.9689831213724696,1.532,1.7111500000000002,0.05212021963415478,0.505,12.752849999999999,0.4,0.0,0.659748660541505,0.29360188577585833,0.0,1.6123871026127892
107,LaAlO3,Ia,Other,True,False,22.0,22.417439,0.54992723,18.004278,4.359919,-0.009784628,0.06302382,0.1496284,True,False,0.1530146,0.13124076,1.0085864165761609,1.1,1.61,0.0,0.0,10.91,0.0,0.0,-0.0,0.0,1.1,0.24216016882209881
108,La0.75Sr0.25Al0.75Ti0.25O3,Ib,Other,True,False,26.0,26.358042,0.24567336,21.64729,4.6835356,-0.025270466,0.052485835,0.1531814,True,False,0.16913605,0.14506814,1.0067896807675298,1.0625,1.5925,0.0236004855968237,0.25,11.482499999999998,0.0,0.0,0.5623351446188083,0.24830257980811754,1.0625,0.2163566709735953
109,La0.55Sr0.45Al0.55Ti0.45O3,Ib,Sr,True,False,29.0,30.68867,0.36322474,25.419237,5.325986,-0.1023621,0.045806654,0.15482683,True,False,0.1764985,0.15138292,1.0053753166527266,1.0325000000000002,1.5785000000000002,0.04212539472052915,0.45,11.9405,0.0,0.0,0.6881388137135884,0.44758110750627306,1.0325000000000002,0.20952580126618278
110,La0.50Sr0.50Al0.50Ti0.50O3,Ib,Sr,True,False,33.0,32.294834,0.43700957,26.520525,5.843255,-0.11499129,0.04604691,0.15497126,True,False,0.17714159,0.1519345,1.0050248666610828,1.025,1.5750000000000002,0.04670828057602069,0.5,12.055,0.0,0.0,0.6931471805599453,0.4974875666694586,1.025,0.22032953721692916
111,La0.45Sr0.55Al0.45Ti0.55O3,Ib,Sr,True,False,34.0,34.075817,0.5466612,27.698055,6.4650164,-0.13370478,0.046453185,0.15500563,True,False,0.17729463,0.15206575,1.00467565971476,1.0175,1.5715000000000001,0.051272071562282064,0.55,12.1695,0.0,0.0,0.6881388137135884,0.5474283871568819,1.0175,0.23341048315486412
112,La0.40Sr0.60Al0.40Ti0.60O3,Ib,Sr,True,False,39.0,37.255383,0.80024815,28.959879,8.30294,-0.06327729,0.05584175,0.15493341,True,False,0.17697318,0.15179005,1.004327689211849,1.01,1.568,0.055816886771091395,0.6,12.283999999999999,0.0,0.0,0.6730116670092565,0.5974033864728906,0.0,0.2867049271856419
113,La0.25Sr0.75Al0.25Ti0.75O3,Ib,Sr,True,False,46.0,46.18876,1.3895248,33.350582,12.830081,-0.059940618,0.06803564,0.15415157,True,False,0.17348486,0.14879812,1.003291131042045,0.9874999999999999,1.5575,0.06933865388751924,0.75,12.6275,0.0,0.0,0.5623351446188083,0.7475316517184663,0.0,0.3847033613986106
114,Ba0.99Zn0.10Co0.2333Nb0.6667O3,Ib,Ba,True,False,33.7,33.896706,1.5691022,19.314522,14.535578,-0.0052661845,0.051876504,0.20630181,True,False,0.3804572,0.32631847,1.0259797552666432,0.89,1.670324,0.07134799797302892,0.6667,13.945296999999998,0.0,0.0,0.9023302794744206,0.38962757829823735,0.0,0.7525724944163774
115,Ba0.993La0.0067Zn0.10Co0.2333Nb0.6667O3,Ib,Ba,True,False,34.0,33.95157,1.2624229,19.839872,14.054232,-0.0066953762,0.064160086,0.20472303,True,False,0.37482038,0.32148376,1.0254086483564733,0.8914074222266679,1.670324,0.07134799797302892,0.6667,13.988419999999998,0.0,0.0,0.8867728608627926,0.38985603248444356,0.0,0.7083831992464468
116,LaZn0.5Ti0.5O3,III,Other,True,False,34.0,32.11527,0.70706356,24.027462,8.029688,-0.0022090063,0.060328256,0.26797748,True,False,0.5800925,0.49754584,0.9416717568515662,1.1,1.595,0.06858467723998699,0.5,12.604999999999999,0.0,0.0,0.7958356517540113,0.4708358784257831,1.1,0.3341879387843793
117,Ba5Ta4O15,Ib,Ba,True,False,30.2,30.69804,0.61822337,26.495808,4.0781837,-0.0015492915,0.12559882,0.8642023,True,True,0.49588448,0.42532057,1.043329123221327,0.89,1.5,0.08192,1.0,70.83000000000001,0.0,0.0,-0.0,0.2870012630336018,0.0,0.1539180726249224
118,Ba4SrTa4O15,Ib,Ba,True,False,32.9,32.6702,0.93747413,27.272642,5.181974,-0.00096670527,0.21655083,0.8412386,True,True,0.3891058,0.3337364,1.0315440102015516,0.9020000000000001,1.5,0.08192,1.0,69.83000000000001,0.0,0.0,-0.0,0.2905367969395345,0.0,0.19000630741972122
119,Ba3Sr2Ta4O15,Ib,Ba,True,False,34.3,34.527405,1.1022662,28.067324,6.217572,-0.0009432151,0.24345402,0.8147022,True,True,0.28031817,0.24042915,1.0197588971817757,0.914,1.5,0.08192,1.0,68.83000000000001,0.0,0.0,-0.0,0.2940723308454673,0.0,0.22152350541148846
120,Ba2Sr3Ta4O15,Ib,Sr,True,False,35.2,34.081627,0.83738846,28.877607,4.962569,-0.0020735927,0.2435228,0.7874067,True,True,0.1803448,0.1546819,1.007973784162,0.9259999999999999,1.5,0.08192,1.0,67.83000000000001,0.0,0.0,-0.0,0.2976078647514,0.0,0.17184834602119214
121,BaSr4Ta4O15,Ib,Sr,True,False,33.2,34.393074,0.8632084,29.700645,4.485116,-0.002558384,0.20987153,0.7753529,True,True,0.13920218,0.11939383,0.996188671142224,0.9380000000000001,1.5,0.08192,1.0,66.83000000000001,0.0,0.0,-0.0,0.2988566013426672,0.0,0.1510107272081128
122,Sr5Ta4O15,II,Sr,True,False,43.5,40.83866,1.3058504,30.532917,10.113299,-0.0013336303,0.19377616,0.7973609,True,True,0.21562353,0.18494049,0.9844035581224484,0.95,1.5,0.08192,1.0,65.83000000000001,0.0,0.0,-0.0,0.2953210674367345,0.0,0.3312260993602413
123,Ba5NbTa3O15,Ib,Ba,True,False,31.7,29.644245,0.80993354,24.641758,4.890179,-0.0035490296,0.1158558,0.8668109,True,True,0.50894886,0.43652588,1.043329123221327,0.89,1.525,0.08192,1.0,70.25,0.0,0.0,0.6248168273542315,0.35875157879200226,0.0,0.19845089786207623
124,Ba5Nb2Ta2O15,Ib,Ba,True,False,34.2,31.508905,1.3332613,23.014235,8.334325,-0.002305474,0.16265166,0.8694517,True,True,0.522396,0.44805953,1.043329123221327,0.89,1.55,0.08192,1.0,69.67,0.0,0.0,0.7573274750562365,0.43050189455040266,0.0,0.36213782469849637
125,Ba5Nb3TaO15,Ib,Ba,True,False,37.2,35.598946,1.9266865,21.57411,13.787046,-0.0013715185,0.2391598,0.87211543,True,True,0.5361972,0.4598968,1.043329123221327,0.89,1.5750000000000002,0.08192,1.0,69.09,0.0,0.0,0.5977414315022147,0.5022522103088031,0.0,0.6390551452643932
126,Ba5Nb4O15,Ib,Ba,True,False,42.0,42.427025,1.8615556,20.290783,21.761534,-0.00083164254,0.37554064,0.8747942,True,True,0.55032563,0.47201478,1.043329123221327,0.89,1.6,0.08192,1.0,68.50999999999999,0.0,0.0,-0.0,0.5740025260672036,0.0,1.0724836986330197
127,Sr5Nb2Ta2O15,II,Sr,False,True,34.3,40.494614,1.3497869,25.723738,14.627942,-0.0015766401,0.14451034,0.78458506,True,True,0.17056593,0.14629455,0.9844035581224484,0.95,1.55,0.08192,1.0,64.67,0.0,0.0,0.8086717106532696,0.4429816011551017,0.0,0.568655379711922
128,Sr5Nb3TaO15,II,Sr,False,True,38.2,42.987133,1.5107396,23.815638,18.987398,-0.0012370633,0.1853362,0.7779826,True,True,0.14804022,0.12697423,0.9844035581224484,0.95,1.5750000000000002,0.08192,1.0,64.09,0.0,0.0,0.656057668721943,0.5168118680142852,0.0,0.7972659812850699
129,Li0.774Zr0.057NbO3,III,Other,True,False,30.97,31.604961,1.229562,11.842252,19.489216,-0.00039423193,0.2738881,0.5,True,False,1.7213045,1.0,0.8508881706081359,0.98,1.5854399243140969,0.08357815020305438,1.0,9.278469999999999,1.0,0.0,0.1788184630775815,0.5105329023648816,0.0,1.6457356252847852
130,Li0.774Zr0.057NbO3,III,Other,True,False,38.66,31.604961,1.229562,11.842252,19.489216,-0.00039423193,0.2738881,0.5,True,False,1.7213045,1.0,0.8508881706081359,0.98,1.5854399243140969,0.08357815020305438,1.0,9.278469999999999,1.0,0.0,0.1788184630775815,0.5105329023648816,0.0,1.6457356252847852
131,Li0.774Zr0.057NbO3,III,Other,True,False,27.75,30.755304,1.219976,11.842252,18.631691,-0.0003936585,0.28175452,0.5,True,False,1.7213045,1.0,0.8508881706081359,0.98,1.5854399243140969,0.08357815020305438,1.0,9.278469999999999,1.0,0.0,0.01788184630775815,0.5105329023648816,0.0,1.5733233003317275
132,Li0.774Zr0.057NbO3,III,Other,True,False,33.01,31.604961,1.229562,11.842252,19.489216,-0.00039423193,0.2738881,0.5,True,False,1.7213045,1.0,0.8508881706081359,0.98,1.5854399243140969,0.08357815020305438,1.0,9.278469999999999,1.0,0.0,0.1788184630775815,0.5105329023648816,0.0,1.6457356252847852
133,Ba6Nb4ZrO18,Ib,Ba,True,False,32.4,34.559544,1.7355293,20.063452,14.291471,-0.0017755358,0.20639591,0.85221463,True,True,0.43842605,0.3760384,1.0352098304336126,0.89,1.5460000000000003,0.08842643923240938,1.0,83.03,0.0,0.0,0.6023362505552261,0.5788741017398324,0.0,0.7123136636706384
134,Ba6Ta4TiO18,Ib,Ba,True,False,29.3,33.301033,0.80236197,27.882917,5.307248,-0.010418686,0.12128524,0.8662883,True,True,0.5063136,0.43426564,1.0469215009205646,0.89,1.5080000000000002,0.08367312951366797,1.0,85.03,0.0,0.0,0.5745361159142157,0.41935453959495167,0.0,0.19034048697272243
135,Ba5SrNb4TiO18,Ib,Ba,True,False,50.8,49.837082,1.7066473,22.405773,26.97784,-0.0010522183,0.45451468,0.8568579,True,True,0.46020326,0.39471674,1.0370667581101274,0.9,1.5880000000000003,0.08367312951366797,1.0,81.71000000000001,0.0,0.0,0.5374692697262018,0.6547946044851133,0.0,1.2040575435625454
136,Ba5SrNb4ZrO18,Ib,Ba,True,False,39.5,38.891106,2.2795653,20.386436,18.213266,-0.0013010313,0.2927061,0.83244216,True,True,0.3515417,0.30151764,1.025465330368623,0.9,1.5460000000000003,0.08842643923240938,1.0,82.03,0.0,0.0,0.5930695390082227,0.5847208017788262,0.0,0.8934011810597988
137,Ba5SrTa4TiO18,Ib,Ba,True,False,34.9,35.691692,0.83013177,28.606384,6.9034677,-0.005848615,0.18769252,0.84842366,True,True,0.42106193,0.3611452,1.0370667581101274,0.9,1.5080000000000002,0.08367312951366797,1.0,84.03,0.0,0.0,0.5745361159142157,0.423690626431544,0.0,0.24132612146994883
138,Sr6Nb4TiO18,Ib,Sr,False,True,46.2,40.67746,2.3543746,24.341005,16.130651,-0.0032526657,0.20905323,0.77374446,True,True,0.13383262,0.11478835,0.9877930440579412,0.95,1.5880000000000003,0.08367312951366797,1.0,76.71,0.0,0.0,0.6023362505552261,0.6716992699594,0.0,0.6626945354146224
139,BaZn0.333Ta0.667O3,Ib,Ba,True,False,29.5,29.490362,0.6642688,24.269247,5.244719,-0.0050705406,-0.018531103,0.19465652,True,False,0.33809444,0.2899839,1.026571847475767,0.89,1.5499500000000002,0.0712735826041586,0.667,14.363859999999999,0.0,0.0,0.6362828691929282,0.19478297332009903,0.0,0.21610555119406877
140,BaZn0.333Ta0.667O3,Ib,Ba,True,False,29.6,28.979437,0.7411089,24.269247,4.742896,-0.0022619541,-0.030445302,0.19465652,True,False,0.33809444,0.2899839,1.026571847475767,0.89,1.5499500000000002,0.0712735826041586,0.667,14.363859999999999,0.0,0.0,0.7305469979622509,0.19478297332009903,0.0,0.19542823063278394
141,BaZn0.333Ta0.667O3,Ib,Ba,True,False,28.4,28.843939,0.7470611,24.269247,4.6064186,-0.0024715818,-0.029253101,0.19465652,True,False,0.33809444,0.2899839,1.026571847475767,0.89,1.5499500000000002,0.0712735826041586,0.667,14.363859999999999,0.0,0.0,0.7776790623469123,0.19478297332009903,0.0,0.18980475990870255
142,BaZn0.333Ta0.667O3,Ib,Ba,True,False,30.2,29.20927,0.74871856,24.269247,4.9736123,-0.0020034635,-0.031584106,0.19465652,True,False,0.33809444,0.2899839,1.026571847475767,0.89,1.5499500000000002,0.0712735826041586,0.667,14.363859999999999,0.0,0.0,0.6598489013852589,0.19478297332009903,0.0,0.2049347596157392
143,NdCo0.5Ti0.5O3,III,Other,True,False,27.0,26.298111,0.6044887,22.47137,3.806778,-0.016059736,0.036023185,0.34203961,True,False,0.7845286,0.6728909,0.9098675208520876,1.14,1.71,0.06881527890689836,0.5,11.94,0.0,0.0,0.7393569925972749,0.4549337604260438,1.14,0.16940569266582323
144,Sr5Nb4O15,II,Sr,False,True,45.2,49.750526,1.7198431,22.153278,27.287594,-0.0007730049,0.31042778,0.7712378,True,True,0.12551808,0.10765697,0.9844035581224484,0.95,1.6,0.08192,1.0,63.51,0.0,0.0,-0.0,0.590642134873469,0.0,1.2317632632064655
145,Nd0.9Sr0.1Co0.45Ti0.55O3,III,Other,True,False,29.32,29.056131,0.85647714,23.710814,5.3292336,-0.0304691,0.046551824,0.31424415,True,False,0.71099883,0.6098243,0.9187601165610508,1.121,1.693,0.07206435700856671,0.55,12.065999999999999,0.0,0.0,0.7340147346278276,0.505318064108578,1.121,0.22475962233941021
146,Ba2SrYNb3O12,Ib,Ba,True,False,34.1,38.79484,2.8236525,0.0,34.7496,-0.0005021049,0.47214118,0.98529756,False,True,0.11946846,0.1024682,0.9920769724960904,0.9099999999999999,1.5050000000000001,0.07439590994708045,0.75,50.53,0.0,0.0,0.6039895997757572,0.4464346376232406,0.0,
147,BaSr2YNb3O12,II,Sr,True,False,34.7,35.314716,1.7109195,0.0,32.611145,-0.00047610854,0.48326683,0.98849785,False,True,0.26445967,0.2268273,0.9730416355520344,0.9299999999999999,1.5050000000000001,0.07439590994708045,0.75,49.53,0.0,0.0,0.6039895997757572,0.4378687359984154,0.0,
148,Sr3YNb3O12,III,Sr,True,False,34.9,34.715363,1.5561554,0.0,29.474512,-0.00042940406,0.40002814,0.99196565,False,True,0.4756701,0.40798268,0.9540062986079784,0.95,1.5050000000000001,0.07439590994708045,0.75,48.53,0.0,0.0,0.6039895997757572,0.4293028343735903,0.0,
149,BaZn0.33Ta0.67O3,Ib,Ba,True,False,29.1,28.669687,0.5246253,24.380663,4.3045607,-0.0030486002,-0.012486128,0.19506627,True,False,0.33961684,0.29128966,1.026720410695373,0.89,1.5495,0.07139835081404565,0.67,14.368599999999999,0.0,0.0,0.7046429285691175,0.1956291974502301,0.0,0.1765563430330012
150,BaZn0.33Ta0.67O3,Ib,Ba,True,False,30.4,28.669687,0.5246253,24.380663,4.3045607,-0.0030486002,-0.012486128,0.19506627,True,False,0.33961684,0.29128966,1.026720410695373,0.89,1.5495,0.07139835081404565,0.67,14.368599999999999,0.0,0.0,0.7046429285691175,0.1956291974502301,0.0,0.1765563430330012
151,Sr0.1Ba0.9Ti0.1Zn0.3Ta0.6O3,Ib,Ba,True,False,33.7,32.9255,1.1474687,25.39764,7.5083275,-0.002991033,0.022520568,0.18843216,True,False,0.31466106,0.26988506,1.0241328797925655,0.896,1.549,0.07358560145585893,0.7,14.247,0.0,0.0,0.9977174720630887,0.2732427936580817,0.0,0.2956309129509671
152,BaMg0.333Nb0.667O3,Ib,Ba,True,False,31.2,30.641293,1.4641418,18.161348,12.436866,-0.0026882,0.045768477,0.22347577,True,False,0.4398242,0.3772376,1.029880100729449,0.89,1.5034300000000003,0.07075562717619638,0.667,13.73724,0.0,0.0,0.6362828691929282,0.3882419836880746,0.0,0.6847986173713537
153,BaMg0.333Nb0.667O3,Ib,Ba,True,False,31.5,30.456997,1.422878,18.161348,12.257047,-0.0029820297,0.041582573,0.22347577,True,False,0.4398242,0.3772376,1.029880100729449,0.89,1.5034300000000003,0.07075562717619638,0.667,13.73724,0.0,0.0,0.7069809657699203,0.3882419836880746,0.0,0.6748974250149273
154,BaMg0.333Nb0.667O3,Ib,Ba,True,False,31.0,30.641293,1.4641418,18.161348,12.436866,-0.0026882,0.045768477,0.22347577,True,False,0.4398242,0.3772376,1.029880100729449,0.89,1.5034300000000003,0.07075562717619638,0.667,13.73724,0.0,0.0,0.6362828691929282,0.3882419836880746,0.0,0.6847986173713537
155,BaZn0.25Ta0.50Ti0.33O3,Ib,Ba,True,False,31.5,32.139206,0.5053112,31.78795,3.0283356,-2.675611,-0.001469687,0.21319827,True,False,0.4047136,0.3471232,1.0369984996644614,0.89,1.5469444444444442,0.07813307580995248,0.7685185185185185,14.5569,0.0,0.0,1.034021521141568,0.4280006668157949,0.0,0.09526677876365101
156,BaSn0.226Zn0.255Nb0.515O3,Ib,Ba,True,False,32.0,32.97569,1.1646662,19.556099,13.3858795,-0.0025853089,0.036296,0.18849364,True,False,0.3148954,0.27008605,1.0247688557342125,0.89,1.694487951807229,0.05648962335801233,0.5170682730923695,13.99538,0.0,0.0,1.1404765739195677,0.3025566501788437,0.0,0.6844861799891686
157,Ba3YNb3O12,Ib,Ba,True,False,29.9,37.08304,2.2227013,0.0,31.918964,-0.00053578644,0.44632357,0.9868294,False,True,0.18450621,0.15825114,1.0111123094401462,0.89,1.5050000000000001,0.07439590994708045,0.75,51.53,0.0,0.0,0.6039895997757572,0.4449994607519342,0.0,
158,La0.680Al0.04Ti0.96O3,II,Other,True,False,71.9,69.90773,1.2293116,19.827782,49.95632,-0.00049259886,0.12412067,0.20832558,True,False,0.38763633,0.33247602,0.9747351493731252,1.1,1.5428,0.08798994721909456,0.96,11.6556,0.0,0.0,0.1648340709242809,0.9357457433982,1.1,2.519511259504467
159,La0.687Al0.06Ti0.94O3,II,Other,True,False,67.6,67.530594,1.1111727,19.806843,47.60609,-0.0005120342,0.11817811,0.20695324,True,False,0.38277367,0.3283053,0.9754171911609713,1.1,1.5442,0.08622747084184658,0.94,11.64143,0.0,0.0,0.22276442023207477,0.9168921596913128,1.1,2.4035173096489935
160,La0.693Al0.08Ti0.92O3,II,Other,True,False,66.9,65.3323,1.0585195,19.737913,45.482624,-0.0005303039,0.11229484,0.20557551,True,False,0.37786806,0.32409775,0.9761001880938636,1.1,1.5456,0.08446210167514638,0.92,11.62317,0.0,0.0,0.2787693717685874,0.8980121730463546,1.1,2.3043279195728545
161,Ca4La2Ti4Mg0.333Nb0.667O17,III,Ca,True,False,59.3,49.120533,2.5300114,0.0,52.045574,-0.0002562242,0.87440205,0.9975274,False,True,1.492422,1.0,0.907138962824199,1.0,1.4090614285714287,0.07940673917405373,0.6667142857142857,69.17723999999998,0.0,0.0,1.1938963433598129,0.5702275520312915,0.0,
162,Ca4La2Ti3Mg0.667Nb.333O17,III,Ca,True,False,49.21,46.78518,1.7073922,15.057605,31.290821,-0.0005878548,0.4373412,0.85993785,True,True,0.4749759,0.40738726,0.9572443438776042,1.0333333333333332,1.5199850010713525,0.08409548444256783,0.8570816370259268,67.70043999999999,0.0,0.0,1.017761041753423,0.7383928943559835,0.0,2.0780742355773048
163,Ca4La2Ti2.5Mg0.833Nb.667O17,III,Ca,True,False,44.36,43.660492,1.8447864,0.0,43.684967,-0.00038021657,0.6835234,0.9919735,False,True,0.47623938,0.40847093,0.9543043398712092,1.0333333333333332,1.5096307408262173,0.08188800223171261,0.8077544426494345,66.45455999999999,0.0,0.0,1.1096186301887867,0.6827471621511075,0.0,
164,Ca4La2Ti2MgNb2O17,III,Ca,True,False,40.45,40.976086,1.1032155,0.0,39.184776,-0.0002634685,0.66931844,0.9975274,False,True,1.4663286,1.0,0.8997152755179767,1.0,1.3985714285714286,0.07173318946132741,0.5714285714285714,68.25,0.0,0.0,1.542035074967448,0.4112984116653608,0.0,
165,Ca4La2TiMg.333Nb2.667O17,III,Ca,True,False,35.23,41.682556,0.9192869,0.0,33.72224,-0.000272405,0.6059786,0.9975274,False,True,1.4965053,1.0,0.895177834426526,1.0,1.3975101244937753,0.0692199350736555,0.5500224988750563,67.34768,0.0,0.0,1.4793412262345118,0.34912875432366175,0.0,
166,Pb0.55Ca0.45Fe0.475Nb0.475Zr0.05O3,II,Ca,True,False,108.5,101.9993,4.10949,30.60699,71.12642,-0.00031425955,0.26620507,0.19754837,True,False,0.34878823,0.29915598,0.9752899101577328,1.7315,1.6957499999999999,0.05463390620802143,0.525,13.11075,0.55,0.0,0.7300413515625879,0.30721632169968577,0.0,2.3238619674786705
167,Pb0.50Ca0.50Fe0.475Nb0.475Zr0.05O3,II,Ca,True,False,94.3,92.868675,3.7403107,29.192327,63.44095,-0.00033230038,0.2357415,0.2041835,True,False,0.37288672,0.31982526,0.9726983514947805,1.665,1.6957499999999999,0.05463390620802143,0.525,12.99925,0.5,0.0,0.7300413515625879,0.3063999807208558,0.0,2.173206336034808
168,Pb0.45Ca0.55Fe0.475Nb0.475Zr0.05O3,II,Ca,True,False,81.2,82.80629,3.3303585,27.882694,54.71639,-0.00036208885,0.20757198,0.21108505,True,False,0.3973429,0.34080136,0.970106792831828,1.5985,1.6957499999999999,0.05463390620802143,0.525,12.887749999999999,0.45,0.0,0.7300413515625879,0.3055836397420258,0.0,1.9623781690535353
169,Pb0.40Ca0.60Fe0.475Nb0.475Zr0.05O3,II,Ca,True,False,67.2,69.3427,1.8758096,26.666893,42.507458,-0.00041546734,0.16876541,0.21825865,True,False,0.42214996,0.3620784,0.9675152341688756,1.532,1.6957499999999999,0.05463390620802143,0.525,12.776249999999997,0.4,0.0,0.7300413515625879,0.30476729876319575,0.0,1.5940161457879625
170,Ca4La2Ti5O17,II,Ca,True,False,71.86,70.467094,1.6678133,19.940372,49.90085,-0.0004316335,0.6263164,0.8565194,True,True,0.4585965,0.39333862,0.9686716337451624,1.0333333333333332,1.54,0.09150625,1.0,69.63999999999999,0.0,0.0,-0.0,0.9686716337451623,0.0,2.502503463827054
171,Pb0.55Ca0.45Fe0.475Nb0.475Zr0.05O3,II,Ca,True,False,100.1,102.45421,4.1550684,30.60699,71.58009,-0.00031299645,0.2674342,0.19754837,True,False,0.34878823,0.29915598,0.9752899101577328,1.7315,1.6957499999999999,0.05463390620802143,0.525,13.11075,0.55,0.0,0.761782279891396,0.30721632169968577,0.0,2.3386843985638572
172,Pb0.45Ca0.55Fe0.475Nb0.475Zr0.05O3,II,Ca,True,False,86.8,83.3338,3.403376,27.882694,55.242607,-0.0003604208,0.20885496,0.21108505,True,False,0.3973429,0.34080136,0.970106792831828,1.5985,1.6957499999999999,0.05463390620802143,0.525,12.887749999999999,0.45,0.0,0.761782279891396,0.3055836397420258,0.0,1.9812506998068407
173,Pb0.40Ca0.60Fe0.475Nb0.475Zr0.05O3,II,Ca,True,False,70.1,69.816986,1.8738109,26.666893,42.9806,-0.00041368027,0.16990097,0.21825865,True,False,0.42214996,0.3620784,0.9675152341688756,1.532,1.6957499999999999,0.05463390620802143,0.525,12.776249999999997,0.4,0.0,0.761782279891396,0.30476729876319575,0.0,1.6117588201970137
174,Pb0.60Ca0.40Fe0.495Nb0.495Zr0.01O3,II,Other,True,False,126.7,128.1025,2.6232765,32.32845,95.37548,-0.000325025,0.398868,0.18608461,True,False,0.305669,0.26217258,0.9793650833871748,1.798,1.7111500000000002,0.05212021963415478,0.505,13.198849999999997,0.6,0.0,0.6322591330189424,0.29674762026631396,0.0,2.950202685250917
175,Pb0.55Ca0.45Fe0.495Nb0.495Zr0.01O3,II,Ca,True,False,90.6,98.04759,4.5074024,30.774385,67.031654,-0.00032684262,0.24188694,0.1922886,True,False,0.329248,0.28239632,0.9767695928834984,1.7315,1.7111500000000002,0.05212021963415478,0.505,13.087349999999997,0.55,0.0,0.6322591330189424,0.2959611866437,0.0,2.17816388532216
176,Pb0.50Ca0.50Fe0.495Nb0.495Zr0.01O3,II,Ca,True,False,86.3,91.00729,3.8206146,29.341125,61.443867,-0.00034133237,0.22264378,0.19875327,True,False,0.35320893,0.3029476,0.9741741023798222,1.665,1.7111500000000002,0.05212021963415478,0.505,12.975849999999998,0.5,0.0,0.6322591330189424,0.2951747530210861,0.0,2.0941210331914673
177,Pb0.45Ca0.55Fe0.495Nb0.495Zr0.01O3,II,Ca,True,False,82.5,81.809044,3.141487,28.015194,53.595055,-0.0003700958,0.19917043,0.20548327,True,False,0.37753877,0.32381535,0.971578611876146,1.5985,1.7111500000000002,0.05212021963415478,0.505,12.864349999999998,0.45,0.0,0.6322591330189424,0.29438831939847226,0.0,1.9130709928333889
178,Pb0.40Ca0.60Fe0.495Nb0.495Zr0.01O3,II,Ca,True,False,68.7,69.61998,2.0198839,26.785053,42.668976,-0.00042018527,0.16637738,0.21248408,True,False,0.40222856,0.3449918,0.9689831213724696,1.532,1.7111500000000002,0.05212021963415478,0.505,12.752849999999999,0.4,0.0,0.6322591330189424,0.29360188577585833,0.0,1.5930144323403055
179,Pb0.60Ca0.40Fe0.495Nb0.495Zr0.01O3,II,Other,True,False,128.4,128.22171,2.6658428,32.32845,95.495056,-0.00032397654,0.39852637,0.18608461,True,False,0.305669,0.26217258,0.9793650833871748,1.798,1.7111500000000002,0.05212021963415478,0.505,13.198849999999997,0.6,0.0,0.659748660541505,0.29674762026631396,0.0,2.953901470686037
180,Pb0.55Ca0.45Fe0.495Nb0.495Zr0.01O3,II,Ca,True,False,97.1,98.455185,4.438018,30.774385,67.43822,-0.00032565108,0.24291353,0.1922886,True,False,0.329248,0.28239632,0.9767695928834984,1.7315,1.7111500000000002,0.05212021963415478,0.505,13.087349999999997,0.55,0.0,0.659748660541505,0.2959611866437,0.0,2.1913750672840417
181,Pb0.50Ca0.50Fe0.495Nb0.495Zr0.01O3,II,Ca,True,False,89.2,91.41054,3.79116,29.341125,61.84618,-0.00033990256,0.22356787,0.19875327,True,False,0.35320893,0.3029476,0.9741741023798222,1.665,1.7111500000000002,0.05212021963415478,0.505,12.975849999999998,0.5,0.0,0.659748660541505,0.2951747530210861,0.0,2.107832606963775
182,Pb0.45Ca0.55Fe0.495Nb0.495Zr0.01O3,II,Ca,True,False,85.3,82.332886,3.1574047,28.015194,54.117657,-0.0003683563,0.20040374,0.20548327,True,False,0.37753877,0.32381535,0.971578611876146,1.5985,1.7111500000000002,0.05212021963415478,0.505,12.864349999999998,0.45,0.0,0.659748660541505,0.29438831939847226,0.0,1.9317252273891088
183,Pb0.50Ca0.50Fe0.475Nb0.475Zr0.05O3,II,Ca,True,False,96.5,93.291504,3.7864883,29.192327,63.86272,-0.0003309182,0.23678668,0.2041835,True,False,0.37288672,0.31982526,0.9726983514947805,1.665,1.6957499999999999,0.05463390620802143,0.525,12.99925,0.5,0.0,0.761782279891396,0.3063999807208558,0.0,2.1876543106686905
184,BaZn0.20Co0.133Nb0.667O3,Ib,Ba,True,False,35.5,34.897152,0.8254883,19.781626,15.0885315,-0.003504262,0.030502507,0.20518856,True,False,0.3764859,0.3229123,1.0262426855667806,0.89,1.64724,0.0713231088181709,0.667,13.98897,0.0,0.0,0.8762461593450436,0.38969767723617443,0.0,0.7627548665615254
185,BaCo0.233Zn0.100Nb0.667O3,Ib,Ba,True,False,34.5,33.27021,1.4677272,19.820686,13.43885,-0.022057746,0.0327291,0.20634738,True,False,0.38061935,0.32645756,1.025995334397788,0.89,1.6702400000000002,0.07136039192766011,0.667,13.997969999999999,0.0,0.0,0.8708885008203837,0.3897966671740052,0.0,0.6780214367958809
186,La0.8Ti0.6Al0.4O3,Ia,Other,True,False,38.7,35.823246,0.9306849,19.154928,16.63317,-0.0031671815,0.038314182,0.18311602,True,False,0.2941719,0.2523115,0.987159694524467,1.1,1.568,0.055816886771091395,0.6,11.376,0.0,0.0,0.7104012040653264,0.5922958167146801,1.1,0.8683493876875965
187,La0.700Al0.10Ti0.90O3,II,Other,True,False,62.6,61.39907,1.3014253,19.716803,41.564873,-0.0005535359,0.11795558,0.20419279,True,False,0.37291998,0.31985378,0.9767841421796152,1.1,1.5470000000000002,0.08269383259115037,0.9,11.608999999999998,0.0,0.0,0.3250829733914482,0.8791057279616535,1.1,2.108093944033422
188,La0.708Al0.125Ti0.875O3,II,Other,True,False,60.7,59.048523,1.1490778,19.654562,39.282673,-0.00057859754,0.111869074,0.20245776,True,False,0.36667594,0.31449828,0.977640433850906,1.1,1.54875,0.0804794073306904,0.875,11.58822,0.0,0.0,0.37677016125643675,0.8554353796195426,1.1,1.9986542055732408
189,La0.717Al0.15Ti0.85O3,II,Other,True,False,57.7,56.721302,1.004819,19.639772,36.976776,-0.00060856703,0.10536794,0.20071606,True,False,0.36036757,0.30908757,0.9784982281648889,1.1,1.5505,0.0782604257547778,0.85,11.57153,0.0,0.0,0.43053703387647224,0.8317234939401555,1.1,1.8827497590094222
190,La0.733Al0.20Ti0.80O3,II,Other,True,False,53.9,51.75072,1.0117795,19.515041,32.151936,-0.0007684849,0.084514506,0.19721548,True,False,0.34756336,0.2981054,0.9802183405700003,1.1,1.5540000000000003,0.07380873729123276,0.8,11.529969999999999,0.0,0.0,0.5189358466321948,0.7841746724560004,1.1,1.6475464232947294
191,La0.767Al0.30Ti0.70O3,II,Other,True,False,44.9,42.895737,1.1651564,19.358976,23.475458,-0.0011453416,0.06244872,0.19016895,True,False,0.32125843,0.27554363,0.9836767722151568,1.1,1.561,0.06485006129225518,0.7,11.455029999999999,0.0,0.0,0.6448012077246098,0.6885737405506096,1.1,1.2126394495246031
192,La0.800Al0.40Ti0.60O3,Ia,Other,True,False,39.6,35.84801,0.92020655,19.154928,16.657532,-0.0031438682,0.03869406,0.18311602,True,False,0.2941719,0.2523115,0.987159694524467,1.1,1.568,0.055816886771091395,0.6,11.376,0.0,0.0,0.6979380250466364,0.5922958167146801,1.1,0.8696212274982187
193,La0.833Al0.50Ti0.50O3,Ia,Other,True,False,34.4,32.409176,1.0183442,18.950201,13.430217,-0.0047360323,0.033494867,0.17614247,True,False,0.2665822,0.22864778,0.9906673685659244,1.1,1.5750000000000002,0.04670828057602069,0.5,11.296969999999998,0.0,0.0,0.73165535725772,0.4953336842829622,1.1,0.7087110579988044
194,La0.680Al0.04Ti0.96O3,II,Other,True,False,70.4,69.90575,1.2175219,19.827782,49.95467,-0.0004924085,0.12379225,0.20832558,True,False,0.38763633,0.33247602,0.9747351493731252,1.1,1.5428,0.08798994721909456,0.96,11.6556,0.0,0.0,0.167944147734173,0.9357457433982,1.1,2.5194280429349085
195,La0.687Al0.06Ti0.94O3,II,Other,True,False,68.0,67.530594,1.1111727,19.806843,47.60609,-0.0005120342,0.11817811,0.20695324,True,False,0.38277367,0.3283053,0.9754171911609713,1.1,1.5442,0.08622747084184658,0.94,11.64143,0.0,0.0,0.22276442023207477,0.9168921596913128,1.1,2.4035173096489935
196,La0.693Al0.08Ti0.92O3,II,Other,True,False,66.7,65.31752,1.0449106,19.737913,45.468243,-0.00053016125,0.11189763,0.20557551,True,False,0.37786806,0.32409775,0.9761001880938636,1.1,1.5456,0.08446210167514638,0.92,11.62317,0.0,0.0,0.28393176754207977,0.8980121730463546,1.1,2.303599321772267
197,La0.700Al0.10Ti0.90O3,II,Other,True,False,65.3,61.39907,1.3014253,19.716803,41.564873,-0.0005535359,0.11795558,0.20419279,True,False,0.37291998,0.31985378,0.9767841421796152,1.1,1.5470000000000002,0.08269383259115037,0.9,11.608999999999998,0.0,0.0,0.3250829733914482,0.8791057279616535,1.1,2.108093944033422
198,BaCo0.333Nb0.667O3,Ib,Ba,True,False,32.0,32.890842,1.6438928,19.859848,12.990515,-0.00435538,0.044833936,0.20753603,True,False,0.38484156,0.33007896,1.0257481024361896,0.89,1.6932400000000003,0.07139771403593313,0.667,14.006969999999999,0.0,0.0,0.6834149335775896,0.3898956094050369,0.0,0.6541094876456255
199,La0.708Al0.125Ti0.875O3,II,Other,True,False,60.8,59.048523,1.1490778,19.654562,39.282673,-0.00057859754,0.111869074,0.20245776,True,False,0.36667594,0.31449828,0.977640433850906,1.1,1.54875,0.0804794073306904,0.875,11.58822,0.0,0.0,0.37677016125643675,0.8554353796195426,1.1,1.9986542055732408
200,La0.733Al0.20Ti0.80O3,II,Other,True,False,53.1,51.75072,1.0117795,19.515041,32.151936,-0.0007684849,0.084514506,0.19721548,True,False,0.34756336,0.2981054,0.9802183405700003,1.1,1.5540000000000003,0.07380873729123276,0.8,11.529969999999999,0.0,0.0,0.5189358466321948,0.7841746724560004,1.1,1.6475464232947294
201,La0.767Al0.30Ti0.70O3,II,Other,True,False,46.3,42.963554,1.1713136,19.358976,23.542698,-0.0011380316,0.06301562,0.19016895,True,False,0.32125843,0.27554363,0.9836767722151568,1.1,1.561,0.06485006129225518,0.7,11.455029999999999,0.0,0.0,0.6334889058347043,0.6885737405506096,1.1,1.216112773733487
202,La0.800Al0.40Ti0.60O3,Ia,Other,True,False,40.0,35.84801,0.92020655,19.154928,16.657532,-0.0031438682,0.03869406,0.18311602,True,False,0.2941719,0.2523115,0.987159694524467,1.1,1.568,0.055816886771091395,0.6,11.376,0.0,0.0,0.6979380250466364,0.5922958167146801,1.1,0.8696212274982187
203,La0.833Al0.50Ti0.50O3,Ia,Other,True,False,36.6,32.409176,1.0183442,18.950201,13.430217,-0.0047360323,0.033494867,0.17614247,True,False,0.2665822,0.22864778,0.9906673685659244,1.1,1.5750000000000002,0.04670828057602069,0.5,11.296969999999998,0.0,0.0,0.73165535725772,0.4953336842829622,1.1,0.7087110579988044
204,La0.8Ti0.6Al0.4O3,Ia,Other,True,False,29.4,35.897263,0.8994854,19.154928,16.705978,-0.0030982837,0.039453518,0.18311602,True,False,0.2941719,0.2523115,0.987159694524467,1.1,1.568,0.055816886771091395,0.6,11.376,0.0,0.0,0.6730116670092565,0.5922958167146801,1.1,0.8721503938829737
205,La0.8Ti0.6Al0.4O3,Ia,Other,True,False,34.2,35.897263,0.8994854,19.154928,16.705978,-0.0030982837,0.039453518,0.18311602,True,False,0.2941719,0.2523115,0.987159694524467,1.1,1.568,0.055816886771091395,0.6,11.376,0.0,0.0,0.6730116670092565,0.5922958167146801,1.1,0.8721503938829737
206,La0.8Ti0.6Al0.4O3,Ia,Other,True,False,35.1,35.87268,0.90980536,19.154928,16.681797,-0.0031209101,0.039073803,0.18311602,True,False,0.2941719,0.2523115,0.987159694524467,1.1,1.568,0.055816886771091395,0.6,11.376,0.0,0.0,0.6854748460279465,0.5922958167146801,1.1,0.8708880033378354
207,La0.8Ti0.6Al0.4O3,Ia,Other,True,False,38.7,35.87268,0.90980536,19.154928,16.681797,-0.0031209101,0.039073803,0.18311602,True,False,0.2941719,0.2523115,0.987159694524467,1.1,1.568,0.055816886771091395,0.6,11.376,0.0,0.0,0.6854748460279465,0.5922958167146801,1.1,0.8708880033378354
208,La0.8Ti0.6Al0.4O3,Ia,Other,True,False,39.6,35.84801,0.92020655,19.154928,16.657532,-0.0031438682,0.03869406,0.18311602,True,False,0.2941719,0.2523115,0.987159694524467,1.1,1.568,0.055816886771091395,0.6,11.376,0.0,0.0,0.6979380250466364,0.5922958167146801,1.1,0.8696212274982187
209,La0.8Ti0.6Al0.4O3,Ia,Other,True,False,40.0,35.84801,0.92020655,19.154928,16.657532,-0.0031438682,0.03869406,0.18311602,True,False,0.2941719,0.2523115,0.987159694524467,1.1,1.568,0.055816886771091395,0.6,11.376,0.0,0.0,0.6979380250466364,0.5922958167146801,1.1,0.8696212274982187
210,La0.8Ti0.6Al0.4O3,Ia,Other,True,False,38.3,35.823246,0.9306849,19.154928,16.63317,-0.0031671815,0.038314182,0.18311602,True,False,0.2941719,0.2523115,0.987159694524467,1.1,1.568,0.055816886771091395,0.6,11.376,0.0,0.0,0.7104012040653264,0.5922958167146801,1.1,0.8683493876875965
211,La0.717Al0.15Ti0.85O3,II,Other,True,False,54.4,56.721302,1.004819,19.639772,36.976776,-0.00060856703,0.10536794,0.20071606,True,False,0.36036757,0.30908757,0.9784982281648889,1.1,1.5505,0.0782604257547778,0.85,11.57153,0.0,0.0,0.43053703387647224,0.8317234939401555,1.1,1.8827497590094222
212,Ba6Nb4TiO18,Ib,Ba,True,False,46.2,44.831776,1.508603,22.012074,22.464502,-0.0013716177,0.35656863,0.8743081,True,True,0.54774296,0.46979964,1.0469215009205646,0.89,1.5880000000000003,0.08367312951366797,1.0,82.71,0.0,0.0,0.5282025581791984,0.648093379374016,0.0,1.0205536288856742
213,CaTi0.50Mg0.1667Nb0.3333O3,III,Ca,True,False,54.31,53.16439,2.0145383,20.533365,32.53416,-0.0005587266,0.09743137,0.24677941,True,False,0.5154109,0.4420684,0.9516840160264092,1.0,1.521657,0.08189001426018533,0.8332999999999999,11.888276,0.0,0.0,1.0863479101404658,0.6661597775381659,0.0,1.5844534005994633
214,CaTi0.35Mg0.2167Nb0.4333O3,III,Ca,True,False,44.24,45.392418,1.4288924,18.804413,26.504242,-0.00059449143,0.084361106,0.24900281,True,False,0.52236295,0.44803116,0.9473795138449632,1.0,1.516157,0.07872190961703995,0.7833,11.818776,0.0,0.0,1.139811649448167,0.5778825558551506,0.0,1.4094692559666713
215,Ca0.45Li0.175Dy0.0667Nd0.2417TiO3,III,Ca,True,False,100.1,115.903305,2.8953977,25.010122,89.87467,-0.00031346362,1.018821,0.31738108,True,False,0.71946204,0.61708325,0.9371296693407812,1.0482236983072637,1.54,0.09150625,1.0,11.386954,0.18748660809942147,0.0,-0.0,0.9371296693407812,0.0,3.593531850824238
216,Ca0.45Li0.225Dy0.0333Nd0.2583TiO3,III,Ca,True,False,105.1,117.8371,2.6755736,25.189201,91.52289,-0.0003007403,1.1253006,0.32316804,True,False,0.7349587,0.6303747,0.9346719791925052,1.040335195530726,1.54,0.09150625,1.0,11.353045999999999,0.23277467411545624,0.0,-0.0,0.9346719791925053,0.0,3.633417749137815
217,Ca0.30Li0.20Dy0.10Nd0.30TiO3,III,Other,True,False,97.6,104.25017,3.7729158,24.067898,79.3781,-0.00037771137,0.80455434,0.34294206,True,False,0.7868648,0.67489463,0.9294858880434972,1.0666666666666667,1.54,0.09150625,1.0,11.202,0.22222222222222224,0.0,-0.0,0.9294858880434972,1.0666666666666667,3.298090261143703
218,Ca0.20Li0.25Dy0.10Nd0.35TiO3,III,Other,True,False,89.4,97.61637,5.47511,23.595482,73.164444,-0.00046784367,0.8569089,0.3658208,True,False,0.84517336,0.72490597,0.9226283825457058,1.0733333333333333,1.54,0.09150625,1.0,11.0565,0.2777777777777778,0.0,-0.0,0.9226283825457058,1.0733333333333333,3.1007819208779037
219,Ca0.40Li0.25Dy0.0333Nd0.2833TiO3,III,Ca,True,False,103.0,113.67246,3.551316,24.869036,87.772766,-0.00031892123,1.030985,0.33329642,True,False,0.76173794,0.6533433,0.9314794719775186,1.0434388578522655,1.54,0.09150625,1.0,11.280296,0.25863852679495136,0.0,-0.0,0.9314794719775186,0.0,3.529399611629498
220,Ca0.10Li0.25Dy0.1333Nd0.3833TiO3,III,Other,True,False,70.6,78.949905,5.4141846,23.123892,55.145447,-0.00048148812,0.68104255,0.38465193,True,False,0.89200723,0.7650754,0.9176920005095816,1.0899930763904915,1.54,0.09150625,1.0,10.944296,0.2884837295176552,0.0,-0.0,0.9176920005095817,1.0899930763904915,2.3847822416745412
221,Ca0.5Pb0.5Zr0.95Ti0.05O3,III,Ca,True,False,72.0,71.91089,3.0928419,26.674992,44.917164,-0.00026528072,0.31900144,0.3375205,True,False,0.772785,0.6628184,0.9414712493981938,1.665,1.3405,0.12695740260609203,1.0,13.539,0.5,0.0,0.1985152433458726,0.5837121746268802,0.0,1.6838679464271256
222,Ca4La2Ti5O17,II,Ca,True,False,73.0,70.800156,2.1236207,19.940372,50.197685,-0.00044401828,0.6625414,0.8565194,True,True,0.4585965,0.39333862,0.9686716337451624,1.0333333333333332,1.54,0.09150625,1.0,69.63999999999999,0.0,0.0,-0.0,0.9686716337451623,0.0,2.5173895953395453
223,Ca0.268Li0.165Sm0.433TiO3,III,Other,True,False,95.5,96.308655,1.3451467,23.79144,71.78157,-0.0003875498,0.736036,0.34798405,True,False,0.7998637,0.6860438,0.9298723156050356,1.081189376443418,1.54,0.09150625,1.0,11.1931,0.1905311778290993,0.0,-0.0,0.9298723156050356,1.081189376443418,3.0171175010844236
224,Ca0.5Pb0.5Fe0.5Ta0.5O3,II,Ca,True,False,67.9,78.00876,2.607293,37.79555,40.033943,-0.00038579843,0.17964998,0.20782205,True,False,0.38585493,0.3309481,0.9745437400441278,1.665,1.665,0.05149824792039711,0.5,13.26,0.5,0.0,0.5647865915673628,0.14618156100661917,0.0,1.05922371813613
225,Ca0.5Pb0.5Fe0.5Ta0.5O3,II,Ca,True,False,79.6,78.45308,2.5749986,37.79555,40.477245,-0.0003850121,0.18066783,0.20782205,True,False,0.38585493,0.3309481,0.9745437400441278,1.665,1.665,0.05149824792039711,0.5,13.26,0.5,0.0,0.5904587093658793,0.14618156100661917,0.0,1.0709526650624215
226,Ca0.5Pb0.5Fe0.5Ta0.5O3,II,Ca,True,False,84.0,78.89281,2.5685737,37.79555,40.915955,-0.00038422583,0.1816909,0.20782205,True,False,0.38585493,0.3309481,0.9745437400441278,1.665,1.665,0.05149824792039711,0.5,13.26,0.5,0.0,0.6161308271643958,0.14618156100661917,0.0,1.0825601162041563
227,Ca0.5Pb0.5Fe0.5Ta0.5O3,II,Ca,True,False,83.9,79.32523,2.5895362,37.79555,41.347363,-0.00038341573,0.18270707,0.20782205,True,False,0.38585493,0.3309481,0.9745437400441278,1.665,1.665,0.05149824792039711,0.5,13.26,0.5,0.0,0.6418029449629123,0.14618156100661917,0.0,1.0939743699985847
228,Pb.0ZrO3,III,Other,True,False,129.0,124.026535,1.5658458,40.669636,82.70947,-0.00023891815,0.64768016,0.25713494,True,False,0.5474441,0.4695433,0.9639333007684536,2.33,1.33,0.1296,1.0,14.67,1.0,0.0,-0.0,0.5783599804610722,0.0,2.0336909334521707
229,Ba0.05Pb0.95ZrO3,II,Other,True,False,135.0,136.64108,0.98840266,38.752563,97.283455,-0.00024478114,0.60532576,0.2479758,True,False,0.51915693,0.44528136,0.9659345463755856,2.258,1.33,0.1296,1.0,14.6625,0.95,0.0,-0.0,0.5795607278253513,0.0,2.510374733149908
230,Pb0.90Sr0.10ZrO3,III,Other,True,False,127.0,122.762184,1.04403,37.87026,84.18505,-0.0002340088,0.70710695,0.25989544,True,False,0.55583936,0.4767439,0.962265596095844,2.192,1.33,0.1296,1.0,14.555,0.9,0.0,-0.0,0.5773593576575063,0.0,2.2229857941297473
231,Pb0.50Sr0.50ZrO3,III,Sr,True,False,101.0,101.04602,3.3158941,29.48495,70.97693,-0.00030638507,0.5844499,0.2726816,True,False,0.5939952,0.5094702,0.9555947774054048,1.6400000000000001,1.33,0.1296,1.0,14.094999999999999,0.5,0.0,-0.0,0.5733568664432428,0.0,2.4072257202403256
232,Pb0.40Sr0.60ZrO3,III,Sr,True,False,73.0,75.19652,3.9067786,27.89008,46.89302,-0.0003727259,0.41378874,0.2763094,True,False,0.6046148,0.51857865,0.9539270727327952,1.502,1.33,0.1296,1.0,13.98,0.4,0.0,-0.0,0.5723562436396771,0.0,1.6813512187846
233,Pb0.95Ca0.05ZrO3,III,Other,True,False,112.0,121.22898,3.7112622,38.626938,81.88924,-0.0002338182,0.7130365,0.26488832,True,False,0.5708785,0.489643,0.9614317437595392,2.2634999999999996,1.33,0.1296,1.0,14.5585,0.95,0.0,-0.0,0.5768590462557235,0.0,2.1200034028066113
234,Pb0.70Ca0.30ZrO3,III,Other,True,False,132.0,123.70681,4.9745417,30.585117,92.109314,-0.00021415591,1.0125929,0.307546,True,False,0.6927723,0.59419143,0.9489239587149656,1.931,1.33,0.1296,1.0,14.001,0.7,0.0,-0.0,0.5693543752289794,0.0,3.0115730471130777
235,Ca0.45Li0.125Dy0.10Nd0.225TiO3,III,Ca,True,False,121.3,114.1841,2.1943607,24.76059,88.495384,-0.0003319045,0.9284584,0.3117312,True,False,0.7041859,0.6039809,0.9397721462901844,1.0566666666666666,1.54,0.09150625,1.0,11.42025,0.1388888888888889,0.0,-0.0,0.9397721462901844,0.0,3.5740418140278565
236,Ca0.20Li0.25La0.10Nd0.35TiO3,III,Other,True,False,110.4,114.308914,2.0934656,23.702488,89.54302,-0.00033693624,1.063731,0.33425033,True,False,0.7642387,0.65548825,0.9300736742290222,1.06,1.54,0.09150625,1.0,11.1915,0.2777777777777778,0.0,-0.0,0.9300736742290222,1.06,3.777789909649991
237,Ca0.30Li0.20La0.10Nd0.30TiO3,III,Other,True,False,116.0,113.025314,1.486513,24.155798,88.014336,-0.0003191515,0.8554947,0.31262493,True,False,0.70661235,0.60606205,0.9369311797268136,1.0533333333333332,1.54,0.09150625,1.0,11.337,0.22222222222222224,0.0,-0.0,0.9369311797268135,1.0533333333333332,3.6436111942979488
238,Ca0.40Li0.15La0.10Nd0.25TiO3,III,Ca,True,False,117.0,119.00315,1.9409189,24.599836,93.34857,-0.0002801501,1.0550206,0.29270115,True,False,0.6515668,0.55884945,0.943788685224605,1.0466666666666666,1.54,0.09150625,1.0,11.4825,0.16666666666666666,0.0,-0.0,0.943788685224605,0.0,3.7946826149572703
239,SrPr4Ti5O17,III,Other,True,False,46.1,44.56174,2.2060373,0.0,43.459938,-0.0004049504,0.63699853,0.99211615,False,True,0.48677722,0.41750926,0.9620884284672824,1.0939999999999999,1.54,0.09150625,1.0,67.41999999999999,0.0,0.0,-0.0,0.9620884284672825,1.0939999999999999,
240,Ca0.68Nd0.08Sm0.20Ti0.80Al0.20O3,III,Ca,False,True,58.85,51.386177,1.4769639,24.56027,26.695942,-0.0014328607,0.13139549,0.25271595,True,False,0.53388125,0.45791042,0.9636446005120536,1.0470833333333334,1.5540000000000003,0.07380873729123276,0.8,11.5892,0.0,0.0,0.5189358466321948,0.770915680409643,0.0,1.0869563730366156
241,Ca0.4Li0.3Nd0.3TiO3,III,Other,True,False,112.6,115.35305,1.435908,24.964159,89.42549,-0.0003121014,0.9637197,0.33914873,True,False,0.7770249,0.666455,0.9292899593149888,1.036,1.54,0.09150625,1.0,11.247,0.3,0.0,-0.0,0.9292899593149888,0.0,3.5821551208674807
242,CaMg0.2Ta0.4Ti0.4O3,III,Ca,True,False,60.2,52.986717,3.723243,22.255766,30.59751,-0.00047257362,0.13391754,0.25807983,True,False,0.5503244,0.4720137,0.9488112538938004,1.0,1.4780000000000002,0.07979489876218117,0.8,12.074,0.0,0.0,1.0549201679861442,0.49338185202477625,0.0,1.3748127114564377
243,Ca0.6Pb0.4Fe0.5Ta0.5O3,II,Ca,True,False,62.0,60.583595,1.3289285,33.828712,26.62403,-0.00048699853,0.13133824,0.22225638,True,False,0.43571985,0.3737173,0.969350789386699,1.532,1.665,0.05149824792039711,0.5,13.036999999999999,0.4,0.0,0.5391144737688464,0.14540261840800486,0.0,0.7870246434448938
244,Pb0.6Ca0.4Fe0.475Nb0.475Sn0.05O3,II,Other,True,False,140.4,138.74318,2.2609797,31.971777,106.2073,-0.00026630744,0.5643565,0.18947557,True,False,0.31863013,0.27328935,0.9785987851374436,1.798,1.72725,0.049254981682224405,0.475,13.201249999999998,0.6,0.0,0.7300413515625879,0.2789006537641714,0.0,3.3219079439969823
245,Pb0.5Ca0.5Fe0.475Nb0.475Sn0.05O3,II,Ca,True,False,102.8,99.79582,3.2525017,29.04625,70.482666,-0.00031521355,0.2672255,0.20238681,True,False,0.36641976,0.31427854,0.9734118657815912,1.665,1.72725,0.049254981682224405,0.475,12.97825,0.5,0.0,0.7300413515625879,0.27742238174775347,0.0,2.426566802943581
246,Pb0.48Ca0.52Fe0.475Nb0.475Sn0.05O3,II,Ca,True,False,95.0,95.50685,3.063277,28.514288,66.74105,-0.00032441283,0.25183076,0.20509532,True,False,0.37615246,0.3226263,0.9723744819104208,1.6384,1.72725,0.049254981682224405,0.475,12.933649999999998,0.48,0.0,0.7300413515625879,0.2771267273444699,0.0,2.3406177983472705
247,Pb0.46Ca0.54Fe0.475Nb0.475Sn0.05O3,II,Ca,True,False,90.6,91.380226,2.9152598,27.998205,63.144043,-0.0003352325,0.23831561,0.20784667,True,False,0.385942,0.3310228,0.9713370980392504,1.6118000000000001,1.72725,0.049254981682224405,0.475,12.88905,0.46,0.0,0.7300413515625879,0.27683107294118636,0.0,2.2552889729895185
248,Pb0.45Ca0.55Fe0.475Nb0.475Sn0.05O3,II,Ca,True,False,88.9,89.29931,2.7975447,27.745897,61.321724,-0.00034154783,0.23203309,0.20923856,True,False,0.390858,0.33523926,0.9708184061036652,1.5985,1.72725,0.049254981682224405,0.475,12.86675,0.45,0.0,0.7300413515625879,0.27668324573954456,0.0,2.210118634838153
249,Pb0.4Ca0.6Fe0.475Nb0.475Sn0.05O3,II,Ca,True,False,81.0,76.97383,2.8060338,26.538467,49.735912,-0.0004059609,0.69985175,0.67106444,True,False,0.41564798,0.35650164,0.9682249464257392,1.532,1.72725,0.049254981682224405,0.475,12.755249999999998,0.4,1.0,0.7300413515625879,0.2759441097313356,0.0,1.8741064432998333
250,Pb0.65Ca0.35ZrO3,III,Other,True,False,118.0,115.00429,2.8266132,29.307636,84.87819,-0.00021999555,0.8186771,0.31686234,True,False,0.7180656,0.6158855,0.9464224017060512,1.8645,1.33,0.1296,1.0,13.889499999999998,0.65,0.0,-0.0,0.5678534410236307,0.0,2.8961117846557123
251,Pb0.6Ca0.4Fe0.45Nb0.45Sn0.1O3,II,Other,True,False,138.0,138.51408,2.2958195,31.577717,106.35354,-0.00026542594,0.5830989,0.19421989,True,False,0.33646935,0.28859007,0.977463519725451,1.798,1.7395,0.04698109413252221,0.45,13.209499999999998,0.6,0.0,0.8083353713183029,0.26391515032587176,0.0,3.367993322633172
252,Pb0.48Ca0.52Fe0.45Nb0.45Sn0.1O3,II,Ca,True,False,92.4,92.50621,2.824762,28.201456,64.05913,-0.00033342137,0.24595562,0.21022901,True,False,0.39434174,0.33822727,0.9712464372678332,1.6384,1.7395,0.04698109413252221,0.45,12.9419,0.48,0.0,0.8083353713183029,0.262236538062315,0.0,2.2714830752000887
253,Pb0.46Ca0.54Fe0.45Nb0.45Sn0.1O3,II,Ca,True,False,86.7,88.01515,2.5793958,27.696712,60.086945,-0.00034721982,0.23183599,0.21304572,True,False,0.40418327,0.34666833,0.9702102568582304,1.6118000000000001,1.7395,0.04698109413252221,0.45,12.897300000000001,0.46,0.0,0.8083353713183029,0.26195676935172224,0.0,2.1694613064539934
254,Pb0.45Ca0.55Fe0.45Nb0.45Sn0.1O3,II,Ca,True,False,85.3,85.6025,2.405125,27.449875,57.92826,-0.0003554177,0.22472651,0.21447036,True,False,0.40912467,0.35090658,0.9696921666534288,1.5985,1.7395,0.04698109413252221,0.45,12.875,0.45,0.0,0.8083353713183029,0.2618168849964258,0.0,2.1103287355589053
255,Pb0.4Ca0.6Fe0.45Nb0.45Sn0.1O3,II,Ca,True,False,71.1,72.39279,2.3599694,26.267939,45.47069,-0.00043131504,0.65459174,0.6779895,True,False,0.4340368,0.37227374,0.9671017156294214,1.532,1.7395,0.04698109413252221,0.45,12.7635,0.4,1.0,0.8083353713183029,0.2611174632199438,0.0,1.731033789898781
256,Ca0.20Li0.34La0.04Nd0.38TiO3,III,Other,True,False,132.6,127.2312,4.0250616,23.71439,101.75316,-0.00027264637,1.7639157,0.36379483,True,False,0.84007657,0.72053444,0.921869158722736,1.0525,1.54,0.09150625,1.0,11.0502,0.3541666666666667,0.0,-0.0,0.921869158722736,1.0525,4.290777034534727
257,Ca0.40Li0.24La0.04Nd0.28TiO3,III,Ca,True,False,136.4,118.291115,2.4328115,24.944027,92.20071,-0.00029335305,1.1466676,0.32070103,True,False,0.7283705,0.62472403,0.9347269815310948,1.04,1.54,0.09150625,1.0,11.3412,0.24999999999999997,0.0,-0.0,0.9347269815310949,0.0,3.6963041292410406
258,Ca0.60Li0.14La0.04Nd0.18TiO3,III,Ca,True,False,142.0,129.35269,3.377802,26.180655,101.66353,-0.00023606248,1.5087492,0.28335226,True,False,0.6249885,0.5360532,0.9475848043394538,1.0275,1.54,0.09150625,1.0,11.6322,0.14583333333333334,0.0,-0.0,0.9475848043394538,0.0,3.8831545658426037
259,Ca0.60Li0.15La0.0333Nd0.1833TiO3,III,Ca,True,False,128.2,129.33633,3.3604069,26.230076,101.579185,-0.00023727801,1.527301,0.28621662,True,False,0.63318664,0.54308474,0.9465579571973762,1.0268901303538174,1.54,0.09150625,1.0,11.616250999999998,0.15518311607697083,0.0,-0.0,0.9465579571973762,0.0,3.872622595527363
260,Ca0.50Li0.20La0.0333Nd0.2333TiO3,III,Ca,True,False,123.0,124.661255,2.7126012,25.59106,97.71919,-0.00026325524,1.3512738,0.3042816,True,False,0.6838099,0.58650434,0.940172942767403,1.0330974549968963,1.54,0.09150625,1.0,11.470751,0.2069108214359611,0.0,-0.0,0.940172942767403,0.0,3.8184893474518056
261,Ca0.40Li0.25La0.0333Nd0.2833TiO3,III,Ca,True,False,121.3,117.930435,2.4788444,24.954298,91.83063,-0.0002959983,1.1458163,0.32380158,True,False,0.7366463,0.63182217,0.9337879283374294,1.039304779639975,1.54,0.09150625,1.0,11.325251,0.25863852679495136,0.0,-0.0,0.9337879283374294,0.0,3.6799524474701713
262,Ca0.60Li0.05La0.10Nd0.15TiO3,III,Ca,True,False,117.0,118.252464,1.2126759,25.45565,91.958374,-0.0003224263,0.83876306,0.25819692,True,False,0.5506807,0.47231933,0.9575036962201876,1.0333333333333332,1.54,0.09150625,1.0,11.773499999999999,0.05555555555555556,0.0,-0.0,0.9575036962201877,0.0,3.6124936507219423
263,Pb0.5Ca0.5Fe0.45Nb0.45Sn0.1O3,II,Ca,True,False,96.8,96.97424,3.0061812,28.721518,67.99139,-0.00032222032,0.26164284,0.20745535,True,False,0.38455552,0.3298336,0.9722826176774362,1.665,1.7395,0.04698109413252221,0.45,12.9865,0.5,0.0,0.8083353713183029,0.26251630677290777,0.0,2.3672631091434653
264,Pb0.63Ca0.37ZrO3,III,Other,True,False,110.0,109.58415,2.9338155,28.82089,80.028946,-0.00022321346,0.73455006,0.32066232,True,False,0.7282669,0.62463516,0.9454217789024852,1.8378999999999999,1.33,0.1296,1.0,13.844899999999999,0.63,0.0,-0.0,0.5672530673414911,0.0,2.7767687257402534
265,Pb0.60Ca0.40ZrO3,III,Other,True,False,94.0,100.57918,3.829251,28.115042,71.84225,-0.00022852918,0.62210745,0.32644084,True,False,0.74365836,0.63783646,0.9439208446971364,1.798,1.33,0.1296,1.0,13.777999999999999,0.6,0.0,-0.0,0.5663525068182819,0.0,2.5552958448363694
266,Pb0.50Ca0.50ZrO3,III,Ca,True,False,74.0,72.66372,2.462682,25.953053,46.316444,-0.0002538645,0.39447555,0.34638053,True,False,0.7957394,0.6825064,0.9389177306793072,1.665,1.33,0.1296,1.0,13.555,0.5,0.0,-0.0,0.5633506384075843,0.0,1.7846241056880667
267,Ca0.20Sr0.80Ti0.20Mg0.2667Nb0.5333O3,II,Sr,True,False,45.0,43.66632,1.0010681,20.99439,22.635983,-0.0014011207,0.037346017,0.15503831,True,False,0.17744005,0.15219049,0.9706499437998768,0.96,1.5106570000000001,0.07540679352157373,0.7333000000000001,12.613276,0.0,0.0,1.1966066488357001,0.5047185577770599,0.0,1.078191983668018
268,Ca0.7Nd0.3Ti0.7Al0.3O3,II,Ca,False,True,44.0,45.148796,0.7859299,24.230476,20.836464,-0.0017494608,0.08360597,0.23554704,True,False,0.47962525,0.41137502,0.969064182482975,1.0419999999999998,1.561,0.06485006129225518,0.7,11.544,0.0,0.0,0.6561135096145153,0.6783449277380824,0.0,0.8599279683981446
269,BaTi0.50Ga0.25Nb0.25O3,Ib,Ba,True,False,86.0,82.45335,3.3094103,25.36738,56.807636,-0.0008764972,0.27920288,0.25131962,True,False,0.529563,0.45420668,1.0549647640007471,0.89,1.6225,0.07165405604750542,0.75,13.87,0.0,0.0,1.0397207708399179,0.6142729033995142,0.0,2.2393970524350566
270,BaTi0.40Ga0.30Nb0.30O3,Ib,Ba,True,False,66.0,65.41738,3.772882,23.983229,41.22825,-0.0011582843,0.20706168,0.24848187,True,False,0.5207379,0.44663733,1.0536591145403504,0.89,1.6390000000000002,0.06747178743441094,0.7,13.804,0.0,0.0,1.0888999753452238,0.5488777135665968,0.0,1.7190450043236463
271,BaTi0.30Ga0.35Nb0.35O3,Ib,Ba,True,False,47.0,45.597008,1.2662288,22.73626,22.732784,-0.0022719072,0.1302341,0.24568745,True,False,0.51198125,0.43912676,1.052356692890733,0.89,1.6555,0.06321447442563492,0.6499999999999999,13.738,0.0,0.0,1.0960673284468552,0.48329808662572615,0.0,0.9998471164562684
272,Ba2La3Ti3NbO15,II,Ba,True,False,47.0,47.416534,1.1479957,0.0,44.323162,-0.0003589554,0.43440375,0.9954364,False,True,0.8074203,0.6925251,0.9705387192756534,0.89,1.3599999999999999,0.07484723086254812,0.5714285714285714,64.72999999999999,0.0,0.0,1.0935084706588831,0.4991341984846218,0.0,
273,Ba3La3Ti4Nb2O18,Ib,Ba,True,False,47.44,47.952164,0.35039762,44.94734,4.1235056,-1.1556119,0.036928605,0.7748046,True,True,0.13736871,0.11782126,1.0115717671354658,0.9950000000000001,1.56,0.08807090764011612,1.0,81.97,0.0,0.0,0.6978081252417206,0.8566378018159296,0.9950000000000001,0.09174081491807969
274,Sr0.2Ca0.488Nd0.208Ti0.6Al0.5333O3,II,Ca,True,False,48.3,45.68516,1.6637306,19.792473,25.798391,-0.001119924,0.09541813,0.19061972,True,False,0.32296315,0.2770058,0.9846383040628808,1.0213392857142856,1.5729400864731318,0.04939658914461501,0.5294273360981205,11.302426999999998,0.0,0.0,0.778481221843458,0.5212944343401822,0.0,1.3034445468234312
275,Pb0.4Ca0.6Fe0.5Ta0.5O3,II,Ca,True,False,62.0,60.583595,1.3289285,33.828712,26.62403,-0.00048699853,0.13133824,0.22225638,True,False,0.43571985,0.3737173,0.969350789386699,1.532,1.665,0.05149824792039711,0.5,13.036999999999999,0.4,0.0,0.5391144737688464,0.14540261840800486,0.0,0.7870246434448938
276,Ca0.80Nd0.1333TiO3,III,Ca,False,True,119.0,118.56636,1.8783333,26.830305,91.02759,-0.0003835198,0.7088362,0.24993482,True,False,0.52526474,0.45052004,0.9627945276419996,1.0199957141326477,1.54,0.09150625,1.0,11.938554,0.0,0.0,-0.0,0.9627945276419995,0.0,3.3927154387547964
277,Ca0.70Nd0.20TiO3,III,Ca,False,True,107.0,112.52335,1.7240448,25.7299,86.15221,-0.00040755476,0.6416458,0.25545743,True,False,0.54231364,0.46514288,0.9608344846048292,1.031111111111111,1.54,0.09150625,1.0,11.847999999999999,0.0,0.0,-0.0,0.9608344846048293,0.0,3.3483305415100717
278,Ba3LaNb3O12,Ib,Ba,True,False,43.5,44.09649,0.6645457,0.0,42.59008,-0.00046913032,0.45342898,0.98882025,False,True,0.28122267,0.24120493,0.9955058051316688,0.89,1.475,0.07606889794096311,0.75,53.05,0.0,0.0,0.6248168273542315,0.44797761230925087,0.0,
279,Ca0.61Nd0.26TiO3,III,Ca,False,True,98.0,106.65071,1.7610463,24.842567,81.2115,-0.00042439415,0.5970741,0.26078862,True,False,0.5585434,0.47906315,0.958942758950266,1.0418390804597701,1.54,0.09150625,1.0,11.766399999999999,0.0,0.0,-0.0,0.9589427589502661,0.0,3.2690462302064036
280,Ca0.28Sm0.28Li0.15Nd0.15TiO3,III,Other,True,False,98.0,101.80992,2.5766306,23.731665,77.29852,-0.00036931955,0.7801009,0.33385754,True,False,0.7632094,0.6546054,0.9333087764904386,1.0762790697674418,1.54,0.09150625,1.0,11.2495,0.17441860465116277,0.0,-0.0,0.9333087764904386,1.0762790697674418,3.2571890762826796
281,Ca0.85Nd0.10TiO3,III,Ca,False,True,141.0,121.04042,1.8481611,27.435171,92.85953,-0.00037094147,0.74609226,0.24732271,True,False,0.51711345,0.44352865,0.9637218553407416,1.0147368421052632,1.54,0.09150625,1.0,11.984,0.0,0.0,-0.0,0.9637218553407415,0.0,3.3846893099372335
282,Ca0.73Nd0.18TiO3,III,Ca,False,True,117.0,114.46061,1.7578192,26.047281,87.75348,-0.00040081385,0.6602489,0.25375867,True,False,0.53709555,0.4606673,0.961437342231009,1.0276923076923077,1.54,0.09150625,1.0,11.8752,0.0,0.0,-0.0,0.961437342231009,0.0,3.369007306367217
283,Ca0.61Nd0.26TiO3,III,Ca,False,True,108.0,106.65071,1.7610463,24.842567,81.2115,-0.00042439415,0.5970741,0.26078862,True,False,0.5585434,0.47906315,0.958942758950266,1.0418390804597701,1.54,0.09150625,1.0,11.766399999999999,0.0,0.0,-0.0,0.9589427589502661,0.0,3.2690462302064036
284,Ca0.50Nd0.3333TiO3,III,Ca,False,True,100.0,100.45786,1.3489182,23.878206,76.01524,-0.00043680193,0.56484634,0.26782474,True,False,0.5796385,0.49715644,0.9564462735984184,1.0559966398655947,1.54,0.09150625,1.0,11.666554,0.0,0.0,-0.0,0.9564462735984183,0.0,3.183456914644258
285,Ca0.40Nd0.40TiO3,III,Ca,False,True,99.0,95.919556,1.8774513,23.11236,72.26193,-0.00043688863,0.54569983,0.27478477,True,False,0.6001624,0.51475984,0.953976979107038,1.0699999999999998,1.54,0.09150625,1.0,11.576,0.0,0.0,-0.0,0.9539769791070379,1.0699999999999998,3.1265491710928703
286,Ca0.31Nd0.46TiO3,III,Ca,False,True,98.0,92.21831,1.2771603,22.502321,69.18292,-0.00043769804,0.53349507,0.28156397,True,False,0.61984485,0.5316415,0.9515723992571632,1.0836363636363635,1.54,0.09150625,1.0,11.494399999999999,0.0,0.0,-0.0,0.9515723992571631,1.0836363636363635,3.0744792948247426
287,Ca0.22Nd0.52TiO3,III,Other,False,True,102.0,86.62566,3.4849353,21.965588,64.16219,-0.00042467698,0.49830088,0.28889722,True,False,0.6408143,0.549627,0.9489728534735145,1.0983783783783783,1.54,0.09150625,1.0,11.412799999999999,0.0,0.0,-0.0,0.9489728534735145,1.0983783783783783,2.9210322072871437
288,Ca0.15Nd0.5667TiO3,III,Other,False,True,94.0,83.04742,3.8672237,21.599232,60.965668,-0.00042307848,0.48294425,0.29503262,True,False,0.6581167,0.56446725,0.9468002795484032,1.110699037254081,1.54,0.09150625,1.0,11.349446,0.0,0.0,-0.0,0.9468002795484033,1.110699037254081,2.822584988206988
289,Ca0.07Nd0.62TiO3,III,Other,False,True,82.0,78.2658,4.6426163,21.229612,56.578407,-0.00041902476,0.45820445,0.30256504,True,False,0.67907536,0.58244354,0.944137949479772,1.1257971014492754,1.54,0.09150625,1.0,11.2768,0.0,0.0,-0.0,0.9441379494797719,1.1257971014492754,2.665070233031108
290,Ca0.58Nd0.28TiO3,III,Ca,False,True,93.0,104.82051,1.7144676,24.567299,79.66753,-0.00042863344,0.586118,0.26264843,True,False,0.5641545,0.4838758,0.9582828546521628,1.045581395348837,1.54,0.09150625,1.0,11.7392,0.0,0.0,-0.0,0.9582828546521628,0.0,3.2428282002022284
291,SrLaPr3Ti5O17,II,Other,True,False,50.0,55.146202,1.6944493,0.0,49.857807,-0.0004103655,0.70845073,0.99157256,False,True,0.44759226,0.38390028,0.9663204890030626,1.088,1.54,0.09150625,1.0,67.91999999999999,0.0,0.0,-0.0,0.9663204890030626,1.088,
292,Ba3LaNb3O12,Ib,Ba,True,False,43.6,44.171482,0.6352064,0.0,42.684475,-0.00046781995,0.45926,0.98882025,False,True,0.28122267,0.24120493,0.9955058051316688,0.89,1.475,0.07606889794096311,0.75,53.05,0.0,0.0,0.6039895997757572,0.44797761230925087,0.0,
293,Ba3LaNb3O12,Ib,Ba,True,False,43.8,44.250687,0.60404116,0.0,42.77663,-0.00046650955,0.46508184,0.98882025,False,True,0.28122267,0.24120493,0.9955058051316688,0.89,1.475,0.07606889794096311,0.75,53.05,0.0,0.0,0.5831623721972826,0.44797761230925087,0.0,
294,Ca0.8Sm0.1333TiO3,III,Ca,True,False,119.0,122.89586,2.1273463,26.876205,93.25174,-0.00034047075,2.7682645,0.7180244,True,False,0.544877,0.46734148,0.9612834013444008,1.0242805100182149,1.54,0.09150625,1.0,11.913227,0.0,1.0,-0.0,0.9612834013444009,0.0,3.4696766154298944
295,Ca0.6Sm0.2667TiO3,III,Ca,True,False,101.0,102.456314,1.0155199,24.893936,76.96528,-0.00042281783,0.5975182,0.27563968,True,False,0.6026609,0.5169028,0.9554681127012618,1.0523122187608167,1.54,0.09150625,1.0,11.706773,0.0,0.0,-0.0,0.9554681127012618,0.0,3.0917280417206827
296,Ca0.4Sm0.4TiO3,III,Ca,True,False,94.5,95.3983,1.9779228,23.400555,71.376366,-0.00043275004,0.6218172,0.29882905,True,False,0.668718,0.57356,0.9486869034373132,1.085,1.54,0.09150625,1.0,11.5,0.0,0.0,-0.0,0.9486869034373131,1.085,3.050199706801826
297,Ca0.70Nd0.20TiO3,III,Ca,False,True,112.96,112.60176,1.7501107,25.7299,86.229095,-0.0004066731,0.64317226,0.25545743,True,False,0.54231364,0.46514288,0.9608344846048292,1.031111111111111,1.54,0.09150625,1.0,11.847999999999999,0.0,0.0,-0.0,0.9608344846048293,0.0,3.351318699256507
298,Ca0.61Nd0.26TiO3,III,Ca,False,True,103.35,106.733505,1.7589707,24.842567,81.29292,-0.00042394135,0.598447,0.26078862,True,False,0.5585434,0.47906315,0.958942758950266,1.0418390804597701,1.54,0.09150625,1.0,11.766399999999999,0.0,0.0,-0.0,0.9589427589502661,0.0,3.2723236692890874
299,Ca0.52Nd0.32TiO3,III,Ca,False,True,100.08,101.52028,1.4677733,24.045795,76.904785,-0.00043527776,0.5701335,0.26650104,True,False,0.57569724,0.49377602,0.9569159100346628,1.0533333333333332,1.54,0.09150625,1.0,11.6848,0.0,0.0,-0.0,0.9569159100346628,0.0,3.1982633554016413
300,Ca0.3Li0.35Sm0.35TiO3,III,Other,True,False,114.0,114.08335,1.6450905,24.201586,88.851006,-0.00036141678,1.0311205,0.37928683,True,False,0.8787583,0.75371176,0.9194151513981692,1.0525,1.54,0.09150625,1.0,11.035,0.35,0.0,-0.0,0.9194151513981693,0.0,3.671288567617015
301,Ca0.5Li0.25Sm0.25TiO3,III,Ca,True,False,130.5,127.93034,2.3948174,25.673141,100.568954,-0.00024285392,1.6884972,0.33195886,True,False,0.75822544,0.6503306,0.9328166764281388,1.0375,1.54,0.09150625,1.0,11.344999999999999,0.25,0.0,-0.0,0.9328166764281388,0.0,3.917282813193758
302,Sr0.4Ce0.4TiO3,II,Sr,True,False,113.0,113.87594,1.4181747,26.581734,86.92116,-0.0004530075,0.37349528,0.17921053,True,False,0.2788237,0.23914734,0.9839540745688118,1.0350000000000001,1.54,0.09150625,1.0,12.315999999999999,0.0,0.0,-0.0,0.9839540745688118,1.0350000000000001,3.2699582352302525
303,Ba3LaNb3O12,Ib,Ba,True,False,43.5,44.21055,0.61983633,0.0,42.730835,-0.00046715286,0.46217173,0.98882025,False,True,0.28122267,0.24120493,0.9955058051316688,0.89,1.475,0.07606889794096311,0.75,53.05,0.0,0.0,0.5935759859865198,0.44797761230925087,0.0,
304,Sr0.5Ce0.3333TiO3,Ib,Sr,True,False,123.0,127.71926,2.4229362,28.280195,99.00453,-0.00040989538,0.4349435,0.17053096,True,False,0.24375115,0.20906559,0.9874816381279268,1.0179959198367936,1.54,0.09150625,1.0,12.463194999999999,0.0,0.0,-0.0,0.9874816381279267,0.0,3.500843257976121
305,Sr0.625Ce0.25TiO3,Ib,Sr,True,False,143.0,135.69829,3.0214438,30.864079,104.38186,-0.00039777346,0.45274058,0.16206288,True,False,0.2081386,0.17852066,0.9915113255255614,0.9985714285714287,1.54,0.09150625,1.0,12.6475,0.0,0.0,-0.0,0.9915113255255614,0.0,3.3819852521761624
306,La0.48Ca0.52Co0.24Ti0.76O3,III,Ca,True,False,45.0,45.779697,0.61262923,26.801079,18.912615,-0.0024991978,0.0685036,0.23870763,True,False,0.4898107,0.4201111,0.9537235384825524,1.048,1.6216,0.0828765171892378,0.76,12.3744,0.0,0.0,0.6327213989146725,0.7248298892467397,1.048,0.7056661785893023
307,Nd0.52Ca0.48Co0.26Ti0.74O3,III,Ca,True,False,43.0,41.61156,0.5643704,25.374802,16.156715,-0.0018476609,0.081892096,0.28787512,True,False,0.6379109,0.5471367,0.9364817740844272,1.0728,1.6284,0.08200559945630799,0.74,12.026399999999999,0.0,0.0,0.6579542381879271,0.6929965128224761,1.0728,0.6367228008321011
308,Ba3LaNb3O12,Ib,Ba,True,False,43.9,44.29194,0.5878521,0.0,42.821854,-0.00046586627,0.46798897,0.98882025,False,True,0.28122267,0.24120493,0.9955058051316688,0.89,1.475,0.07606889794096311,0.75,53.05,0.0,0.0,0.5727487584080455,0.44797761230925087,0.0,
309,Sr0.5714Ce0.2857TiO3,Ib,Sr,True,False,136.0,132.86832,1.4203478,29.684729,102.73743,-0.00040215524,0.44656903,0.16537564,True,False,0.22224402,0.1906189,0.9898319364240616,1.0066666666666668,1.54,0.09150625,1.0,12.568391,0.0,0.0,-0.0,0.9898319364240615,0.0,3.460952262693724
310,CaTi0.40Mg0.20Nb0.40O3,III,Ca,True,False,47.25,47.617012,1.6376541,19.349237,28.181194,-0.00058341236,0.08716144,0.24825418,True,False,0.5200268,0.44602746,0.9488112538938004,1.0,1.5180000000000002,0.07979489876218117,0.8,11.842,0.0,0.0,1.1330624026517846,0.6072392024920322,0.0,1.4564498848197478
311,SrLa2Pr2Ti5O17,II,Other,True,False,53.5,57.256878,2.124833,0.0,52.8202,-0.00040881793,0.7428024,0.9910027,False,True,0.40911275,0.35089636,0.9705525495388422,1.082,1.54,0.09150625,1.0,68.41999999999999,0.0,0.0,-0.0,0.9705525495388422,1.082,
312,SrLa4Ti5O17,II,Other,True,False,60.8,51.853546,2.2710555,0.0,53.880695,-0.00042602158,0.67513627,0.98978215,False,True,0.33423007,0.28666943,0.979016670610402,1.07,1.54,0.09150625,1.0,69.41999999999999,0.0,0.0,-0.0,0.9790166706104019,1.07,
313,Ca3Ba2Nb2TiO12,Ib,Ca,True,False,66.0,56.34081,1.825764,0.0,62.251965,-0.00038495922,0.85002625,0.9854175,False,True,0.12430781,0.10661892,0.9928546160160824,0.956,1.58,0.08488417238353166,1.0,53.089999999999996,0.0,0.0,0.6954506653591472,0.7280933850784606,0.0,
314,Ca2Ba3Nb2TiO12,Ib,Ba,True,False,75.0,65.89467,2.4528053,0.0,74.77989,-0.00037894835,1.0099014,0.9873637,False,True,0.20897152,0.17923506,1.011679808875938,0.934,1.58,0.08488417238353166,1.0,55.169999999999995,0.0,0.0,0.7072379647720143,0.7247681401576456,0.0,
315,CaBa4Nb2TiO12,Ib,Ba,True,False,83.0,66.66744,2.0763493,0.0,80.75019,-0.00037508365,1.1575274,0.99058914,False,True,0.38267523,0.32822087,1.0305050017357935,0.9120000000000001,1.58,0.08488417238353166,1.0,57.25,0.0,0.0,0.6930932054765738,0.7109629987270848,0.0,
316,Ca3Ba2Ta2TiO12,Ib,Ca,True,False,48.0,57.95283,1.3657368,0.0,50.00428,-0.0003784536,0.72314215,0.9867247,False,True,0.179829,0.15423949,0.9928546160160824,0.956,1.5133333333333332,0.08488417238353166,1.0,54.25,0.0,0.0,0.7260976438326013,0.529522461875244,0.0,
317,Ca2Ba3Ta2TiO12,Ib,Ba,True,False,61.0,68.092125,1.7685446,0.0,60.401703,-0.00037146598,0.80448496,0.98719084,False,True,0.20094916,0.17235428,1.011679808875938,0.934,1.5133333333333332,0.08488417238353166,1.0,56.33,0.0,0.0,0.7185537722083664,0.5271041019328331,0.0,
318,CaBa4Ta2TiO12,Ib,Ba,True,False,64.0,68.65112,1.5220319,0.0,64.383705,-0.00036169455,0.874708,0.990131,False,True,0.35469112,0.3042189,1.0305050017357935,0.9120000000000001,1.5133333333333332,0.08488417238353166,1.0,58.41,0.0,0.0,0.7072379647720143,0.5170639990742435,0.0,
319,Ba3LaNb3O12,Ib,Ba,True,False,48.3,46.329285,1.0458828,0.0,43.65004,-0.0004579068,0.5790216,0.98882025,False,True,0.28122267,0.24120493,0.9955058051316688,0.89,1.475,0.07606889794096311,0.75,53.05,0.0,0.0,0.5623351446188083,0.44797761230925087,0.0,
320,Ba3LaNb3O12,Ib,Ba,True,False,44.2,46.329285,1.0458828,0.0,43.65004,-0.0004579068,0.5790216,0.98882025,False,True,0.28122267,0.24120493,0.9955058051316688,0.89,1.475,0.07606889794096311,0.75,53.05,0.0,0.0,0.5623351446188083,0.44797761230925087,0.0,
321,Ba3La2Ti2Nb2O12,Ib,Ba,True,False,42.8,45.04763,1.4350854,0.0,42.748695,-0.0005696039,0.57816976,0.98707974,False,True,0.19584507,0.16797648,1.017394676515626,0.9740000000000001,1.57,0.08644818186404883,1.0,59.959999999999994,0.0,0.0,0.6931471805599453,0.7860842587874993,0.0,
322,BaLa4Ti4O15,Ib,Other,True,False,45.0,46.15086,0.7709444,32.38309,13.5075,-0.016068144,0.27634317,0.7968837,True,True,0.21390313,0.1834649,0.9910075087951116,1.058,1.54,0.09150625,1.0,63.47,0.0,0.0,-0.0,0.9910075087951115,1.058,0.41711584657301076
323,BaLa3.96Al0.44Ti4O15,Ib,Other,True,False,44.0,43.60317,0.21633776,39.327515,5.165462,-1.0468394,0.15702935,0.7930204,True,True,0.20008643,0.1716143,0.994590819265632,1.0576612903225806,1.5469369369369368,0.08277354682324024,0.9009009009009008,63.653999999999996,0.0,0.0,0.32309897068538634,0.8960277651041728,1.0576612903225806,0.13134473408757202
324,BaPr0.3Bi0.2Nb0.5O3,II,Ba,True,False,60.7,55.76114,2.0946133,20.554424,35.021034,-0.00037922582,0.18606023,0.25506416,True,False,0.5411077,0.46410856,0.971576387122564,1.0783333333333334,1.4237499999999998,0.0712069218735034,0.625,14.869,0.16666666666666669,0.0,0.6615632381579821,0.36434114517096144,0.0,1.7038197713543322
325,BaSm0.3Bi0.2Nb0.5O3,II,Ba,True,False,50.8,50.13566,0.95751345,20.602486,29.410564,-0.00042168572,0.12302615,0.18915397,True,False,0.31740853,0.2722416,0.9769759085515188,1.0783333333333334,1.43875,0.07057999932408329,0.625,14.749,0.16666666666666669,0.0,0.6615632381579821,0.36636596570681945,0.0,1.4275250083897644
326,BaGd0.3Bi0.2Nb0.5O3,II,Ba,True,False,47.9,47.898643,0.5805987,20.659765,27.127499,-0.000446776,0.111826405,0.1807734,True,False,0.28499663,0.24444187,0.9803811923038768,1.0783333333333334,1.45,0.07016141388104741,0.625,14.677,0.16666666666666669,0.0,0.6615632381579821,0.3676429471139538,0.0,1.3130594176652057
327,BaDy0.3Bi0.2Nb0.5O3,II,Ba,True,False,48.6,46.244843,0.6518074,21.049492,25.101933,-0.00047932286,0.093894325,0.15887266,True,False,0.19433348,0.16668,0.9848437117366324,1.0783333333333334,1.4575,0.06958381176470589,0.625,14.613999999999999,0.16666666666666669,0.0,0.6615632381579821,0.3693163919012371,0.0,1.1925196579565909
328,BaY0.3Bi0.2Nb0.5O3,Ib,Ba,True,False,44.6,44.93818,1.4322501,21.00094,23.84113,-0.00048651415,0.09659682,0.15589428,True,False,0.18124051,0.15545015,0.986917066919236,1.0783333333333334,1.4575,0.06930365468491502,0.625,14.563,0.16666666666666669,0.0,0.6615632381579821,0.3700939000947134,0.0,1.1352410892083877
329,BaEr0.3Bi0.2Nb0.5O3,Ib,Ba,True,False,46.1,44.149563,1.5362926,21.415588,22.64704,-0.00050657557,0.087440565,0.14430001,True,False,0.12823516,0.10998741,0.9886515433110096,1.0783333333333334,1.4649999999999999,0.0690632937259727,0.625,14.563,0.16666666666666669,0.0,0.6615632381579821,0.37074432874162855,0.0,1.0575026004422574
330,Ca0.5Nd0.5Zn0.25Ti0.75O3,III,Ca,False,True,45.0,41.38031,1.1387266,25.306007,15.9773655,-0.0013785994,0.09831637,0.29185387,True,False,0.64917904,0.55680144,0.9381845950261736,1.0699999999999998,1.5675,0.08233401157019135,0.75,12.0075,0.0,0.0,0.5415079170403339,0.7036384462696301,1.0699999999999998,0.6313665170486991
331,Ba4NdTiNb3O15,Ib,Ba,True,False,38.15,42.36871,1.694067,13.330146,28.795353,-0.00089854497,0.24411206,0.78739816,True,True,0.18031529,0.15465657,1.0127481020991187,0.89,1.496,0.0789671565451076,0.8,66.54,0.0,0.0,1.006582867484093,0.5528610628244934,0.0,2.160167863127681
332,Ba3Nd2Ti2Nb2O15,Ib,Ba,True,False,46.83,48.23939,1.0914903,0.0,44.213448,-0.00050670153,0.3786344,0.9896971,False,True,0.3293495,0.28248334,0.9933376219842134,0.89,1.4266666666666665,0.07621978009507015,0.6666666666666666,64.57,0.0,0.0,1.1799909767175993,0.5297800650582472,0.0,
333,BaSrLa3Ti3NbO15,III,Ba,True,False,43.03,47.305405,2.3988712,0.0,44.697945,-0.0003048828,0.5594186,0.9972385,False,True,1.101342,0.944622,0.9431314796947794,0.9199999999999999,1.3599999999999999,0.07484723086254812,0.5714285714285714,63.73,0.0,0.0,1.1307026363275527,0.48503904670017234,0.0,
334,Ba.25Sr0.75La3Ti3NbO15,III,Ba,True,False,46.86,47.31301,2.0666738,0.0,44.53778,-0.00031265133,0.5464109,0.9970223,False,True,1.0572536,0.90680736,0.9470467996349043,0.9157142857142857,1.3599999999999999,0.07484723086254812,0.5714285714285714,62.669999999999995,0.0,0.0,1.1232638031938187,0.48705263981223657,0.0,
335,Ba.5Sr0.5La3Ti3NbO15,Ib,Other,True,False,46.32,47.642277,1.9408019,0.0,45.548042,-0.00056537625,0.59562105,0.9867457,False,True,0.18077318,0.15504932,0.9917734672880634,1.0366666666666666,1.5550000000000002,0.08890533221156875,1.0,61.61,0.0,0.0,0.6248168273542315,0.8925961205592571,1.0366666666666666,
336,Ba.75Sr0.25La3Ti3NbO15,Ib,Other,True,False,47.01,46.802166,1.7852709,0.0,45.22529,-0.00055498874,0.59155303,0.9868151,False,True,0.18386891,0.15770453,0.991452163346238,1.0417647058823531,1.5550000000000002,0.08890533221156875,1.0,60.55,0.0,0.0,0.6206513818385365,0.8923069470116143,1.0417647058823531,
337,CaTi0.30Mg0.2333Nb0.4667O3,III,Ca,True,False,41.56,43.473484,1.2021554,18.291035,25.100195,-0.0006040927,0.082858935,0.24976401,True,False,0.5247334,0.45006433,0.9459557830579682,1.0,1.514343,0.07763607827680072,0.7666999999999999,11.795724,0.0,0.0,1.1346530455603028,0.5486732732892827,0.0,1.3722676163486647
338,CaLa4Ti4O15,II,Other,True,False,44.7,42.994606,1.4290749,30.835848,11.868406,-0.009716675,0.30006617,0.8469585,True,True,0.41444704,0.35547158,0.9719632363841024,1.08,1.54,0.09150625,1.0,61.39,0.0,0.0,-0.0,0.9719632363841023,1.08,0.38488988530492174
339,SrLa4Ti4O15,II,Other,True,False,45.1,43.635826,1.6357713,33.20294,10.2640705,-0.023269227,0.19208427,0.8282591,True,True,0.33423007,0.28666943,0.979016670610402,1.07,1.54,0.09150625,1.0,62.47,0.0,0.0,-0.0,0.9790166706104019,1.07,0.30913137511316774
340,BaLa4Ti4O15,Ib,Other,True,False,49.1,46.571938,0.9718425,32.38309,14.014462,-0.016114667,0.1905005,0.7968837,True,True,0.21390313,0.1834649,0.9910075087951116,1.058,1.54,0.09150625,1.0,63.47,0.0,0.0,-0.0,0.9910075087951115,1.058,0.43277099251492057
341,Ca2La4Ti5O18,II,Other,True,False,49.3,44.94877,1.9801282,30.603329,14.084379,-0.004567161,0.2656292,0.8496126,True,True,0.42646915,0.36578298,0.9710227784872624,1.0666666666666667,1.54,0.09150625,1.0,73.50999999999999,0.0,0.0,-0.0,0.9710227784872623,1.0666666666666667,0.46022375539602245
342,CaLa4Ti5O17,II,Other,True,False,55.2,56.17732,2.6377957,0.0,50.366978,-0.0004289918,0.75350493,0.991084,False,True,0.41444704,0.35547158,0.9719632363841024,1.08,1.54,0.09150625,1.0,68.34,0.0,0.0,-0.0,0.9719632363841023,1.08,
343,CaLa8Ti9O31,II,Other,True,False,54.9,52.48408,1.1979413,0.0,47.690502,-0.0004297549,0.7443725,0.99096537,False,True,0.4066779,0.348808,0.9725902083153288,1.088888888888889,1.54,0.09150625,1.0,124.56,0.0,0.0,-0.0,0.9725902083153288,1.088888888888889,
344,BaZn0.3167Nb0.6333Zr0.05O3,Ib,Ba,True,False,42.0,39.47358,1.4260979,19.760029,19.651325,-0.0015179546,0.0637401,0.19826674,True,False,0.35142636,0.3014187,1.0253997077432868,0.89,1.602335,0.0736854665585501,0.6833,14.003799999999998,0.0,0.0,0.8627250873893516,0.39956662781940727,0.0,0.9944987934987343
345,Ca0.10Nd0.90Mg0.45Ti0.55O3,III,Other,False,True,42.0,27.370243,0.33322823,19.520027,7.7863436,-0.0015252614,0.06539528,0.29342955,True,False,0.6536164,0.5606074,0.9203475644761822,1.1260000000000001,1.4365,0.0709986192961778,0.55,11.593499999999999,0.0,0.0,0.7136254364437213,0.5061911604619003,1.1260000000000001,0.39889000153534626
346,CaLa4Ti4O15,II,Other,True,False,43.61,41.05238,1.2937613,30.835848,10.028732,-0.019819146,0.20761757,0.8469585,True,True,0.41444704,0.35547158,0.9719632363841024,1.08,1.54,0.09150625,1.0,61.39,0.0,0.0,-0.0,0.9719632363841023,1.08,0.32522964829765666
347,CaLa3.5Nd0.5Ti4O15,II,Other,True,False,43.36,41.82937,1.3881123,30.521778,11.045125,-0.010226866,0.27269495,0.8533169,True,True,0.44354433,0.38042837,0.9687891909822672,1.084,1.54,0.09150625,1.0,61.035000000000004,0.0,0.0,-0.0,0.9687891909822673,1.084,0.3618768539630948
348,CaMg0.300Ta0.600Ti0.100O3,III,Ca,True,False,25.4,23.800045,1.0900276,19.82641,3.9872181,-0.0010302785,-0.012550932,0.26680022,True,False,0.5765891,0.494541,0.940292443800602,1.0,1.447,0.07311126688009142,0.7,12.050999999999998,0.0,0.0,0.8979457248567798,0.2632818842641686,0.0,0.20110640806883345
349,CaLa3NdTi4O15,II,Other,True,False,43.1,41.22718,1.4992679,30.205786,10.60934,-0.021894403,0.433954,0.9783643,True,True,0.47308755,0.40576762,0.9656151455804324,1.088,1.54,0.09150625,1.0,60.68,0.0,1.0,-0.0,0.9656151455804325,1.088,0.3512353560341055
350,Ba4LaTiTa3O15,Ib,Ba,True,False,41.1,41.233757,1.8868359,15.456768,25.504246,-0.00074162876,0.27349094,0.81315506,True,True,0.274363,0.2353214,1.0080474620495916,0.89,1.428,0.07941842370193727,0.8,68.99000000000001,0.0,0.0,1.0417780726408796,0.3769419644211552,0.0,1.6500374463794758
351,Ba4LaTiTa3O15,Ib,Ba,True,False,41.4,41.162167,1.8855181,15.456768,25.435728,-0.00074560556,0.27041736,0.81315506,True,True,0.274363,0.2353214,1.0080474620495916,0.89,1.428,0.07941842370193727,0.8,68.99000000000001,0.0,0.0,1.055856154703594,0.3769419644211552,0.0,1.6456045662327339
352,Ba4LaTiTa3O15,Ib,Ba,True,False,42.3,41.090584,1.884322,15.456768,25.367218,-0.0007495824,0.26734754,0.81315506,True,True,0.274363,0.2353214,1.0080474620495916,0.89,1.428,0.07941842370193727,0.8,68.99000000000001,0.0,0.0,1.0699342367663087,0.3769419644211552,0.0,1.6411722036586174
353,Ba4LaTiTa3O15,Ib,Ba,True,False,42.1,41.01901,1.8832486,15.456768,25.298717,-0.0007537021,0.2642817,0.81315506,True,True,0.274363,0.2353214,1.0080474620495916,0.89,1.428,0.07941842370193727,0.8,68.99000000000001,0.0,0.0,1.0840123188290234,0.3769419644211552,0.0,1.636740423353705
354,Ba2La3Ti3NbO15,II,Ba,True,False,42.83,47.386127,1.4184088,0.0,42.21337,-0.00037265607,0.4003563,0.9954364,False,True,0.8074203,0.6925251,0.9705387192756534,0.89,1.3599999999999999,0.07484723086254812,0.5714285714285714,64.72999999999999,0.0,0.0,1.0860696375251493,0.4991341984846218,0.0,
355,Ba3La2Ti2Nb2O15,Ib,Ba,True,False,49.37,47.969776,1.0257148,0.0,47.55327,-0.00045212015,0.4161198,0.99299556,False,True,0.55624527,0.47709206,0.9858227935949552,0.89,1.4133333333333333,0.07706510059338939,0.6666666666666666,65.99000000000001,0.0,0.0,1.1759220423151246,0.525772156583976,0.0,
356,Sr4LaTiNb3O15,III,Sr,True,False,41.1,41.040253,0.92103213,15.401169,25.428186,-0.0005502816,0.21144971,0.9108688,True,True,0.77199966,0.6621448,0.9511145489105782,0.95,1.488,0.07941842370193727,0.8,63.25,0.0,0.0,0.9995438264527357,0.5326241473899238,0.0,1.6510555789628698
357,Sr4LaTiNb3O15,III,Sr,True,False,42.2,40.980534,0.9368965,15.401169,25.371468,-0.00055194914,0.20844784,0.9108688,True,True,0.77199966,0.6621448,0.9511145489105782,0.95,1.488,0.07941842370193727,0.8,63.25,0.0,0.0,1.0136219085154503,0.5326241473899238,0.0,1.6473728715008582
358,Sr4LaTiNb3O15,III,Sr,True,False,43.3,40.92129,0.95348924,15.401169,25.315216,-0.0005536404,0.2054596,0.9108688,True,True,0.77199966,0.6621448,0.9511145489105782,0.95,1.488,0.07941842370193727,0.8,63.25,0.0,0.0,1.027699990578165,0.5326241473899238,0.0,1.6437204214822914
359,Sr4LaTiNb3O15,III,Sr,True,False,43.1,40.862526,0.9707881,15.401169,25.259428,-0.00055540324,0.20248528,0.9108688,True,True,0.77199966,0.6621448,0.9511145489105782,0.95,1.488,0.07941842370193727,0.8,63.25,0.0,0.0,1.0417780726408796,0.5326241473899238,0.0,1.640098099046897
360,Ba2La3Ti3NbO15,II,Ba,True,False,48.34,46.99154,0.62000734,0.0,44.631134,-0.0003608143,0.41096506,0.9954364,False,True,0.8074203,0.6925251,0.9705387192756534,0.89,1.3599999999999999,0.07484723086254812,0.5714285714285714,64.72999999999999,0.0,0.0,1.1009473037926172,0.4991341984846218,0.0,
361,CaLa2Nd2Ti4O15,III,Other,True,False,42.3,41.810047,0.9990674,29.568813,11.779161,-0.020007517,0.48208284,0.9804533,True,True,0.53352165,0.457602,0.9592670547767628,1.096,1.54,0.09150625,1.0,59.97,0.0,1.0,-0.0,0.9592670547767627,1.096,0.3983643509802034
362,CaMg0.267Ta0.533Ti0.200O3,III,Ca,True,False,28.7,27.312344,1.5457376,20.562836,6.7450852,-0.0008737144,0.0052961586,0.26389915,True,False,0.56791353,0.48709995,0.9431027572826284,1.0,1.45727,0.07539536300278482,0.7330000000000001,12.0579,0.0,0.0,1.009844494799268,0.33942268234601797,0.0,0.32802309953743736
363,CaMg0.233Ta0.467Ti0.300O3,III,Ca,True,False,33.6,32.531513,1.8086219,21.39584,11.107264,-0.0007329908,0.029138792,0.26103684,True,False,0.5592938,0.4797068,0.9459668677195602,1.0,1.46773,0.07764676303445822,0.767,12.0671,0.0,0.0,1.0561928135730936,0.4163200184833784,0.0,0.519131943405821
364,CaMg0.200Ta0.400Ti0.400O3,III,Ca,True,False,39.4,39.797386,1.6984206,22.255766,17.482685,-0.00062428636,0.05956173,0.25807983,True,False,0.5503244,0.4720137,0.9488112538938004,1.0,1.4780000000000002,0.07979489876218117,0.8,12.074,0.0,0.0,1.0549201679861442,0.49338185202477625,0.0,0.7855350833577239
365,Sr0.2Ca0.488Nd0.208Ti0.76Al0.32O3,II,Ca,True,False,68.7,67.283104,2.1712766,22.393185,44.7416,-0.00059059856,0.14891453,0.20369267,True,False,0.37112427,0.3183136,0.9785846883185844,1.0213392857142856,1.5607407407407408,0.06518318690913198,0.7037037037037037,11.60272,0.0,0.0,0.684217780951003,0.6886336695575223,0.0,1.9980007310259795
366,Sr0.2Ca0.488Nd0.208Ti0.68Al0.4267O3,II,Ca,True,False,57.5,55.158092,1.9225854,21.044855,33.99542,-0.0007961934,0.118621804,0.19708323,True,False,0.34707624,0.2976876,0.9816760228055248,1.0213392857142856,1.566989247311828,0.05712585351915936,0.6144393241167435,11.452613,0.0,0.0,0.7506782854628347,0.6031803519542395,0.0,1.6153791508660909
367,Ba3LiTa3Ti5O21,Ib,Ba,False,True,49.4,43.781796,3.5589166,0.0,53.18519,-0.0005437353,0.7123765,0.9922495,False,True,0.4968052,0.42611024,1.0064610611128435,0.9125,1.525,0.08765954156350779,1.0,83.47,0.25,0.0,0.5880562116959841,0.7327349674292778,0.0,
368,Ba3LiNb3Ti5O21,Ib,Ba,False,True,54.9,42.311543,3.0218701,0.0,63.870502,-0.0005957842,0.8175114,0.9921981,False,True,0.492919,0.42277706,1.0064610611128435,0.9125,1.5625,0.08765954156350779,1.0,81.72999999999999,0.25,0.0,0.5880562116959841,0.8445080980540828,0.0,
369,Pb0.2Ca0.15La0.5Mg0.5Nb0.5O3,III,Other,True,False,50.0,49.47461,1.401344,13.999476,35.289497,-0.000321001,0.18595208,0.22188103,True,False,0.4344533,0.37263098,0.9474750931170424,1.3717647058823532,1.455,0.06224690431519699,0.5,11.806999999999999,0.23529411764705885,0.0,0.6931471805599453,0.2842425279351127,1.3717647058823532,2.520772706064141
370,La0.66Ni0.01TiO3,II,Other,True,False,51.4,48.470398,2.6214066,19.706964,28.697397,-0.0014560499,0.067488216,0.21127847,True,False,0.3980197,0.34138185,0.9729655280298236,1.1,1.5436633663366337,0.09115584757290618,0.9900990099009901,11.6775,0.0,0.0,0.05678043249708936,0.9633322059701224,1.1,1.4562058874213197
371,La0.6533Ni0.02TiO3,II,Other,True,False,63.3,61.085583,2.5415704,19.516184,41.4662,-0.0005719986,0.10377157,0.21151218,True,False,0.39883703,0.3420829,0.972565473127012,1.1,1.5472549019607842,0.09080811848209601,0.9803921568627451,11.668197,0.0,0.0,0.09843913995066628,0.9534955618892275,1.1,2.124708395862634
372,La0.6467Ni0.03TiO3,II,Other,True,False,69.4,64.837,1.6488984,19.335083,45.38563,-0.0005299257,0.11681382,0.21175365,True,False,0.3996807,0.3428065,0.9721735056135404,1.1,1.5507766990291263,0.09046303225017735,0.970873786407767,11.659303,0.0,0.0,0.13413028906079577,0.9438577724403305,1.1,2.3473201537329835
373,La0.6333Ni0.05TiO3,II,Other,True,False,59.6,61.442436,0.605224,18.977993,42.35319,-0.00054576114,0.11179867,0.2122571,True,False,0.4014375,0.3443133,0.9714128712389736,1.1,1.5576190476190475,0.08978066875235864,0.9523809523809523,11.640697,0.0,0.0,0.19286218626851523,0.9251551154656891,1.1,2.2317001592318007
374,La0.6167Ni0.075TiO3,II,Other,True,False,58.0,57.999084,0.60831517,18.562912,39.330616,-0.00056950824,0.10612408,0.21291868,True,False,0.40374148,0.34628943,0.970503443867462,1.1,1.565813953488372,0.08894205530918828,0.9302325581395349,11.618053,0.0,0.0,0.2530369754479396,0.9027939012720578,1.1,2.1187740371769257
375,La0.5667Ni0.15TiO3,II,Other,True,False,53.3,51.30893,0.85792875,17.44804,33.766605,-0.0006360917,0.09491785,0.21504712,True,False,0.41111854,0.35261673,0.9680211013526424,1.1,1.5882608695652176,0.08651765148327568,0.8695652173913044,11.549303,0.0,0.0,0.38434413537016526,0.8417574794370805,1.1,1.9352663680275837
376,Sr0.2Ca0.488Nd0.208Ti0.84Al0.2133O3,II,Ca,True,False,80.1,80.37158,3.5244203,23.843128,56.346428,-0.00046573515,0.18248841,0.21041441,True,False,0.3949924,0.33878535,0.975357535846328,1.0213392857142856,1.5541754485901456,0.07358509908558836,0.7974935915693535,11.752827,0.0,0.0,0.5673061918148575,0.7778413843263225,0.0,2.3632145916425062
377,La0.5333Ni0.2TiO3,II,Other,True,False,50.7,47.926254,1.3958696,16.797724,31.040188,-0.00068797765,0.089031324,0.21653041,True,False,0.4162283,0.35699937,0.9665446385843356,1.1,1.6016666666666668,0.08497349949532136,0.8333333333333334,11.503197,0.0,0.0,0.447223718430258,0.8054538654869464,1.1,1.8478805819169313
378,La4Ti9O24,II,Other,True,False,37.0,40.558052,1.9762187,0.0,45.225098,-0.00042796886,0.5610469,0.99081916,False,True,0.3972313,0.34070563,0.973373923229362,1.1,1.54,0.09150625,1.0,90.97,0.0,0.0,-0.0,0.9733739232293621,1.1,
379,Nd2Ti2O7,III,Other,True,False,36.0,42.358948,1.7405434,0.0,36.190773,-0.0004044456,0.5172974,0.99450463,False,True,0.69858056,0.5991732,0.9416334692110134,1.14,1.54,0.09150625,1.0,26.689999999999998,0.0,0.0,-0.0,0.9416334692110134,1.14,
380,Nd4Ti9O24,III,Other,True,False,37.5,40.33302,2.1288352,0.0,36.45415,-0.0003948464,0.5778543,0.99450463,False,True,0.69858056,0.5991732,0.9416334692110134,1.14,1.54,0.09150625,1.0,88.13,0.0,0.0,-0.0,0.9416334692110134,1.14,
381,Pb0.2Ca.0667Nb0.5333Ti0.2O3,III,Ca,True,False,51.67,48.274757,2.3406615,0.0,50.814857,-0.00032093035,0.9160572,0.99889266,False,True,0.4691347,0.40237725,0.962912798106914,1.2216666666666667,1.5836356198008998,0.08432949370723022,1.0,12.475232,0.16666666666666669,1.0,0.585964777509158,0.6827974863761531,0.0,
382,Na0.15La0.15Li0.35Sm0.35TiO3,III,Other,True,False,117.0,117.640175,2.125683,22.049404,92.84596,-0.00026465705,2.7450643,0.8055278,True,False,0.8284989,0.71060425,0.9231182043669766,1.057,1.54,0.09150625,1.0,10.9705,0.5,1.0,-0.0,0.9231182043669766,1.057,4.210814949918828
383,CaFe0.27Nb0.27Ti0.46O3,III,Ca,True,False,60.0,59.407623,2.4287822,23.073256,36.212833,-0.00059412915,0.12213485,0.26030993,True,False,0.55709493,0.4778208,0.9566584769540256,1.0,1.6345,0.07108167721906974,0.73,11.9769,0.0,0.0,1.1430760682541603,0.595041572665404,0.0,1.5694721629231696
384,CaAl0.23Ta0.23Ti0.54O3,II,Ca,True,False,47.0,46.260754,0.63507956,24.133062,22.073227,-0.0016586126,0.05612101,0.24037424,True,False,0.49514413,0.42468557,0.9702158694264454,1.0,1.5469000000000002,0.06924744189308356,0.77,11.7865,0.0,0.0,1.083516754961602,0.5908614644807053,0.0,0.9146467613599966
385,CaZn0.2333Nb0.4667Ti0.3O3,III,Ca,True,False,51.0,49.90335,1.5195085,19.622442,30.165888,-0.0005706899,0.115595125,0.26893538,True,False,0.58293587,0.49998462,0.9438056636210208,1.0,1.5936649999999999,0.07801523319214386,0.7666999999999999,11.9637,0.0,0.0,1.1346530455603028,0.5474261610134644,0.0,1.5373156919001212
386,Ca0.58La0.21Na0.21Fe0.29Nb0.29Ti0.42O3,III,Ca,True,False,58.9,57.352345,2.5998173,20.243002,36.945663,-0.0006187476,0.16429956,0.23842101,True,False,0.48889083,0.4193221,0.9610790922089958,1.0063,1.6415,0.06946407999065275,0.71,11.876,0.21,0.0,1.1624890215774346,0.5708809807721434,0.0,1.825107906426132
387,CaMg0.22Nb0.44Ti0.34O3,III,Ca,True,False,43.9,45.75375,1.834373,18.700014,26.969645,-0.0005549697,0.08464586,0.24915516,True,False,0.5228378,0.44843847,0.9470951656895636,1.0,1.5158,0.0785067423428335,0.78,11.8142,0.0,0.0,1.139737408878379,0.5720454800764965,0.0,1.4422259256062588
388,Ca0.6La0.2Na0.2Mg0.2Nb0.4Ti0.4O3,III,Ca,True,False,52.3,53.097748,2.2728868,17.596064,35.35573,-0.0004939741,0.14644812,0.22622642,True,False,0.44902435,0.3851286,0.9536591946071262,1.006,1.5180000000000002,0.07979489876218117,0.8,11.756,0.2,0.0,1.1330624026517846,0.6103418845485608,0.0,2.0092976474738897
389,La2Ti2O7,II,Other,True,False,47.0,43.24421,1.6610029,0.0,46.59473,-0.0004405436,0.5128055,0.99081916,False,True,0.3972313,0.34070563,0.973373923229362,1.1,1.54,0.09150625,1.0,28.11,0.0,0.0,-0.0,0.9733739232293621,1.1,
390,SrLa3PrTi5O17,II,Other,True,False,57.0,58.555836,1.1951889,0.0,55.477547,-0.00041022446,0.7610136,0.9904059,False,True,0.37132746,0.31848788,0.9747846100746222,1.076,1.54,0.09150625,1.0,68.91999999999999,0.0,0.0,-0.0,0.9747846100746222,1.076,
391,CaMg0.3333Nb0.6667O3,III,Ca,True,False,28.0,25.514542,1.5832919,15.697104,9.779216,-0.00073396356,0.038955472,0.2544877,True,False,0.5393377,0.46259043,0.9374879421382192,1.0,1.5033429999999999,0.07074259934967805,0.6667,11.656723999999999,0.0,0.0,0.6364910608887524,0.37501392661413036,0.0,0.6229949167693608
392,CaTi0.34Mg0.22Nb0.44O3,III,Ca,True,False,48.0,45.095497,1.376709,18.700014,26.310705,-0.00059313345,0.08537074,0.24915516,True,False,0.5228378,0.44843847,0.9470951656895636,1.0,1.5158,0.0785067423428335,0.78,11.8142,0.0,0.0,1.1240168928938497,0.5720454800764965,0.0,1.406988518832125
393,CaMg0.183Ta0.367Ti0.450O3,III,Ca,True,False,45.1,44.18327,1.5843264,22.734596,21.372334,-0.0005838614,0.07692286,0.25662962,True,False,0.54590094,0.46821973,0.9502585134318872,1.0,1.48323,0.08086149967732277,0.817,12.0786,0.0,0.0,1.0379901025321652,0.5322397933732,0.0,0.9400797797330552
394,CaMg0.167Ta0.333Ti0.500O3,III,Ca,True,False,47.8,48.95201,1.541938,23.187603,25.669285,-0.0005511522,0.09567468,0.25509393,True,False,0.54119897,0.46418685,0.951672796975794,1.0,1.48827,0.08188068694704398,0.833,12.0809,0.0,0.0,1.0116348139339553,0.5709085109057789,0.0,1.1070262415653744
395,CaMg0.133Ta0.267Ti0.600O3,III,Ca,True,False,59.9,59.711823,1.9473574,24.251675,35.323982,-0.0004976653,0.13666435,0.25216734,True,False,0.5321865,0.45645684,0.9545892771383796,1.0,1.4987300000000001,0.08393579452574661,0.867,12.0901,0.0,0.0,0.9273856600060894,0.6492161673818119,0.0,1.4565584439012977
396,CaMg0.100Ta0.200Ti0.700O3,III,Ca,True,False,73.1,71.48375,2.3753152,25.361927,45.93893,-0.00045268112,0.18334869,0.24913368,True,False,0.5227708,0.448381,0.9574858317030592,1.0,1.509,0.08590278572126124,0.8999999999999999,12.097,0.0,0.0,0.8018185525433373,0.7276892320943251,0.0,1.8113343674555957
397,CaMg0.067Ta0.133Ti0.800O3,III,Ca,True,False,95.0,93.66245,2.533442,26.578526,66.798195,-0.00041910572,0.2861663,0.24607591,True,False,0.5132025,0.44017422,0.9604000180687334,1.0,1.5192700000000001,0.08781511168696719,0.933,12.1039,0.0,0.0,0.6279350572951072,0.8066399751759293,0.0,2.5132392593930906
398,CaMg0.033Ta0.067Ti0.900O3,III,Ca,True,False,121.7,118.96185,2.646978,27.984966,90.37938,-0.00038664756,0.5978939,0.24310055,True,False,0.50381476,0.43212235,0.9633703175567788,1.0,1.5297300000000003,0.08969833069976046,0.9670000000000001,12.1131,0.0,0.0,0.3885008369626688,0.8863970291839922,0.0,3.2295690478952164
399,Ba0.8Sr0.2La4Ti4O15,Ib,Other,True,False,46.8,46.762806,0.9693131,32.54798,13.9894285,-0.013750101,0.23914814,0.80292845,True,True,0.23592061,0.20234932,0.9886093411581696,1.0604,1.54,0.09150625,1.0,63.269999999999996,0.0,0.0,-0.0,0.9886093411581697,1.0604,0.4298094228889166
400,Ba0.6Sr0.4La4Ti4O15,Ib,Other,True,False,45.7,46.34574,0.87182164,32.71247,13.412257,-0.017243687,0.23826072,0.809144,True,True,0.25909817,0.22222874,0.9862111735212278,1.0628000000000002,1.54,0.09150625,1.0,63.07,0.0,0.0,-0.0,0.9862111735212278,1.0628000000000002,0.41000441116185965
401,Ba0.4Sr0.6La4Ti4O15,II,Other,True,False,45.4,44.80736,1.7133003,32.8765,11.702621,-0.011525793,0.2397662,0.8154677,True,True,0.28327948,0.24296907,0.9838130058842858,1.0652000000000001,1.54,0.09150625,1.0,62.87,0.0,0.0,-0.0,0.9838130058842858,1.0652000000000001,0.35595702097242715
402,Ba0.2Sr0.8La4Ti4O15,II,Other,True,False,46.1,44.133717,1.659808,33.040012,11.362315,-0.024678973,-0.24393182,0.8218519,True,True,0.30835104,0.26447296,0.981414838247344,1.0676,1.54,0.09150625,1.0,62.67,0.0,0.0,-0.0,0.9814148382473439,1.0676,0.34389560754396825
403,Ba0.8Ca0.2La4Ti4O15,Ib,Other,True,False,47.7,46.384724,0.9626975,32.084854,14.076324,-0.01234954,0.23589465,0.80656654,True,True,0.24941844,0.21392642,0.9871986543129097,1.0624000000000002,1.54,0.09150625,1.0,63.053999999999995,0.0,0.0,-0.0,0.9871986543129097,1.0624000000000002,0.43872177196131235
404,CaTi0.2Mg0.2667Nb0.5333O3,III,Ca,True,False,36.0,36.9869,1.3322998,17.337528,19.573027,-0.0006324091,0.07697697,0.2513043,True,False,0.52951556,0.45416597,0.9431137751814406,1.0,1.5106570000000001,0.07540679352157373,0.7333000000000001,11.749276,0.0,0.0,1.009636859955122,0.49040030081884545,0.0,1.1289398926998129
405,Ba0.6Ca0.4La4Ti4O15,II,Other,True,False,48.9,45.086437,1.7380196,31.780712,13.0637,-0.0072916537,0.24931721,0.8165866,True,True,0.28762367,0.24669509,0.9833897998307078,1.0668000000000002,1.54,0.09150625,1.0,62.638,0.0,0.0,-0.0,0.9833897998307078,1.0668000000000002,0.41105749927817853
406,Ba0.2Ca0.8La4Ti4O15,II,Other,True,False,49.5,44.414196,1.8485651,31.155907,13.004924,-0.0077664317,0.2611338,0.83689946,True,True,0.37037215,0.31766853,0.975772090866304,1.0756000000000001,1.54,0.09150625,1.0,61.806,0.0,0.0,-0.0,0.975772090866304,1.0756000000000001,0.4174143927185301
407,Ba0.2Sr0.8La4Ti4O15,II,Other,True,False,40.8,44.44417,1.6912891,33.040012,11.177338,-0.014306475,0.24112591,0.8218519,True,True,0.30835104,0.26447296,0.981414838247344,1.0676,1.54,0.09150625,1.0,62.67,0.0,0.0,-0.0,0.9814148382473439,1.0676,0.338297032095509
408,Ba0.2Sr0.8La4Ti4.20O15,II,Other,True,False,46.4,44.56883,1.6232529,36.927467,7.4982047,-0.06678679,0.20994231,0.8218519,True,True,0.30835104,0.26447296,0.981414838247344,1.0676,1.54,0.09150625,1.0,63.256,0.0,0.0,-0.0,0.9814148382473439,1.0676,0.20305223480397394
409,SrGa0.5Nb0.5O3,Ib,Sr,True,False,33.4,33.412437,1.1913157,21.268236,12.112813,-0.004308193,0.03569533,0.15256909,True,False,0.16637975,0.14270405,0.9892528367338892,0.95,1.705,0.049971511996953155,0.5,12.54,0.0,0.0,0.7958356517540113,0.29677585102016674,0.0,0.5695259823146592
410,SrGa0.45Nb0.45Ti0.1O3,Ib,Sr,True,False,36.6,36.586903,1.3057591,22.446556,14.1051235,-0.004924237,0.0401484,0.15218408,True,False,0.16464217,0.14121373,0.9904726306139556,0.95,1.6885,0.054466488261381174,0.55,12.606,0.0,0.0,1.089495500472495,0.36647487332716355,0.0,0.6283869783854592
411,SrGa0.4Nb0.4Ti0.2O3,Ib,Sr,True,False,40.4,40.61205,1.365419,23.755257,16.820631,-0.005381572,0.041543026,0.15186173,True,False,0.16318437,0.13996339,0.9916954363307628,0.95,1.6720000000000004,0.05888007890083455,0.6000000000000001,12.672,0.0,0.0,1.2307401959838349,0.43634599198553564,0.0,0.7080803630118587
412,SrGa0.35Nb0.35Ti0.3O3,Ib,Sr,True,False,46.6,45.369404,1.3284369,25.217237,20.113718,-0.0053272075,0.043774184,0.15160483,True,False,0.16202085,0.13896543,0.9929212650530506,0.95,1.6554999999999997,0.06321447442563492,0.6499999999999999,12.738,0.0,0.0,1.278745216521331,0.5063898451770558,0.0,0.7976178357684467
413,CaTi0.8Mg0.0667Nb0.1333O3,III,Ca,True,False,109.0,106.242004,3.9330606,25.118963,80.73442,-0.00040768972,0.38902265,0.24258855,True,False,0.50219154,0.43073013,0.960411443830448,1.0,1.5326570000000004,0.08782264425172358,0.9333,12.027276,0.0,0.0,0.6277283496042103,0.8451428623419175,0.0,3.2140825240277633
414,CaTi0.6Mg0.1333Nb0.2667O3,III,Ca,True,False,68.0,66.2987,2.284503,21.870686,44.26281,-0.00046518943,0.16566816,0.24534681,True,False,0.51090926,0.43820733,0.9545779894855208,1.0,1.525343,0.08392710202813872,0.8667,11.934724,0.0,0.0,0.9275942231709025,0.7254983635687855,0.0,2.0238418676030556
415,CaTi0.4Mg0.2Nb0.4O3,III,Ca,True,False,54.0,49.471405,1.5129329,19.349237,30.007135,-0.00055694126,0.11559112,0.24825418,True,False,0.5200268,0.44602746,0.9488112538938004,1.0,1.5180000000000002,0.07979489876218117,0.8,11.842,0.0,0.0,1.0549201679861442,0.6072392024920322,0.0,1.550817481846959
416,Ba0.4Ca0.6La4Ti4O15,II,Other,True,False,48.9,44.791283,1.7801795,31.470963,13.071424,-0.007293973,0.2561918,0.826743,True,True,0.32803854,0.28135896,0.979580945348506,1.0712000000000002,1.54,0.09150625,1.0,62.222,0.0,0.0,-0.0,0.9795809453485059,1.0712000000000002,0.41534871366980414
417,La6ZnTi5O18,III,Other,True,False,40.8,41.80642,0.39725488,45.3643,0.8016834,-4.3614035,0.0018369496,0.8538295,True,True,0.44593492,0.38247877,0.9625719931318722,1.1,1.5583333333333333,0.08577303674667604,0.8333333333333334,77.41,0.0,0.0,0.5339984697674721,0.8021433276098936,1.1,0.01767212102909116
418,Sr2La4Ti5O18,II,Other,True,False,48.0,43.5552,1.709626,34.65437,8.763672,-0.044230036,0.18138751,0.8180448,True,True,0.29331693,0.25157818,0.9827785021977616,1.05,1.54,0.09150625,1.0,75.66999999999999,0.0,0.0,-0.0,0.9827785021977617,1.05,0.2528879330370167
419,CaLi0.3Nb0.6Sn0.1O3,III,Ca,True,False,25.2,23.419327,0.5847739,0.0,24.319748,-0.00035176618,0.4707114,0.9956377,False,True,0.8338421,0.71518713,0.9241087387818824,0.9953846153846153,1.6514285714285717,0.07348997952441368,0.8571428571428572,11.306000000000001,0.23076923076923075,0.0,0.3493583452086447,0.47525592280211093,0.0,
420,CaLi0.2833Nb0.5667Sn0.15O3,III,Ca,True,False,24.8,23.651787,1.6065547,0.0,22.925983,-0.00036434995,0.4474826,0.9957495,False,True,0.8490547,0.72823495,0.9235782490046318,0.9955848203849449,1.6753453327752197,0.06929597589299176,0.7907074089577228,11.345766999999999,0.2207589807527468,0.0,0.43701524563071437,0.43816809854409783,0.0,
421,CaLi0.2667Nb0.5333Sn0.2O3,III,Ca,True,False,23.3,24.104858,1.2891353,0.0,22.45367,-0.00037826688,0.44178075,0.99585134,False,True,0.86324245,0.74040383,0.9231360744302164,0.9957890581826794,1.6981862811945996,0.06511337924136207,0.7272603300150006,11.385233,0.21054709086602985,0.0,0.4991551808411346,0.40281614768332275,0.0,
422,CaLi0.2333Nb0.4667Sn0.3O3,III,Ca,True,False,22.6,23.670324,1.5554612,0.0,19.852118,-0.0004088417,0.40262228,0.99602586,False,True,0.8884006,0.761982,0.9225345910672564,0.9962166545041757,1.740863440719969,0.056793426064104174,0.6087126646667537,11.464767,0.18916727479121057,0.0,0.5701618614146864,0.3369350935054821,0.0,
423,CaLi0.3Nb0.6Sn0.1O3,III,Ca,True,False,25.4,23.161327,0.676963,0.0,24.266771,-0.00035188528,0.4685287,0.9956377,False,True,0.8338421,0.71518713,0.9241087387818824,0.9953846153846153,1.6514285714285717,0.07348997952441368,0.8571428571428572,11.306000000000001,0.23076923076923075,0.0,0.3493583452086447,0.47525592280211093,0.0,
424,CaLi0.2833Nb0.5667Sn0.15O3,III,Ca,True,False,24.9,23.326775,1.6363289,0.0,22.868572,-0.00036451675,0.44524294,0.9957495,False,True,0.8490547,0.72823495,0.9235782490046318,0.9955848203849449,1.6753453327752197,0.06929597589299176,0.7907074089577228,11.345766999999999,0.2207589807527468,0.0,0.43701524563071437,0.43816809854409783,0.0,
425,CaLi0.2667Nb0.5333Sn0.2O3,III,Ca,True,False,23.9,23.876226,1.3446007,0.0,22.404325,-0.00037850515,0.4395488,0.99585134,False,True,0.86324245,0.74040383,0.9231360744302164,0.9957890581826794,1.6981862811945996,0.06511337924136207,0.7272603300150006,11.385233,0.21054709086602985,0.0,0.4991551808411346,0.40281614768332275,0.0,
426,CaLi0.2333Nb0.4667Sn0.3O3,III,Ca,True,False,23.5,23.360987,1.570312,0.0,19.795504,-0.00040922296,0.40021712,0.99602586,False,True,0.8884006,0.761982,0.9225345910672564,0.9962166545041757,1.740863440719969,0.056793426064104174,0.6087126646667537,11.464767,0.18916727479121057,0.0,0.5701618614146864,0.3369350935054821,0.0,
427,CaLa0.5Nb0.5O3,III,Ca,True,False,23.3,22.96106,1.1399642,13.186139,9.631631,-0.00034658716,0.14363496,0.5,True,False,1.982717,1.0,0.8664904205953222,1.0,1.35,0.0665607499633807,0.5,12.754999999999999,0.0,0.0,0.7958356517540113,0.25994712617859667,0.0,0.730436028317311
428,CaPr0.5Nb0.5O3,III,Ca,True,False,24.2,24.237309,0.92295665,12.905377,11.185444,-0.00033431296,0.1468212,0.5,True,False,1.7704278,1.0,0.8747054539282801,1.0,1.365,0.06549670598600167,0.5,12.504999999999999,0.0,0.0,0.7958356517540113,0.262411636178484,0.0,0.8667274113727945
429,CaNd0.5Nb0.5O3,III,Ca,False,True,24.5,24.275274,0.87091786,12.56534,11.557547,-0.00033171475,0.15271917,0.5,True,False,1.6122003,1.0,0.8760897944612888,1.0,1.37,0.0653095665934298,0.5,12.399999999999999,0.0,0.0,0.7958356517540113,0.2628269383383866,0.0,0.9197958033765898
430,CaSm0.5Nb0.5O3,III,Ca,True,False,24.7,25.311762,0.7579405,12.642689,12.5125,-0.00033435944,0.15690657,0.5,True,False,1.4308014,1.0,0.881069841041901,1.0,1.385,0.06461682516217973,0.5,12.305,0.0,0.0,0.7958356517540113,0.2643209523125703,0.0,0.9897024280198617
431,CaEu0.5Nb0.5O3,III,Ca,True,False,25.0,25.637823,0.59522086,12.546246,12.937261,-0.000340961,0.15465951,0.5,True,False,1.3702426,1.0,0.8832790428316117,1.0,1.4,0.06429948062655297,0.5,12.235,0.0,0.0,0.7958356517540113,0.2649837128494835,0.0,1.0311658961573047
432,CaGd0.5Nb0.5O3,III,Ca,True,False,25.5,25.64396,0.7203958,12.500373,12.9851,-0.00034241387,0.15882982,0.5,True,False,1.3889229,1.0,0.8850948288949932,1.0,1.4,0.06403390577858643,0.5,12.184999999999999,0.0,0.0,0.7958356517540113,0.26552844866849795,0.0,1.0387770028942336
433,CaTb0.5Nb0.5O3,III,Ca,True,False,26.5,26.243296,0.556182,12.5991,13.488256,-0.0003493967,0.1562878,0.5,True,False,1.3268313,1.0,0.8881377861339173,1.0,1.4100000000000001,0.0635790498766044,0.5,12.139999999999999,0.0,0.0,0.7958356517540113,0.26644133584017515,0.0,1.0705729774348962
434,CaDy0.5Nb0.5O3,III,Ca,True,False,32.0,28.065369,1.1965536,12.546121,15.332041,-0.00033069242,0.18753839,0.5,True,False,1.2541374,1.0,0.8903826196926194,1.0,1.4100000000000001,0.06323546685673558,0.5,12.079999999999998,0.0,0.0,0.7958356517540113,0.2671147859077858,0.0,1.2220542907245993
435,CaHo0.5Nb0.5O3,III,Ca,True,False,31.4,28.53255,1.2116387,12.632404,15.711133,-0.00033505357,0.1893494,0.5,True,False,1.2006367,1.0,0.8926388299705784,1.0,1.415,0.06288312250546305,0.5,12.049999999999999,0.0,0.0,0.7958356517540113,0.2677916489911735,0.0,1.2437167937314229
436,CaY0.5Nb0.5O3,III,Ca,True,False,31.0,29.249887,0.96285236,12.397905,16.66012,-0.00033681563,0.19219977,0.5,True,False,1.239589,1.0,0.8928445071203412,1.0,1.4100000000000001,0.06285064787451694,0.5,11.995,0.0,0.0,0.7958356517540113,0.26785335213610234,0.0,1.34378509917603
437,CaEr0.5Nb0.5O3,III,Ca,True,False,30.5,28.81012,1.1934431,12.601168,16.020298,-0.00034039174,0.188992,0.49501872,True,False,1.1542917,0.9900371,0.8949065036725822,1.0,1.42,0.06252175823328772,0.5,11.995,0.0,0.0,0.7958356517540113,0.26847195110177463,0.0,1.2713343715439713
438,CaYb0.5Nb0.5O3,III,Ca,True,False,30.0,29.142788,0.9671256,12.679,16.291117,-0.00033123925,0.17300518,0.45157805,True,False,1.0526416,0.90285164,0.8994765925957012,1.0,1.35,0.061770899133693095,0.5,11.915,0.0,0.0,0.7958356517540113,0.26984297777871036,0.0,1.284889738938402
439,CaIn0.5Nb0.5O3,III,Ca,False,True,29.6,23.325426,1.8705771,14.949474,8.299978,-0.00051020563,0.07648299,0.38356704,True,False,0.8893338,0.7627824,0.9139021605901604,1.0,1.69,0.0591907514450867,0.5,12.02,0.0,0.0,0.7958356517540113,0.2741706481770481,0.0,0.5552020091141667
440,Ba2CaWO6,Ia,Ba,True,False,22.8,30.325718,4.0438833,0.0,20.425745,-0.0032446403,0.48478717,0.9943929,False,True,0.686776,0.5890484,1.0323759005323594,0.9266666666666665,2.36,0.0,0.0,28.62,0.0,0.0,-0.0,0.29028722984029215,0.0,
441,Ba2Ca0.975Sr0.025WO6,Ia,Ba,True,False,23.9,23.865429,1.9330298,0.0,20.499432,-0.0032850553,0.537351,0.9944253,False,True,0.6901715,0.59196067,1.0326705283578537,0.9262499999999999,2.36,0.0,0.0,28.647,0.0,0.0,-0.0,0.2901988414926439,0.0,
442,CaLi0.3333Nb0.6667O3,III,Ca,True,False,29.6,25.12982,2.40992,0.0,27.370975,-0.00033600756,0.52636176,0.99537677,False,True,0.7998361,0.68602014,0.9254798128291633,0.9950003750093753,1.6,0.08192,1.0,11.226766999999999,0.2499812495312383,0.0,-0.0,0.5552878876974978,0.0,
443,CaLi0.1667Nb0.3333Ti0.5O3,III,Ca,True,False,55.2,44.524113,4.424436,0.0,53.90567,-0.00032962812,0.8368498,0.9939373,False,True,0.64096814,0.549759,0.945608843463694,0.9971423673609325,1.563998559942398,0.08741479586874831,1.0,11.673233,0.14288163195337275,0.0,0.5732979439969557,0.7943205067175286,0.0,
444,CaLi0.2333Nb0.4667Ti0.3O3,III,Ca,True,False,44.7,42.195568,3.4154606,0.0,42.48743,-0.00033958824,0.680255,0.99455196,False,True,0.703648,0.6035195,0.9376769163933542,0.9962166545041757,1.5765227598800053,0.08542155756352507,1.0,11.494767,0.18916727479121057,0.0,0.5701618614146864,0.7093665906436328,0.0,
445,CaLi0.2667Nb0.5333Ti0.2O3,III,Ca,True,False,38.6,38.68297,1.8817879,0.0,37.209663,-0.00034409048,0.6225172,0.99484074,False,True,0.7355564,0.6308874,0.9336760542716822,0.9957890581826794,1.5836356198008998,0.08432949370723022,1.0,11.405232999999999,0.21054709086602985,0.0,0.4991551808411346,0.6620658321289913,0.0,
446,La0.5Na0.5Mg0.5W0.5O3,III,Other,False,True,20.76,20.68501,1.7646177,11.627952,9.006368,-0.004132944,0.054824017,0.16845104,True,False,0.23513736,0.20167752,0.9525346202877036,1.0150000000000001,1.835,0.0,0.0,11.094999999999999,0.5,0.0,0.7444914161569783,0.14288019304315555,1.0150000000000001,0.7745446489631191
447,La0.5Na0.5Mg0.5W0.5O3,III,Other,False,True,18.6,20.58067,1.8089043,11.627952,8.903257,-0.0043592397,0.053820513,0.16845104,True,False,0.23513736,0.20167752,0.9525346202877036,1.0150000000000001,1.835,0.0,0.0,11.094999999999999,0.5,0.0,0.7701635339554948,0.14288019304315555,1.0150000000000001,0.7656771372981244
448,Ca5Nb2Ti0.2Zr0.8O12,III,Ca,False,True,34.0,45.011555,2.0092711,0.0,35.02568,-0.00033322306,0.48003873,0.99464834,False,True,0.7141173,0.61249906,0.940977455294386,1.0,1.524,0.09154003737585094,1.0,49.186,0.0,0.0,0.9937303778927867,0.5896792053178151,0.0,
449,Ca5Ta2Ti0.7Zr0.3O12,III,Ca,False,True,36.0,46.51523,1.4591364,0.0,29.775547,-0.00034575927,0.42456,0.9943137,False,True,0.67855763,0.5819995,0.9498190606019152,1.0,1.4923333333333333,0.0872635172846182,1.0,50.186,0.0,0.0,1.0268324028271354,0.46857740323027824,0.0,
450,Nd2Sn2O7,III,Other,False,True,17.0,12.264424,3.540134,0.0,4.0224204,-0.00065302645,0.28996336,0.9975274,False,True,1.2531362,1.0,0.9033373711809004,1.14,1.96,0.0,0.0,26.49,0.0,0.0,-0.0,0.0,1.14,
451,NdMg0.5Sn0.4Ti0.1O3,III,Other,True,False,21.1,19.64096,0.5426503,15.761415,3.7887082,-0.00092502404,0.09176302,0.390958,True,False,0.90749186,0.77835655,0.900536659083273,1.14,1.593,0.015667909518765493,0.1,11.495000000000001,0.0,0.0,1.0831037097111191,0.09005366590832731,1.14,0.24037868427422285
452,BaTi0.6Zn0.2W0.2O3,Ib,Ba,True,False,71.2,71.20595,2.0978582,25.590311,45.423557,-0.0041040974,0.19618385,0.25359035,True,False,0.5365773,0.4602228,1.0479524428220128,0.89,1.726,0.05649333075009642,0.6,14.02,0.0,0.0,0.9995438264527357,0.6283513877374715,0.0,1.7750295023768958
453,BaTi0.5Zn0.25W0.25O3,Ib,Ba,True,False,25.4,24.743359,1.1185572,23.917797,2.9550157,-2.128395,-0.0010572223,0.25156006,True,False,0.53030777,0.45484546,1.044609281654728,0.89,1.7725,0.04742101049259463,0.5,13.975,0.0,0.0,1.1013338535563575,0.5493496630485314,0.0,0.12354882433361233
454,BaTi0.45Zn0.275W0.275O3,Ib,Ba,True,False,22.9,22.61298,1.0270631,23.159508,2.824875,-3.361116,-0.010285608,0.25070986,True,False,0.5276724,0.4525851,1.0429456873068763,0.89,1.79575,0.04283506047332026,0.45,13.9525,0.0,0.0,1.124818565548602,0.5096314215090884,0.0,0.12197474143233095
455,BaTi0.4Zn0.3W0.3O3,Ib,Ba,True,False,21.2,21.271744,1.3011472,22.446934,3.3220851,-4.490378,-0.0068997154,0.2499688,True,False,0.5253704,0.45061067,1.0412873832541625,0.89,1.819,0.03821542962779239,0.4,13.93,0.0,0.0,1.1534273812916074,0.4697691822054605,0.0,0.1479972765991115
456,BaTi0.35Zn0.325W0.325O3,Ib,Ba,True,False,22.1,22.127987,1.783887,21.776068,4.4901686,-4.1409593,0.0027080406,0.24933603,True,False,0.52340126,0.4489217,1.039634344301628,0.89,1.84225,0.03356174554273307,0.35,13.907499999999999,0.0,0.0,1.1549252408044501,0.42976363092502146,0.0,0.2061973998244311
457,Ba2Ca0.95Sr0.05WO6,Ia,Ba,True,False,24.0,24.173971,1.3690151,0.0,20.302938,-0.003749815,0.6221571,0.9992464,False,True,0.6935622,0.5948689,1.0329651561833482,0.9258333333333333,2.36,0.0,0.0,28.673999999999996,0.0,1.0,-0.0,0.29011045314499556,0.0,
458,BaTi0.3Zn0.35W0.35O3,Ib,Ba,True,False,26.4,25.087551,2.2379684,21.143354,6.0843406,-2.1525075,0.012362093,0.24881074,True,False,0.52176404,0.44751748,1.037986545414049,0.89,1.8655,0.02887363029412397,0.3,13.885,0.0,0.0,1.1529004491811365,0.3896154491073101,0.0,0.287766103712779
459,BaTi0.1Zn0.45W0.45O3,Ib,Ba,True,False,33.0,29.36444,2.7538784,18.935621,10.421663,-0.024453456,0.031610332,0.24776343,True,False,0.5184928,0.44471174,1.0314472553290563,0.89,1.9585,0.009769100514058356,0.1,13.795,0.0,0.0,0.9981184584973827,0.22760989499767179,0.0,0.550373446954816
460,BaHfO3,Ia,Ba,True,False,24.1,24.67218,0.9833337,19.295958,5.350189,-0.0012760416,0.02730919,0.15835679,True,False,0.1920801,0.16474727,1.0087163087068758,0.89,1.3,0.0,0.0,14.299999999999999,0.0,0.0,-0.0,0.5947702147758746,0.0,0.2772699339416058
461,SrHfO3,III,Sr,True,False,23.5,22.283554,0.44082376,21.257816,1.0370562,-0.0030911565,-0.008227853,0.28981596,True,False,0.6434189,0.551861,0.9517456201752582,0.95,1.3,0.0,0.0,13.299999999999999,0.0,0.0,-0.0,0.5710473721051549,0.0,0.04878470111887318
462,CaHfO3,III,Ca,True,False,21.4,19.975422,0.79931724,17.098536,2.8376443,-0.0005712486,0.039814107,0.45693964,True,False,1.0652496,0.9136655,0.9182334504507774,1.0,1.3,0.0,0.0,12.219999999999999,0.0,0.0,-0.0,0.5509400702704664,0.0,0.16595831947249753
463,YMg0.5Ti0.5O3,III,Other,True,False,22.0,22.231335,0.7365336,17.291933,4.867493,-0.00080868724,0.072715744,0.42350397,True,False,0.98612136,0.8457972,0.8776695078000297,1.22,1.425,0.06763044570776824,0.5,10.725,0.0,0.0,0.8471798873510443,0.43883475390001486,1.22,0.28148923547182375
464,La.6667MgTaO6,III,Other,True,False,22.5,24.053713,3.9556475,0.0,19.941502,-0.00037686893,0.5110098,0.999022,False,True,0.5415579,0.4644947,0.9382763058052264,1.1,1.405,0.06224690431519699,0.5,21.09,0.0,1.0,0.7701635339554948,0.14074144587078394,1.1,
465,CaLi0.2333Nb0.4667Sn0.3O3,III,Ca,True,False,22.6,17.45895,3.101058,0.0,19.269548,-0.00040998386,0.41984135,0.99602586,False,True,0.8884006,0.761982,0.9225345910672564,0.9962166545041757,1.740863440719969,0.056793426064104174,0.6087126646667537,11.464767,0.18916727479121057,0.0,0.6693204460085449,0.3369350935054821,0.0,
466,CaLa0.5Ta0.5O3,III,Ca,True,False,23.0,20.932682,1.213556,14.731372,6.057582,-0.00038620643,0.14411439,0.5,True,False,2.0187564,1.0,0.8664904205953222,1.0,1.3,0.0665607499633807,0.5,13.045,0.0,0.0,0.6931471805599453,0.12997356308929833,0.0,0.41120283976265076
467,CaLi0.333Nb0.667O3,III,Ca,True,False,29.6,25.596695,2.0905128,0.0,28.241505,-0.00033522065,0.5445379,0.9953755,False,True,0.79967076,0.68587834,0.9254961951750936,0.9950037509377345,1.6,0.08192,1.0,11.22767,0.24981245311327835,0.0,-0.0,0.5552977171050563,0.0,
468,CaLi0.3167Nb0.6333Ti0.05O3,III,Ca,True,False,32.4,35.38227,1.2744333,0.0,29.126328,-0.00034813973,0.5200049,0.9952482,False,True,0.78376424,0.6722353,0.9275620242727664,0.9951894888736994,1.5956095419288745,0.08255283217788865,1.0,11.271232999999999,0.24052555631502998,0.0,0.2229922796079507,0.5836866957365785,0.0,
469,CaLi0.3Nb0.6Ti0.1O3,III,Ca,True,False,34.6,36.82255,1.4698038,0.0,31.592352,-0.00034957007,0.5462711,0.99511564,False,True,0.7676443,0.6584092,0.9296229011403562,0.9953846153846153,1.5914285714285716,0.08316462519266352,1.0,11.315999999999999,0.23076923076923075,0.0,0.3493583452086447,0.6108950493208055,0.0,
470,BaTi0.2Zn0.4W0.4O3,Ib,Ba,True,False,31.4,28.845242,2.6184325,19.980074,9.004468,-0.1648926,0.025594532,0.24807855,True,False,0.51947814,0.44555685,1.0347065684839611,0.89,1.912,0.01939256644033841,0.2,13.84,0.0,0.0,1.1096197322520924,0.30889389808513246,0.0,0.4506724049170188
471,Ba2Ca0.9Sr0.1WO6,Ia,Ba,True,False,23.5,23.42999,1.5999174,0.0,20.944647,-0.0034983933,0.5599502,0.994521,False,True,0.70032924,0.600673,1.033554411834337,0.9249999999999999,2.36,0.0,0.0,28.727999999999998,0.0,0.0,-0.0,0.2899336764496989,0.0,
472,Ba2Ca0.75Sr0.25WO6,Ia,Ba,True,False,23.4,22.698603,1.5633436,0.0,20.794592,-0.0036348372,0.56555384,0.9947065,False,True,0.72051543,0.61798674,1.0353221787873033,0.9224999999999999,2.36,0.0,0.0,28.89,0.0,0.0,-0.0,0.289403346363809,0.0,
473,Ba2Ca0.5Sr0.5WO6,Ia,Ba,True,False,23.3,22.40363,1.5505657,0.0,20.502708,-0.003950206,0.57003963,0.99499875,False,True,0.75377566,0.64651406,1.0382684570422471,0.9183333333333332,2.36,0.0,0.0,29.16,0.0,0.0,-0.0,0.28851946288732583,0.0,
474,BaZn0.1667Co0.1667Ta0.2222Nb0.2222Sb0.2222O3,Ib,Ba,True,False,24.9,23.981659,0.54447514,16.892199,7.06046,-0.0017842964,0.03078564,0.11920293,True,False,0.0,0.0,1.0305555388693273,0.89,1.7327809999999997,0.0,0.4444,13.562756999999998,0.0,0.0,1.866655688020703,0.1938695033369119,0.0,0.41797163294133577
475,Ba0.5Sr0.5Zn0.1667Co0.1667Ta0.2222Nb0.2222Sb0.2222O3,Ib,Ba,True,False,26.3,26.029673,0.5916749,17.482574,8.511843,-0.0015056867,0.03676102,0.11920293,True,False,0.0,0.0,1.0014534721570705,0.9199999999999999,1.7327809999999997,0.0,0.4444,13.062756999999998,0.0,0.0,1.8370262326552949,0.19968933463802904,0.0,0.4868758456277663
476,LaCo0.5Ti0.5O3,III,Other,True,False,30.0,27.820215,0.48743105,24.371622,3.6272647,-0.19113636,0.012465712,0.26001856,True,False,0.5562125,0.47706395,0.9405372125662028,1.1,1.71,0.06881527890689836,0.5,12.649999999999999,0.0,0.0,0.7393569925972749,0.47026860628310135,1.1,0.14883148524131878
477,CaGa0.5Ta0.5O3,III,Ca,True,False,25.0,23.821316,1.3536788,19.516375,4.28852,-0.0011852124,0.017608117,0.27345705,True,False,0.5962725,0.51142347,0.95441999037002,1.0,1.655,0.049971511996953155,0.5,11.75,0.0,0.0,0.7701635339554948,0.143162998555503,0.0,0.21973957766234764
478,LaCo0.5Ti0.5O3,III,Other,True,False,25.0,27.75304,0.48127988,24.371622,3.5920377,-0.2203232,0.009702174,0.26001856,True,False,0.5562125,0.47706395,0.9405372125662028,1.1,1.71,0.06881527890689836,0.5,12.649999999999999,0.0,0.0,0.7958356517540113,0.47026860628310135,1.1,0.14738607467324089
479,La0.9Al0.9Sr0.1Ti0.1O3,Ib,Other,True,False,25.1,23.298346,0.24664983,19.344637,3.9609866,-0.035338547,0.02805985,0.1510961,True,False,0.15971193,0.13698506,1.0078638364183128,1.0850000000000002,1.6030000000000002,0.009500321296839967,0.1,11.139,0.0,0.0,0.4045477002204689,0.09921361635816872,1.0850000000000002,0.20475890036085972
480,Ba4LiTa2SbO12,Ib,Ba,False,True,25.1,38.391014,2.1456554,0.0,19.208647,-0.00050783163,0.5158886,0.9820138,False,True,0.0,0.0,1.0118139796583825,0.9080000000000001,1.6833333333333331,0.0,0.6666666666666666,52.88,0.2,0.0,0.6978081252417206,0.19763720406832352,0.0,
481,SmCo0.5Ti0.5O3,III,Other,True,False,25.5,26.720318,0.7758619,22.479204,4.1726823,-0.0028069532,0.071239874,0.38974014,True,False,0.9045085,0.7757977,0.8996442902807157,1.17,1.71,0.06881527890689836,0.5,11.75,0.0,0.0,0.6982816041196486,0.44982214514035784,1.17,0.18562411284670044
482,BaZn0.3333Ta0.3333Nb0.3333O3,Ib,Ba,True,False,34.2,32.228325,1.5556296,21.772594,10.424577,-0.0023551234,0.033510067,0.19896,True,False,0.35396543,0.30359647,1.0265553431052288,0.89,1.583333333333333,0.07125967721438557,0.6666666666666666,14.16971,0.0,0.0,1.3020590087918336,0.2920333970684313,0.0,0.47879352363801936
483,Sr5Nb0.5Ta3.5O15,II,Sr,False,True,34.9,39.168556,1.4709617,29.180704,9.848471,-0.0020195595,0.1414003,0.7942207,True,True,0.20435856,0.17527851,0.9844035581224484,0.95,1.5125,0.08192,1.0,65.53999999999999,0.0,0.0,0.44933330342434313,0.3322362008663263,0.0,0.3374994311309282
484,Sr5Nb0.75Ta3.25O15,II,Sr,False,True,34.3,39.247833,1.3533591,28.54589,10.567295,-0.001942262,0.13658908,0.7926371,True,True,0.1987262,0.17044765,0.9844035581224484,0.95,1.51875,0.08192,1.0,65.39500000000001,0.0,0.0,0.5719437809505328,0.35069376758112214,0.0,0.3701862159491261
485,Sr5NbTa3O15,II,Sr,False,True,33.2,39.325085,1.3013618,27.936413,11.257452,-0.0018874274,0.13310678,0.7910446,True,True,0.19309394,0.16561684,0.9844035581224484,0.95,1.525,0.08192,1.0,65.25,0.0,0.0,0.6664712825111802,0.3691513342959181,0.0,0.40296698076449544
486,Sr5Nb.5Ta2.5O15,II,Sr,False,True,34.5,37.96333,3.0448673,0.0,31.019175,-0.0005397602,0.35994166,0.9869485,False,True,0.18987554,0.16285641,0.9844035581224484,0.95,1.5285714285714285,0.08192,1.0,63.440000000000005,0.0,0.0,0.7090602531380826,0.3796985152758015,0.0,
487,La0.5333Na0.4Mg0.5W0.5O3,III,Other,False,True,20.35,20.082336,1.4144968,11.493019,8.538045,-0.0037515028,0.05502404,0.17326406,True,False,0.2549441,0.21866576,0.9517992299414209,1.0271402550091076,1.835,0.0,0.0,11.051197,0.4285867352405443,0.0,0.7188192983584617,0.1427698844912131,1.0271402550091076,0.7428896619765442
488,BaZn0.3333Ta0.6667O3,Ib,Ba,True,False,29.8,29.029352,0.8975556,24.25816,4.795095,-0.0015971167,-0.022304263,0.19461554,True,False,0.33794212,0.28985325,1.0265569935184018,0.89,1.5499949999999998,0.07126106813480847,0.6667,14.363386,0.0,0.0,0.7779335188640307,0.19469833572638445,0.0,0.19766936156740658
489,LaMg0.667Ta0.333O3,III,Other,True,False,25.1,22.352879,0.834116,17.172552,5.1420097,-0.0012634646,0.039577775,0.2603909,True,False,0.5573402,0.4780312,0.932288147320514,1.1,1.3732700000000002,0.05016386957923366,0.333,12.2059,0.0,0.0,0.7776790623469123,0.09313558591731935,1.1,0.29943188991362496
490,Ba2Ca0.25Sr0.75WO6,Ia,Ba,True,False,23.7,23.004305,1.5262266,0.0,20.1642,-0.00440038,0.5695472,0.99527085,False,True,0.78655803,0.67463154,1.0412147352971912,0.9141666666666666,2.36,0.0,0.0,29.429999999999996,0.0,0.0,-0.0,0.2876355794108426,0.0,
491,Ba2Ca0.1Sr0.9WO6,Ia,Ba,True,False,23.3,20.788609,2.692141,0.0,19.624376,-0.0055726506,0.64842296,0.9993784,False,True,0.8059993,0.6913063,1.0429825022501575,0.9116666666666666,2.36,0.0,0.0,29.592000000000002,0.0,1.0,-0.0,0.28710524932495274,0.0,
492,Ba2SrWO6,Ia,Ba,True,False,23.5,24.376017,3.5885625,0.0,19.141022,-0.0057588043,0.46269044,0.9955246,False,True,0.81886554,0.7023417,1.044161013552135,0.9099999999999999,2.36,0.0,0.0,29.7,0.0,0.0,-0.0,0.28675169593435945,0.0,
493,CaZrO3,III,Ca,True,False,23.8,25.338842,1.3969193,18.237528,7.0220084,-0.0004244383,0.079730965,0.46079668,True,False,1.0743046,0.921432,0.9139021605901604,1.0,1.33,0.1296,1.0,12.44,0.0,0.0,-0.0,0.5483412963540962,0.0,0.3850307124956847
494,BaTi0.39Co0.305W0.305O3,Ib,Ba,True,False,18.0,18.47147,0.6585793,22.461136,1.946608,-5.883215,-0.053060137,0.25413924,True,False,0.53826654,0.46167168,1.040180537525631,0.89,1.8938,0.037340631308765734,0.39,13.95295,0.0,0.0,1.1522105262707858,0.4621530711814087,0.0,0.08666560765225766
495,BaMg0.3267Nb0.6533Mn0.02O3,Ib,Ba,True,False,32.0,31.47203,1.4208652,18.218687,13.218834,-0.003227362,0.037737183,0.22236702,True,False,0.43609294,0.3740373,1.030081467640438,0.89,1.504257,0.06965195771753334,0.6533,13.740076,0.0,0.0,0.8287862636101628,0.38018866631430115,0.0,0.725564581026064
496,BaMg0.3299Ta0.6601Mn0.01O3,Ib,Ba,True,False,25.0,24.794811,0.31648403,22.024988,2.829787,-0.015295675,-0.044668153,0.2123523,True,False,0.40176928,0.34459788,1.029978780614945,0.89,1.4378190000000002,0.07020298023056855,0.6601,14.12143,0.0,0.0,0.8131333019499084,0.19209330207482245,0.0,0.1284807510451311
497,BaZn0.3333Nb0.6667O3,Ib,Ba,True,False,41.0,39.24016,1.4850736,19.72401,19.457304,-0.0013273868,0.06017332,0.20364681,True,False,0.37095943,0.31817225,1.0265569935184018,0.89,1.6166649999999998,0.07126106813480847,0.6667,13.9767,0.0,0.0,0.7072122898763916,0.3893966714527689,0.0,0.9864781046044897
498,BaZn0.3299Ta0.6601Mn0.01O3,Ib,Ba,True,False,30.0,29.135015,0.78434867,24.237602,4.9213324,-0.0021994708,-0.021719174,0.19450484,True,False,0.33753026,0.2895,1.0267005997817251,0.89,1.5499850000000002,0.0707133843486342,0.6601,14.358958000000001,0.0,0.0,0.7877228862639738,0.19274248022522494,0.0,0.2030453507735625
499,LaMg0.667Ta0.333O3,III,Other,True,False,24.7,22.398838,0.85022897,17.172552,5.186832,-0.0012449023,0.040700026,0.2603909,True,False,0.5573402,0.4780312,0.932288147320514,1.1,1.3732700000000002,0.05016386957923366,0.333,12.2059,0.0,0.0,0.7541130301545815,0.09313558591731935,1.1,0.3020420028426759
500,BaMn0.3333Nb0.6667O3,Ib,Ba,True,False,39.0,38.00906,1.6009425,26.388067,11.406895,-0.0023340615,0.216435,0.6899879,True,False,0.46639976,0.40003148,1.0424775110780864,0.89,1.583335,0.06324293453482073,0.6667,14.17668,0.0,1.0,0.7307860328722713,0.38302814601854385,0.0,0.4322747475212944
501,SrMg0.3267Nb0.6533Mn0.02O3,II,Sr,False,True,33.0,36.791862,1.9364201,19.667366,17.095528,-0.001417949,0.030384934,0.14094599,True,False,0.11224479,0.09627246,0.971904109002938,0.95,1.504257,0.06965195771753334,0.6533,12.740076,0.0,0.0,0.8020512228485448,0.38096697264697166,0.0,0.8692332262490056
502,SrZn0.3333Nb0.6667O3,II,Sr,False,True,40.0,38.782627,2.0006688,21.616932,17.129082,-0.001453566,0.03806547,0.15852374,True,False,0.19281006,0.16537336,0.9685786915588908,0.95,1.6166649999999998,0.07126106813480847,0.6667,12.9767,0.0,0.0,0.7072122898763916,0.38745084819738745,0.0,0.7923919083429601
503,BaMg0.3333Ta0.6667O3,Ib,Ba,True,False,24.0,24.587666,0.34347576,22.021837,2.6706772,-0.044225715,-0.060625892,0.21270959,True,False,0.40301383,0.3456653,1.0298681408160726,0.89,1.4366729999999999,0.07074259934967805,0.6667,14.12341,0.0,0.0,0.7732187702648547,0.19403607315537733,0.0,0.12127404266955567
504,BaMg0.3167Ta0.6333Sn0.05O3,Ib,Ba,True,False,24.4,24.848764,0.3922212,21.866,3.0272288,-0.017002024,-0.027461296,0.20843501,True,False,0.38802296,0.33280763,1.0292844361794204,0.89,1.462827,0.06756908776792254,0.6333,14.12209,0.0,0.0,0.975771822978301,0.1844262499702719,0.0,0.1384445623342175
505,BaMg0.3Ta0.6Sn0.1O3,Ib,Ba,True,False,24.3,25.013103,0.61533177,21.715952,3.3142974,-0.0054966873,-0.011649644,0.20431884,True,False,0.3733721,0.3202416,1.028705370406722,0.89,1.4889999999999999,0.06436534947942069,0.6,14.120999999999999,0.0,0.0,1.0908377694556437,0.17483303332679004,0.0,0.15262040549730446
506,BaMg0.2833Ta0.5667Sn0.15O3,Ib,Ba,True,False,24.0,24.859638,0.63708395,21.567951,3.3125808,-0.007150543,-0.013742484,0.20035598,True,False,0.35905823,0.30796456,1.0281269558216195,0.89,1.515173,0.06112647155998633,0.5667,14.119909999999999,0.0,0.0,1.1707450057298514,0.16522813624076643,0.0,0.1535881085783253
507,BaTi0.6Ni0.2W0.2O3,Ib,Ba,True,False,29.8,31.095758,1.1060376,26.513424,6.0758057,-1.5053341,0.011862722,0.26497424,True,False,0.57113564,0.48986354,1.053137759214007,0.89,1.778,0.05591578713698188,0.6,13.974,0.0,0.0,1.0206609495468077,0.6249290789187553,0.0,0.2291596023206961
508,BaTi0.55Ni0.225W0.225O3,Ib,Ba,True,False,26.5,26.33042,0.6290178,25.69731,2.7259784,-2.0676477,-0.025221383,0.2651543,True,False,0.57167447,0.4903257,1.0520965948450365,0.89,1.80775,0.05137451107300353,0.55,13.94575,0.0,0.0,1.0741331964444947,0.5853303526831901,0.0,0.10608030179034302
509,BaTi0.5Ni0.25W0.25O3,Ib,Ba,True,False,24.2,23.745987,0.63163066,24.928478,2.108396,-3.2494652,-0.041422352,0.2654049,True,False,0.57242405,0.4909686,1.0510574870970408,0.89,1.8375,0.04681221086568402,0.5,13.917499999999999,0.0,0.0,1.1167371242354676,0.5456419449192015,0.0,0.08457780695636533
510,BaTi0.45Ni0.275W0.275O3,Ib,Ba,True,False,21.6,21.600784,0.46623686,24.202938,1.898042,-4.449717,-0.05047682,0.26572526,True,False,0.5733815,0.49178982,1.0500204298823423,0.89,1.86725,0.042228740177252075,0.45,13.88925,0.0,0.0,1.1485823380601925,0.5058641210876527,0.0,0.07842196678766851
511,BaTi0.4Ni0.3W0.3O3,Ib,Ba,True,False,20.0,19.89465,0.4441007,23.517134,1.8296112,-5.3951006,-0.056997336,0.26611432,True,False,0.5745435,0.49278644,1.0489854171372637,0.89,1.897,0.03762395130867322,0.4,13.861,0.0,0.0,1.1695592327782034,0.4659971456027408,0.0,0.07779907194473613
512,BaMn0.3333Ta0.6667O3,Ib,Ba,True,False,22.0,25.185535,1.5343636,34.907406,1.7751646,-11.377803,-0.11923163,0.22237618,True,False,0.43612385,0.37406382,1.0424775110780864,0.89,1.516665,0.06324293453482073,0.6667,14.563366,0.0,0.0,0.754359775868151,0.19151407300927192,0.0,0.05085352374794048
513,La0.5333Na0.4Mg0.5W0.5O3,III,Other,False,True,21.1,19.889471,1.5014522,11.493019,8.347531,-0.004134015,0.05305493,0.17326406,True,False,0.2549441,0.21866576,0.9517992299414209,1.0271402550091076,1.835,0.0,0.0,11.051197,0.4285867352405443,0.0,0.7701635339554948,0.1427698844912131,1.0271402550091076,0.7263131645392737
514,La0.5667Na0.3Mg0.5W0.5O3,III,Other,False,True,20.9,19.618038,1.1511729,11.370172,8.19623,-0.003399341,0.055036593,0.178851,True,False,0.2773977,0.23792425,0.9509502260290792,1.0411561093804085,1.835,0.0,0.0,11.007803,0.3461405330564209,0.0,0.7188192983584617,0.14264253390436188,1.0411561093804085,0.7208536511145126
515,PrAlO3,Ia,Other,True,False,23.2,21.5941,0.5277566,16.541523,5.0172276,-0.009543793,0.044895295,0.17181122,True,False,0.24901181,0.21357766,0.9866606249114616,1.13,1.61,0.0,0.0,10.41,0.0,0.0,-0.0,0.0,1.13,0.3033111038203677
516,ErAlO3,III,Other,True,False,16.3,16.525843,0.47301668,15.329592,1.2804656,-0.13475874,0.05054494,0.30743003,True,False,0.6924548,0.5939191,0.9281918471389304,1.24,1.61,0.0,0.0,9.389999999999999,0.0,0.0,-0.0,0.0,1.24,0.08352900716470471
517,DyAlO3,III,Other,True,False,17.6,16.854565,0.4438384,15.408687,1.5024801,-0.10223846,0.04563575,0.27410713,True,False,0.59817857,0.5130583,0.93915474297128,1.22,1.61,0.0,0.0,9.559999999999999,0.0,0.0,-0.0,0.0,1.22,0.0975086391202573
518,GdAlO3,III,Other,True,False,18.4,17.774694,0.5448887,14.892808,2.8462813,-0.030165058,0.06576977,0.2322998,True,False,0.46906185,0.40231475,0.957426236025196,1.2,1.61,0.0,0.0,9.77,0.0,0.0,-0.0,0.0,1.2,0.1911178402353673
519,SmAlO3,III,Other,True,False,20.4,19.212574,0.53387463,15.99131,3.1841798,-0.024839306,0.06192298,0.21677354,True,False,0.4170634,0.35771564,0.9647348332467622,1.17,1.61,0.0,0.0,10.01,0.0,0.0,-0.0,0.0,1.17,0.19911938421555206
520,YAlO3,III,Other,True,False,15.7,15.85914,0.47201604,14.444036,1.4799496,-0.110164165,0.045319993,0.28348556,True,False,0.6253712,0.5363814,0.9355004443604968,1.22,1.61,0.0,0.0,9.389999999999999,0.0,0.0,-0.0,0.0,1.22,0.10246094651107211
521,Ba.8Sr0.2SmSbO6,Ia,Ba,True,False,16.0,16.847744,1.8709936,0.0,16.429298,-0.0011124446,0.5371786,0.9820138,False,True,0.0,0.0,0.9992704466858982,1.0227272727272727,2.05,0.0,0.0,21.868,0.0,0.0,-0.0,0.0,1.0227272727272727,
522,Sr2SmSbO6,II,Sr,True,False,16.0,16.661066,1.1607875,0.0,13.969991,-0.0014184739,0.5117534,0.9820138,False,True,0.0,0.0,0.980521403245346,1.0233333333333332,2.05,0.0,0.0,24.259999999999998,0.0,0.0,-0.0,0.0,0.0,
523,Ba2SmSbO6,Ia,Ba,True,False,20.7,18.434439,3.2215483,0.0,15.3755665,-0.0010932813,0.4945721,0.9820138,False,True,0.0,0.0,1.0205907875125837,0.9833333333333332,2.05,0.0,0.0,26.259999999999998,0.0,0.0,-0.0,0.0,0.0,
524,Ca5Ta2HfO12,III,Ca,False,True,17.0,34.57849,1.2350547,0.0,17.926594,-0.00032612061,0.30955285,0.995382,False,True,0.80049133,0.68658215,0.9390012506225236,1.0,1.4333333333333333,0.06182572087313232,0.6666666666666666,50.19,0.0,0.0,0.8015363600749494,0.3756005002490094,0.0,
525,Ba2CoWO6,Ia,Ba,True,False,19.3,18.26173,0.6073343,18.161812,1.3214236,-1.2717812,0.05027635,0.8738235,True,True,0.54517645,0.46759832,1.0269681116388458,0.89,2.12,0.0,0.0,27.589999999999996,0.0,0.0,0.7136848747987585,0.14595478325417313,0.0,0.07275835693046485
526,Ba2NiWO6,Ia,Ba,True,False,18.1,16.669287,0.66701335,19.140003,0.89200085,-3.3589714,-0.003745739,0.88219726,True,True,0.5907681,0.5067023,1.0407781962696858,0.89,2.135,0.0,0.0,27.27,0.0,0.0,0.7444914161569783,0.1438832705595471,0.0,0.04660400784681173
527,Ba2ZnWO6,Ia,Ba,True,False,29.1,22.749136,2.3347306,17.992693,4.5975904,-0.041350685,0.20020363,0.8687457,True,True,0.51877904,0.44495726,1.0282084112905834,0.89,2.005,0.0,0.0,27.5,0.0,0.0,0.6828783334405387,0.1457687383064125,0.0,0.2555254180127455
528,Sr2CoWO6,II,Sr,True,False,21.2,19.037697,0.85954356,19.625507,0.8058742,-1.395901,0.002216953,0.76611924,True,True,0.10873635,0.09326326,0.9689665903834956,0.95,2.12,0.0,0.0,25.589999999999996,0.0,0.0,0.7444914161569783,0.14534498855752434,0.0,0.04106259267594972
529,Sr2NiWO6,II,Sr,True,False,18.3,19.406464,0.916117,20.718763,0.75194174,-2.041244,-0.022997465,0.75487757,True,True,0.07275136,0.062398903,0.9819967034571124,0.95,2.135,0.0,0.0,25.27,0.0,0.0,0.8061044988734178,0.14729950551856685,0.0,0.036292791225035974
530,Sr2ZnWO6,II,Sr,False,True,27.5,21.698063,1.4873713,19.402071,2.2594845,-0.10523846,0.14174531,0.75713396,True,True,0.079882175,0.06851501,0.9701368398887896,0.95,2.005,0.0,0.0,25.5,0.0,0.0,0.6982816041196486,0.14552052598331847,0.0,0.11645584123468057
531,BaZn0.5W0.5O3,Ia,Ba,True,False,19.0,22.019701,1.1136026,17.992693,3.995667,-0.01579633,0.04713772,0.24785495,True,False,0.51877904,0.44495726,1.0282084112905834,0.89,2.005,0.0,0.0,13.75,0.0,0.0,0.6982816041196486,0.1457687383064125,0.0,0.22207164875207955
532,Ba0.99Zn0.5W0.5O2.99,Ia,Ba,True,False,23.0,21.510433,1.1093949,17.412909,4.065161,-0.014883563,0.047246765,0.24785495,True,False,0.51877904,0.44495726,1.0282084112905834,0.89,2.005,0.0,0.0,13.677499999999998,0.0,0.0,0.6982816041196486,0.1457687383064125,0.0,0.2334567417770345
533,LaAlO3,Ia,Other,True,False,23.4,22.456995,0.5946099,18.004278,4.41109,-0.0101879705,0.051813055,0.1496284,True,False,0.1530146,0.13124076,1.0085864165761609,1.1,1.61,0.0,0.0,10.91,0.0,0.0,-0.0,0.0,1.1,0.24500232666925048
534,NdAlO3,II,Other,True,False,22.3,20.158203,0.5240681,16.184734,3.9166305,-0.009040356,0.06587853,0.18923898,True,False,0.3177316,0.27251866,0.975697729079112,1.14,1.61,0.0,0.0,10.2,0.0,0.0,-0.0,0.0,1.14,0.24199535809485656
535,BaMg0.3333W0.3333Ti0.3333O3,Ib,Ba,True,False,15.4,15.297651,0.6810168,19.693914,2.0092614,-6.3458776,-0.059647672,0.2738681,True,False,0.5974781,0.5124575,1.0424774259778815,0.89,1.7366666666666664,0.031793563988307176,0.3333333333333333,13.659761,0.0,0.0,1.2613696647670887,0.41492644874291795,0.0,0.1020244832997646
536,BaTi0.39Co0.305W0.305O3,Ib,Ba,True,False,18.0,18.470005,0.66458154,22.461136,1.9556081,-5.8941345,-0.052606575,0.25413924,True,False,0.53826654,0.46167168,1.040180537525631,0.89,1.8938,0.037340631308765734,0.39,13.95295,0.0,0.0,1.131996306511649,0.4621530711814087,0.0,0.08706630421542348
537,La6MgTi5O18,III,Other,True,False,40.2,39.237617,0.5499664,41.033768,1.335337,-3.1256957,-0.005791967,0.84318507,True,True,0.39764428,0.34105986,0.9641571260970956,1.1,1.5016666666666667,0.08547139877748298,0.8333333333333334,76.69,0.0,0.0,0.5423421958575889,0.8034642717475797,1.1,0.03254239288968052
538,BaMg0.5W0.5O3,Ia,Ba,True,False,16.7,17.168709,0.8309162,16.033232,1.7200775,-0.64943683,0.06483664,0.7478497,True,False,0.6337739,0.54358846,1.0331997142580136,0.89,1.835,0.0,0.0,13.39,0.0,1.0,0.7701635339554948,0.14502004286129797,0.0,0.10728201899654416
539,BaMg0.46W0.46Ti0.08O3,Ib,Ba,True,False,19.6,19.057133,1.3688048,16.78792,3.269772,-0.99784344,-0.002713611,0.7446318,True,False,0.62386763,0.5350918,1.035411272315386,0.89,1.8114,0.007755233021019588,0.08,13.454799999999999,0.0,1.0,1.0182941976485969,0.21028034263524586,0.0,0.19476933414026276
540,BaMg0.42W0.42Ti0.16O3,Ib,Ba,True,False,16.6,14.158478,1.1532129,17.613243,2.172616,-5.481477,-0.14590529,0.74162227,True,False,0.6146766,0.5272087,1.0376323183363436,0.89,1.7877999999999998,0.015430781886156937,0.16,13.5196,0.0,1.0,1.13545945674633,0.27523715695580575,0.0,0.12335127608243411
541,BaMg0.36W0.36Ti0.28O3,Ib,Ba,True,False,12.3,13.696561,0.7142683,19.006971,2.0245776,-7.155523,-0.17946617,0.7375502,True,False,0.60235107,0.516637,1.0409818112938998,0.89,1.7524,0.026797363356966183,0.28,13.6168,0.0,1.0,1.2133547638340392,0.3720990572179669,0.0,0.1065176350298004
542,BaMg0.3333W0.3333Ti0.3333O3,Ib,Ba,True,False,13.1,15.29133,0.6940961,19.693914,2.0104988,-6.353328,-0.059755344,0.2738681,True,False,0.5974781,0.5124575,1.0424774259778815,0.89,1.7366666666666664,0.031793563988307176,0.3333333333333333,13.659761,0.0,0.0,1.220680320742344,0.41492644874291795,0.0,0.10208731489332187
543,BaMg0.32W0.32Ti0.36O3,Ib,Ba,True,False,13.5,15.16239,0.8689472,20.05919,2.111425,-6.846654,-0.16157252,0.73516506,True,False,0.5951889,0.51049405,1.0432268460795548,0.89,1.7288,0.03427899319545241,0.36,13.6816,0.0,1.0,1.2189248781689632,0.43628855818772294,0.0,0.10525973381776632
544,BaMg0.30W0.30Ti0.40O3,Ib,Ba,True,False,16.7,16.64935,1.0133848,20.628244,2.3110092,-6.157631,-0.13227147,0.7340802,True,False,0.59194505,0.50771177,1.044352998710259,0.89,1.717,0.037991418324972596,0.4,13.714,0.0,1.0,1.2098888614946932,0.468267030631973,0.0,0.1120313100814592
545,BaMg0.28W0.28Ti0.44O3,Ib,Ba,True,False,21.8,21.431713,2.107422,21.229124,4.3702083,-4.201969,0.03434923,0.733071,True,False,0.588935,0.5051301,1.0454815853087276,0.89,1.7052,0.041685107960988774,0.44,13.746400000000001,0.0,1.0,1.1934358015177138,0.5001676492982268,0.0,0.2058590971535142
546,BaMg0.25W0.25Ti0.50O3,Ib,Ba,True,False,31.2,29.791616,2.7431836,22.196217,9.343109,-1.926495,0.17878431,0.7317053,True,False,0.58487296,0.50164604,1.0471790461852435,0.89,1.6875,0.047190822444889174,0.5,13.795,0.0,1.0,1.1552453009332422,0.5478720484434848,0.0,0.420932494938214
547,BaMg0.20W0.20Ti0.60O3,Ib,Ba,True,False,63.9,62.49587,2.161429,24.011019,37.957222,-0.006617819,0.5342402,0.72984636,True,False,0.57936466,0.49692157,1.0500204298823423,0.89,1.658,0.05627531979754245,0.6,13.876,0.0,1.0,1.055856154703594,0.626986516277654,0.0,1.5808251203332937
548,Ba0.98Zn0.5W0.5O2.98,Ia,Ba,True,False,24.0,21.028946,1.1055064,16.865803,4.129903,-0.014102419,0.04734378,0.24785495,True,False,0.51877904,0.44495726,1.0282084112905834,0.89,2.005,0.0,0.0,13.605,0.0,0.0,0.6982816041196486,0.1457687383064125,0.0,0.24486844771043512
549,BaMg0.33W0.35Ti0.32O3.02,Ib,Ba,True,False,16.3,15.580315,0.65188146,20.202827,1.9272993,-6.484786,-0.065026864,0.2771923,True,False,0.6071862,0.52078414,1.042715761008969,0.89,1.7511,0.030178685052858912,0.32,13.705400000000001,0.0,0.0,1.2199059780966064,0.40684580157118816,0.0,0.09539750550752131
550,BaMg0.34W0.35Ti0.31O3.01,Ib,Ba,True,False,17.1,14.962013,0.66009265,19.720816,1.9420154,-6.6361456,-0.06467252,0.27604342,True,False,0.6038391,0.51791334,1.042128631905162,0.89,1.7488000000000001,0.029431846308710524,0.31,13.6692,0.0,0.0,1.2192219474521182,0.3975166177593577,0.0,0.09847540791415528
551,BaMg0.34W0.32Ti0.34O2.98,Ib,Ba,True,False,14.4,14.9624,0.80858314,19.12792,2.1803336,-6.291216,-0.054637857,0.27077147,True,False,0.5883683,0.50464404,1.0420520985907014,0.89,1.7242000000000002,0.03281645826853287,0.34,13.6092,0.0,0.0,1.2202328226146546,0.41766528501445427,0.0,0.11398696774139583
552,BaMg0.34W0.33Ti0.33O2.99,Ib,Ba,True,False,15.1,14.901685,0.73383385,19.321907,2.0652301,-6.4269714,-0.058481567,0.2725141,True,False,0.59350276,0.50904787,1.0420776084464776,0.89,1.7324000000000002,0.03167582556390709,0.33,13.6292,0.0,0.0,1.2205695745007996,0.41094870597646116,0.0,0.10688541767642293
553,BaMg0.35W0.34Ti0.31O2.99,Ib,Ba,True,False,15.4,14.372091,0.7114276,19.067251,2.025415,-6.6594315,-0.061142046,0.2731175,True,False,0.59527594,0.5105687,1.0415166799792068,0.89,1.7383,0.029794164475720204,0.31,13.613,0.0,0.0,1.2192219474521182,0.39489512784856684,0.0,0.10622480398459119
554,BaMg0.35W0.33Ti0.32O2.98,Ib,Ba,True,False,14.4,14.367371,0.7686416,18.878002,2.1100736,-6.5628824,-0.057823204,0.2713569,True,False,0.5900956,0.5061255,1.0414911975785417,0.89,1.7301000000000002,0.03092582985388289,0.32,13.592999999999998,0.0,0.0,1.2199059780966064,0.4016151882145911,0.0,0.11177420152831853
555,BaMg0.34W0.32Ti0.34O2.98,Ib,Ba,True,False,14.5,15.031817,0.8198268,19.12792,2.1793494,-6.21883,-0.0566208,0.27077147,True,False,0.5883683,0.50464404,1.0420520985907014,0.89,1.7242000000000002,0.03281645826853287,0.34,13.6092,0.0,0.0,1.2202328226146546,0.41766528501445427,0.0,0.11393551415940678
556,BaMg0.34W0.32Ti0.34O2.98,Ib,Ba,True,False,14.8,15.132063,0.83465683,19.12792,2.196426,-6.1343174,-0.057965625,0.27077147,True,False,0.5883683,0.50464404,1.0420520985907014,0.89,1.7242000000000002,0.03281645826853287,0.34,13.6092,0.0,0.0,1.2202328226146546,0.41766528501445427,0.0,0.11482827197102456
557,BaMg0.32W0.28Ti0.40O3,Ib,Ba,True,False,18.1,18.689716,1.1011108,20.043112,3.1705985,-4.491811,-0.0321829,0.26629317,True,False,0.5750772,0.4932442,1.0431245889881924,0.89,1.6960000000000002,0.03893883617987197,0.4,13.682,0.0,0.0,1.2084062806639415,0.46312769892971495,0.0,0.15818893293616282
558,BaMg0.32W0.26Ti0.42O3,Ib,Ba,True,False,21.5,21.348309,1.2203647,20.03508,4.647332,-3.319331,-0.014772484,0.26298743,True,False,0.5651745,0.4847507,1.0430734679595728,0.89,1.6796,0.04134773267555964,0.42,13.682199999999998,0.0,0.0,1.1991203972528655,0.47654941295613273,0.0,0.23195974261145946
559,BaMg0.32W0.25Ti0.43O3,Ib,Ba,True,False,24.0,22.18722,1.9619288,20.031067,5.577419,-3.46565,0.044384558,0.7233376,True,False,0.560264,0.48053893,1.0430479093242058,0.89,1.6713999999999998,0.04257270988323616,0.43,13.6823,0.0,1.0,1.1934441012521078,0.4832608057912761,0.0,0.2784384376528719
560,BaMg0.33W0.34Ti0.33O3.01,Ib,Ba,True,False,15.6,15.525545,0.6720864,19.99234,1.96857,-6.373332,-0.06203277,0.27542374,True,False,0.6020303,0.5163619,1.04269021990031,0.89,1.7429000000000001,0.03129111148563853,0.33,13.685399999999998,0.0,0.0,1.2205695745007996,0.4135578250030661,0.0,0.09846621255941025
561,Ba0.95Zn0.5W0.5O2.95,Ia,Ba,True,False,21.0,19.730324,1.0956708,15.395089,4.299978,-0.012321586,0.04757855,0.24785495,True,False,0.51877904,0.44495726,1.0282084112905834,0.89,2.005,0.0,0.0,13.3875,0.0,0.0,0.6982816041196486,0.1457687383064125,0.0,0.27930842101659825
562,BaZn0.49W0.5O2.995,Ia,Ba,True,False,20.0,21.809307,1.1150107,17.80093,3.9773178,-0.016153464,0.047210395,0.24967623,True,False,0.5244603,0.44983009,1.0285597467820915,0.89,2.0085858585858585,0.0,0.0,13.71955,0.0,0.0,0.6982302101527503,0.14718791715422852,0.0,0.2234331464704372
563,BaZn0.45W0.5O2.9975,Ia,Ba,True,False,22.5,21.317411,1.1210828,17.424479,3.8638942,-0.01849784,0.04753722,0.25740778,True,False,0.5482765,0.47025722,1.030041691697877,0.89,2.0236842105263158,0.0,0.0,13.642975,0.0,0.0,0.6968856581031764,0.1531513118371773,0.0,0.22175091720102502
564,NdMg0.4Zn0.1Sn0.5O3,III,Other,True,False,19.5,18.361685,0.75609356,15.543872,2.7338204,-0.0012539824,0.08524831,0.4252808,True,False,0.9903617,0.8494341,0.8960489348685724,1.14,1.669,0.0,0.0,11.556999999999999,0.0,0.0,1.0481648803655992,0.0,1.14,0.17587769636806067
565,NdMg0.4Zn0.1Sn0.5O3,III,Other,True,False,19.3,18.34335,0.74052715,15.543872,2.717403,-0.0012842016,0.083358094,0.4252808,True,False,0.9903617,0.8494341,0.8960489348685724,1.14,1.669,0.0,0.0,11.556999999999999,0.0,0.0,1.0831037097111191,0.0,1.14,0.1748214987874321
566,Sr3ZnNb2O9,II,Sr,False,True,20.69,33.140873,2.37447,21.616117,11.375524,-0.0057679056,0.15499927,0.79096705,True,True,0.19282033,0.16538216,0.968577134358422,0.95,1.6166666666666667,0.07125967721438557,0.6666666666666666,38.93,0.0,0.0,0.6718760665334135,0.3874308537433688,0.0,0.5262519628294018
567,Sr3Zn0.75Mg0.25Nb2O9,II,Sr,False,True,19.96,31.975946,2.1270432,21.07659,10.778922,-0.0088012,0.12923488,0.78489596,True,True,0.17163889,0.14721483,0.969356359727978,0.95,1.5883333333333334,0.07112933442120281,0.6666666666666666,38.75,0.0,0.0,0.8697347285289202,0.38774254389119117,0.0,0.5114167899076654
568,Sr3Zn0.5Mg0.5Nb2O9,II,Sr,False,True,23.31,31.215464,2.1730297,20.559778,10.546971,-0.009303782,0.118017174,0.77872795,True,True,0.15055895,0.12913455,0.9701368398887896,0.95,1.56,0.07099946758372738,0.6666666666666666,38.56999999999999,0.0,0.0,0.9157611856193202,0.3880547359555159,0.0,0.5129905099169845
569,Sr3Zn0.25Mg0.75Nb2O9,II,Sr,False,True,21.55,30.708752,2.2248306,20.064278,10.534732,-0.008316376,0.11805811,0.7724965,True,True,0.12968522,0.11123113,0.9709185778741956,0.95,1.5316666666666667,0.07087007409973273,0.6666666666666666,38.39,0.0,0.0,0.8697347285289202,0.38836743114967825,0.0,0.5250491445543168
570,SrYb0.5Ta0.5O3,III,Sr,True,False,14.1,20.702095,1.8785988,17.072128,3.6318831,-0.000660143,-0.001255662,0.29762584,True,False,0.66536653,0.57068545,0.9323042054641574,0.95,1.3,0.061770899133693095,0.5,13.285,0.0,0.0,0.8728520051495607,0.1398456308196236,0.0,0.21273757436682764
571,BaMg0.5W0.5O3,Ia,Ba,True,False,20.0,17.856176,0.79245776,16.033232,2.1054814,-0.29958805,0.017049992,0.2864225,True,False,0.6337739,0.54358846,1.0331997142580136,0.89,1.835,0.0,0.0,13.39,0.0,0.0,0.7958356517540113,0.14502004286129797,0.0,0.13131983620021215
572,LaMg0.5Sn0.5O3,III,Other,True,False,19.5,19.433445,0.572237,16.240685,3.137312,-0.0020205479,0.057471015,0.31958148,True,False,0.72537184,0.6221521,0.927132881745782,1.1,1.635,0.0,0.0,12.195,0.0,0.0,0.7701635339554948,0.0,1.1,0.19317608832386074
573,LaMg0.5Sn0.5O3,III,Other,True,False,19.7,19.387629,0.55265826,16.240685,3.0932393,-0.0020877116,0.055791426,0.31958148,True,False,0.72537184,0.6221521,0.927132881745782,1.1,1.635,0.0,0.0,12.195,0.0,0.0,0.7958356517540113,0.0,1.1,0.19046236658121257
574,LaMg0.5Sn0.5O3,III,Other,True,False,20.1,19.342464,0.5350887,16.240685,3.0498276,-0.0021585198,0.054111343,0.31958148,True,False,0.72537184,0.6221521,0.927132881745782,1.1,1.635,0.0,0.0,12.195,0.0,0.0,0.8215077695525277,0.0,1.1,0.18778934509227907
575,LaMg0.43Ba0.07Sn0.5O3,III,Other,True,False,20.1,18.992298,1.4410409,12.445209,6.256811,-0.0013462175,0.29162437,0.8963071,True,True,0.6743895,0.57842445,0.9331273527270344,1.0862616822429907,1.659462365591398,0.0,0.0,12.4694,0.0,0.0,0.7925802174941026,0.0,1.0862616822429907,0.5027485677420122
576,LaMg0.4Ca0.1Sn0.5O3,III,Other,True,False,20.2,23.890015,1.5260098,0.0,14.408556,-0.0005811988,0.45419675,0.9949099,False,True,0.74346614,0.6376716,0.927256291940636,1.0909090909090908,1.6711111111111112,0.0,0.0,12.378999999999998,0.0,0.0,0.7632906406636926,0.0,1.0909090909090908,
577,La0.6667Mg0.5W0.5O3,III,Other,True,False,23.6,20.890892,1.4792793,11.077677,9.748861,-0.0012826712,0.06563755,0.2023273,True,False,0.36620477,0.31409416,0.9473857845023648,1.1,1.835,0.0,0.0,10.876802999999999,0.0,0.0,0.6418029449629123,0.1421078676753547,1.1,0.8800456088401928
578,La0.6333Na0.1Mg0.5W0.5O3,III,Other,False,True,22.6,21.26384,1.4817244,11.15825,10.038196,-0.0016868014,0.06908227,0.19310838,True,False,0.33231997,0.28503114,0.948790076275265,1.076817128051275,1.835,0.0,0.0,10.920197,0.1363698349924997,0.0,0.7188192983584617,0.14231851144128974,1.076817128051275,0.8996209979163398
579,La0.6333Na0.1Mg0.5W0.5O3,III,Other,False,True,21.9,21.217093,1.4709003,11.15825,9.992243,-0.0017236664,0.06832335,0.19310838,True,False,0.33231997,0.28503114,0.948790076275265,1.076817128051275,1.835,0.0,0.0,10.920197,0.1363698349924997,0.0,0.7444914161569783,0.14231851144128974,1.076817128051275,0.895502699796115
580,La0.6Na0.2Mg0.5W0.5O3,III,Other,False,True,22.6,21.783733,1.3868561,11.257304,10.460266,-0.0018879212,0.06805025,0.18538618,True,False,0.3029768,0.25986347,0.9499602023950342,1.0574999999999999,1.835,0.0,0.0,10.963999999999999,0.25,0.0,0.7188192983584617,0.14249403035925512,1.0574999999999999,0.9291981454884759
581,La0.5667Na0.3Mg0.5W0.5O3,III,Other,False,True,22.88,19.527973,1.1840655,11.370172,8.107278,-0.0035518825,0.054073818,0.178851,True,False,0.2773977,0.23792425,0.9509502260290792,1.0411561093804085,1.835,0.0,0.0,11.007803,0.3461405330564209,0.0,0.7444914161569783,0.14264253390436188,1.0411561093804085,0.7130303745624957
582,La0.5667Na0.3Mg0.5W0.5O3,III,Other,False,True,20.96,19.437366,1.2177964,11.370172,8.017809,-0.003717178,0.053103976,0.178851,True,False,0.2773977,0.23792425,0.9509502260290792,1.0411561093804085,1.835,0.0,0.0,11.007803,0.3461405330564209,0.0,0.7701635339554948,0.14264253390436188,1.0411561093804085,0.7051616281618255
583,BaMg0.49Y0.0133W0.4967O3,Ia,Ba,True,False,20.0,18.25444,0.85294425,16.415087,2.1017401,-0.28598326,0.023596961,0.28236893,True,False,0.6221626,0.5336294,1.031376275004445,0.8943313924800157,1.8385649133475221,0.0,0.0,13.401345,0.0,0.0,0.8086448139234511,0.14628014721960841,0.0,0.128037097823484
584,La0.5333Na0.4Mg0.5W0.5O3,III,Other,False,True,22.06,19.98595,1.4579141,11.493019,8.442822,-0.0039344905,0.05404219,0.17326406,True,False,0.2549441,0.21866576,0.9517992299414209,1.0271402550091076,1.835,0.0,0.0,11.051197,0.4285867352405443,0.0,0.7444914161569783,0.1427698844912131,1.0271402550091076,0.7346043715754754
585,SrSm0.5Ta0.5O3,III,Sr,True,False,27.7,25.482037,1.0599571,16.735783,8.652358,-0.00037172344,0.09426846,0.44139117,True,False,1.0286115,0.882241,0.9132256746565688,0.95,1.335,0.06461682516217973,0.5,13.675,0.0,0.0,0.7701635339554948,0.1369838511984853,0.0,0.5169975017003984
586,SrLa0.5Ta0.5O3,III,Sr,True,False,27.1,27.027248,1.25417,17.355446,9.53269,-0.0003237301,0.13943624,0.5,True,False,1.5468031,1.0,0.8981141585732536,0.95,1.3,0.0665607499633807,0.5,14.125,0.0,0.0,0.7701635339554948,0.13471712378598805,0.0,0.5492621739596897
587,Ca0.97La0.02Mg0.5W0.5O3,III,Ca,True,False,19.0,18.451763,1.4197136,13.683378,4.739581,-0.0061275414,0.034932118,0.20829506,True,False,0.3875283,0.33238336,0.9406593593013156,1.002020202020202,1.835,0.0,0.0,11.296999999999999,0.0,0.0,0.7059832394592036,0.14109890389519736,0.0,0.3463750690801643
588,Ba0.94La0.04Mg0.5W0.5O3,Ia,Ba,True,False,20.0,17.90437,0.8996666,15.495,2.5064187,-0.12932304,0.032273285,0.27582824,True,False,0.6032113,0.5173749,1.0296971048802324,0.8985714285714286,1.835,0.0,0.0,13.2392,0.0,0.0,0.7444914161569783,0.14554543426796515,0.0,0.1617566118102614
589,NdMg0.47Ba0.03Sn0.5O3,III,Other,True,False,19.4,18.859573,0.74923253,15.589814,3.15628,-0.00093612575,0.11441387,0.40122527,True,False,0.9325149,0.7998189,0.9004252947795915,1.1327184466019418,1.6450515463917528,0.0,0.0,11.602599999999999,0.0,0.0,0.8209408459784415,0.0,1.1327184466019418,0.20245783560984115
590,NdMg0.45Co0.05Sn0.5O3,III,Other,True,False,19.2,18.367489,0.6785871,15.361794,2.9068322,-0.0010201959,0.09988317,0.4183095,True,False,0.9736979,0.83514154,0.8963680027385552,1.14,1.6635,0.0,0.0,11.5255,0.0,0.0,0.9824573587009537,0.0,1.14,0.18922478715702087
591,NdMg0.5Sn0.5O3,III,Other,True,False,19.3,18.02799,0.69748455,15.150219,2.776757,-0.00094177236,0.10195653,0.41396037,True,False,0.96326274,0.8261913,0.8969002877758108,1.14,1.635,0.0,0.0,11.485,0.0,0.0,0.7958356517540113,0.0,1.14,0.18328164101126196
592,BaLa0.5Nb0.5O3,III,Ba,True,False,37.4,36.52415,0.28442875,14.323596,22.086771,-0.00038757036,0.11417023,0.36607236,True,False,0.8458055,0.72544813,0.9518745131357372,0.89,1.35,0.0665607499633807,0.5,14.834999999999999,0.0,0.0,0.8471798873510443,0.2855623539407211,0.0,1.5419850573836347
593,BaNd0.5Nb0.5O3,III,Ba,True,False,41.9,40.306892,0.8719629,13.811662,26.416706,-0.00040138722,0.078929745,0.25514084,True,False,0.54134285,0.46431026,0.9624198107038244,0.89,1.37,0.0653095665934298,0.5,14.479999999999999,0.0,0.0,0.7701635339554948,0.2887259432111473,0.0,1.9126377404833683
594,BaSm0.5Nb0.5O3,II,Ba,True,False,39.7,37.548595,1.3801942,13.953447,23.54098,-0.00047146404,0.05463902,0.20895639,True,False,0.3898634,0.3343862,0.9678905918015044,0.89,1.385,0.06461682516217973,0.5,14.385,0.0,0.0,0.7701635339554948,0.29036717754045127,0.0,1.6871085689435736
595,BaYb0.5Nb0.5O3,Ib,Ba,True,False,28.3,28.961819,1.4539478,14.227498,14.715825,-0.0006496128,0.019146558,0.13450766,True,False,0.08063567,0.06916128,0.988111147340533,0.89,1.35,0.061770899133693095,0.5,13.995,0.0,0.0,0.8728520051495607,0.2964333442021599,0.0,1.0343227600523999
596,BaLa0.5Ta0.5O3,III,Ba,True,False,27.1,27.58161,1.013488,15.875515,11.649049,-0.00037539363,0.05742351,0.377747,True,False,0.87494254,0.750439,0.9518745131357372,0.89,1.3,0.0665607499633807,0.5,15.125,0.0,0.0,0.7444914161569783,0.14278117697036055,0.0,0.733774557864737
597,BaNd0.5Ta0.5O3,III,Ba,True,False,36.0,33.979023,0.9413242,15.290502,18.622524,-0.00040831865,0.06640231,0.26505685,True,False,0.5713829,0.4900756,0.9624198107038244,0.89,1.3199999999999998,0.0653095665934298,0.5,14.77,0.0,0.0,0.7701635339554948,0.14436297160557365,0.0,1.2179144935856259
598,SrNd0.5Ta0.5O3,III,Sr,True,False,27.1,26.22231,1.059304,16.542887,9.555051,-0.00034384214,0.124715604,0.5,True,False,1.1999558,1.0,0.9080638745511168,0.95,1.3199999999999998,0.0653095665934298,0.5,13.77,0.0,0.0,0.7701635339554948,0.1362095811826675,0.0,0.5775927140166043
599,BaSm0.5Ta0.5O3,II,Ba,True,False,34.3,32.656242,1.4094495,15.474548,17.135017,-0.00048296823,0.047159217,0.21773961,True,False,0.42037508,0.36055607,0.9678905918015044,0.89,1.335,0.06461682516217973,0.5,14.675,0.0,0.0,0.7701635339554948,0.14518358877022564,0.0,1.1073032310862974
600,CaNd0.5Nb0.5O3,III,Ca,False,True,20.0,19.869503,1.1925006,12.56534,7.210541,-0.00035902578,0.093981326,0.5,True,False,1.6122003,1.0,0.8760897944612888,1.0,1.37,0.0653095665934298,0.5,12.399999999999999,0.0,0.0,0.7701635339554948,0.2628269383383866,0.0,0.5738436842934612
601,CaSm0.5Nb0.5O3,III,Ca,True,False,20.9,20.74372,1.2046257,12.642689,8.003412,-0.000345585,0.097964264,0.5,True,False,1.4308014,1.0,0.881069841041901,1.0,1.385,0.06461682516217973,0.5,12.305,0.0,0.0,0.7701635339554948,0.2643209523125703,0.0,0.633046656451013
602,CaYb0.5Nb0.5O3,III,Ca,True,False,27.0,23.719336,1.2176962,12.679,10.94132,-0.0003431982,0.09936031,0.45157805,True,False,1.0526416,0.90285164,0.8994765925957012,1.0,1.35,0.061770899133693095,0.5,11.915,0.0,0.0,0.7444914161569783,0.26984297777871036,0.0,0.8629481820332833
603,CaLa0.5Ta0.5O3,III,Ca,True,False,19.5,18.07854,0.7649645,14.731372,3.2824776,-0.0005025569,0.06519512,0.5,True,False,2.0187564,1.0,0.8664904205953222,1.0,1.3,0.0665607499633807,0.5,13.045,0.0,0.0,0.7701635339554948,0.12997356308929833,0.0,0.22282225986825938
604,CaNd0.5Ta0.5O3,III,Ca,False,True,20.0,18.248789,0.8357292,14.008681,4.1716948,-0.0004043221,0.068815924,0.5,True,False,1.6485882,1.0,0.8760897944612888,1.0,1.3199999999999998,0.0653095665934298,0.5,12.69,0.0,0.0,0.7701635339554948,0.1314134691691933,0.0,0.29779354673005975
605,CaSm0.5Ta0.5O3,III,Ca,True,False,19.6,18.822393,0.8699902,14.116789,4.636628,-0.00037973127,0.06935726,0.5,True,False,1.4671528,1.0,0.881069841041901,1.0,1.335,0.06461682516217973,0.5,12.594999999999999,0.0,0.0,0.7701635339554948,0.13216047615628515,0.0,0.32844777944899506
606,CaYb0.5Ta0.5O3,III,Ca,True,False,21.1,20.771383,0.91909635,14.2154455,6.4931536,-0.00035125235,0.06313517,0.46719965,True,False,1.0893133,0.93430495,0.8994765925957012,1.0,1.3,0.061770899133693095,0.5,12.205,0.0,0.0,0.7701635339554948,0.13492148888935518,0.0,0.45676750686427664
607,SrLa0.5Nb0.5O3,III,Sr,True,False,27.5,32.13138,0.64867973,15.407056,16.537388,-0.00031191044,0.18724552,0.5,True,False,1.5133551,1.0,0.8981141585732536,0.95,1.35,0.0665607499633807,0.5,13.834999999999999,0.0,0.0,0.7701635339554948,0.2694342475719761,0.0,1.0733645675072512
608,SrNd0.5Nb0.5O3,III,Sr,True,False,29.7,31.653458,0.57324994,14.718671,16.752985,-0.0003411009,0.18214425,0.5,True,False,1.1659076,1.0,0.9080638745511168,0.95,1.37,0.0653095665934298,0.5,13.479999999999999,0.0,0.0,0.7701635339554948,0.272419162365335,0.0,1.1382131579678627
609,SrSm0.5Nb0.5O3,III,Sr,True,False,31.8,30.725042,0.8843424,14.860338,15.722887,-0.00036476328,0.14218077,0.4269773,True,False,0.99440587,0.85290277,0.9132256746565688,0.95,1.385,0.06461682516217973,0.5,13.384999999999998,0.0,0.0,0.7701635339554948,0.2739677023969706,0.0,1.0580436999481437
610,SrYb0.5Nb0.5O3,III,Sr,True,False,29.4,27.084728,1.5519171,15.075233,11.959894,-0.0004562692,0.05006033,0.28509852,True,False,0.6299924,0.5403451,0.9323042054641574,0.95,1.35,0.061770899133693095,0.5,12.995,0.0,0.0,0.7188192983584617,0.2796912616392472,0.0,0.7933472073035289
611,BaYb0.5Ta0.5O3,Ib,Ba,True,False,22.1,26.946335,1.5180978,15.859211,11.059105,-0.000619328,0.028641123,0.14094526,True,False,0.11224123,0.09626941,0.988111147340533,0.89,1.3,0.061770899133693095,0.5,14.285,0.0,0.0,0.8728520051495607,0.14821667210107994,0.0,0.6973300878587214
612,NdMg0.5Ti0.5O3,III,Other,True,False,26.0,25.210295,0.6459278,18.793713,6.3798895,-0.0015836803,0.038275994,0.30059302,True,False,0.6736174,0.57776225,0.9153818694633123,1.14,1.425,0.06763044570776824,0.5,11.535,0.0,0.0,0.8471798873510443,0.4576909347316562,1.14,0.3394693480740075
613,CaLa0.5Nb0.5O3,III,Ca,True,False,20.6,19.06253,1.1764345,13.186139,5.790825,-0.00042427,0.08599155,0.5,True,False,1.982717,1.0,0.8664904205953222,1.0,1.35,0.0665607499633807,0.5,12.754999999999999,0.0,0.0,0.7701635339554948,0.25994712617859667,0.0,0.4391600149217295
614,BaMg0.3Ta0.6Ti0.1O3,Ib,Ba,True,False,26.3,26.531963,0.3216595,22.887728,3.6767945,-0.011467338,-0.021092549,0.2168783,True,False,0.41742313,0.35802418,1.032948998481683,0.89,1.447,0.07311126688009142,0.7,14.130999999999998,0.0,0.0,0.9777631226218269,0.27077428042512874,0.0,0.16064480056736083
615,Ca0.375Mg0.25Nb0.25Ti0.125O3,III,Ca,True,False,38.0,31.598095,0.79740465,5.8647857,25.627522,-0.00041076107,0.10619725,0.24853949,True,False,0.5209177,0.4467916,0.9382433803637484,1.0,1.4720000000000002,0.06967293430272213,0.6,8.67125,0.0,0.0,1.04710594451958,0.41282708736004936,0.0,4.3697286330513325
616,Ca0.25Mg0.375Nb0.25Ti0.125O3,III,Ca,True,False,31.0,26.048529,0.7531691,5.463132,20.491747,-0.00040924392,0.09405987,0.24896307,True,False,0.522239,0.44792488,0.934096864821763,1.0,1.445,0.06394359069003329,0.5,8.44125,0.0,0.0,0.9926745561016601,0.3425021837679798,0.0,3.750915592008394
617,Ca0.125Mg0.5Nb0.25Ti0.125O3,III,Ca,True,False,23.0,20.146517,0.99247724,5.123992,14.953143,-0.0004499155,0.06983171,0.24999931,True,False,0.5254653,0.45069206,0.931157436536765,1.0,1.4257142857142857,0.05908492046121975,0.42857142857142855,8.21125,0.0,0.0,0.9486206326598489,0.2926494800544119,0.0,2.9182604110232804
618,Ca0.375Mg0.25Nb0.25Ti0.125O3,III,Ca,True,False,26.0,31.611347,0.7998357,5.8647857,25.640375,-0.0004105227,0.106597126,0.24853949,True,False,0.5209177,0.4467916,0.9382433803637484,1.0,1.4720000000000002,0.06967293430272213,0.6,8.67125,0.0,0.0,1.035384609319734,0.41282708736004936,0.0,4.3719201879789065
619,Ca0.25Mg0.375Nb0.25Ti0.125O3,III,Ca,True,False,23.0,25.916245,0.73068607,5.463132,20.356762,-0.00040588257,0.09675553,0.24896307,True,False,0.522239,0.44792488,0.934096864821763,1.0,1.445,0.06394359069003329,0.5,8.44125,0.0,0.0,0.8540747124195415,0.3425021837679798,0.0,3.726207237899432
620,Ca0.125Mg0.5Nb0.25Ti0.125O3,III,Ca,True,False,20.0,19.944351,0.8412741,5.123992,14.7484665,-0.0004440054,0.07233802,0.24999931,True,False,0.5254653,0.45069206,0.931157436536765,1.0,1.4257142857142857,0.05908492046121975,0.42857142857142855,8.21125,0.0,0.0,0.7964165759271119,0.2926494800544119,0.0,2.8783156765272073
621,Ca0.375Ni0.25Nb0.25Ti0.125O3,III,Ca,True,False,35.0,32.951824,1.0736527,6.1737776,26.668308,-0.000574384,0.11031242,0.2628676,True,False,0.5648141,0.48444155,0.9437275111793182,1.0,1.7120000000000002,0.06858103134365219,0.6,8.79375,0.0,0.0,1.1330624026517846,0.41524010491890007,0.0,4.3196094397699065
622,Ca0.25Ni0.375Nb0.25Ti0.125O3,III,Ca,True,False,30.0,27.797638,1.1409078,5.8524594,21.843756,-0.00061757315,0.10203852,0.26502573,True,False,0.5712897,0.4899957,0.9409012936225692,1.0,1.7449999999999999,0.06257212448827286,0.5,8.625,0.0,0.0,0.9552151388902766,0.34499714099494205,0.0,3.732406242749843
623,Ca0.125Ni0.5Nb0.25Ti0.125O3,III,Ca,True,False,26.0,21.838036,1.3784391,5.5731387,16.18777,-0.0007741262,0.07789719,0.26703334,True,False,0.57728356,0.49513662,0.93889290849138,1.0,1.7685714285714285,0.057531363269380825,0.42857142857142855,8.456249999999999,0.0,0.0,0.8388921266432245,0.29508062838300514,0.0,2.904605621963078
624,Ca0.25Co0.375Nb0.25Ti0.125O3,III,Ca,True,False,29.0,24.600273,1.4827065,5.7676454,18.735994,-0.00053413113,0.09716946,0.27774897,True,False,0.6088049,0.5221725,0.9285012366379268,1.0,1.7299999999999998,0.06500175273037441,0.5,8.745,0.0,0.0,0.8802963044675098,0.3404504534339065,0.0,3.2484649628425495
625,Ca0.125Co0.5Nb0.25Ti0.125O3,III,Ca,True,False,12.0,18.22012,1.5021353,5.5188184,12.63483,-0.0006303556,0.06710219,0.2827798,True,False,0.6233441,0.5346428,0.9248079142964872,1.0,1.7514285714285711,0.060294183846710196,0.42857142857142855,8.616249999999999,0.0,0.0,0.7787184297953983,0.29065391592175316,0.0,2.2894085444087087
626,Ca0.375Mg0.25Ta0.25Ti0.125O3,III,Ca,True,False,30.0,28.011353,0.9245581,6.0839925,21.832037,-0.00040866263,0.095732994,0.25707135,True,False,0.54725003,0.46937683,0.9382433803637484,1.0,1.4320000000000002,0.06967293430272213,0.6,8.81625,0.0,0.0,1.2112046373174248,0.3002378817163995,0.0,3.5884391704953615
627,Ca0.25Mg0.375Ta0.25Ti0.125O3,III,Ca,True,False,26.0,23.207874,1.0713872,5.658856,17.46489,-0.00039704313,0.08452618,0.25558588,True,False,0.54270726,0.4654805,0.934096864821763,1.0,1.4116666666666666,0.06394359069003329,0.5,8.58625,0.0,0.0,1.0863230991301187,0.24909249728580346,0.0,3.086293413368356
628,Ca0.125Mg0.5Ta0.25Ti0.125O3,III,Ca,True,False,20.0,17.834423,1.039707,5.3012276,12.4719,-0.00043147514,0.0617266,0.25541484,True,False,0.54218316,0.46503097,0.931157436536765,1.0,1.397142857142857,0.05908492046121975,0.42857142857142855,8.35625,0.0,0.0,0.9627791495652196,0.21283598549411772,0.0,2.352643753684524
629,Ca0.375Zn0.25Ta0.25Ti0.125O3,III,Ca,True,False,17.0,15.429201,1.3853527,6.2850065,9.093521,-0.00044477204,0.05111737,0.29024348,True,False,0.6446293,0.5528991,0.9346225665466183,1.0,1.5680000000000003,0.07034512307010657,0.6,8.99625,0.0,0.0,1.0939912853189644,0.29907922129491793,0.0,1.4468594423888028
630,Ca0.25Zn0.375Ta0.25Ti0.125O3,III,Ca,True,False,13.0,11.123032,1.1297019,5.952325,5.1369615,-0.0004812901,0.034226555,0.29612803,True,False,0.66118354,0.5670977,0.9296149926194996,1.0,1.5816666666666666,0.06479596310081859,0.5,8.85625,0.0,0.0,0.9739448474959683,0.24789733136519987,0.0,0.863017644365857
631,Ca0.125Zn0.5Ta0.25Ti0.125O3,III,Ca,True,False,10.0,9.224735,0.98666257,5.677969,3.5261836,-0.00057622156,0.021158652,0.30116343,True,False,0.6751982,0.5791181,0.9260708817451676,1.0,1.5914285714285712,0.060058278650675125,0.42857142857142855,8.716249999999999,0.0,0.0,0.8672091604539663,0.21167334439889549,0.0,0.6210290334448815
632,Ca0.375Co0.25Nb0.25Ti0.125O3,III,Ca,True,False,32.0,30.846813,1.2862612,6.0704317,24.66743,-0.00052754406,0.10947992,0.27179617,True,False,0.59139,0.50723577,0.9337217255186218,1.0,1.7000000000000002,0.07050667920845866,0.6,8.87375,0.0,0.0,1.0939912853189644,0.41083755922819365,0.0,4.06353801822694
633,Ca0.375Ni0.25Ta0.25Ti0.125O3,III,Ca,True,False,29.0,28.998455,1.2424415,6.4130163,22.484259,-0.0005736929,0.101755716,0.27304533,True,False,0.5950639,0.5103869,0.9437275111793182,1.0,1.6720000000000002,0.06858103134365219,0.6,8.938749999999999,0.0,0.0,1.1721335199846048,0.30199280357738184,0.0,3.50603490591471
634,SrPr0.5Nb0.5O3,III,Sr,True,False,37.5,33.701317,1.3459479,15.132608,18.355646,-0.00031646193,0.21338072,0.5,True,False,1.3140789,1.0,0.9066290106409908,0.95,1.365,0.06549670598600167,0.5,13.584999999999999,0.0,0.0,0.8086717106532696,0.27198870319229723,0.0,1.2129862876247108
635,SrNd0.5Nb0.5O3,III,Sr,True,False,36.9,33.33494,1.4754236,14.718671,18.398462,-0.00032268095,0.21813443,0.5,True,False,1.1659076,1.0,0.9080638745511168,0.95,1.37,0.0653095665934298,0.5,13.479999999999999,0.0,0.0,0.8086717106532696,0.272419162365335,0.0,1.2500083737179803
636,SrSm0.5Nb0.5O3,III,Sr,True,False,35.8,34.32311,0.4021339,14.860338,19.259615,-0.00033362053,0.20348707,0.4269773,True,False,0.99440587,0.85290277,0.9132256746565688,0.95,1.385,0.06461682516217973,0.5,13.384999999999998,0.0,0.0,0.8086717106532696,0.2739677023969706,0.0,1.2960415166869017
637,SrEu0.5Nb0.5O3,III,Sr,True,False,34.7,32.546467,0.31402144,14.758554,17.611023,-0.00034861072,0.17723636,0.40296942,True,False,0.9367441,0.80344623,0.9155155042488238,0.95,1.4,0.06429948062655297,0.5,13.315,0.0,0.0,0.8086717106532696,0.2746546512746471,0.0,1.1932756420446067
638,SrGd0.5Nb0.5O3,III,Sr,True,False,34.3,32.603485,0.26210475,14.716814,17.702305,-0.0003505405,0.18471439,0.4100811,True,False,0.953928,0.8181849,0.917397559876562,0.95,1.4,0.06403390577858643,0.5,13.264999999999999,0.0,0.0,0.8086717106532696,0.27521926796296864,0.0,1.2028625896882301
639,SrTb0.5Nb0.5O3,III,Sr,True,False,33.7,31.266224,0.6533399,14.869086,16.237211,-0.00037077308,0.1602973,0.38566867,True,False,0.8945101,0.7672221,0.9205515739490236,0.95,1.4100000000000001,0.0635790498766044,0.5,13.219999999999999,0.0,0.0,0.8086717106532696,0.2761654721847071,0.0,1.0920113717816953
640,SrDy0.5Nb0.5O3,III,Sr,True,False,33.0,30.333094,0.9819,14.822091,15.367964,-0.00038502336,0.14342356,0.3578298,True,False,0.8249987,0.7076021,0.9228783357397952,0.95,1.4100000000000001,0.06323546685673558,0.5,13.16,0.0,0.0,0.8086717106532696,0.27686350072193855,0.0,1.0368283395372488
641,SrHo0.5Nb0.5O3,III,Sr,True,False,32.3,29.764187,1.3870704,14.952433,14.681867,-0.0004027051,0.13029076,0.33780235,True,False,0.7735196,0.66344845,0.9252168894585556,0.95,1.415,0.06288312250546305,0.5,13.129999999999999,0.0,0.0,0.8215077695525277,0.27756506683756665,0.0,0.9819048846431883
642,SrY0.5Nb0.5O3,III,Sr,True,False,32.2,30.591412,0.56288016,14.655674,15.829416,-0.00041015833,0.10673255,0.3521862,True,False,0.8106303,0.69527835,0.9254300730736382,0.95,1.4100000000000001,0.06285064787451694,0.5,13.075,0.0,0.0,0.8215077695525277,0.27762902192209143,0.0,1.0800878895095511
643,SrEr0.5Nb0.5O3,III,Sr,True,False,32.2,28.746948,1.2092918,14.93331,13.721753,-0.00044568782,0.09233099,0.3208288,True,False,0.7287123,0.6250172,0.9275673249745012,0.95,1.42,0.06252175823328772,0.5,13.075,0.0,0.0,0.8086717106532696,0.2782701974923503,0.0,0.9188688241253948
644,SrYb0.5Nb0.5O3,III,Sr,True,False,30.7,27.293743,1.7393458,15.075233,12.146504,-0.0004583125,0.07246389,0.28509852,True,False,0.6299924,0.5403451,0.9323042054641574,0.95,1.35,0.061770899133693095,0.5,12.995,0.0,0.0,0.8215077695525277,0.2796912616392472,0.0,0.80572578878217
645,SrIn0.5Nb0.5O3,III,Sr,True,False,26.0,24.27262,1.2564608,18.227625,6.025321,-0.0011118536,0.020786118,0.23214686,True,False,0.46856174,0.4018858,0.947256254042356,0.95,1.69,0.0591907514450867,0.5,13.1,0.0,0.0,0.8215077695525277,0.28417687621270676,0.0,0.33055985077595135
646,SrFe0.5Nb0.5O3,II,Sr,True,False,44.9,43.014946,1.1704566,25.324041,17.644644,-0.0028563587,0.049114484,0.1615416,True,False,0.20589794,0.17659885,0.983198657806509,0.95,1.715,0.05149824792039711,0.5,12.934999999999999,0.0,0.0,0.7444914161569783,0.29495959734195265,0.0,0.6967546767121408
647,SrCr0.5Nb0.5O3,Ib,Sr,True,False,35.3,33.814053,1.1061273,21.246878,12.533503,-0.0038742977,0.037547313,0.15104914,True,False,0.15949847,0.13680197,0.9904726306139556,0.95,1.63,0.04965534748431453,0.5,12.514999999999999,0.0,0.0,0.8215077695525277,0.29714178918418666,0.0,0.5898985723926122
648,SrAl0.5Nb0.5O3,Ib,Sr,True,False,30.5,30.596142,0.93765384,21.759096,8.845111,-0.039091356,0.031028504,0.1561948,True,False,0.18257082,0.15659115,1.010406670978513,0.95,1.605,0.04407558859742286,0.5,12.184999999999999,0.0,0.0,0.8215077695525277,0.29687799870644604,0.0,0.4065017682719907
649,SrLa0.5Nb0.5O3,III,Sr,True,False,36.6,32.984943,1.2681464,15.407056,17.361502,-0.00029789915,0.21668331,0.5,True,False,1.5133551,1.0,0.8981141585732536,0.95,1.35,0.0665607499633807,0.5,13.834999999999999,0.0,0.0,0.8086717106532696,0.2694342475719761,0.0,1.1268539557459907
650,Ca0.25Ni0.375Ta0.25Ti0.125O3,III,Ca,True,False,26.0,24.887827,1.4035923,6.071956,18.723743,-0.00060313556,0.09273082,0.27331555,True,False,0.5958573,0.51106733,0.9409012936225692,1.0,1.7116666666666667,0.06257212448827286,0.5,8.77,0.0,0.0,1.056355565361012,0.2509070116326851,0.0,3.083642733906504
651,CaZn0.333Ta0.667O3,III,Ca,True,False,25.0,23.190317,0.8409381,21.223433,1.9744953,-0.00084439944,-0.006765306,0.29784337,True,False,0.665973,0.5712056,0.9344873295958812,1.0,1.5499500000000002,0.0712735826041586,0.667,12.28386,0.0,0.0,0.6362828691929282,0.18699091465213583,0.0,0.09303373775580982
652,BaNi0.5Ta0.5O3,Ib,Ba,True,False,23.0,23.778265,0.6663098,20.653557,3.3305259,-0.16058369,-0.04523406,0.19355237,True,False,0.33397964,0.28645462,1.0306980200346283,0.89,1.705,0.06094651373566271,0.5,13.985,0.0,0.0,0.7701635339554948,0.14539529699480572,0.0,0.16125677044394823
653,BaCo0.5Ta0.5O3,Ib,Ba,True,False,25.0,25.520401,0.9229802,19.496162,6.0437264,-0.0052954284,-0.014191878,0.17607357,True,False,0.26630536,0.22841035,1.0171524068681042,0.89,1.69,0.06324921647319037,0.5,14.145,0.0,0.0,0.7701635339554948,0.14742713896978438,0.0,0.30999570069226956
654,BaMg0.5Ta0.5O3,Ib,Ba,True,False,25.0,22.706793,1.0073202,17.142551,5.5605383,-0.0016537312,0.005357449,0.19702768,True,False,0.3468716,0.29751208,1.023265101620917,0.89,1.405,0.06224690431519699,0.5,13.74,0.0,0.0,0.7701635339554948,0.14651023475686242,0.0,0.32437052688365925
655,BaZn0.5Ta0.5O3,Ib,Ba,True,False,29.0,28.335484,1.336685,19.311384,9.028882,-0.00089997484,-0.0038828074,0.17249756,True,False,0.25181916,0.21598552,1.0183690963500038,0.89,1.575,0.06305435735972113,0.5,14.1,0.0,0.0,0.7701635339554948,0.14724463554749942,0.0,0.46754194313571723
656,BaCa0.5Ta0.5O3,Ib,Ba,True,False,30.0,32.21786,2.4265518,0.0,28.972483,-0.00040436914,0.3675469,0.9874533,False,True,0.2131693,0.1828355,1.0121332358160384,0.9266666666666665,1.5,0.08192,1.0,14.66,0.0,0.0,-0.0,0.29636002925518845,0.0,
657,SrNi0.5Ta0.5O3,II,Sr,True,False,23.0,23.83251,0.22727792,22.774183,1.1089056,-0.020095292,-0.030483317,0.167766,True,False,0.23228179,0.1992283,0.9724858395011112,0.95,1.705,0.06094651373566271,0.5,12.985,0.0,0.0,0.7701635339554948,0.1458728759251667,0.0,0.048691344932110185
658,SrCo0.5Ta0.5O3,III,Sr,True,False,23.0,22.908854,0.45930633,21.426348,1.5122867,-0.007502417,-0.022280227,0.17326449,True,False,0.25494584,0.21866728,0.9597052609652544,0.95,1.69,0.06324921647319037,0.5,13.145,0.0,0.0,0.7701635339554948,0.14395578914478818,0.0,0.07058070278705451
659,SrMg0.5Ta0.5O3,II,Sr,False,True,22.0,25.64954,2.2871683,18.388351,7.2446833,-0.0011168052,0.017621826,0.1517457,True,False,0.16265915,0.1395129,0.9654727204662474,0.95,1.405,0.06224690431519699,0.5,12.74,0.0,0.0,0.7701635339554948,0.1448209080699371,0.0,0.393982217328786
660,SrZn0.5Ta0.5O3,III,Sr,False,True,28.0,22.8633,0.8437293,21.174402,1.7024634,-0.0015008888,-0.012064168,0.18149887,True,False,0.2878479,0.2468874,0.9608532337654522,0.95,1.575,0.06305435735972113,0.5,13.1,0.0,0.0,0.7701635339554948,0.14412798506481783,0.0,0.08040195893135495
661,SrCa0.5Ta0.5O3,II,Sr,True,False,22.0,25.12191,1.9123143,0.0,20.481766,-0.00038828427,0.33173054,0.9900056,False,True,0.3472571,0.29784274,0.9728495257501192,0.9666666666666666,1.5,0.08192,1.0,13.66,0.0,0.0,-0.0,0.2918548577250357,0.0,
662,CaCu0.333Ta0.667O3,III,Ca,True,False,23.0,23.622751,0.5096174,21.93325,1.7048273,-0.0010115042,-0.014316174,0.28715357,True,False,0.6358575,0.5453756,0.9359906570873684,1.0,1.6332000000000002,0.07101898189920651,0.667,12.30717,0.0,0.0,0.6362828691929282,0.18729173048318243,0.0,0.07772798376893529
663,Mg0.93Ca0.07TiO3,III,Ca,False,True,22.15,22.52589,1.240714,9.767429,12.752085,-0.001027001,0.0074041723,0.2389905,True,False,0.49071765,0.42088896,0.9403314591034302,1.0,1.4291709844559586,0.06888865532375123,0.5181347150259067,10.4088,0.0,0.0,0.6924893005004196,0.4872183725924508,0.0,1.3055723261464198
664,SrSm0.5Ta0.5O3,III,Sr,True,False,30.5,34.535248,1.0594862,16.735783,17.582306,-0.00033197505,0.21749187,0.44139117,True,False,1.0286115,0.882241,0.9132256746565688,0.95,1.335,0.06461682516217973,0.5,13.675,0.0,0.0,0.8215077695525277,0.1369838511984853,0.0,1.0505816190374837
665,SrSm0.5Ta0.5O3,III,Sr,True,False,31.6,34.535248,1.0594862,16.735783,17.582306,-0.00033197505,0.21749187,0.44139117,True,False,1.0286115,0.882241,0.9132256746565688,0.95,1.335,0.06461682516217973,0.5,13.675,0.0,0.0,0.8215077695525277,0.1369838511984853,0.0,1.0505816190374837
666,SrSm0.5Ta0.5O3,III,Sr,True,False,32.1,34.70989,1.1878386,16.735783,17.754604,-0.00033145078,0.21983239,0.44139117,True,False,1.0286115,0.882241,0.9132256746565688,0.95,1.335,0.06461682516217973,0.5,13.675,0.0,0.0,0.8086717106532696,0.1369838511984853,0.0,1.0608768051067583
667,SrSm0.5Ta0.5O3,III,Sr,True,False,36.0,34.883224,1.316839,16.735783,17.92561,-0.00033092644,0.22216049,0.44139117,True,False,1.0286115,0.882241,0.9132256746565688,0.95,1.335,0.06461682516217973,0.5,13.675,0.0,0.0,0.7958356517540113,0.1369838511984853,0.0,1.0710947913222821
668,SrSm0.5Ta0.5O3,III,Sr,True,False,39.0,35.224636,1.5741441,16.735783,18.26242,-0.0003299017,0.22676463,0.44139117,True,False,1.0286115,0.882241,0.9132256746565688,0.95,1.335,0.06461682516217973,0.5,13.675,0.0,0.0,0.7701635339554948,0.1369838511984853,0.0,1.0912199327632295
669,SrSm0.5Ta0.5O3,III,Sr,True,False,42.0,35.556904,1.8266422,16.735783,18.590174,-0.00032890076,0.23127802,0.44139117,True,False,1.0286115,0.882241,0.9132256746565688,0.95,1.335,0.06461682516217973,0.5,13.675,0.0,0.0,0.7444914161569783,0.1369838511984853,0.0,1.1108039582014178
670,SrSm0.5Ta0.5O3,III,Sr,True,False,45.0,35.71885,1.9497938,16.735783,18.749899,-0.00032842412,0.23349233,0.44139117,True,False,1.0286115,0.882241,0.9132256746565688,0.95,1.335,0.06461682516217973,0.5,13.675,0.0,0.0,0.73165535725772,0.1369838511984853,0.0,1.1203478797496358
671,SrSm0.5Ta0.5O3,III,Sr,True,False,48.5,35.87762,2.0702572,16.735783,18.906494,-0.0003279475,0.23567419,0.44139117,True,False,1.0286115,0.882241,0.9132256746565688,0.95,1.335,0.06461682516217973,0.5,13.675,0.0,0.0,0.7188192983584617,0.1369838511984853,0.0,1.129704776884356
672,Ba3Co.07Nb2O9.07,Ib,Ba,True,False,26.0,25.571426,1.7020897,20.323185,5.601973,-0.41723904,0.063508675,0.8402176,True,True,0.38466072,0.32992384,1.0257308006609676,0.89,1.6933333333333334,0.07138394680859415,0.6666666666666666,42.1607,0.0,0.0,0.6930932054765738,0.38970767973561293,0.0,0.27564444254185555
673,SrSm0.5Ta0.5O3,III,Sr,True,False,49.6,36.184654,2.3014889,16.735783,19.209267,-0.00032701803,0.23992984,0.44139117,True,False,1.0286115,0.882241,0.9132256746565688,0.95,1.335,0.06461682516217973,0.5,13.675,0.0,0.0,0.6931471805599453,0.1369838511984853,0.0,1.147796132394881
674,Ca0.3Li0.14Sm0.42TiO3,III,Other,True,False,92.12,97.01454,2.1493487,23.862465,72.44481,-0.0004178355,0.70767045,0.33819562,True,False,0.7745441,0.6643272,0.9330217181207636,1.079767441860465,1.54,0.09150625,1.0,11.251999999999999,0.16279069767441862,0.0,-0.0,0.9330217181207637,1.079767441860465,3.03593153515364
675,Ca0.125Ni0.5Ta0.25Ti0.125O3,III,Ca,True,False,23.0,19.680084,1.5282086,5.7764034,13.835533,-0.0007343482,0.06888276,0.27404237,True,False,0.5979888,0.5128955,0.93889290849138,1.0,1.74,0.057531363269380825,0.42857142857142855,8.60125,0.0,0.0,0.9486206326598489,0.21460409336945827,0.0,2.3951812298981747
676,CaNi0.333Ta0.667O3,III,Ca,True,False,22.0,23.633327,0.37429324,22.246008,1.4374433,-0.0020973603,-0.048026778,0.2853661,True,False,0.6307574,0.5410012,0.942052648944225,1.0,1.63653,0.06990913971186836,0.667,12.20727,0.0,0.0,0.6362828691929282,0.18850473505373944,0.0,0.0646157863469257
677,CaAl0.333Ta0.667O3,II,Ca,True,False,22.0,25.159937,0.17366587,24.273668,0.9679205,-0.018703485,-0.06294821,0.26431653,True,False,0.56916547,0.48817372,0.9663036208600552,1.0,1.5366300000000002,0.05734008541260041,0.667,11.867609999999999,0.0,0.0,0.6362828691929282,0.19335735453409703,0.0,0.03987532910147737
678,Ca0.375Co0.25Ta0.25Ti0.125O3,III,Ca,True,False,28.0,26.30575,1.6115881,6.299647,19.90949,-0.00050238427,0.09711252,0.28140518,True,False,0.6193872,0.531249,0.9337217255186218,1.0,1.6600000000000001,0.07050667920845866,0.6,9.018749999999999,0.0,0.0,1.0939912853189644,0.29879095216595897,0.0,3.160413591428218
679,Ca0.25Co0.375Ta0.25Ti0.125O3,III,Ca,True,False,24.0,21.23608,1.6982938,5.977867,15.174817,-0.00050170685,0.08389827,0.28553358,True,False,0.63123614,0.5414118,0.9285012366379268,1.0,1.6966666666666665,0.06500175273037441,0.5,8.89,0.0,0.0,0.9439773137268617,0.2476003297701138,0.0,2.5385002710833144
680,Ca0.125Co0.5Ta0.25Ti0.125O3,III,Ca,True,False,20.0,15.995732,1.4254856,5.7143664,10.225605,-0.0005899592,0.056350958,0.28935286,True,False,0.64210665,0.5507355,0.9248079142964872,1.0,1.7228571428571426,0.060294183846710196,0.42857142857142855,8.76125,0.0,0.0,0.856590272774938,0.21138466612491136,0.0,1.7894556078868165
681,Ca5Nb2Ti0.4Hf0.6O12,III,Ca,False,True,32.0,44.13131,1.3957783,0.0,36.092358,-0.00033374873,0.51221615,0.9942812,False,True,0.67521316,0.57913095,0.9454160281967178,1.0,1.532,0.07154289369088195,0.7999999999999999,48.99,0.0,0.0,1.0712817305633104,0.6176718050885223,0.0,
682,Ca5Ta2Ti0.6Hf0.4O12,III,Ca,False,True,34.0,44.91452,1.0655605,0.0,27.636257,-0.00034485376,0.40467405,0.9944746,False,True,0.6953828,0.5964304,0.9486563964996608,1.0,1.4813333333333334,0.0761459264400086,0.8666666666666667,50.129999999999995,0.0,0.0,1.0712817305633104,0.45535507031983713,0.0,
683,Ba8ZnNb6O24,Ib,Ba,True,False,36.2,36.25266,1.7251558,19.899178,16.117155,-0.0033021406,0.23962712,0.86029416,True,True,0.47670153,0.40886733,1.0360737051182582,0.89,1.6071428571428572,0.07802899948977225,0.8571428571428571,110.44,0.0,0.0,0.43290055819332063,0.49573352308203855,0.0,0.809940742275887
684,Ba8ZnNb5.7Sb0.3O24,Ib,Ba,True,False,33.6,33.29201,1.022186,19.153603,13.958432,-0.0013868463,0.18136404,0.7310586,True,True,0.0,0.0,1.0369390228007067,0.89,1.6264285714285716,0.0,0.8142857142857143,109.68699999999998,0.0,0.0,0.6125095878872052,0.4705240774316547,0.0,0.7287627293935246
685,Ba8ZnNb5.4Sb0.6O24,Ib,Ba,True,False,33.6,30.784903,1.0189767,18.455341,12.169481,-0.0017942339,0.1618751,0.7310586,True,True,0.0,0.0,1.0378057870995094,0.89,1.645714285714286,0.0,0.7714285714285715,108.934,0.0,0.0,0.7270232484046308,0.44535846425679854,0.0,0.6594015791959628
686,Ba8ZnNb5.1Sb0.9O24,Ib,Ba,True,False,31.0,28.333591,0.74699783,17.80003,10.389971,-0.0024759804,0.14606513,0.7310586,True,True,0.0,0.0,1.038674001645326,0.89,1.665,0.0,0.7285714285714285,108.18099999999998,0.0,0.0,0.8153516376368362,0.42023679356647176,0.0,0.5837052521821592
687,Ba8ZnNb4.8Sb.2O24,Ib,Ba,True,False,29.4,26.879812,0.4842666,16.980257,9.760846,-0.0026878598,0.14139616,0.7310586,True,True,0.0,0.0,1.0388358884098658,0.89,1.6735294117647062,0.0,0.7058823529411765,107.322,0.0,0.0,0.8546456681387222,0.4070812707911156,0.0,0.5748349980804177
688,CaCo0.333Ta0.667O3,III,Ca,True,False,23.0,23.078451,0.3997526,21.411434,1.7043291,-0.001537039,-0.03577427,0.2899573,True,False,0.6438192,0.5522043,0.933737475307362,1.0,1.6265400000000003,0.07139771403593313,0.667,12.31383,0.0,0.0,0.6362828691929282,0.18684086880900314,0.0,0.07959901704855453
689,Ba8ZnNb4.5Sb.5O24,Ib,Ba,True,False,25.9,25.886637,0.33280438,16.131495,9.616779,-0.0025725807,0.14093576,0.7310586,True,True,0.0,0.0,1.0386294424860962,0.89,1.676923076923077,0.0,0.6923076923076923,106.41,0.0,0.0,0.8766577044698727,0.3993385392750061,0.0,0.5961492719676632
690,Ba8ZnNb3.6Sb2.4O24,Ib,Ba,True,False,17.4,19.83662,0.8887074,15.047596,4.6955338,-0.017460352,0.11095065,0.7310586,True,True,0.0,0.0,1.0430369560067596,0.89,1.7614285714285716,0.0,0.5142857142857143,104.416,0.0,0.0,1.0418158759636003,0.2952914535750571,0.0,0.31204544566454334
691,CaAl0.5Nb0.5O3,II,Ca,True,False,25.0,22.549398,1.1858512,16.757555,5.781455,-0.007854655,0.018243337,0.22680981,True,False,0.4509654,0.38679343,0.9748289712961712,1.0,1.605,0.04407558859742286,0.5,11.105,0.0,0.0,0.6931471805599453,0.2924486913888514,0.0,0.3450058794376626
692,CaFe0.5Nb0.5O3,III,Ca,True,False,40.0,34.876877,2.7238421,19.443695,15.346199,-0.0009463119,0.087927215,0.27719387,True,False,0.6071908,0.5207881,0.9485789867569842,1.0,1.715,0.05149824792039711,0.5,11.854999999999999,0.0,0.0,0.6931471805599453,0.28457369602709526,0.0,0.7892635118993586
693,CaAl0.333Nb0.667O3,II,Ca,True,False,28.0,26.68447,1.2567455,18.970427,7.6979036,-0.003121871,0.019261584,0.24479203,True,False,0.5091611,0.43670794,0.9663036208600552,1.0,1.6033300000000001,0.05734008541260041,0.667,11.48075,0.0,0.0,0.6362828691929282,0.38671470906819405,0.0,0.40578441381419617
694,CaCo0.333Nb0.667O3,III,Ca,True,False,29.0,27.547604,1.7516782,17.288462,10.218134,-0.00084232463,0.041850824,0.27345544,True,False,0.5962679,0.5114195,0.933737475307362,1.0,1.6932400000000003,0.07139771403593313,0.667,11.92697,0.0,0.0,0.6362828691929282,0.37368173761800627,0.0,0.591037768426133
695,CaNi0.333Nb0.667O3,III,Ca,True,False,26.0,28.381659,1.908026,17.801786,10.541918,-0.001052219,0.039007306,0.26789138,True,False,0.5798366,0.49732637,0.942052648944225,1.0,1.70323,0.06990913971186836,0.667,11.820409999999999,0.0,0.0,0.6362828691929282,0.3770094701074789,0.0,0.5921831663407257
696,CaCu0.333Nb0.667O3,III,Ca,True,False,27.0,28.644308,1.666585,17.628092,10.960843,-0.00070202013,0.056075253,0.2705251,True,False,0.5876407,0.50402,0.9359906570873684,1.0,1.6999000000000002,0.07101898189920651,0.667,11.92031,0.0,0.0,0.6362828691929282,0.37458346096636486,0.0,0.6217827204441638
697,CaZn0.333Nb0.667O3,III,Ca,True,False,35.0,28.485025,1.9193373,17.156487,11.264952,-0.00057016173,0.06415765,0.28054243,True,False,0.6168977,0.5291137,0.9344873295958812,1.0,1.6166500000000001,0.0712735826041586,0.667,11.897,0.0,0.0,0.6362828691929282,0.37398182930427165,0.0,0.6566001536328504
698,CaAl0.5Ta0.5O3,II,Ca,True,False,20.0,20.779171,0.12645827,19.739475,1.1054113,-0.017459815,-0.048257824,0.2410723,True,False,0.49737054,0.42659515,0.9748289712961712,1.0,1.5550000000000002,0.04407558859742286,0.5,11.395,0.0,0.0,0.6931471805599453,0.1462243456944257,0.0,0.056000035461936055
699,CaFe0.5Ta0.5O3,III,Ca,True,False,32.0,28.104364,1.7306154,23.2395,4.843036,-0.0013197688,0.023147456,0.29158774,True,False,0.6484281,0.55615735,0.9485789867569842,1.0,1.665,0.05149824792039711,0.5,12.145,0.0,0.0,0.6931471805599453,0.14228684801354763,0.0,0.20839673831192582
700,CaMg0.333Ta0.667O3,III,Ca,True,False,21.0,21.348167,0.6891862,19.14086,2.2397947,-0.0012059055,-0.031280883,0.26966918,True,False,0.58510983,0.50184923,0.937498829235445,1.0,1.4367300000000003,0.07075562717619638,0.667,12.0441,0.0,0.0,0.6362828691929282,0.18759351573001254,0.0,0.1170164088760902
701,Ba8ZnNb4.2Sb.8O24,Ib,Ba,True,False,19.9,24.883663,0.32235193,15.35347,9.392637,-0.0025015525,0.14005987,0.7310586,True,True,0.0,0.0,1.038403112252388,0.89,1.6806451612903226,0.0,0.6774193548387097,105.49799999999999,0.0,0.0,0.8997505509455668,0.39084260598773907,0.0,0.6117598822937096
702,SrCr0.5Nb0.5O3,Ib,Sr,True,False,35.1,34.10926,1.0660121,21.246878,12.823236,-0.003463105,0.042612687,0.15104914,True,False,0.15949847,0.13680197,0.9904726306139556,0.95,1.63,0.04965534748431453,0.5,12.514999999999999,0.0,0.0,0.6931471805599453,0.29714178918418666,0.0,0.6035350699523949
703,CaMg0.333Nb0.667O3,III,Ca,True,False,28.0,27.263464,1.4995044,15.702505,11.517274,-0.0006680078,0.044350825,0.25449368,True,False,0.5393561,0.46260622,0.937498829235445,1.0,1.5034300000000003,0.07075562717619638,0.667,11.65724,0.0,0.0,0.6362828691929282,0.3751870314600251,0.0,0.7334673034652751
704,SrAl0.5Nb0.5O3,Ib,Sr,True,False,30.0,30.650274,0.86296785,21.759096,8.891663,-0.035624873,0.035142604,0.1561948,True,False,0.18257082,0.15659115,1.010406670978513,0.95,1.605,0.04407558859742286,0.5,12.184999999999999,0.0,0.0,0.6931471805599453,0.29687799870644604,0.0,0.4086411953878966
705,CaAl0.421Nb0.421Ti0.158O3,II,Ca,True,False,29.1,26.678211,0.9699526,18.052917,8.6467495,-0.018221559,-0.003237107,0.22891013,True,False,0.45792452,0.39276227,0.9734746782218148,1.0,1.59473,0.051336929681680514,0.579,11.265369999999999,0.0,0.0,1.2088514581372574,0.39970870287787713,0.0,0.4789668893952152
706,CaAl0.375Nb0.375Ti0.25O3,II,Ca,True,False,32.2,29.935373,1.1557767,18.889957,11.057643,-0.013840002,0.0016129322,0.23013075,True,False,0.46194828,0.39621344,0.9726878345534437,1.0,1.58875,0.05560416685619041,0.625,11.35875,0.0,0.0,1.282602109675576,0.46202672141288564,0.0,0.5853715283735162
707,CaAl0.335Nb0.335Ti0.33O3,II,Ca,True,False,35.1,33.27204,1.2821372,19.674774,13.600128,-0.0099157635,0.0070542074,0.23119068,True,False,0.46543026,0.39919993,0.9720046558809698,1.0,1.5835500000000002,0.05933849516579843,0.665,11.43995,0.0,0.0,1.302029329407252,0.516134472272795,0.0,0.6912469744252209
708,CaAl0.25Nb0.25Ti0.5O3,II,Ca,True,False,45.3,42.709625,0.90450674,21.548077,21.141312,-0.0035750936,0.023811003,0.23343822,True,False,0.47277692,0.4055012,0.970556082880972,1.0,1.5725,0.06734803941145333,0.75,11.612499999999999,0.0,0.0,1.2322616543287914,0.6308614538726318,0.0,0.9811229094828277
709,CaAl0.2355Nb0.2355Ti0.529O3,II,Ca,True,False,44.9,44.87426,0.7009115,21.899446,22.94959,-0.0029039637,0.028127596,0.23382096,True,False,0.47402304,0.40657,0.9703094043473685,1.0,1.570615,0.06872453983427514,0.7645,11.641935,0.0,0.0,1.2064433283450051,0.650398393734041,0.0,1.0479529938793886
710,CaAl0.125Nb0.125Ti0.75O3,II,Ca,True,False,75.4,73.720825,1.3482223,24.953548,48.658386,-0.00068545726,0.109573506,0.23673077,True,False,0.48345104,0.41465637,0.9684336547084738,1.0,1.55625,0.07931329398499913,0.875,11.866249999999999,0.0,0.0,0.8718482248993121,0.7989577651344908,0.0,1.9499586191109977
711,Ba0.1La0.9Mg0.45Ti0.55O3,III,Other,True,False,30.9,32.167267,0.42557675,21.429821,10.701924,-0.0023375817,0.037863888,0.1982279,True,False,0.35128385,0.30129647,0.9574777613246797,1.0790000000000002,1.4365,0.0709986192961778,0.55,12.4405,0.0,0.0,0.7391120591738544,0.5266127687285738,1.0790000000000002,0.4993939986712908
712,Ba0.3La0.7Mg0.35Ti0.65O3,II,Other,True,False,42.5,41.985676,0.8537323,23.771776,18.160706,-0.0011451284,0.05433623,0.14766061,True,False,0.14394973,0.12346581,0.9801480135259076,1.037,1.4595,0.07688987707734915,0.65,12.831499999999998,0.0,0.0,0.7193851544829251,0.6370962087918399,1.037,0.763960841630007
713,Ba0.5La0.5Mg0.25Ti0.75O3,Ib,Ba,True,False,60.9,60.132862,1.5360315,26.475363,33.596817,-0.000715826,0.06139926,0.13397638,True,False,0.07797091,0.06687572,1.0030746471902592,0.9950000000000001,1.4825,0.08187176193934861,0.75,13.2225,0.0,0.0,0.6456440549327058,0.7476940146073057,0.9950000000000001,1.2689841872989616
714,Ba0.7La0.3Mg0.15Ti0.85O3,Ib,Ba,True,False,105.8,102.98558,2.5287497,29.62451,73.126724,-0.0004952572,0.23485363,0.1781747,True,False,0.27470925,0.23561837,1.0262620362381096,0.9530000000000001,1.5055,0.08613974339973321,0.85,13.613499999999998,0.0,0.0,0.500988548510804,0.8276772691976068,0.0,2.468453452900993
715,LiBa4Nb3O12,Ib,Ba,True,False,37.0,28.616146,1.4609681,0.0,36.785522,-0.00050714926,0.5472631,0.9912615,False,True,0.42627874,0.36561966,1.005200816392641,0.9080000000000001,1.6,0.08192,1.0,54.230000000000004,0.2,0.0,-0.0,0.5968795101644154,0.0,
716,CaAl0.4505Nb0.4505Ti0.099O3,II,Ca,True,False,27.0,24.895538,0.88003445,17.54949,7.371614,-0.02032946,-0.0052357055,0.22812638,True,False,0.45533305,0.39053956,0.9739799548072636,1.0,1.5985650000000002,0.048615538047561184,0.5495,11.205485,0.0,0.0,1.1228513023978797,0.35969079731032244,0.0,0.42004719225458975
717,LiBa4Nb2TaO12,Ib,Ba,True,False,34.0,38.750343,2.3217638,0.0,33.235477,-0.0005188176,0.47458154,0.9912032,False,True,0.4223651,0.36226293,1.005200816392641,0.9080000000000001,1.5666666666666667,0.08192,1.0,54.81,0.2,0.0,0.6365141682948128,0.49739959180367954,0.0,
718,LiBa4Ta3O12,Ib,Ba,True,False,28.0,31.08012,1.3542757,0.0,28.579138,-0.00044767995,0.4652303,0.9911712,False,True,0.42023385,0.36043495,1.005200816392641,0.9080000000000001,1.5,0.08192,1.0,55.97,0.2,0.0,-0.0,0.2984397550822077,0.0,
719,BaLa0.5Ta0.5O3,III,Ba,True,False,37.1,34.54196,1.8074553,15.875515,18.537405,-0.00035907218,0.12940013,0.377747,True,False,0.87494254,0.750439,0.9518745131357372,0.89,1.3,0.0665607499633807,0.5,15.125,0.0,0.0,0.834343828451786,0.14278117697036055,0.0,1.1676726707763496
720,BaNd0.5Ta0.5O3,III,Ba,True,False,38.7,36.318756,1.1467608,15.290502,20.93179,-0.0004044869,0.09687009,0.26505685,True,False,0.5713829,0.4900756,0.9624198107038244,0.89,1.3199999999999998,0.0653095665934298,0.5,14.77,0.0,0.0,0.834343828451786,0.14436297160557365,0.0,1.3689406665654273
721,BaSm0.5Ta0.5O3,II,Ba,True,False,37.6,35.56245,1.4228525,15.474548,20.016247,-0.00045349906,0.07211239,0.21773961,True,False,0.42037508,0.36055607,0.9678905918015044,0.89,1.335,0.06461682516217973,0.5,14.675,0.0,0.0,0.834343828451786,0.14518358877022564,0.0,1.2934947760671265
722,BaEu0.5Ta0.5O3,II,Ba,True,False,36.5,34.7719,0.95174116,15.393811,19.300482,-0.00046181702,0.07806804,0.20326307,True,False,0.36957896,0.3169882,0.9703174886580844,0.89,1.35,0.06429948062655297,0.5,14.605,0.0,0.0,0.834343828451786,0.14554762329871265,0.0,1.2537819257362586
723,BaGd0.5Ta0.5O3,II,Ba,True,False,36.0,34.39811,0.87102,15.368717,18.949451,-0.0004683213,0.08041229,0.20790908,True,False,0.3861631,0.33121243,0.9723122025452297,0.89,1.35,0.06403390577858643,0.5,14.555,0.0,0.0,0.834343828451786,0.14584683038178445,0.0,1.23298847912939
724,BaTb0.5Ta0.5O3,II,Ba,True,False,35.5,33.333675,0.90921324,15.547453,17.716103,-0.0004968655,0.07061549,0.1937783,True,False,0.3348231,0.28717807,0.9756550132347046,0.89,1.3599999999999999,0.0635790498766044,0.5,14.51,0.0,0.0,0.834343828451786,0.14634825198520568,0.0,1.1394858694861467
725,BaDy0.5Ta0.5O3,II,Ba,True,False,34.0,32.83525,1.0122914,15.521186,17.250797,-0.0005089921,0.06377819,0.1779247,True,False,0.27371338,0.2347642,0.9781210530199942,0.89,1.3599999999999999,0.06323546685673558,0.5,14.450000000000001,0.0,0.0,0.834343828451786,0.1467181579529991,0.0,1.1114354921073686
726,BaHo0.5Ta0.5O3,II,Ba,True,False,33.5,31.06314,1.5433178,15.67196,15.344312,-0.0005600395,0.047430743,0.16704775,True,False,0.2292777,0.19665168,0.9805995905881172,0.89,1.365,0.06288312250546305,0.5,14.42,0.0,0.0,0.834343828451786,0.14708993858821756,0.0,0.9790933616471711
727,BaY0.5Ta0.5O3,II,Ba,True,False,33.0,31.950205,1.2686504,15.377384,16.52217,-0.0005546316,0.05120323,0.17544721,True,False,0.26378495,0.22624858,0.9808255351942432,0.89,1.3599999999999999,0.06285064787451694,0.5,14.365,0.0,0.0,0.834343828451786,0.1471238302791365,0.0,1.0744460826366826
728,BaYb0.5Ta0.5O3,Ib,Ba,True,False,32.0,27.837805,1.5133016,15.859211,11.941941,-0.00058504473,0.037238672,0.14094526,True,False,0.11224123,0.09626941,0.988111147340533,0.89,1.3,0.061770899133693095,0.5,14.285,0.0,0.0,0.834343828451786,0.14821667210107994,0.0,0.7529971699096506
729,LiBa4NbTa2O12,Ib,Ba,True,False,30.0,39.16741,2.6030426,0.0,30.40961,-0.00050254416,0.4524609,0.9911729,False,True,0.420341,0.36052686,1.005200816392641,0.9080000000000001,1.5333333333333332,0.08192,1.0,55.39,0.2,0.0,0.6600887671205465,0.3979196734429436,0.0,
730,BaNi0.0658Zr0.0125Zn0.2633Ta0.6583O3,Ib,Ba,True,False,28.3,28.367283,0.6458507,24.462585,3.9486325,-0.023888348,-0.02004749,0.19613437,True,False,0.34357423,0.2946839,1.0278990175068057,0.89,1.5643544354435444,0.07158710518957215,0.6708670867086708,14.349901000000001,0.0,0.0,0.9687549460430801,0.19929090949222913,0.0,0.16141517750474857
731,CaAl0.4735Nb0.4735Ti0.053O3,II,Ca,True,False,23.8,23.67497,0.8343972,17.17364,6.5281434,-0.021003138,-0.005810036,0.2275149,True,False,0.45330665,0.38880152,0.9743742633066282,1.0,1.601555,0.04650195938943565,0.5265,11.158795,0.0,0.0,1.0236040845119132,0.32846156416066435,0.0,0.38012578579730333
732,LaMg0.667Nb0.333O3,III,Other,True,False,26.8,24.118727,1.1222538,15.665636,8.389459,-0.0010460026,0.064676225,0.2552683,True,False,0.5417339,0.46464565,0.932288147320514,1.1,1.40657,0.05016386957923366,0.333,12.01276,0.0,0.0,0.7069809657699203,0.1862711718346387,1.1,0.5355326141881505
733,SrGa0.5Ta0.5O3,Ib,Sr,True,False,27.0,29.829105,1.3351326,25.576878,4.2757096,-0.011158623,-0.012322779,0.16282538,True,False,0.21140566,0.18132283,0.9892528367338892,0.95,1.655,0.049971511996953155,0.5,12.83,0.0,0.0,0.7701635339554948,0.14838792551008337,0.0,0.16717089552524744
734,SrFe0.5Nb0.5O3,II,Sr,True,False,44.9,43.235573,1.142256,25.324041,17.863098,-0.0027221784,0.05115808,0.1615416,True,False,0.20589794,0.17659885,0.983198657806509,0.95,1.715,0.05149824792039711,0.5,12.934999999999999,0.0,0.0,0.6931471805599453,0.29495959734195265,0.0,0.705381025089953
735,BaMn0.333Ta0.667O3,Ib,Ba,True,False,27.0,26.564672,0.9018933,34.91628,1.8245151,-10.048409,-0.1277118,0.22239086,True,False,0.4361733,0.37410623,1.0424782769805565,0.89,1.5166500000000003,0.0632623981924196,0.667,14.56366,0.0,0.0,0.7541130301545815,0.19160009677619064,0.0,0.05225399441177582
736,BaMn0.3333Ta0.6667O3,Ib,Ba,True,False,27.0,26.557384,0.9023431,34.907406,1.8245862,-10.046928,-0.12767681,0.22237618,True,False,0.43612385,0.37406382,1.0424775110780864,0.89,1.516665,0.06324293453482073,0.6667,14.563366,0.0,0.0,0.754359775868151,0.19151407300927192,0.0,0.05226931499865673
737,BaMg0.2333Ta0.4667Co0.1Nb0.2O3,Ib,Ba,True,False,27.0,26.29675,0.35025108,21.325367,5.0006666,-0.011640225,-0.017645186,0.2110919,True,False,0.39736682,0.34082186,1.0286238361828777,0.89,1.513673,0.07093421740600549,0.6667000000000001,14.08841,0.0,0.0,1.4136694101217973,0.2525675163540899,0.0,0.23449381199395067
738,CaZr0.2Ti0.8O3,III,Ca,True,False,141.0,138.43138,2.5221736,26.224575,106.97212,-0.00025074554,5.2349315,0.2846057,True,False,0.6285821,0.53913546,0.955361232964073,1.0,1.4980000000000002,0.09722158118563302,1.0,12.184,0.0,0.0,0.5300559004885991,0.8789323343269473,0.0,4.079079260579056
739,CaZr0.3Ti0.7O3,III,Ca,True,False,138.0,136.86967,4.974527,24.857397,105.05827,-0.00020998418,6.9542274,0.7663367,True,False,0.69239765,0.5938701,0.9499742978431676,1.0,1.4769999999999999,0.10035560491868306,1.0,12.216,0.0,1.0,0.647063668102591,0.8359773821019874,0.0,4.22643891474236
740,CaZr0.4Ti0.6O3,III,Ca,True,False,98.0,96.99478,6.8049526,23.627247,72.05835,-0.0003331982,1.3095238,0.7846798,True,False,0.7538463,0.6465746,0.944647772038586,1.0,1.456,0.10369841512733632,1.0,12.248,0.0,1.0,0.7128938398690644,0.7935041285124123,0.0,3.0497988191345358
741,CaAl0.5Nb0.5O3,II,Ca,True,False,23.6,22.317942,1.121401,16.757555,5.5931454,-0.029272493,-0.0034862414,0.22680981,True,False,0.4509654,0.38679343,0.9748289712961712,1.0,1.605,0.04407558859742286,0.5,11.105,0.0,0.0,0.8215077695525277,0.2924486913888514,0.0,0.3337685837820613
742,CaZr0.5Ti0.5O3,III,Ca,True,False,59.0,62.165375,4.102842,22.514524,39.10784,-0.00035149645,0.543364,0.80131257,True,False,0.8129394,0.69725883,0.9393806450672196,1.0,1.435,0.10727159453882466,1.0,12.28,0.0,1.0,0.7547602632763848,0.7515045160537757,0.0,1.7370049662164744
743,CaZr0.7Ti0.3O3,III,Ca,True,False,38.0,37.295044,2.274386,20.58001,16.45966,-0.00035646305,0.2557304,0.8299591,True,False,0.9241788,0.79266894,0.929020657133129,1.0,1.3929999999999998,0.1152113664652843,1.0,12.344,0.0,1.0,0.6651633511264395,0.6688948731358528,0.0,0.7997887270219984
744,CaZr0.8Ti0.2O3,III,Ca,True,False,28.0,30.91625,2.0110347,19.733942,11.022205,-0.00039498546,0.16050056,0.84223163,True,False,0.97640544,0.8374638,0.9239258848121794,1.0,1.372,0.11963894073139973,1.0,12.376,0.0,1.0,0.5448826389638045,0.628269601672282,0.0,0.5585404578568235
745,CaZr0.9Ti0.1O3,III,Ca,True,False,42.0,38.111427,2.8534975,18.955729,19.017813,-0.00032479814,0.13821317,0.44046918,True,False,1.0264311,0.88037086,0.9188866874323643,1.0,1.351,0.12442041900265566,1.0,12.408000000000001,0.0,0.0,0.36481533680595857,0.5880874799567132,0.0,1.0032752103598863
746,CaZrO3,III,Ca,True,False,27.0,24.931477,1.4022007,18.237528,6.622925,-0.0004345424,0.071456194,0.46079668,True,False,1.0743046,0.921432,0.9139021605901604,1.0,1.33,0.1296,1.0,12.44,0.0,0.0,-0.0,0.5483412963540962,0.0,0.3631481744675046
747,LaMg0.5Ti0.5O3,III,Other,True,False,27.6,27.283009,0.6257351,20.37375,6.890094,-0.003375092,0.022539312,0.22876616,True,False,0.4574489,0.39235434,0.9462374380969072,1.1,1.425,0.06763044570776824,0.5,12.245,0.0,0.0,0.8215077695525277,0.4731187190484536,1.1,0.3381848702374379
748,La0.9Ca0.1Mg0.45Ti0.55O3,III,Other,True,False,29.8,29.181238,0.6128344,21.020452,8.12951,-0.0032974393,0.034574702,0.2258559,True,False,0.44778958,0.38406953,0.9481952121125552,1.09,1.4365,0.0709986192961778,0.55,12.2325,0.0,0.0,0.8155719273642529,0.5215073666619054,1.09,0.3867428730837948
749,La0.7Ca0.3Mg0.35Ti0.65O3,III,Other,True,False,37.2,34.763405,0.81212896,22.447186,12.272235,-0.0027532387,0.04673291,0.22271664,True,False,0.43727094,0.37504768,0.9521437845680244,1.07,1.4595,0.07688987707734915,0.65,12.2075,0.0,0.0,0.7673441647817867,0.6188934599692159,1.07,0.5467159669813402
750,La0.3Ca0.7Mg0.15Ti0.85O3,III,Ca,True,False,51.2,55.66465,1.1624746,25.982454,29.580425,-0.00086089625,0.102624156,0.22720115,True,False,0.45226547,0.3879085,0.9601756563917714,1.03,1.5055,0.08613974339973321,0.85,12.157499999999999,0.0,0.0,0.4696767642288788,0.8161493079330057,0.0,1.138476950637534
751,La0.3Ca0.7Mg0.15Ti0.85O3,III,Ca,True,False,58.8,55.66465,1.1624746,25.982454,29.580425,-0.00086089625,0.102624156,0.22720115,True,False,0.45226547,0.3879085,0.9601756563917714,1.03,1.5055,0.08613974339973321,0.85,12.157499999999999,0.0,0.0,0.4696767642288788,0.8161493079330057,0.0,1.138476950637534
752,La0.1Ca0.9Mg0.05Ti0.95O3,III,Ca,True,False,90.4,95.3149,3.4269247,28.20884,66.8323,-0.00044343388,0.2742024,0.23483077,True,False,0.477304,0.40938407,0.9642604968362618,1.01,1.5284999999999997,0.08983701503471801,0.95,12.1325,0.0,0.0,0.1985152433458726,0.9160474719944487,0.0,2.3691970318524267
753,La0.1Ca0.9Mg0.05Ti0.95O3,III,Ca,True,False,102.5,95.3149,3.4269247,28.20884,66.8323,-0.00044343388,0.2742024,0.23483077,True,False,0.477304,0.40938407,0.9642604968362618,1.01,1.5284999999999997,0.08983701503471801,0.95,12.1325,0.0,0.0,0.1985152433458726,0.9160474719944487,0.0,2.3691970318524267
754,CaZr0.6Ti0.4O3,III,Ca,True,False,50.0,46.976326,2.6949444,21.503191,25.09432,-0.0003436503,0.3791589,0.8163622,True,False,0.8697044,0.7459462,0.9341719288578304,1.0,1.4140000000000001,0.11109980678025645,1.0,12.312,0.0,1.0,0.7328349262989682,0.7099706659319512,0.0,1.1670044692436579
755,BaNi0.0542Zr0.0215Zn0.2720Ta0.6523O3,Ib,Ba,True,False,28.4,28.583567,0.7131554,24.375622,4.241494,-0.017242765,-0.016305158,0.19483557,True,False,0.33876,0.29055473,1.027399396307018,0.89,1.559367,0.07206686369353048,0.6738,14.354182999999999,0.0,0.0,0.983358411865159,0.2028747599243191,0.0,0.1740055699911986
756,La0.5Ca0.5Mg0.25Ti0.75O3,III,Ca,True,False,43.2,41.94828,0.7729294,24.084438,17.802618,-0.0017280808,0.062950045,0.22316499,True,False,0.4387796,0.37634164,0.9561370120531066,1.05,1.4825,0.08187176193934861,0.75,12.1825,0.0,0.0,0.6664712825111802,0.71710275903983,1.05,0.7391751470389303
757,BaNi0.0242Zr0.0425Zn0.2950Ta0.6383O3,Ib,Ba,True,False,30.2,29.239864,0.8997038,24.159077,5.097003,-0.0077829994,-0.008433625,0.19175205,True,False,0.32723188,0.28066707,1.0261709414503124,0.89,1.5469469999999998,0.07321399806429893,0.6808,14.364372999999999,0.0,0.0,0.98065501674062,0.2113111674146967,0.0,0.2109767272979841
758,SrPr0.5Ta0.5O3,III,Sr,True,False,32.0,29.06684,1.7448062,17.048153,11.854013,-0.00037031496,0.16504535,0.5,True,False,1.34833,1.0,0.9066290106409908,0.95,1.315,0.06549670598600167,0.5,13.875,0.0,0.0,0.8215077695525277,0.13599435159614862,0.0,0.6953253528402754
759,SrNd0.5Ta0.5O3,III,Sr,True,False,31.5,36.10797,1.6623033,16.542887,19.3027,-0.0003156513,0.2626968,0.5,True,False,1.1999558,1.0,0.9080638745511168,0.95,1.3199999999999998,0.0653095665934298,0.5,13.77,0.0,0.0,0.8215077695525277,0.1362095811826675,0.0,1.1668277731692178
760,SrEu0.5Ta0.5O3,III,Sr,True,False,30.0,32.489952,0.19934005,16.618275,15.684296,-0.00034603575,0.1877254,0.41720706,True,False,0.9710556,0.83287525,0.9155155042488238,0.95,1.35,0.06429948062655297,0.5,13.605,0.0,0.0,0.8215077695525277,0.13732732563732356,0.0,0.9437980777186561
761,SrGd0.5Ta0.5O3,III,Sr,True,False,29.5,32.59511,0.34809712,16.573397,15.826726,-0.00034877573,0.1953406,0.4245698,True,False,0.9886654,0.8479792,0.917397559876562,0.95,1.35,0.06403390577858643,0.5,13.555,0.0,0.0,0.8215077695525277,0.13760963398148432,0.0,0.9549476187651814
762,SrTb0.5Ta0.5O3,III,Sr,True,False,28.8,30.674297,0.7215348,16.7729,13.736974,-0.00036810286,0.16479349,0.39998576,True,False,0.92950565,0.7972378,0.9205515739490236,0.95,1.3599999999999999,0.0635790498766044,0.5,13.51,0.0,0.0,0.8215077695525277,0.13808273609235355,0.0,0.8189981458185526
763,SrDy0.5Ta0.5O3,III,Sr,True,False,28.2,29.386297,1.0583459,16.723042,12.51948,-0.00038235326,0.14415862,0.37174672,True,False,0.8600139,0.73763466,0.9228783357397952,0.95,1.3599999999999999,0.06323546685673558,0.5,13.45,0.0,0.0,0.8215077695525277,0.13843175036096927,0.0,0.7486365219916329
764,SrHo0.5Ta0.5O3,III,Sr,True,False,27.7,28.596848,1.2706745,16.89317,11.575022,-0.0003986769,0.12905565,0.35140687,True,False,0.8086381,0.6935696,0.9252168894585556,0.95,1.365,0.06288312250546305,0.5,13.42,0.0,0.0,0.8215077695525277,0.13878253341878333,0.0,0.6851894582248329
765,SrY0.5Ta0.5O3,III,Sr,True,False,27.5,25.953781,1.6287352,16.52606,9.341398,-0.0005428748,0.086863376,0.36617008,True,False,0.84605086,0.7256586,0.9254300730736382,0.95,1.3599999999999999,0.06285064787451694,0.5,13.365,0.0,0.0,0.8215077695525277,0.13881451096104572,0.0,0.5652525768392466
766,SrEr0.5Ta0.5O3,III,Sr,True,False,27.1,27.658718,1.4309165,16.877974,10.665384,-0.00041833645,0.115779445,0.33414638,True,False,0.7639664,0.65525466,0.9275673249745012,0.95,1.37,0.06252175823328772,0.5,13.365,0.0,0.0,0.8215077695525277,0.13913509874617516,0.0,0.631911389364624
767,SrYb0.5Ta0.5O3,III,Sr,True,False,25.9,23.03384,1.5503668,17.072128,5.9193354,-0.00052798365,0.04290738,0.29762584,True,False,0.66536653,0.57068545,0.9323042054641574,0.95,1.3,0.061770899133693095,0.5,13.285,0.0,0.0,0.8215077695525277,0.1398456308196236,0.0,0.3467251065596509
768,SrLa0.5Ta0.5O3,III,Sr,True,False,31.2,27.36756,1.2570384,17.355446,9.871519,-0.00032301532,0.14091519,0.5,True,False,1.5468031,1.0,0.8981141585732536,0.95,1.3,0.0665607499633807,0.5,14.125,0.0,0.0,0.8215077695525277,0.13471712378598805,0.0,0.5687850948918282
769,SrPr0.5Nb0.5O3,III,Sr,True,False,36.7,34.033527,1.6101559,15.132608,18.673794,-0.00031074282,0.22743332,0.5,True,False,1.3140789,1.0,0.9066290106409908,0.95,1.365,0.06549670598600167,0.5,13.584999999999999,0.0,0.0,0.6931471805599453,0.27198870319229723,0.0,1.2340102908897133
770,SrSm0.5Nb0.5O3,III,Sr,True,False,35.5,35.694496,0.80786544,14.860338,20.61239,-0.00032928304,0.22209862,0.4269773,True,False,0.99440587,0.85290277,0.9132256746565688,0.95,1.385,0.06461682516217973,0.5,13.384999999999998,0.0,0.0,0.6931471805599453,0.2739677023969706,0.0,1.3870741028905265
771,SrEu0.5Nb0.5O3,III,Sr,True,False,34.3,33.809593,0.38566077,14.758554,18.857294,-0.00034200915,0.1940844,0.40296942,True,False,0.9367441,0.80344623,0.9155155042488238,0.95,1.4,0.06429948062655297,0.5,13.315,0.0,0.0,0.6931471805599453,0.2746546512746471,0.0,1.2777196194152896
772,SrGd0.5Nb0.5O3,III,Sr,True,False,33.5,33.836357,0.4422823,14.716814,18.918644,-0.00034439177,0.20124462,0.4100811,True,False,0.953928,0.8181849,0.917397559876562,0.95,1.4,0.06403390577858643,0.5,13.264999999999999,0.0,0.0,0.6931471805599453,0.27521926796296864,0.0,1.2855122039321827
773,SrTb0.5Nb0.5O3,III,Sr,True,False,32.3,32.342663,0.3880078,14.869086,17.29886,-0.00036150252,0.1750797,0.38566867,True,False,0.8945101,0.7672221,0.9205515739490236,0.95,1.4100000000000001,0.0635790498766044,0.5,13.219999999999999,0.0,0.0,0.6931471805599453,0.2761654721847071,0.0,1.1634111202262198
774,SrDy0.5Nb0.5O3,III,Sr,True,False,31.2,31.300283,0.5960139,14.822091,16.322056,-0.00037391792,0.15651274,0.3578298,True,False,0.8249987,0.7076021,0.9228783357397952,0.95,1.4100000000000001,0.06323546685673558,0.5,13.16,0.0,0.0,0.6931471805599453,0.27686350072193855,0.0,1.1011979348932617
775,SrHo0.5Nb0.5O3,III,Sr,True,False,30.6,30.75056,0.90295005,14.952433,15.654933,-0.00038800138,0.14358649,0.33780235,True,False,0.7735196,0.66344845,0.9252168894585556,0.95,1.415,0.06288312250546305,0.5,13.129999999999999,0.0,0.0,0.6931471805599453,0.27756506683756665,0.0,1.0469823205360627
776,SrY0.5Nb0.5O3,III,Sr,True,False,30.7,31.40092,0.3387004,14.655674,16.626263,-0.00039936314,0.11938431,0.3521862,True,False,0.8106303,0.69527835,0.9254300730736382,0.95,1.4100000000000001,0.06285064787451694,0.5,13.075,0.0,0.0,0.6931471805599453,0.27762902192209143,0.0,1.1344591180180457
777,SrIn0.5Nb0.5O3,III,Sr,True,False,25.0,23.987074,1.0140743,18.227625,5.7376337,-0.0009925102,0.02280913,0.23214686,True,False,0.46856174,0.4018858,0.947256254042356,0.95,1.69,0.0591907514450867,0.5,13.1,0.0,0.0,0.6931471805599453,0.28417687621270676,0.0,0.3147768126675856
778,BaNi0.0417Zr0.0300Zn0.2817Ta0.6467O3,Ib,Ba,True,False,29.6,28.835978,0.7865572,24.290451,4.570695,-0.012258585,-0.01291085,0.1935656,True,False,0.33402902,0.286497,1.0268929292887965,0.89,1.5542465753424657,0.07253106807603568,0.6766323367663235,14.358699,0.0,0.0,0.9868389388561236,0.20628780128135418,0.0,0.18816838765159197
779,SrEr0.5Nb0.5O3,III,Sr,True,False,31.1,29.444519,1.020744,14.93331,14.4091625,-0.00043222395,0.10248041,0.3208288,True,False,0.7287123,0.6250172,0.9275673249745012,0.95,1.42,0.06252175823328772,0.5,13.075,0.0,0.0,0.6931471805599453,0.2782701974923503,0.0,0.9649007822110437
780,SrYb0.5Nb0.5O3,III,Sr,True,False,29.3,28.04566,1.4264078,15.075233,12.888232,-0.00043946417,0.08263195,0.28509852,True,False,0.6299924,0.5403451,0.9323042054641574,0.95,1.35,0.061770899133693095,0.5,12.995,0.0,0.0,0.6931471805599453,0.2796912616392472,0.0,0.8549275490468373
781,SrNd0.5Nb0.5O3,III,Sr,True,False,36.5,33.70249,1.749332,14.718671,18.752636,-0.0003170095,0.23150077,0.5,True,False,1.1659076,1.0,0.9080638745511168,0.95,1.37,0.0653095665934298,0.5,13.479999999999999,0.0,0.0,0.6931471805599453,0.272419162365335,0.0,1.2740712799409675
782,SmZn0.5Ti0.5O3,III,Other,True,False,31.0,29.06347,1.2348291,22.145512,6.814341,-0.00091117003,0.10453056,0.40251055,True,False,0.93563193,0.8024923,0.900729506553672,1.17,1.595,0.06858467723998699,0.5,11.704999999999998,0.0,0.0,0.672609486321132,0.450364753276836,1.17,0.3077075391167294
783,SrLa0.5Nb0.5O3,III,Sr,True,False,36.0,33.077484,1.4808427,15.407056,17.443045,-0.00029463455,0.22767946,0.5,True,False,1.5133551,1.0,0.8981141585732536,0.95,1.35,0.0665607499633807,0.5,13.834999999999999,0.0,0.0,0.6931471805599453,0.2694342475719761,0.0,1.1321465307843368
784,Sm0.95Ca0.04Sr0.01Mg0.475Ti0.525O3,III,Other,True,False,26.6,26.173239,0.72449595,19.151407,6.9437857,-0.0013740663,0.07942211,0.33812872,True,False,0.77436996,0.6641778,0.9084200002522814,1.161,1.4307500000000002,0.06935385552580256,0.525,11.394549999999999,0.0,0.0,0.7943998679762029,0.47692050013244774,1.161,0.36257313627139776
785,La5Mg0.5Ti3.5O15,II,Other,True,False,36.2,34.857925,1.2488686,27.614132,7.2042503,-0.045259137,0.08479913,0.8426379,True,True,0.39523566,0.33899397,0.966444922847352,1.1,1.5112500000000002,0.08711285772844284,0.875,61.515,0.0,0.0,0.44654241334096206,0.845639307491433,1.1,0.26088997836325256
786,La5Zn0.5Ti3.5O15,II,Other,True,False,37.71,35.80564,1.0118699,28.690428,7.0497103,-0.042342715,0.10784521,0.8508668,True,True,0.43221113,0.37070787,0.9652499368531048,1.1,1.5537500000000002,0.08733645381064871,0.875,61.875,0.0,0.0,0.432587962924057,0.8445936947464666,1.1,0.24571645637353337
787,La5AlTi3O15,II,Other,True,False,32.98,30.597317,1.1231111,28.22067,3.3818736,-1.0272751,0.02204839,0.82833016,True,True,0.33452103,0.28691897,0.9819445112326396,1.1,1.5575,0.06933865388751924,0.75,60.18,0.0,0.0,0.6664712825111802,0.7364583834244797,1.1,0.11983675795082116
788,BaLi0.3889Nb0.5W0.2O3,Ib,Ba,False,True,31.0,46.72455,4.0069275,0.0,32.241722,-0.00060166983,0.535908,0.99175656,False,True,0.46056786,0.39502946,0.9955255696342904,0.9152005183958528,1.8171428571428574,0.05298378751293549,0.7142857142857143,13.385667,0.2800057599539204,0.0,0.6514491075706134,0.5119845786690637,0.0,
789,BaNi0.0125Zr0.0500Zn0.3042Ta0.6333O3,Ib,Ba,True,False,30.1,29.531338,0.971528,24.078781,5.464361,-0.0058589154,-0.0059430036,0.19062702,True,False,0.32299078,0.27702948,1.025708556379022,0.89,1.542255,0.07363102686100029,0.6833,14.368238999999999,0.0,0.0,0.9636570746746792,0.21433437468217895,0.0,0.22693677890089206
790,Pb0.16La0.56Mg0.5W0.5O3,III,Other,True,False,28.7,27.616825,0.600093,12.196804,15.314581,-0.0007986765,0.10623763,0.1927966,True,False,0.33115283,0.28403008,0.9573020608296842,1.3733333333333335,1.835,0.0,0.0,11.3028,0.2222222222222222,0.0,0.6161308271643958,0.14359530912445262,1.3733333333333335,1.2556224565058192
791,Ba0.95Sr0.05Zn0.475Ga0.025Ta0.6583O3,Ib,Ba,True,False,29.0,31.95487,0.90777665,28.038115,3.923169,-0.004363575,-0.0020487686,0.17834312,True,False,0.27537942,0.23619317,1.020092648515438,0.8929999999999999,1.568203401536735,0.06605564022690098,0.5683329016662351,14.609546,0.0,0.0,0.8692179393730738,0.1670740765299889,0.0,0.1399227087840962
792,BaZr0.0125Zn0.2633Ni0.0658Ta0.6583O3,Ib,Ba,True,False,28.2,28.11506,0.44301525,24.462585,3.6821487,-0.0127300965,-0.016944822,0.19613437,True,False,0.34357423,0.2946839,1.0278990175068057,0.89,1.5643544354435444,0.07158710518957215,0.6708670867086708,14.349901000000001,0.0,0.0,0.962381558240165,0.19929090949222913,0.0,0.15052165173876758
793,BaZr0.0215Zn0.2720Ni0.0542Ta0.6523O3,Ib,Ba,True,False,28.7,28.483753,0.5077385,24.375622,4.126975,-0.008083952,-0.010760883,0.19483557,True,False,0.33876,0.29055473,1.027399396307018,0.89,1.559367,0.07206686369353048,0.6738,14.354182999999999,0.0,0.0,0.976888948629204,0.2028747599243191,0.0,0.1693074744923432
794,BaZr0.0300Zn0.2817Ni0.0417Ta0.6467O3,Ib,Ba,True,False,29.3,29.28363,0.8652908,24.290451,4.9673243,-0.003633324,0.029486561,0.6394537,True,False,0.33402902,0.286497,1.0268929292887965,0.89,1.5542465753424657,0.07253106807603568,0.6766323367663235,14.358699,0.0,1.0,0.9803465774162806,0.20628780128135418,0.0,0.20449699760617862
795,BaZr0.0500Zn0.3042Ni0.0125Ta0.6333O3,Ib,Ba,True,False,30.7,29.813839,0.9915779,24.078781,5.683464,-0.0024935629,0.05409032,0.63507676,True,False,0.32299078,0.27702948,1.025708556379022,0.89,1.542255,0.07363102686100029,0.6833,14.368238999999999,0.0,1.0,0.9573172254991879,0.21433437468217895,0.0,0.23603620133427852
796,LaMg0.35Zn0.15Ti0.5O3,III,Other,True,False,29.0,29.402658,0.5700662,21.363419,8.001074,-0.0019735415,0.040138952,0.23963015,True,False,0.49276602,0.42264587,0.9448630917815884,1.1,1.476,0.06791391543684276,0.5,12.352999999999998,0.0,0.0,1.0910403808084468,0.4724315458907942,1.1,0.3745221680106541
797,La0.2Ca0.64Sm0.1067Mg0.1Ti0.9O3,III,Ca,True,False,72.41,72.33281,2.5325933,25.218784,46.920994,-0.00044280832,0.19347748,0.24198191,True,False,0.5002651,0.42907783,0.9583390234759812,1.0402862575261436,1.5170000000000001,0.08805231599761787,0.9,11.979773,0.0,0.0,0.35397923769291023,0.862505121128383,0.0,1.8605573528049568
798,BaZr0.0425Zn0.2950Ni0.0242Ta0.6383O3,Ib,Ba,True,False,29.7,28.28682,0.8446888,24.159077,4.152168,-0.013708633,-0.010716341,0.6367612,True,False,0.32723188,0.28066707,1.0261709414503124,0.89,1.5469469999999998,0.07321399806429893,0.6808,14.364372999999999,0.0,1.0,0.9742033389989052,0.2113111674146967,0.0,0.17186782425504085
799,La0.45Ca0.44Sm0.0733Mg0.225Ti0.775O3,III,Ca,True,False,47.83,47.747986,0.5566186,23.435686,24.214607,-0.00077583257,0.098464474,0.23061505,True,False,0.46354064,0.39757922,0.9546123900969558,1.0596501609052216,1.48825,0.08299935106578872,0.775,12.062477,0.0,0.0,0.5805561821361696,0.7398246023251407,1.0596501609052216,1.0332365350858517
800,La0.6Ca0.32Sm0.0533Mg0.3Ti0.7O3,III,Other,True,False,40.05,39.044243,0.5471931,22.498682,16.475441,-0.0012728889,0.07139357,0.22707038,True,False,0.45183122,0.38753605,0.952350264835818,1.0709555121750747,1.4709999999999999,0.07948080316671004,0.7,12.112227,0.0,0.0,0.6651633511264395,0.6666451853850727,1.0709555121750747,0.7322847178336936
801,Sm0.8Ca0.16Sr0.04Mg0.4Ti0.6O3,III,Other,True,False,30.1,28.968287,0.928424,20.498482,8.391077,-0.0017630219,0.08049116,0.3158178,True,False,0.71525013,0.6134707,0.918445863033136,1.134,1.448,0.07407280250881598,0.6,11.543199999999999,0.0,0.0,0.772717099158776,0.5510675178198816,1.134,0.4093511412210914
802,La0.8Ca0.16Sm0.0267Mg0.4Ti0.6O3,III,Other,True,False,33.56,32.917175,0.697991,21.37806,11.484722,-0.0015791146,0.055971734,0.2259644,True,False,0.4481514,0.38437986,0.9493053953635802,1.0856785243741767,1.448,0.07407280250881598,0.6,12.178773,0.0,0.0,0.7328349262989682,0.5695832372181481,1.0856785243741767,0.5372200283842407
803,BaZr0.05Zn0.32Ta0.63O3,Ib,Ba,True,False,30.0,29.202871,0.6805912,23.910427,5.2970076,-0.0026581758,-0.0019037526,0.18969525,True,False,0.31946367,0.27400428,1.025236710679917,0.89,1.5395,0.07355352296817794,0.68,14.3659,0.0,0.0,0.924819468116965,0.21347316036109817,0.0,0.22153546651425338
804,Sm0.65Ca0.28Sr0.07Mg0.325Ti0.675O3,III,Other,True,False,31.4,32.508244,0.9962085,22.0176,10.412843,-0.002352522,0.08015329,0.294182,True,False,0.6557305,0.5624206,0.9285564047456126,1.107,1.4652500000000002,0.07821187182127462,0.675,11.69185,0.0,0.0,0.7240004399987576,0.6267755732032886,1.107,0.47293269929510934
805,Sm0.5Ca0.4Sr0.1Mg0.25Ti0.75O3,III,Other,True,False,38.7,38.307953,0.79549867,23.743916,14.481825,-0.0023175231,0.084529676,0.2733703,True,False,0.59601796,0.51120514,0.9387527027430502,1.08,1.4825,0.08187176193934861,0.75,11.840499999999999,0.0,0.0,0.6456440549327058,0.7040645270572876,1.08,0.6099172941818023
806,La0.4Ca0.48Sm0.0800Mg0.2Ti0.8O3,III,Ca,True,False,50.58,50.14251,0.75548255,23.77036,26.265347,-0.0007586965,0.107563,0.23233505,True,False,0.469177,0.40241355,0.955361232964073,1.0558333333333334,1.4940000000000002,0.08408504340022933,0.8,12.046,0.0,0.0,0.5448826389638045,0.7642889863712585,1.0558333333333334,1.1049621040657356
807,LaZn0.5Ti0.5O3,III,Other,True,False,30.0,31.164001,0.57535917,24.027462,7.099786,-0.003176549,0.039928664,0.26797748,True,False,0.5800925,0.49754584,0.9416717568515662,1.1,1.595,0.06858467723998699,0.5,12.604999999999999,0.0,0.0,0.6931471805599453,0.4708358784257831,1.1,0.2954863064604992
808,CaSr4Ta2TiO12,II,Sr,True,False,45.0,44.256683,2.0987718,0.0,42.338905,-0.0005086506,0.5169748,0.98845273,False,True,0.2621479,0.22484449,0.9830934049035648,0.96,1.5133333333333332,0.08488417238353166,1.0,54.41,0.0,0.0,0.730812563597748,0.5243164826152346,0.0,
809,Ba0.7La0.3Zn0.4333Nb0.5667O3,Ib,Ba,True,False,44.7,43.691395,1.3323768,19.520569,24.118757,-0.000768345,0.052838396,0.13024294,True,False,0.05898771,0.050593812,0.9961736272134116,0.9530000000000001,1.621665,0.06666849711250061,0.5667,13.531699999999999,0.0,0.0,0.6842228207349568,0.33871895672510416,0.0,1.2355560434739377
810,CaLi0.2333Nb0.4667Ti0.3O3,III,Ca,True,False,44.7,43.365044,2.448008,0.0,42.47054,-0.00034192373,0.63440025,0.99455196,False,True,0.703648,0.6035195,0.9376769163933542,0.9962166545041757,1.5765227598800053,0.08542155756352507,1.0,11.494767,0.18916727479121057,0.0,0.5701618614146864,0.7093665906436328,0.0,
811,SrFe0.5Nb0.5O3,II,Sr,True,False,44.9,42.910812,1.0803901,25.324041,17.549112,-0.0034594494,0.041119,0.1615416,True,False,0.20589794,0.17659885,0.983198657806509,0.95,1.715,0.05149824792039711,0.5,12.934999999999999,0.0,0.0,0.8215077695525277,0.29495959734195265,0.0,0.692982292991865
812,La0.7667Ti0.7Al0.3O3,II,Other,True,False,44.9,43.410614,0.7862639,19.344984,24.008175,-0.0010760446,0.058532707,0.19016895,True,False,0.32125843,0.27554363,0.9836767722151568,1.1,1.561,0.06485006129225518,0.7,11.453803,0.0,0.0,0.6334889058347043,0.6885737405506096,1.1,1.2410542701922112
813,Ca0.7Ti0.7Nd0.3Al0.3O3,II,Ca,True,False,45.0,43.661915,0.9895552,24.230476,19.36329,-0.0024901964,0.07064097,0.23554704,True,False,0.47962525,0.41137502,0.969064182482975,1.0419999999999998,1.561,0.06485006129225518,0.7,11.544,0.0,0.0,0.6561135096145153,0.6783449277380824,0.0,0.7991295754982279
814,Ca0.7Ti0.7Sm0.3Al0.3O3,II,Ca,True,False,45.0,43.151634,0.9829271,24.217575,18.86294,-0.0023762002,0.073492065,0.24797161,True,False,0.5191439,0.44527015,0.9658565408344474,1.051,1.561,0.06485006129225518,0.7,11.486999999999998,0.0,0.0,0.6561135096145153,0.6760995785841132,0.0,0.778894666373491
815,BaLa0.5Nb0.5O3,III,Ba,True,False,45.0,42.60857,1.8747494,14.323596,28.153692,-0.00036252296,0.13164699,0.36607236,True,False,0.8458055,0.72544813,0.9518745131357372,0.89,1.35,0.0665607499633807,0.5,14.834999999999999,0.0,0.0,0.8215077695525277,0.2855623539407211,0.0,1.9655463614025417
816,Ca0.6Ti0.6La0.4Ga0.4O3,II,Ca,True,False,45.0,44.00793,0.97478133,23.403383,20.52796,-0.0013445839,0.0779329,0.22839013,True,False,0.45620576,0.39128807,0.966250340477689,1.04,1.6480000000000001,0.0619919414887758,0.6,11.92,0.0,0.0,0.7228643830840163,0.5797502042866134,0.0,0.8771364379243803
817,Ca0.2Ti0.2Sr0.8Mg0.2667Nb0.5333O3,II,Sr,True,False,45.0,43.773075,1.1161611,20.99439,22.746645,-0.0012765807,0.033317383,0.15503831,True,False,0.17744005,0.15219049,0.9706499437998768,0.96,1.5106570000000001,0.07540679352157373,0.7333000000000001,12.613276,0.0,0.0,1.1966066488357001,0.5047185577770599,0.0,1.083463010832894
818,BaSr4Nb4O15,Ib,Sr,True,False,45.0,45.73526,1.5817075,21.79725,23.618526,-0.0012146401,0.32070136,0.76292276,True,True,0.098385595,0.08438541,0.996188671142224,0.9380000000000001,1.6,0.08192,1.0,64.50999999999999,0.0,0.0,-0.0,0.5977132026853345,0.0,1.083555310876372
819,BaY0.3Bi0.2Nb0.5O3,Ib,Ba,True,False,44.6,45.40822,1.1142282,21.00094,24.338526,-0.00047272057,0.06922537,0.15589428,True,False,0.18124051,0.15545015,0.986917066919236,1.0783333333333334,1.4575,0.06930365468491502,0.625,14.563,0.16666666666666669,0.0,0.6370608960039827,0.3700939000947134,0.0,1.1589255528562055
820,SrFe0.5Nb0.5O3,II,Sr,True,False,45.0,43.364464,1.0956901,25.324041,17.998917,-0.0031895116,0.044696014,0.1615416,True,False,0.20589794,0.17659885,0.983198657806509,0.95,1.715,0.05149824792039711,0.5,12.934999999999999,0.0,0.0,0.7444914161569783,0.29495959734195265,0.0,0.7107442686575969
821,Ca0.73Ti0.73Nd0.27Al0.27O3,II,Ca,True,False,45.0,44.563225,0.9928324,24.690872,19.799686,-0.002810406,0.07548093,0.23647776,True,False,0.48263445,0.413956,0.9687872021986376,1.0378,1.5589000000000002,0.0675454443822285,0.73,11.6016,0.0,0.0,0.6264631986566412,0.7072146576050055,0.0,0.8019030676599839
822,BaPr0.5Nb0.5O3,III,Ba,True,False,44.5,42.10162,0.7608718,14.143694,27.850748,-0.00036774404,0.107548855,0.29989025,True,False,0.6716674,0.57608974,0.9608990570525996,0.89,1.365,0.06549670598600167,0.5,14.584999999999999,0.0,0.0,0.8215077695525277,0.2882697171157798,0.0,1.9691282913784758
823,Sr5Ta4O15,II,Sr,True,False,43.5,40.16647,1.2441429,30.532917,9.474854,-0.00151253,0.16021205,0.7973609,True,True,0.21562353,0.18494049,0.9844035581224484,0.95,1.5,0.08192,1.0,65.83000000000001,0.0,0.0,-0.0,0.2953210674367345,0.0,0.3103160435015102
824,Ba2La2TiNb2O12,II,Ba,True,False,44.2,47.32473,0.62934256,0.0,41.75202,-0.00040196633,0.3899144,0.9943144,False,True,0.678623,0.58205557,0.971956987565763,0.89,1.3880000000000003,0.07321367126361038,0.6,51.79,0.0,0.0,1.0549201679861442,0.42766107452893576,0.0,
825,Ba6Nb4TiO18,Ib,Ba,True,False,43.0,43.31753,1.5609944,22.012074,21.067875,-0.0015624922,0.23914525,0.8743081,True,True,0.54774296,0.46979964,1.0469215009205646,0.89,1.5880000000000003,0.08367312951366797,1.0,82.71,0.0,0.0,0.6023362505552261,0.648093379374016,0.0,0.957105404970018
826,Sr4LaTiNb3O15,III,Sr,True,False,43.0,42.503876,0.7690317,15.401169,26.845032,-0.00056247396,0.25823846,0.9108688,True,True,0.77199966,0.6621448,0.9511145489105782,0.95,1.488,0.07941842370193727,0.8,63.25,0.0,0.0,1.027699990578165,0.5326241473899238,0.0,1.74305158264285
827,Ca0.65Ti0.65Sm0.35Ga0.35O3,III,Ca,True,False,45.0,45.37408,0.73007345,23.230066,22.04173,-0.00094061764,0.10322516,0.2788699,True,False,0.6120583,0.5249629,0.9514855580696984,1.0594999999999999,1.6345,0.06609136947804588,0.65,11.629999999999999,0.0,0.0,0.6954056493334942,0.6184656127453039,0.0,0.9488449150338187
828,Ba2La3Ti3NbO15,II,Ba,True,False,42.8,47.047535,0.60533357,0.0,42.651497,-0.00037410978,0.3783826,0.9954364,False,True,0.8074203,0.6925251,0.9705387192756534,0.89,1.3599999999999999,0.07484723086254812,0.5714285714285714,64.72999999999999,0.0,0.0,1.0860696375251493,0.4991341984846218,0.0,
829,Sr6Nb4TiO18,Ib,Sr,False,True,43.0,46.715218,1.5611376,24.341005,22.179722,-0.0019925623,0.19648394,0.77374446,True,True,0.13383262,0.11478835,0.9877930440579412,0.95,1.5880000000000003,0.08367312951366797,1.0,76.71,0.0,0.0,0.6023362505552261,0.6716992699594,0.0,0.9112081444459669
830,BaLa4Ti4O15,Ib,Other,True,False,44.4,45.88216,0.8481659,32.38309,13.373189,-0.027545419,0.15342441,0.7968837,True,True,0.21390313,0.1834649,0.9910075087951116,1.058,1.54,0.09150625,1.0,63.47,0.0,0.0,-0.0,0.9910075087951115,1.058,0.41296828066747177
831,CaLa3.5Nd0.5Ti4O15,II,Other,True,False,43.4,40.62137,1.36506,30.521778,9.898243,-0.025698464,0.22704859,0.8533169,True,True,0.44354433,0.38042837,0.9687891909822672,1.084,1.54,0.09150625,1.0,61.035000000000004,0.0,0.0,-0.0,0.9687891909822673,1.084,0.32430099583320476
832,CaLa4Ti4O15,II,Other,True,False,43.6,39.883656,1.3848948,30.835848,8.94805,-0.061961718,0.16171813,0.8469585,True,True,0.41444704,0.35547158,0.9719632363841024,1.08,1.54,0.09150625,1.0,61.39,0.0,0.0,-0.0,0.9719632363841023,1.08,0.29018336061327066
833,Ca0.7Nd0.3Ti0.7Al0.3O3,II,Ca,False,True,43.7,42.953922,1.0178468,24.230476,18.653553,-0.003066782,0.07295924,0.23554704,True,False,0.47962525,0.41137502,0.969064182482975,1.0419999999999998,1.561,0.06485006129225518,0.7,11.544,0.0,0.0,0.6561135096145153,0.6783449277380824,0.0,0.7698384876962384
834,Ba0.65La0.35Zn0.45Nb0.55O3,Ib,Ba,True,False,43.8,42.98999,1.2523416,19.476845,23.467247,-0.00076042145,0.046656046,0.12072148,True,False,0.008385504,0.007192254,0.9911364834617196,0.9635,1.6225,0.06580992030044705,0.55,13.4575,0.0,0.0,0.6881388137135884,0.3270750395423675,0.0,1.2048792810129156
835,Ca2Sr3Ta2TiO12,II,Sr,True,False,44.0,43.45228,2.3403044,0.0,41.122566,-0.00047431834,0.51508915,0.9898807,False,True,0.33993882,0.29156584,0.9761211112517664,0.97,1.5133333333333332,0.08488417238353166,1.0,53.33,0.0,0.0,0.742599863010615,0.5205979260009421,0.0,
836,BaNd0.5Nb0.5O3,III,Ba,True,False,44.0,41.26829,0.80478776,13.811662,27.36377,-0.00037834715,0.09323903,0.25514084,True,False,0.54134285,0.46431026,0.9624198107038244,0.89,1.37,0.0653095665934298,0.5,14.479999999999999,0.0,0.0,0.8215077695525277,0.2887259432111473,0.0,1.9812076200532562
837,Ca0.66La0.34Ti0.66Al0.34O3,II,Ca,True,False,44.0,43.532745,0.8804566,24.488426,18.986902,-0.003124611,0.060541116,0.2041055,True,False,0.37260678,0.31958517,0.9803557977807436,1.034,1.5638,0.06124578321616999,0.66,11.7086,0.0,0.0,0.6885195873538338,0.6470348265352908,0.0,0.775341869665286
838,Ca0.6Nd0.4Ti0.6Ga0.4O3,III,Ca,False,True,44.0,42.99068,0.60377055,22.53391,20.362461,-0.0010373575,0.095345244,0.2663606,True,False,0.57527834,0.49341676,0.953592039074051,1.056,1.6480000000000001,0.0619919414887758,0.6,11.636,0.0,0.0,0.7228643830840163,0.5721552234444306,0.0,0.9036363862285773
839,Ba3LaNb3O12,Ib,Ba,True,False,43.5,38.93165,0.7135309,0.0,42.587017,-0.00046960777,0.5223243,0.98882025,False,True,0.28122267,0.24120493,0.9955058051316688,0.89,1.475,0.07606889794096311,0.75,53.05,0.0,0.0,0.6248168273542315,0.44797761230925087,0.0,
840,BaGd0.3Bi0.2Nb0.5O3,II,Ba,True,False,47.9,48.191135,0.7435774,20.659765,27.451672,-0.00043898885,0.08013877,0.1807734,True,False,0.28499663,0.24444187,0.9803811923038768,1.0783333333333334,1.45,0.07016141388104741,0.625,14.677,0.16666666666666669,0.0,0.6370608960039827,0.3676429471139538,0.0,1.3287504480326857
841,La0.48Co0.24Ti0.76Ca0.52O3,III,Ca,True,False,45.0,45.44146,0.5326781,26.801079,18.588306,-0.0027725038,0.05484944,0.23870763,True,False,0.4898107,0.4201111,0.9537235384825524,1.048,1.6216,0.0828765171892378,0.76,12.3744,0.0,0.0,0.6327213989146725,0.7248298892467397,1.048,0.6935655836841493
842,Ba0.6Ca0.4La4Ti4O15,II,Other,True,False,47.7,43.957253,1.7565653,31.780712,11.979383,-0.013307402,0.21046571,0.8165866,True,True,0.28762367,0.24669509,0.9833897998307078,1.0668000000000002,1.54,0.09150625,1.0,62.638,0.0,0.0,-0.0,0.9833897998307078,1.0668000000000002,0.3769387860158703
843,Ba5SrNb4TiO18,Ib,Ba,True,False,47.9,48.443626,1.3180972,22.405773,25.701889,-0.001287763,0.3372556,0.8568579,True,True,0.46020326,0.39471674,1.0370667581101274,0.9,1.5880000000000003,0.08367312951366797,1.0,81.71000000000001,0.0,0.0,0.5374692697262018,0.6547946044851133,0.0,1.1471101220207847
844,Ca0.65Ti0.65La0.35Ga0.35O3,II,Ca,True,False,48.0,45.951447,0.9018515,24.026497,21.841236,-0.0013418676,0.08505673,0.2295733,True,False,0.4601125,0.3946389,0.9662590861432389,1.0350000000000001,1.6345,0.06609136947804588,0.65,11.945,0.0,0.0,0.6954056493334942,0.6280684059931052,0.0,0.9090478732709142
845,Ba4SrNb4O15,Ib,Ba,True,False,48.0,47.430748,2.84587,20.675154,26.331928,-0.00074419286,0.42441136,0.8526702,True,True,0.44053793,0.37784976,1.0315440102015516,0.9020000000000001,1.6,0.08192,1.0,67.50999999999999,0.0,0.0,-0.0,0.581073593879069,0.0,1.273602508595583
846,CaTi0.34Mg0.22Nb0.44O3,III,Ca,True,False,48.0,47.51464,1.5193294,18.700014,28.73476,-0.0005659141,0.0804318,0.24915516,True,False,0.5228378,0.44843847,0.9470951656895636,1.0,1.5158,0.0785067423428335,0.78,11.8142,0.0,0.0,1.139737408878379,0.5720454800764965,0.0,1.5366170314097092
847,CaLa8Ti9O31,II,Other,True,False,48.6,49.583492,1.3165236,0.0,47.072216,-0.00043137785,0.6206845,0.99096537,False,True,0.4066779,0.348808,0.9725902083153288,1.088888888888889,1.54,0.09150625,1.0,124.56,0.0,0.0,-0.0,0.9725902083153288,1.088888888888889,
848,BaDy0.3Bi0.2Nb0.5O3,II,Ba,True,False,48.6,46.620983,0.7913065,21.049492,25.505514,-0.00047043938,0.06644819,0.15887266,True,False,0.19433348,0.16668,0.9848437117366324,1.0783333333333334,1.4575,0.06958381176470589,0.625,14.613999999999999,0.16666666666666669,0.0,0.6370608960039827,0.3693163919012371,0.0,1.2116926147196332
849,Ca0.64Ti0.64La0.36Ga0.36O3,II,Ca,True,False,48.7,46.443092,1.0783248,23.899342,22.460787,-0.0012388366,0.08419745,0.22933073,True,False,0.4593128,0.393953,0.9662573364881036,1.036,1.6372,0.0652819338669582,0.64,11.94,0.0,0.0,0.6292175209124535,0.6184046953523863,0.0,0.9398077570503823
850,BaLa3Ti2NbO12,III,Ba,True,False,42.4,42.232716,1.2446606,0.0,38.0393,-0.00032659335,0.39081925,0.99638796,False,True,0.9443033,0.8099297,0.9568671113613854,0.89,1.33,0.07056503083396053,0.5,50.53,0.0,0.0,1.0938149825723953,0.414642414923267,0.0,
851,Ca0.7Ti0.7Nd0.3Ga0.3O3,III,Ca,True,False,49.0,49.12937,0.6642733,23.978426,25.050491,-0.000989672,0.10144421,0.2600214,True,False,0.556221,0.47707126,0.9567670256512676,1.0419999999999998,1.621,0.07006262313332634,0.7,11.757,0.0,0.0,0.6561135096145153,0.6697369179558873,0.0,1.0447095651732938
852,Ca0.65Ti0.65Nd0.35Ga0.35O3,III,Ca,True,False,45.0,43.747124,0.64126724,23.23657,20.415483,-0.0012305705,0.096297465,0.26321414,True,False,0.5658562,0.48533538,0.9551789400880834,1.049,1.6345,0.06609136947804588,0.65,11.6965,0.0,0.0,0.6954056493334942,0.6208663110572542,0.0,0.8785927957525572
853,Ba0.57Sr0.38La3.8Ti4.15O13.1,Ib,Other,True,False,47.4,52.62218,2.9786074,0.0,43.955555,-0.00060405966,0.43329778,0.809144,False,True,0.25909817,0.22222874,0.9862111735212278,1.0628,1.54,0.09150625,1.0,58.63049999999999,0.0,0.0,-0.0,0.9862111735212278,1.0628,
854,CaTi0.4Mg0.2Nb0.4O3,III,Ca,True,False,47.3,50.746254,1.6369404,19.349237,31.312357,-0.00056071614,0.085219786,0.24825418,True,False,0.5200268,0.44602746,0.9488112538938004,1.0,1.5180000000000002,0.07979489876218117,0.8,11.842,0.0,0.0,1.1330624026517846,0.6072392024920322,0.0,1.6182734750729448
855,Nd0.5Zn0.25Ti0.75Ca0.5O3,III,Ca,False,True,45.0,42.974876,0.80917823,25.306007,17.58163,-0.0011418078,0.08837867,0.29185387,True,False,0.64917904,0.55680144,0.9381845950261736,1.0699999999999998,1.5675,0.08233401157019135,0.75,12.0075,0.0,0.0,0.5415079170403339,0.7036384462696301,1.0699999999999998,0.694761129244926
856,BaMn0.5Ti0.5O3,Ib,Ba,True,False,45.0,44.59516,1.2273895,27.232008,17.300655,-0.0019317127,0.06442628,0.22893822,True,False,0.45801732,0.39284188,1.0510574870970408,0.89,1.545,0.05512885701485242,0.5,14.055,0.0,0.0,0.7444914161569783,0.4744712564514796,0.0,0.6353058871016782
857,Ca0.71Ti0.71Nd0.29Al0.29O3,II,Ca,True,False,45.1,44.558006,0.99623704,24.382563,20.104986,-0.0023086483,0.07276248,0.23586908,True,False,0.48066747,0.4122689,0.968971790594575,1.0406,1.5602999999999998,0.06574926606247608,0.71,11.563199999999998,0.0,0.0,0.6467555109328786,0.6879699713221482,0.0,0.8245640952511842
858,CaMg0.1833Ta0.3667Ti0.45O3,III,Ca,True,False,45.1,50.694637,1.5783286,22.72112,27.883747,-0.0005732606,0.09034391,0.2566061,True,False,0.54582906,0.46815807,0.9502473279653484,1.0,1.483173,0.08085185071205978,0.8167,12.07791,0.0,0.0,1.1920056815388096,0.5321480061338747,0.0,1.2272171002133698
859,BaEr0.3Bi0.2Nb0.5O3,Ib,Ba,True,False,46.1,44.968513,1.1877437,21.415588,23.489752,-0.00048701587,0.06365612,0.14430001,True,False,0.12823516,0.10998741,0.9886515433110096,1.0783333333333334,1.4649999999999999,0.0690632937259727,0.625,14.563,0.16666666666666669,0.0,0.6370608960039827,0.37074432874162855,0.0,1.0968530025885816
860,BaLa4Ti4O15,Ib,Other,True,False,46.3,45.814545,0.8224145,32.38309,13.299484,-0.02836222,0.16033195,0.7968837,True,True,0.21390313,0.1834649,0.9910075087951116,1.058,1.54,0.09150625,1.0,63.47,0.0,0.0,-0.0,0.9910075087951115,1.058,0.4106922470956292
861,Ba0.2Sr0.8La4Ti4.2O15,II,Other,True,False,46.4,44.129036,1.3655276,36.927467,7.2482896,-0.1305793,0.083858214,0.8218519,True,True,0.30835104,0.26447296,0.981414838247344,1.0676,1.54,0.09150625,1.0,63.256,0.0,0.0,-0.0,0.9814148382473439,1.0676,0.1962845055145537
862,Ba3La3Ti4NbO18,II,Ba,True,False,47.4,48.670147,0.7636829,0.0,44.30154,-0.00041406928,0.37765664,0.994506,False,True,0.69871354,0.5992872,0.9810515839463048,0.89,1.3825,0.07767544585101539,0.625,78.92999999999999,0.0,0.0,1.068137654997509,0.5641046607691251,0.0,
863,Ba.25Sr0.75La3Ti3NbO15,III,Ba,True,False,46.8,46.480522,1.758265,0.0,42.830822,-0.00032532754,0.50805676,0.9970223,False,True,1.0572536,0.90680736,0.9470467996349043,0.9157142857142857,1.3599999999999999,0.07484723086254812,0.5714285714285714,62.669999999999995,0.0,0.0,1.1232638031938187,0.48705263981223657,0.0,
864,Ba0.5Ca0.5Sc0.5Nb0.5O3,II,Ba,True,False,46.9,44.650684,1.1436659,18.98005,25.612759,-0.00051316264,0.058386236,0.16671857,True,False,0.22789757,0.19546795,0.9715326145334884,0.9450000000000001,1.48,0.05677884575760036,0.5,13.155,0.0,0.0,0.8471798873510443,0.2914597843600465,0.0,1.3494568770893651
865,Ca0.65Ti0.65La0.35Ga0.35O3,II,Ca,True,False,47.0,45.90338,0.7730873,24.026497,21.796299,-0.0013594299,0.081945166,0.2295733,True,False,0.4601125,0.3946389,0.9662590861432389,1.0350000000000001,1.6345,0.06609136947804588,0.65,11.945,0.0,0.0,0.7673441647817867,0.6280684059931052,0.0,0.9071775631711939
866,Ba.25Sr0.75La3Ti3NbO15,III,Ba,True,False,47.0,46.480522,1.758265,0.0,42.830822,-0.00032532754,0.50805676,0.9970223,False,True,1.0572536,0.90680736,0.9470467996349043,0.9157142857142857,1.3599999999999999,0.07484723086254812,0.5714285714285714,62.669999999999995,0.0,0.0,1.1232638031938187,0.48705263981223657,0.0,
867,Ba.75Sr0.25La3Ti3NbO15,Ib,Other,True,False,47.0,41.717037,2.5116484,0.0,43.208694,-0.00060603657,0.5246097,0.9868151,False,True,0.18386891,0.15770453,0.991452163346238,1.0417647058823531,1.5550000000000002,0.08890533221156875,1.0,60.55,0.0,0.0,0.6206513818385365,0.8923069470116143,1.0417647058823531,
868,SrGa0.35Nb0.35Ti0.3O3,Ib,Sr,True,False,46.6,45.731087,1.4028982,25.217237,20.479008,-0.0047256,0.03956182,0.15160483,True,False,0.16202085,0.13896543,0.9929212650530506,0.95,1.6554999999999997,0.06321447442563492,0.6499999999999999,12.738,0.0,0.0,1.278745216521331,0.5063898451770558,0.0,0.8121035623371426
869,Ba0.95La0.05Zn0.35Nb0.65O3,Ib,Ba,True,False,42.4,41.431625,0.945351,19.695957,21.668272,-0.001142865,0.06853782,0.1896053,True,False,0.31912246,0.27371162,1.0214711212562293,0.9005,1.6175,0.07055343250646046,0.65,13.9025,0.0,0.0,0.6474466390346325,0.3816262627100706,0.0,1.1001380638676252
870,Ba4LaTiTa3O15,Ib,Ba,True,False,42.3,41.65463,1.8665599,15.456768,25.954754,-0.0007885605,0.24389334,0.81315506,True,True,0.274363,0.2353214,1.0080474620495916,0.89,1.428,0.07941842370193727,0.8,68.99000000000001,0.0,0.0,1.0840123188290234,0.3769419644211552,0.0,1.6791837724419492
871,CaZr0.7Ti0.3O3,III,Ca,True,False,38.0,39.089294,3.0505743,20.58001,18.419147,-0.00034979885,0.09048717,0.39779475,True,False,0.9241788,0.79266894,0.929020657133129,1.0,1.3929999999999998,0.1152113664652843,1.0,12.344,0.0,0.0,0.6651633511264395,0.6688948731358528,0.0,0.8950018488815116
872,BaSm0.5Ta0.5O3,II,Ba,True,False,38.0,36.314316,0.83790475,15.474548,20.775314,-0.0004313848,0.064884804,0.21773961,True,False,0.42037508,0.36055607,0.9678905918015044,0.89,1.335,0.06461682516217973,0.5,14.675,0.0,0.0,0.834343828451786,0.14518358877022564,0.0,1.342547388136959
873,BaHo0.5Nb0.5O3,II,Ba,True,False,38.0,36.252174,1.2400593,14.089469,22.119625,-0.00050162425,0.0435775,0.15946716,True,False,0.19692299,0.16890103,0.9805995905881172,0.89,1.415,0.06288312250546305,0.5,14.129999999999999,0.0,0.0,0.8215077695525277,0.2941798771764351,0.0,1.5699402866069687
874,SrPr0.5Nb0.5O3,III,Sr,True,False,38.0,33.633327,1.0681548,15.132608,18.334055,-0.00032684967,0.16699317,0.5,True,False,1.3140789,1.0,0.9066290106409908,0.95,1.365,0.06549670598600167,0.5,13.584999999999999,0.0,0.0,0.8086717106532696,0.27198870319229723,0.0,1.2115595011778537
875,CaLi0.2667Nb0.5333Ti0.2O3,III,Ca,True,False,38.6,40.887146,1.6681044,0.0,36.156258,-0.0003495956,0.5515863,0.99484074,False,True,0.7355564,0.6308874,0.9336760542716822,0.9957890581826794,1.5836356198008998,0.08432949370723022,1.0,11.405232999999999,0.21054709086602985,0.0,0.4991551808411346,0.6620658321289913,0.0,
876,CaFe0.5Nb0.5O3,III,Ca,True,False,38.6,37.560776,1.4855999,19.443695,18.031929,-0.0009646794,0.0861161,0.27719387,True,False,0.6071908,0.5207881,0.9485789867569842,1.0,1.715,0.05149824792039711,0.5,11.854999999999999,0.0,0.0,0.6418029449629123,0.28457369602709526,0.0,0.9273920929123811
877,BaEu0.5Ta0.5O3,II,Ba,True,False,38.8,35.149605,0.91278416,15.393811,19.69992,-0.00045490154,0.056325264,0.20326307,True,False,0.36957896,0.3169882,0.9703174886580844,0.89,1.35,0.06429948062655297,0.5,14.605,0.0,0.0,0.834343828451786,0.14554762329871265,0.0,1.2797298862510393
878,BaDy0.5Nb0.5O3,II,Ba,True,False,38.9,36.239098,1.0668669,13.9698305,22.223415,-0.00049238047,0.046344955,0.17003855,True,False,0.24171948,0.20732301,0.9781210530199942,0.89,1.4100000000000001,0.06323546685673558,0.5,14.159999999999998,0.0,0.0,0.8215077695525277,0.2934363159059982,0.0,1.5908149350845737
879,Ba.5Sr.5LaNb3O12,Ib,Other,True,False,38.9,37.815014,3.3914552,0.0,36.89392,-0.00048531484,0.6842095,0.9835122,False,True,0.05159978,0.044257175,0.9948021872575448,0.98,1.6,0.08192,1.0,46.81,0.0,0.0,-0.0,0.5968813123545268,0.0,
880,Ba3.0Zn0.993Nb.986W0.014O9,Ib,Ba,True,False,39.0,37.52757,1.3477648,0.0,36.44225,-0.00053550146,0.36909515,0.98878515,False,True,0.2793754,0.23962054,1.0187601210160258,0.89,1.6300398604882909,0.06223898747798162,0.4982561036372695,38.9166,0.0,0.0,0.7461131449689377,0.295398672088748,0.0,
881,BaTb0.5Nb0.5O3,II,Ba,True,False,39.0,36.780437,0.9268835,13.997077,22.73263,-0.00048165963,0.051214427,0.18543082,True,False,0.30314922,0.26001135,0.9756550132347046,0.89,1.4100000000000001,0.0635790498766044,0.5,14.219999999999999,0.0,0.0,0.8215077695525277,0.29269650397041136,0.0,1.6240983742534245
882,Ca4SrTa2TiO12,III,Ca,True,False,39.0,36.953117,1.9185117,0.0,35.483597,-0.0003545775,0.53280914,0.99256074,False,True,0.52088326,0.44676203,0.9621765239481698,0.99,1.5133333333333332,0.08488417238353166,1.0,51.17,0.0,0.0,0.7661744618363487,0.5131608127723573,0.0,
883,Sr2La2TiNb2O12,III,Sr,True,False,39.0,40.182617,0.8686638,0.0,37.800034,-0.00030881542,0.45766014,0.9975274,False,True,1.3182707,1.0,0.91706240687268,0.95,1.3880000000000003,0.07321367126361038,0.6,49.79,0.0,0.0,1.1330624026517846,0.4035074590239793,0.0,
884,BaDy0.5Ta0.5O3,II,Ba,True,False,39.1,33.851963,0.9399708,15.521186,18.285284,-0.0004961183,0.04598593,0.1779247,True,False,0.27371338,0.2347642,0.9781210530199942,0.89,1.3599999999999999,0.06323546685673558,0.5,14.450000000000001,0.0,0.0,0.834343828451786,0.1467181579529991,0.0,1.1780854890856924
885,La6ZnTi4O18,III,Other,True,False,37.7,34.838314,1.4724157,27.45643,7.322112,-0.032084983,0.09185757,0.8562952,True,True,0.45753372,0.3924271,0.960440313028972,1.1,1.5620000000000003,0.08445025464389355,0.8,74.47999999999999,0.0,0.0,0.5930695390082227,0.7683522504231776,1.1,0.2666811380794954
886,Ba5SrNb4ZrO18,Ib,Ba,True,False,37.6,36.3862,2.0625584,20.386436,15.77392,-0.002229139,0.22807255,0.83244216,True,True,0.3515417,0.30151764,1.025465330368623,0.9,1.5460000000000003,0.08842643923240938,1.0,82.03,0.0,0.0,0.5930695390082227,0.5847208017788262,0.0,0.7737458376736376
887,BaSm0.5Ta0.5O3,II,Ba,True,False,37.6,36.06992,0.72806543,15.474548,20.512655,-0.00043837153,0.083150476,0.21773961,True,False,0.42037508,0.36055607,0.9678905918015044,0.89,1.335,0.06461682516217973,0.5,14.675,0.0,0.0,0.834343828451786,0.14518358877022564,0.0,1.3255737744327005
888,BaCo0.3Y0.05Nb0.65O3,Ib,Ba,True,False,37.0,37.59092,1.5654142,21.750948,15.79186,-0.0031410835,0.0512516,0.19433378,True,False,0.3368936,0.28895393,1.0193334181482931,0.9057142857142857,1.688421052631579,0.07209723207005299,0.6842105263157895,14.0135,0.0,0.0,0.6375138462251775,0.4025894388654376,0.0,0.7260308838033174
889,Ca0.35La0.65Ti0.35Al0.65O3,Ia,Other,True,False,37.0,32.805763,1.664434,21.044508,11.728489,-0.010429832,0.043195616,0.17165107,True,False,0.24835531,0.21301457,0.9934498436369305,1.065,1.5855000000000001,0.03290185703101604,0.35,11.333499999999999,0.0,0.0,0.7673441647817867,0.34770744527292563,1.065,0.5573182799046668
890,Ca0.66Ti0.66La0.17Nd0.17Ga0.34O3,III,Ca,True,False,49.0,47.1957,0.80079705,23.77012,23.321384,-0.0011861448,0.10538228,0.2456049,True,False,0.5117215,0.438904,0.9608786492269312,1.0408000000000002,1.6318000000000001,0.06689567935719294,0.66,11.8293,0.0,0.0,0.7312552858792442,0.6341799084897747,0.0,0.9811218454092785
891,BaY0.5Nb0.5O3,II,Ba,True,False,37.0,36.36083,0.8139197,13.844435,22.473116,-0.00049866986,0.043775164,0.16754971,True,False,0.23137818,0.19845328,0.9808255351942432,0.89,1.4100000000000001,0.06285064787451694,0.5,14.075,0.0,0.0,0.8215077695525277,0.294247660558273,0.0,1.6232598874565844
892,Ca4.18Co0.82Nb2TiO12,III,Ca,True,False,37.0,35.6422,1.5021912,29.850792,6.2028985,-0.3968982,-0.014591774,0.8783294,True,True,0.5693737,0.48835236,0.9435542596569764,1.0,1.6443979057591622,0.07833491382231952,0.7853403141361257,48.08539999999999,0.0,0.0,1.171048601067716,0.5434082123678922,0.0,0.2077967814053309
893,Ca4.85Zn0.15Ta2TiO12,III,Ca,True,False,37.0,38.62392,1.1281459,0.0,34.941372,-0.00035889208,0.5064496,0.9937123,False,True,0.6196037,0.53143466,0.952706623231516,1.0,1.5198412698412698,0.08358845708037535,0.9523809523809524,49.922,0.0,0.0,0.9601319141583252,0.48391447529219866,0.0,
894,Ca4.82Mg0.18Ta2TiO12,III,Ca,True,False,37.0,39.94897,0.85357285,0.0,33.940907,-0.00037483344,0.47636193,0.99354684,False,True,0.6043566,0.51835716,0.952766957262646,1.0,1.501823899371069,0.08324841479280748,0.9433962264150942,49.7588,0.0,0.0,0.9846340060144813,0.4793796011384382,0.0,
895,Sr2La4Ti5O18,II,Other,True,False,39.2,40.522137,1.4768976,34.65437,6.0302854,-0.27823666,0.115718186,0.8180448,True,True,0.29331693,0.25157818,0.9827785021977616,1.05,1.54,0.09150625,1.0,75.66999999999999,0.0,0.0,-0.0,0.9827785021977617,1.05,0.1740122645426825
896,Ca0.6Nd0.4Ti0.6Al0.4O3,II,Ca,False,True,37.2,36.93726,0.9674749,22.781427,14.103694,-0.0045593847,0.056698054,0.23168555,True,False,0.46705207,0.400591,0.9699916998370848,1.056,1.568,0.055816886771091395,0.6,11.352,0.0,0.0,0.7228643830840163,0.5819950199022509,0.0,0.6190873820151829
897,BaIn0.5Ta0.5O3,Ib,Ba,True,False,37.2,37.24583,1.377514,19.192268,18.03539,-0.0007097507,0.018878506,0.14325932,True,False,0.12330709,0.1057606,1.0039582129110884,0.89,1.6400000000000001,0.0591907514450867,0.5,14.39,0.0,0.0,0.834343828451786,0.14940626806333673,0.0,0.939721662911335
898,BaY0.5Ta0.5O3,II,Ba,True,False,37.3,34.86709,1.0444514,15.377384,19.443836,-0.00049590314,0.046365626,0.17544721,True,False,0.26378495,0.22624858,0.9808255351942432,0.89,1.3599999999999999,0.06285064787451694,0.5,14.365,0.0,0.0,0.834343828451786,0.1471238302791365,0.0,1.2644436791069276
899,Ca0.6Sr0.5Al0.3Nb0.3Ti0.5O3.3,Ib,Sr,True,False,37.3,36.289867,0.8109503,24.024908,12.139051,-0.014844036,0.14074953,0.81336796,True,True,0.27518004,0.23602216,0.987050194786142,0.9772727272727272,1.5754545454545454,0.06519650482607592,0.7272727272727273,13.262999999999998,0.0,0.0,1.1856550208689813,0.6101764840496149,0.0,0.505269406234563
900,BaLa0.5Nb0.5O3,III,Ba,True,False,37.4,38.86449,0.49004927,14.323596,24.427906,-0.0003551865,0.11334491,0.36607236,True,False,0.8458055,0.72544813,0.9518745131357372,0.89,1.35,0.0665607499633807,0.5,14.834999999999999,0.0,0.0,0.8471798873510443,0.2855623539407211,0.0,1.7054310942587323
901,Ba4LiNb3O12,Ib,Ba,False,True,37.0,30.00005,2.7256505,0.0,37.111496,-0.0005050547,0.5427978,0.9912615,False,True,0.42627874,0.36561966,1.005200816392641,0.9080000000000001,1.6,0.08192,1.0,54.230000000000004,0.2,0.0,-0.0,0.5968795101644154,0.0,
902,Sr0.92Li0.23Nb0.69Ti0.08O3,III,Sr,True,False,42.3,37.350483,2.359455,0.0,39.746284,-0.00044775353,0.53718007,0.99076355,False,True,0.39368215,0.33766153,0.9597711863926692,0.9559999999999998,1.593766233766234,0.08282144672889083,1.0,12.2697,0.19999999999999998,0.0,0.33356021210498793,0.6157493065947774,0.0,
903,Ba3LaTa3O12,Ib,Ba,True,False,39.4,41.72834,1.0934259,0.0,36.69176,-0.0004384888,0.46920675,0.9897181,False,True,0.33055428,0.2835167,0.9955058051316688,0.89,1.4,0.07606889794096311,0.75,54.78999999999999,0.0,0.0,0.6248168273542315,0.22398880615462544,0.0,
904,BaZn0.25Ti0.25Ta0.5O3,Ib,Ba,True,False,39.6,37.224678,1.8993262,26.328123,10.865854,-0.003208052,0.033906005,0.2096146,True,False,0.39218214,0.33637497,1.0350839690560525,0.89,1.5474999999999999,0.07693377123916754,0.75,14.3225,0.0,0.0,1.1552453009332422,0.385966412377579,0.0,0.4127090260099438
905,BaZn0.3333Nb0.6667O3,Ib,Ba,True,False,41.1,39.405308,1.6354622,19.72401,19.62614,-0.0013245333,0.056479316,0.20364681,True,False,0.37095943,0.31817225,1.0265569935184018,0.89,1.6166649999999998,0.07126106813480847,0.6667,13.9767,0.0,0.0,0.6553500552854562,0.3893966714527689,0.0,0.9950380272571349
906,CaTi0.5Al0.25Ta0.25O3,II,Ca,True,False,41.4,42.173607,0.39500913,23.750372,18.390432,-0.002387892,0.035190593,0.240416,True,False,0.49527746,0.42479992,0.970556082880972,1.0,1.5475,0.06734803941145333,0.75,11.7575,0.0,0.0,1.1552453009332422,0.5580697476565588,0.0,0.7743218506219609
907,BaNd0.5Nb0.5O3,III,Ba,True,False,41.9,41.534187,0.7484329,13.811662,27.625595,-0.00037529724,0.09730698,0.25514084,True,False,0.54134285,0.46431026,0.9624198107038244,0.89,1.37,0.0653095665934298,0.5,14.479999999999999,0.0,0.0,0.7701635339554948,0.2887259432111473,0.0,2.000164426265282
908,Ca0.67Nd0.33Ti0.67Al0.33O3,II,Ca,False,True,42.0,41.27618,0.9791645,23.782286,17.431702,-0.0030747044,0.065267414,0.2345103,True,False,0.47626382,0.4084919,0.969341749737994,1.0462,1.5631000000000002,0.06214797343989573,0.67,11.4864,0.0,0.0,0.681154830950147,0.6494589723244562,0.0,0.7329699928762106
909,Ca4.38Ni0.62Nb2TiO12,III,Ca,True,False,42.0,35.854156,1.2019297,0.0,39.119003,-0.00044781965,0.533748,0.99302995,False,True,0.5591423,0.47957683,0.9502561702299384,1.0,1.636519337016575,0.0790581066925432,0.8287292817679558,48.092999999999996,0.0,0.0,1.1313775125732786,0.5775037498634985,0.0,
910,BaZn0.3167Nb0.6333Zr0.05O3,Ib,Ba,True,False,42.0,39.5571,1.6287621,19.760029,19.741663,-0.0016252358,0.057029974,0.19826674,True,False,0.35142636,0.3014187,1.0253997077432868,0.89,1.602335,0.0736854665585501,0.6833,14.003799999999998,0.0,0.0,0.8627250873893516,0.39956662781940727,0.0,0.9990705479227788
911,Ca3Sr2Ta2TiO12,II,Ca,True,False,42.0,36.46095,1.6221213,0.0,39.82511,-0.0003693032,0.51970804,0.991271,False,True,0.42691943,0.36616918,0.9691488175999684,0.98,1.5133333333333332,0.08488417238353166,1.0,52.25,0.0,0.0,0.7543871624234818,0.5168793693866498,0.0,
912,Ba0.8Sr0.2Zn0.3133Ta0.6267Ti0.06O3,Ib,Ba,True,False,42.0,39.27186,1.1500851,25.41604,13.811464,-0.0011418215,0.04549826,0.17467444,True,False,0.26066542,0.22357295,1.016972391088069,0.9020000000000001,1.549395,0.072665857045721,0.6867000000000001,14.153586,0.0,0.0,0.8558332047295728,0.24380067728624802,0.0,0.5434152605992122
913,Ca0.1Nd0.9Mg0.45Ti0.55O3,III,Other,False,True,42.0,27.130566,0.15665166,19.520027,7.5566573,-0.0016423069,0.05552373,0.29342955,True,False,0.6536164,0.5606074,0.9203475644761822,1.1260000000000001,1.4365,0.0709986192961778,0.55,11.593499999999999,0.0,0.0,0.7136254364437213,0.5061911604619003,1.1260000000000001,0.38712330162248243
914,CaZr0.9Ti0.1O3,III,Ca,True,False,42.0,38.2556,2.6074352,18.955729,19.167522,-0.00032575213,0.13267463,0.44046918,True,False,1.0264311,0.88037086,0.9188866874323643,1.0,1.351,0.12442041900265566,1.0,12.408000000000001,0.0,0.0,0.36481533680595857,0.5880874799567132,0.0,1.0111730337567075
915,La0.4Sr0.6Al0.4Ti0.6O3,Ib,Sr,True,False,42.1,43.01045,1.4149364,28.959879,14.026762,-0.008963163,0.032769047,0.15493341,True,False,0.17697318,0.15179005,1.004327689211849,1.01,1.568,0.055816886771091395,0.6,12.283999999999999,0.0,0.0,0.8375256300559637,0.5974033864728906,0.0,0.4843515402809521
916,CaLa2Nd2Ti4O15,III,Other,True,False,42.3,41.08064,1.146824,29.568813,11.262239,-0.020105306,0.26969522,0.87160265,True,True,0.53352165,0.457602,0.9592670547767628,1.096,1.54,0.09150625,1.0,59.97,0.0,0.0,-0.0,0.9592670547767627,1.096,0.380882350603658
917,CaLa0.5Nd0.5Ti4O15,III,Ca,True,False,42.3,43.361485,2.5551624,0.0,42.374233,-0.00044353632,0.6774584,0.992545,False,True,0.5196427,0.44569802,0.9619120926116252,1.06,1.54,0.09150625,1.0,48.765,0.0,0.0,-0.0,0.9619120926116251,1.06,
918,CaLa4Ti4O15,II,Other,True,False,41.1,39.883656,1.3848948,30.835848,8.94805,-0.061961718,0.16171813,0.8469585,True,True,0.41444704,0.35547158,0.9719632363841024,1.08,1.54,0.09150625,1.0,61.39,0.0,0.0,-0.0,0.9719632363841023,1.08,0.29018336061327066
919,Sr5Ta4O15,II,Sr,True,False,41.0,40.03266,1.2282526,30.532917,9.3467455,-0.0015448066,0.1545477,0.7973609,True,True,0.21562353,0.18494049,0.9844035581224484,0.95,1.5,0.08192,1.0,65.83000000000001,0.0,0.0,-0.0,0.2953210674367345,0.0,0.3061202930594545
920,Ca0.65Sm0.35Ti0.65Al0.35O3,II,Ca,True,False,41.0,39.46561,0.9147862,23.467974,15.935559,-0.0032480352,0.06532184,0.24809405,True,False,0.5195266,0.44559842,0.9657782595857668,1.0594999999999999,1.5645000000000002,0.06034284430593846,0.65,11.381499999999999,0.0,0.0,0.6954056493334942,0.6277558687307484,0.0,0.6790342873227999
921,Ba0.75Sr0.25Zn0.3133Ta0.6267Ti0.06O3,Ib,Ba,True,False,40.0,40.81736,1.1538,25.591358,15.177617,-0.0010849289,0.049468298,0.1691088,True,False,0.2378705,0.20402174,1.0140677320409424,0.905,1.549395,0.072665857045721,0.6867000000000001,14.103586,0.0,0.0,0.8558332047295728,0.24452106177652588,0.0,0.5930758735038602
922,BaHo0.5Ta0.5O3,II,Ba,True,False,39.6,34.27412,1.2064055,15.67196,18.5587,-0.00050300325,0.043963917,0.16704775,True,False,0.2292777,0.19665168,0.9805995905881172,0.89,1.365,0.06288312250546305,0.5,14.42,0.0,0.0,0.834343828451786,0.14708993858821756,0.0,1.1841977646701498
923,BaSm0.5Nb0.5O3,II,Ba,True,False,39.7,39.896034,0.9346195,13.953447,25.873707,-0.00042473944,0.069302365,0.20895639,True,False,0.3898634,0.3343862,0.9678905918015044,0.89,1.385,0.06461682516217973,0.5,14.385,0.0,0.0,0.7701635339554948,0.29036717754045127,0.0,1.8542878329634247
924,BaYb0.5Ta0.5O3,Ib,Ba,True,False,39.7,33.653835,1.8334525,15.859211,17.758839,-0.0005068748,0.03629197,0.14094526,True,False,0.11224123,0.09626941,0.988111147340533,0.89,1.3,0.061770899133693095,0.5,14.285,0.0,0.0,0.834343828451786,0.14821667210107994,0.0,1.119780738146431
925,Ca0.65Ti0.65Sm0.315Nd0.035Al0.35O3,II,Ca,True,False,39.7,38.603207,1.134202,23.470377,15.06471,-0.0048424588,0.0729631,0.24660847,True,False,0.5148747,0.4416085,0.9661531457863456,1.0584500000000001,1.5645000000000002,0.06034284430593846,0.65,11.38815,0.0,0.0,0.6786199957288925,0.6279995447611246,0.0,0.6418605887753742
926,BaGd0.5Nb0.5O3,II,Ba,True,False,40.0,37.76647,0.8072614,13.855624,23.851923,-0.00045616622,0.05938077,0.19923118,True,False,0.35495684,0.3044468,0.9723122025452297,0.89,1.4,0.06403390577858643,0.5,14.264999999999999,0.0,0.0,0.8215077695525277,0.2916936607635689,0.0,1.7214614801902821
927,Ba2SrLaNb3O12,II,Ba,True,False,39.5,37.92591,1.3036255,0.0,37.974567,-0.0004312514,0.5310566,0.99172246,False,True,0.45814767,0.39295366,0.9767642783462442,0.9099999999999999,1.475,0.07606889794096311,0.75,52.05,0.0,0.0,0.5831623721972826,0.4395439252558099,0.0,
928,BaEu0.5Nb0.5O3,II,Ba,True,False,40.0,38.137806,1.0580238,13.880859,24.200104,-0.0004515681,0.057291515,0.19484496,True,False,0.3387949,0.29058468,0.9703174886580844,0.89,1.4,0.06429948062655297,0.5,14.315,0.0,0.0,0.8215077695525277,0.2910952465974253,0.0,1.7434154471275878
929,Sr5Nb4O15,II,Sr,False,True,40.0,49.238377,1.8145163,22.153278,26.802816,-0.00079928274,0.28307837,0.7712378,True,True,0.12551808,0.10765697,0.9844035581224484,0.95,1.6,0.08192,1.0,63.51,0.0,0.0,-0.0,0.590642134873469,0.0,1.2098803617234433
930,CaFe0.5Nb0.5O3,III,Ca,True,False,40.0,38.99082,1.3576899,19.443695,19.46596,-0.0009228139,0.08208862,0.27719387,True,False,0.6071908,0.5207881,0.9485789867569842,1.0,1.715,0.05149824792039711,0.5,11.854999999999999,0.0,0.0,0.7701635339554948,0.28457369602709526,0.0,1.001145101278332
931,BaZn0.2667Co0.0667Nb0.6667O3,Ib,Ba,True,False,40.0,37.95698,1.7261015,19.751291,18.150173,-0.0022057982,0.057720263,0.20437798,True,False,0.37358415,0.32042345,1.0263886128822195,0.89,1.6320077992200779,0.07128311584381256,0.6666333366663333,13.982906999999999,0.0,0.0,0.8390883617505001,0.3894250845663979,0.0,0.9189360330927229
932,BaZn0.3333Nb0.6667O3,Ib,Ba,True,False,40.0,39.405308,1.6354622,19.72401,19.62614,-0.0013245333,0.056479316,0.20364681,True,False,0.37095943,0.31817225,1.0265569935184018,0.89,1.6166649999999998,0.07126106813480847,0.6667,13.9767,0.0,0.0,0.6553500552854562,0.3893966714527689,0.0,0.9950380272571349
933,Ba0.3Sr0.7Zn0.3333Nb0.6667O3,Ib,Sr,True,False,40.0,40.514843,1.3522753,21.061672,19.39843,-0.0015746321,0.056318335,0.13030505,True,False,0.059307273,0.0508679,0.985972182146744,0.9319999999999999,1.6166649999999998,0.07126106813480847,0.6667,13.276699999999998,0.0,0.0,0.7072122898763916,0.39440859230234054,0.0,0.9210299163333281
934,Ba8Ta4Ti3O24,Ib,Ba,True,False,40.0,39.166683,0.55973476,29.670246,9.44825,-0.049575392,0.097763956,0.86933696,True,True,0.5218073,0.4475546,1.0510574870970408,0.89,1.5171428571428571,0.08577089010028033,1.0,113.43,0.0,0.0,0.7082009974671558,0.5693655077417755,0.0,0.31844191652472315
935,Ca4ZnNb2TiO12,III,Ca,True,False,40.0,38.232582,1.0796086,19.162277,18.834965,-0.0010872198,0.23642161,0.88184166,True,True,0.5887759,0.5049936,0.9422359053865728,1.0,1.5975,0.07693377123916754,0.75,47.809999999999995,0.0,0.0,1.1937534776310168,0.518229747962615,0.0,0.9829189401656181
936,Ba3LiTa3Ti5O21,Ib,Ba,False,True,49.4,43.550186,2.758832,0.0,54.561718,-0.000568082,0.7110787,0.9922495,False,True,0.4968052,0.42611024,1.0064610611128435,0.9125,1.525,0.08765954156350779,1.0,83.47,0.25,0.0,0.5880562116959841,0.7327349674292778,0.0,
937,Ca0.3355Nd0.7255Li0.225TiO3,III,Other,False,True,101.0,77.18196,3.857438,0.0,96.677864,-0.0002516235,4.125621,0.99482137,False,True,0.73336434,0.6290072,0.93511617277291,1.0754821150855365,1.54,0.09150625,1.0,12.479119999999998,0.1749611197511664,0.0,-0.0,0.9351161727729101,1.0754821150855365,
938,Pb0.6Ca0.4ZrO3,III,Other,True,False,94.0,105.82516,4.7874937,28.115042,77.06716,-0.00024973793,0.64319646,0.32644084,True,False,0.74365836,0.63783646,0.9439208446971364,1.798,1.33,0.1296,1.0,13.777999999999999,0.6,0.0,-0.0,0.5663525068182819,0.0,2.741136221670948
939,Pb0.48Ca0.52Fe0.475Nb0.475Sn0.05O3,II,Ca,True,False,94.3,96.51012,2.6413217,28.514288,67.7419,-0.00032210123,0.25425392,0.20509532,True,False,0.37615246,0.3226263,0.9723744819104208,1.6384,1.72725,0.049254981682224405,0.475,12.933649999999998,0.48,0.0,0.7300413515625879,0.2771267273444699,0.0,2.3757177454334473
940,Ca0.4Sm0.4TiO3,III,Ca,True,False,94.5,95.9004,1.0592564,23.400555,71.90839,-0.00042535405,0.5918813,0.29882905,True,False,0.668718,0.57356,0.9486869034373132,1.085,1.54,0.09150625,1.0,11.5,0.0,0.0,-0.0,0.9486869034373131,1.085,3.0729352359377797
941,Ca0.268Sm0.268Ti0.67Li0.165Sm0.165Ti0.33O3,III,Other,True,False,95.5,99.77687,1.9561409,23.79144,75.23811,-0.00038268915,0.7477089,0.34798405,True,False,0.7998637,0.6860438,0.9298723156050356,1.081189376443418,1.54,0.09150625,1.0,11.1931,0.19053117782909929,0.0,-0.0,0.9298723156050356,1.081189376443418,3.1624025279680423
942,Ca0.56Sm0.56Ti0.7Li0.15Nd0.15Ti0.3O3,III,Other,True,False,98.0,91.766716,5.122713,0.0,96.71269,-0.00024216282,4.5372634,0.9947219,False,True,0.72221345,0.6194431,0.9393733899342764,1.0797183098591547,1.54,0.09150625,1.0,13.0275,0.10563380281690139,0.0,-0.0,0.9393733899342764,1.0797183098591547,
943,Ca0.28Sm0.28Ti0.7Li0.15Nd0.15Ti0.3O3,III,Other,True,False,99.0,102.670265,2.214449,23.731665,78.155045,-0.00034272642,0.7838983,0.33385754,True,False,0.7632094,0.6546054,0.9333087764904386,1.0762790697674418,1.54,0.09150625,1.0,11.2495,0.17441860465116277,0.0,-0.0,0.9333087764904386,1.0762790697674418,3.2932811498898205
944,Ca0.4Nd0.4TiO3,III,Ca,False,True,99.0,97.52934,1.1498234,23.11236,73.8709,-0.00040305482,0.54649055,0.27478477,True,False,0.6001624,0.51475984,0.953976979107038,1.0699999999999998,1.54,0.09150625,1.0,11.576,0.0,0.0,-0.0,0.9539769791070379,1.0699999999999998,3.196164303428988
945,Pb0.5Ca0.5Fe0.45Nb0.45Sn0.1O3,II,Ca,True,False,99.6,98.26573,2.4817767,28.721518,69.2784,-0.000319718,0.26613787,0.20745535,True,False,0.38455552,0.3298336,0.9722826176774362,1.665,1.7395,0.04698109413252221,0.45,12.9865,0.5,0.0,0.8083353713183029,0.26251630677290777,0.0,2.412073066611591
946,Ca0.6Sm0.2667TiO3,III,Ca,True,False,101.0,105.394714,2.271213,24.893936,79.88436,-0.0004294897,0.6168399,0.27563968,True,False,0.6026609,0.5169028,0.9554681127012618,1.0523122187608167,1.54,0.09150625,1.0,11.706773,0.0,0.0,-0.0,0.9554681127012618,0.0,3.2089887272145314
947,Pb0.5Ca0.5Fe0.475Nb0.475Sn0.05O3,II,Ca,True,False,102.0,101.359505,2.8752737,29.04625,72.04043,-0.0003120915,0.27312994,0.20238681,True,False,0.36641976,0.31427854,0.9734118657815912,1.665,1.72725,0.049254981682224405,0.475,12.97825,0.5,0.0,0.7300413515625879,0.27742238174775347,0.0,2.4801972715927185
948,Ca0.9La0.1Mg0.05Ti0.95O3,III,Ca,True,False,102.5,97.77217,3.5014675,28.20884,69.29161,-0.0004818142,0.27221617,0.23483077,True,False,0.477304,0.40938407,0.9642604968362618,1.01,1.5284999999999997,0.08983701503471801,0.95,12.1325,0.0,0.0,0.1985152433458726,0.9160474719944487,0.0,2.4563792768508033
949,Ca0.61Nd0.26TiO3,III,Ca,False,True,103.0,108.253075,2.0581956,24.842567,82.79472,-0.00041598463,0.6162039,0.26078862,True,False,0.5585434,0.47906315,0.958942758950266,1.0418390804597701,1.54,0.09150625,1.0,11.766399999999999,0.0,0.0,-0.0,0.9589427589502661,0.0,3.332776359222459
950,Ca0.3La0.1333Li0.25Nd0.25TiO3,III,Other,True,False,105.0,109.383484,3.8862891,24.434551,84.06207,-0.00027559133,0.88714343,0.31960103,True,False,0.72542435,0.6221971,0.9342637527363792,1.0464266580949317,1.54,0.09150625,1.0,11.305696999999999,0.2678667095253402,0.0,-0.0,0.9342637527363792,1.0464266580949317,3.440295260592266
951,Ca0.61Nd0.26TiO3,III,Ca,False,True,108.0,107.0342,0.6191419,24.842567,81.599976,-0.00040056877,0.59206074,0.26078862,True,False,0.5585434,0.47906315,0.958942758950266,1.0418390804597701,1.54,0.09150625,1.0,11.766399999999999,0.0,0.0,-0.0,0.9589427589502661,0.0,3.2846837446387886
952,Pb0.48Ca0.52Fe0.45Nb0.45Sn0.1O3,II,Ca,True,False,93.6,93.36186,2.329528,28.201456,64.91316,-0.00033177712,0.24759135,0.21022901,True,False,0.39434174,0.33822727,0.9712464372678332,1.6384,1.7395,0.04698109413252221,0.45,12.9419,0.48,0.0,0.8083353713183029,0.262236538062315,0.0,2.3017662634156197
953,Pb0.45Ca0.55Fe0.5Nb0.5O3,II,Ca,True,False,92.6,92.0095,2.6907158,28.048449,63.7396,-0.00034059244,0.22179694,0.20409593,True,False,0.37257245,0.31955573,0.9719472647154136,1.5985,1.715,0.05149824792039711,0.5,12.8585,0.45,0.0,0.5647865915673628,0.29158417941462406,0.0,2.272482161134828
954,Pb0.5Ca0.5Fe0.5Ta0.5O3,II,Ca,True,False,83.9,81.24422,2.2279766,37.79555,43.263817,-0.0003788171,0.18522905,0.20782205,True,False,0.38585493,0.3309481,0.9745437400441278,1.665,1.665,0.05149824792039711,0.5,13.26,0.5,0.0,0.6418029449629123,0.14618156100661917,0.0,1.1446801806032723
955,Pb0.45Ca0.55Fe0.45Nb0.45Sn0.1O3,II,Ca,True,False,85.0,86.01601,1.1703771,27.449875,58.34966,-0.00035796786,0.21684098,0.21447036,True,False,0.40912467,0.35090658,0.9696921666534288,1.5985,1.7395,0.04698109413252221,0.45,12.875,0.45,0.0,0.8083353713183029,0.2618168849964258,0.0,2.1256803537356728
956,Pb0.45Ca0.55Fe0.45Nb0.45Zr0.1O3,II,Ca,True,False,85.0,85.01967,1.9502206,27.71823,57.092327,-0.00035160428,0.20945756,0.21819758,True,False,0.42194143,0.36189952,0.968273277981335,1.5985,1.6765,0.05783528036816468,0.55,12.917,0.45,0.0,0.8434803874625769,0.31953018173384057,0.0,2.05973927628135
957,BaTi0.5Ga0.25Nb0.25O3,Ib,Ba,True,False,86.0,82.77653,4.063865,25.36738,57.18352,-0.0010527648,0.22667727,0.25131962,True,False,0.529563,0.45420668,1.0549647640007471,0.89,1.6225,0.07165405604750542,0.75,13.87,0.0,0.0,1.1552453009332422,0.6142729033995142,0.0,2.25421466465989
958,Pb0.45Ca0.55Fe0.475Nb0.475Sn0.05O3,II,Ca,True,False,86.3,89.885254,2.4459956,27.745897,61.90813,-0.0003403565,0.23156671,0.20923856,True,False,0.390858,0.33523926,0.9708184061036652,1.5985,1.72725,0.049254981682224405,0.475,12.86675,0.45,0.0,0.7300413515625879,0.27668324573954456,0.0,2.2312535075005866
959,Ca0.6La0.2667TiO3,II,Ca,True,False,109.0,110.51652,1.6636701,24.980465,85.082146,-0.0004206093,0.45432654,0.22990188,True,False,0.46119502,0.3955674,0.9684909642634226,1.0307718933887158,1.54,0.09150625,1.0,11.946803,0.0,0.0,-0.0,0.9684909642634226,0.0,3.4059472471789456
960,Pb0.5Ca0.5Fe0.495Nb0.495Zr0.01O3,II,Ca,True,False,86.3,93.23869,4.3429356,29.341125,63.670277,-0.00033308697,0.22763076,0.19875327,True,False,0.35320893,0.3029476,0.9741741023798222,1.665,1.7111500000000002,0.05212021963415478,0.505,12.975849999999998,0.5,0.0,0.6322591330189424,0.2951747530210861,0.0,2.1700012184263553
961,Ca0.9Sm0.1Mg0.05Ti0.95O3,III,Ca,True,False,87.0,88.904945,2.5073006,27.937466,60.74198,-0.00047788754,0.22597682,0.24928133,True,False,0.5232308,0.4487755,0.9600405384256,1.017,1.5284999999999997,0.08983701503471801,0.95,12.0425,0.0,0.0,0.2279249090267426,0.9120385115043198,0.0,2.1742122209652086
962,Pb0.45Ca0.55Fe0.475Nb0.475Zr0.05O3,II,Ca,True,False,87.0,85.35738,2.753564,27.882694,57.263966,-0.0003526525,0.21107182,0.21108505,True,False,0.3973429,0.34080136,0.970106792831828,1.5985,1.6957499999999999,0.05463390620802143,0.525,12.887749999999999,0.45,0.0,0.761782279891396,0.3055836397420258,0.0,2.0537458109320426
963,Pb0.46Ca0.54Fe0.45Nb0.45Sn0.1O3,II,Ca,True,False,87.8,88.727585,2.1533878,27.696712,60.799217,-0.00034624294,0.23200102,0.21304572,True,False,0.40418327,0.34666833,0.9702102568582304,1.6118000000000001,1.7395,0.04698109413252221,0.45,12.897300000000001,0.46,0.0,0.8083353713183029,0.26195676935172224,0.0,2.195178149666285
964,Pb0.46Ca0.54Fe0.475Nb0.475Sn0.05O3,II,Ca,True,False,88.2,92.037735,2.5424485,27.998205,63.80137,-0.00033373127,0.2384969,0.20784667,True,False,0.385942,0.3310228,0.9713370980392504,1.6118000000000001,1.72725,0.049254981682224405,0.475,12.88905,0.46,0.0,0.7300413515625879,0.27683107294118636,0.0,2.278766442348715
965,Ca0.9La0.1Mg0.05Ti0.95O3,III,Ca,True,False,90.4,90.5045,3.133791,28.20884,62.05836,-0.00047293206,0.2377713,0.23483077,True,False,0.477304,0.40938407,0.9642604968362618,1.01,1.5284999999999997,0.08983701503471801,0.95,12.1325,0.0,0.0,0.22057249260652512,0.9160474719944487,0.0,2.199961430530288
966,Pb0.46Ca0.46La0.08Fe0.5Nb0.5O3,II,Ca,True,False,90.8,94.781906,2.5596094,29.730255,64.81267,-0.0003332054,0.23931281,0.20192727,True,False,0.36475876,0.3128539,0.9730204745179488,1.6198000000000001,1.715,0.05149824792039711,0.5,12.9552,0.46,0.0,0.6109964036046925,0.2919061423553846,0.0,2.1800240193028952
967,Pb0.45Ca0.55Fe0.45Nb0.45Sn0.1O3,II,Ca,True,False,86.7,86.35791,1.9892669,27.449875,58.68371,-0.00035479837,0.22468643,0.21447036,True,False,0.40912467,0.35090658,0.9696921666534288,1.5985,1.7395,0.04698109413252221,0.45,12.875,0.45,0.0,0.8083353713183029,0.2618168849964258,0.0,2.137849808059235
968,Pb0.45Ca0.55Fe0.25Nb0.48Ta0.02O3,II,Ca,True,False,82.0,80.750854,2.955758,19.649775,60.890312,-0.00032984416,0.21109147,0.19974265,True,False,0.35682404,0.3060483,0.9723439778846852,1.5985,1.674,0.06324077156456147,0.6666666666666666,12.2976,0.45,0.0,0.6375914618285684,0.38115883933079653,0.0,3.098779095434935
969,Pb0.63Ca0.37ZrO3,III,Other,True,False,110.0,112.85317,2.2986555,28.82089,83.3049,-0.00024311202,0.7276246,0.32066232,True,False,0.7282669,0.62463516,0.9454217789024852,1.8378999999999999,1.33,0.1296,1.0,13.844899999999999,0.63,0.0,-0.0,0.5672530673414911,0.0,2.890434681232953
970,Ca0.16Sm0.16Li0.3Nd0.3TiO3,III,Other,True,False,110.0,108.89211,1.1619328,23.401386,84.5211,-0.0003331757,0.96996117,0.37461105,True,False,0.86715215,0.7437572,0.9199364921888088,1.068695652173913,1.54,0.09150625,1.0,10.998999999999999,0.32608695652173914,0.0,-0.0,0.9199364921888089,1.068695652173913,3.611798890886207
971,Ca0.2Li0.34Nd0.38La0.04TiO3,III,Other,True,False,132.6,131.38815,1.6172571,23.71439,104.754715,-0.00022907919,2.9192853,0.36379483,True,False,0.84007657,0.72053444,0.921869158722736,1.0525,1.54,0.09150625,1.0,11.0502,0.3541666666666667,0.0,-0.0,0.921869158722736,1.0525,4.417348074312685
972,Sr4Ce2Ti7O22,Ib,Sr,True,False,133.0,134.67493,1.3552678,0.0,129.54022,-0.00030818227,8.180933,0.9983099,False,True,0.22224402,0.1906189,0.9898319364240616,1.0066666666666666,1.54,0.09150625,1.0,89.99000000000001,0.0,1.0,-0.0,0.9898319364240615,0.0,
973,Sr0.8Ca0.2TiO3,Ib,Sr,True,False,133.9,134.55037,2.3784726,40.05276,94.066376,-0.00048306296,0.43172702,0.15733624,True,False,0.18760456,0.1609086,0.9945342259082612,0.96,1.54,0.09150625,1.0,12.984,0.0,0.0,-0.0,0.9945342259082613,0.0,2.3485616471873603
974,Sr0.571Ce0.286TiO3,Ib,Sr,True,False,136.0,137.5728,1.6837493,29.680119,105.86958,-0.00035078914,2.023459,0.59422123,True,False,0.22236402,0.19072182,0.9898182191268498,1.006732788798133,1.54,0.09150625,1.0,12.56794,0.0,1.0,-0.0,0.9898182191268498,0.0,3.567020064845427
975,Ca0.4Li0.24Nd0.28La0.04TiO3,III,Ca,True,False,136.4,126.77118,2.4956615,24.944027,99.936935,-0.00023313034,1.8904493,0.32070103,True,False,0.7283705,0.62472403,0.9347269815310948,1.04,1.54,0.09150625,1.0,11.3412,0.24999999999999997,0.0,-0.0,0.9347269815310949,0.0,4.00644751547134
976,CaZr0.3Ti0.7O3,III,Ca,True,False,138.0,137.65073,2.377056,24.857397,106.64038,-0.0002802305,6.1532383,0.30740914,True,False,0.69239765,0.5938701,0.9499742978431676,1.0,1.4769999999999999,0.10035560491868306,1.0,12.216,0.0,0.0,0.647063668102591,0.8359773821019874,0.0,4.290086367450301
977,Pb0.6Ca0.4Fe0.475Nb0.475Sn0.05O3,II,Other,True,False,139.4,140.32297,2.3839676,31.971777,107.73122,-0.0002629477,0.62023914,0.18947557,True,False,0.31863013,0.27328935,0.9785987851374436,1.798,1.72725,0.049254981682224405,0.475,13.201249999999998,0.6,0.0,0.7300413515625879,0.2789006537641714,0.0,3.3695724826305398
978,Pb0.6Zr0.6Ca0.4Fe0.2Nb0.2O3,III,Other,True,False,140.7,140.2779,1.4322494,29.708187,104.30985,-0.00024089497,6.2600956,0.26749465,True,False,0.57865685,0.4963145,0.9579282866241884,1.798,1.4840000000000002,0.09397108643578063,0.8,13.543999999999999,0.6,0.0,0.8798801289196617,0.4598055775796104,0.0,3.511148290536881
979,Ca0.85Nd0.1TiO3,III,Ca,False,True,141.0,119.311035,1.579928,27.435171,91.16566,-0.00036166896,0.7105602,0.24732271,True,False,0.51711345,0.44352865,0.9637218553407416,1.0147368421052632,1.54,0.09150625,1.0,11.984,0.0,0.0,-0.0,0.9637218553407415,0.0,3.3229484882744127
980,CaZr0.2Ti0.8O3,III,Ca,True,False,141.0,139.17607,2.2725365,26.224575,107.10979,-0.0002878086,5.841995,0.2846057,True,False,0.6285821,0.53913546,0.955361232964073,1.0,1.4980000000000002,0.09722158118563302,1.0,12.184,0.0,0.0,0.5300559004885991,0.8789323343269473,0.0,4.084328916674531
981,Ca0.73Nd0.18TiO3,III,Ca,False,True,141.0,113.82666,1.3490349,26.047281,87.13495,-0.00038070203,0.6448188,0.25375867,True,False,0.53709555,0.4606673,0.961437342231009,1.0276923076923077,1.54,0.09150625,1.0,11.8752,0.0,0.0,-0.0,0.961437342231009,0.0,3.3452608738700977
982,Ca0.6Li0.14Nd0.21La0.04TiO3,III,Ca,True,False,142.0,133.64299,1.6748955,28.482653,103.20415,-0.0002121327,1.9563901,0.28416425,True,False,0.62731755,0.53805083,0.9474044608507132,1.030909090909091,1.54,0.09150625,1.0,11.7336,0.14141414141414144,0.0,-0.0,0.9474044608507133,0.0,3.623403690660417
983,SrNd0.5Nb0.5O3,III,Sr,True,False,37.0,33.180504,1.009706,14.718671,18.290768,-0.000331758,0.1713966,0.5,True,False,1.1659076,1.0,0.9080638745511168,0.95,1.37,0.0653095665934298,0.5,13.479999999999999,0.0,0.0,0.8086717106532696,0.272419162365335,0.0,1.24269154463742
984,Sr5Ce2Ti8O25,Ib,Sr,True,False,142.0,137.75804,1.4982567,0.0,130.08694,-0.0003073498,8.914385,0.9982685,False,True,0.2081386,0.17852066,0.9915113255255614,0.9985714285714287,1.54,0.09150625,1.0,103.19,0.0,1.0,-0.0,0.9915113255255614,0.0,
985,Pb0.7Ca0.3ZrO3,III,Other,True,False,132.0,121.893234,5.1607366,30.585117,90.43474,-0.0002320299,0.873618,0.307546,True,False,0.6927723,0.59419143,0.9489239587149656,1.931,1.33,0.1296,1.0,14.001,0.7,0.0,-0.0,0.5693543752289794,0.0,2.956821777075432
986,Ca0.6Li0.15Nd0.1833La0.0333TiO3,III,Ca,True,False,128.2,131.56082,1.4262081,26.230076,103.260025,-0.00021029725,2.0709212,0.28621662,True,False,0.63318664,0.54308474,0.9465579571973762,1.0268901303538176,1.54,0.09150625,1.0,11.616251,0.15518311607697083,0.0,-0.0,0.9465579571973762,0.0,3.936703233341756
987,Pb0.56Ca0.44Fe0.5333W0.0667Nb0.4O3,II,Ca,True,False,127.2,124.71788,6.7055883,30.900295,93.43794,-0.00033224592,0.37997216,0.18325391,True,False,0.29470912,0.25277227,0.9788583423325116,1.7448000000000001,1.7733510000000001,0.04064973926384855,0.4,13.070821,0.56,0.0,0.6078619361254322,0.25451295758987624,0.0,3.0238526849015517
988,Pb0.6Ca0.4Fe0.495Nb0.495Zr0.01O3,II,Other,True,False,126.7,128.71866,2.5869,32.32845,95.989075,-0.0003344599,0.40145618,0.18608461,True,False,0.305669,0.26217258,0.9793650833871748,1.798,1.7111500000000002,0.05212021963415478,0.505,13.198849999999997,0.6,0.0,0.6322591330189424,0.29674762026631396,0.0,2.9691827167711415
989,Ca0.2Li0.25Nd0.25La0.1Nd0.1TiO3,III,Other,True,False,110.4,113.59839,1.3145548,23.702488,87.56511,-0.0002841,2.331074,0.78767645,True,False,0.7642387,0.65548825,0.9300736742290222,1.06,1.54,0.09150625,1.0,11.1915,0.2777777777777778,1.0,-0.0,0.9300736742290222,1.06,3.6943425517186217
990,Pb0.95Ca0.05ZrO3,III,Other,True,False,112.0,120.40294,4.707187,38.626938,81.05644,-0.00023601088,0.71978575,0.26488832,True,False,0.5708785,0.489643,0.9614317437595392,2.2634999999999996,1.33,0.1296,1.0,14.5585,0.95,0.0,-0.0,0.5768590462557235,0.0,2.0984433195300127
991,Pb0.05Fe0.0333W0.0167Pb0.475Ca0.475Fe0.475Nb0.475O3,II,Ca,True,False,112.2,116.85315,7.33722,30.031713,86.485916,-0.00031375507,0.33583167,0.1924734,True,False,0.32994136,0.282991,0.9761413914571988,1.6982500000000003,1.7296010000000002,0.04875756536319475,0.475,13.017520999999999,0.525,0.0,0.5673404541347674,0.2830907649365022,0.0,2.879819609357615
992,Ca0.4Li0.3Nd0.3TiO3,III,Other,True,False,112.6,115.534546,1.769562,24.964159,89.57094,-0.00028641272,0.9997287,0.33914873,True,False,0.7770249,0.666455,0.9292899593149888,1.036,1.54,0.09150625,1.0,11.247,0.3,0.0,-0.0,0.9292899593149888,0.0,3.587981473760041
993,Ca0.3Li0.35Sm0.35TiO3,III,Other,True,False,114.0,115.301735,2.0941055,24.201586,90.00304,-0.00034710002,1.0974629,0.37928683,True,False,0.8787583,0.75371176,0.9194151513981692,1.0525,1.54,0.09150625,1.0,11.035,0.35,0.0,-0.0,0.9194151513981693,0.0,3.7188901586862944
994,Pb0.475Ca0.475La0.05Fe0.45Nb0.45Ti0.1O3,II,Ca,True,False,116.6,116.976074,5.4991455,31.128664,85.4991,-0.00029667033,0.34861046,0.19723618,True,False,0.34763947,0.2981707,0.9753824870101132,1.63675,1.6975000000000002,0.05594557597407529,0.55,12.98725,0.475,0.0,0.8434803874625769,0.3608915201937418,0.0,2.746635705277939
995,Na0.15La0.15Li0.35Sm0.35TiO3,III,Other,True,False,117.0,117.86781,2.70092,22.049404,94.43787,-0.00026055943,1.3808005,0.35921073,True,False,0.8284989,0.71060425,0.9231182043669766,1.057,1.54,0.09150625,1.0,10.9705,0.5,0.0,-0.0,0.9231182043669766,1.057,4.283012366229944
996,Ca0.2Li0.1Nd0.1Ti0.4O3,III,Ca,True,False,110.0,109.34609,0.9622613,6.329558,100.822914,-0.0002321531,2.1938527,0.3192168,True,False,0.7243939,0.6213133,0.9354617142630012,1.03,1.54,0.09150625,1.0,8.175,0.25,0.0,-0.0,0.9354617142630011,0.0,15.928902776465593
997,Ca0.6Li0.05Nd0.05La0.1Nd0.1TiO3,III,Ca,True,False,117.0,119.44385,2.4011054,25.45565,93.0823,-0.00031220372,0.9062074,0.25819692,True,False,0.5506807,0.47231933,0.9575036962201876,1.0333333333333332,1.54,0.09150625,1.0,11.7735,0.05555555555555556,0.0,-0.0,0.9575036962201877,0.0,3.6566459705409216
998,Pb0.65Ca0.35ZrO3,III,Other,True,False,118.0,116.37457,1.6504542,29.307636,86.28993,-0.00023886969,0.77723825,0.31686234,True,False,0.7180656,0.6158855,0.9464224017060512,1.8645,1.33,0.1296,1.0,13.889499999999998,0.65,0.0,-0.0,0.5678534410236307,0.0,2.944281483501433
999,Ca0.8Nd0.1333TiO3,III,Ca,False,True,119.0,120.37221,1.9862851,26.830305,92.77648,-0.00037129674,0.765777,0.24993482,True,False,0.52526474,0.45052004,0.9627945276419996,1.0199957141326477,1.54,0.09150625,1.0,11.938554,0.0,0.0,-0.0,0.9627945276419995,0.0,3.457898820009687
1000,Ca0.8Sm0.1333TiO3,III,Ca,True,False,119.3,120.2227,1.9637136,26.876205,92.56912,-0.0003732977,0.77774966,0.25629467,True,False,0.544877,0.46734148,0.9612834013444008,1.0242805100182149,1.54,0.09150625,1.0,11.913227,0.0,0.0,-0.0,0.9612834013444009,0.0,3.4442779402821193
1001,Ca0.4Li0.25Nd0.2833La0.0333TiO3,III,Ca,True,False,121.3,126.84303,2.5365,24.954298,99.97035,-0.00023425052,1.9186108,0.32380158,True,False,0.7366463,0.63182217,0.9337879283374294,1.039304779639975,1.54,0.09150625,1.0,11.325251,0.25863852679495136,0.0,-0.0,0.9337879283374294,0.0,4.006137539913966
1002,Ca0.45Li0.125Nd0.225Dy0.1TiO3,III,Ca,True,False,121.3,121.094925,3.3294282,24.76059,95.038994,-0.00026210916,1.2955992,0.3117312,True,False,0.7041859,0.6039809,0.9397721462901844,1.0566666666666666,1.54,0.09150625,1.0,11.42025,0.1388888888888889,0.0,-0.0,0.9397721462901844,0.0,3.838317019101726
1003,La0.5Na0.5TiO3,II,Other,False,True,122.0,125.49353,4.334362,21.459576,103.53318,-0.00039540874,0.5011746,0.19266653,True,False,0.33066538,0.28361198,0.978663998899087,1.0150000000000001,1.54,0.09150625,1.0,11.905,0.5,0.0,-0.0,0.978663998899087,1.0150000000000001,4.824567829299144
1004,Ca0.5Li0.2Nd0.2333La0.0333TiO3,III,Ca,True,False,123.0,129.398,1.6967665,25.59106,101.78424,-0.00021925909,2.0229092,0.3042816,True,False,0.6838099,0.58650434,0.940172942767403,1.0330974549968963,1.54,0.09150625,1.0,11.470751,0.2069108214359611,0.0,-0.0,0.940172942767403,0.0,3.977335835248716
1005,Ca0.4Li0.15Nd0.15La0.1Nd0.1TiO3,III,Ca,True,False,117.0,123.931725,2.9694648,24.599836,97.86322,-0.00023353504,1.4688972,0.29270115,True,False,0.6515668,0.55884945,0.943788685224605,1.0466666666666666,1.54,0.09150625,1.0,11.4825,0.16666666666666666,0.0,-0.0,0.943788685224605,0.0,3.978206196171389
1006,BaMg0.167Ta0.33Ti0.5O3,Ib,Ba,True,False,76.6,76.886826,0.6962246,26.955336,49.793304,-0.00101678,0.13920559,0.23614351,True,False,0.4815547,0.41302988,1.0454571704441915,0.89,1.4882347041123372,0.08188054492010916,0.8324974924774323,14.15004,0.0,0.0,1.161192269387936,0.5734916297933093,0.0,1.8472522101004418
1007,Pb0.4Ca0.6Mg0.3Nb0.6Sn0.1O3,III,Ca,True,False,52.2,58.75181,1.5932968,20.595646,37.9691,-0.00035050674,0.18741107,0.20681806,True,False,0.38229346,0.32789344,0.9569352282853228,1.532,1.549,0.06436534947942069,0.6,12.584999999999999,0.4,0.0,0.8513855761605024,0.34449668218271623,0.0,1.8435498454382058
1008,La0.2Na0.2Ti0.4Ca0.6Mg0.2Nb0.4O3,III,Ca,False,True,52.3,52.415264,2.4053373,17.596064,34.68136,-0.00052380154,0.13836214,0.22622642,True,False,0.44902435,0.3851286,0.9536591946071262,1.006,1.5180000000000002,0.07979489876218117,0.8,11.756,0.2,0.0,1.1330624026517846,0.6103418845485608,0.0,1.9709725993267586
1009,Ca0.8La0.1333Ti0.5Mg0.1667Nb0.3333O3,III,Ca,True,False,52.4,52.079266,1.3219886,19.31058,32.430946,-0.0006391231,0.33838373,0.7032596,True,False,0.50301236,0.43143415,0.9526761746045672,1.0142826529518911,1.521657,0.08189001426018533,0.8332999999999999,11.801473,0.0,1.0,1.116316128351237,0.6668542686997049,0.0,1.6794392504005573
1010,CaLa4Ti5O17,II,Other,True,False,53.7,54.3144,2.0312853,0.0,51.07072,-0.0004218013,0.649856,0.991084,False,True,0.41444704,0.35547158,0.9719632363841024,1.08,1.54,0.09150625,1.0,68.34,0.0,0.0,-0.0,0.9719632363841023,1.08,
1011,CaTi0.4Mg0.2Nb0.4O3,III,Ca,True,False,54.0,50.746254,1.6369404,19.349237,31.312357,-0.00056071614,0.085219786,0.24825418,True,False,0.5200268,0.44602746,0.9488112538938004,1.0,1.5180000000000002,0.07979489876218117,0.8,11.842,0.0,0.0,1.1330624026517846,0.6072392024920322,0.0,1.6182734750729448
1012,La0.5333Ti0.8Al0.2O3,II,Other,True,False,54.0,51.090385,1.843646,12.970146,38.034935,-0.00060527417,0.085913524,0.19721548,True,False,0.34756336,0.2981054,0.9802183405700003,1.1,1.5540000000000003,0.07380873729123276,0.8,10.713197000000001,0.0,0.0,0.5189358466321948,0.7841746724560004,1.1,2.932498601018061
1013,BaZn0.25Ti0.25Nb0.5O3,Ib,Ba,True,False,54.8,53.22693,2.5001826,22.192495,30.955494,-0.0016522532,0.08059561,0.21635489,True,False,0.41562495,0.35648188,1.0350839690560525,0.89,1.5975000000000001,0.07693377123916754,0.75,14.032499999999999,0.0,0.0,1.0782289475376925,0.5307038170191711,0.0,1.3948631733385544
1014,Sm0.5Li0.5TiO3,III,Other,True,False,55.0,54.841377,2.7598517,22.073053,32.408596,-0.0004239847,0.3601472,0.45985112,True,False,1.0720859,0.91952896,0.899312863853215,1.075,1.54,0.09150625,1.0,10.57,0.5,0.0,-0.0,0.899312863853215,1.075,1.468242567079416
1015,CaLi0.1667Nb0.3333Ti0.5O3,III,Ca,True,False,55.0,46.263702,3.5562987,0.0,53.885914,-0.00033775406,0.78886914,0.9939373,False,True,0.64096814,0.549759,0.945608843463694,0.9971423673609325,1.563998559942398,0.08741479586874831,1.0,11.673233,0.14288163195337275,0.0,0.5732979439969557,0.7943205067175286,0.0,
1016,Pb0.2Zr0.2Ca0.8Fe0.4Nb0.4O3,III,Ca,True,False,55.1,55.725136,1.3283541,22.28563,33.27146,-0.00044499105,0.16849515,0.27465695,True,False,0.5997885,0.5144391,0.951742363404634,1.266,1.6380000000000003,0.0644436166778137,0.6000000000000001,12.418000000000001,0.2,0.0,0.9767779333205039,0.3426272508256682,0.0,1.4929557746404296
1017,Ba4La2Ti3Nb2O18,Ib,Ba,True,False,55.1,52.059723,1.6667966,0.0,52.70288,-0.00052168727,0.4930075,0.99184704,False,True,0.46705714,0.4005953,0.9959716478107196,0.89,1.4314285714285715,0.07957679884666609,0.7142857142857143,80.19,0.0,0.0,1.1589175566092562,0.5975829886864318,0.0,
1018,CaLi0.1667Nb0.3333Ti0.5O3,III,Ca,True,False,55.2,46.263702,3.5562987,0.0,53.885914,-0.00033775406,0.78886914,0.9939373,False,True,0.64096814,0.549759,0.945608843463694,0.9971423673609325,1.563998559942398,0.08741479586874831,1.0,11.673233,0.14288163195337275,0.0,0.5732979439969557,0.7943205067175286,0.0,
1019,CaLa4Ti5O17,II,Other,True,False,57.0,54.425636,2.0286038,0.0,51.09881,-0.00042194413,0.6531127,0.991084,False,True,0.41444704,0.35547158,0.9719632363841024,1.08,1.54,0.09150625,1.0,68.34,0.0,0.0,-0.0,0.9719632363841023,1.08,
1020,Ba5LaTi2Nb3O15,Ib,Ba,True,False,57.3,54.862682,2.1871746,0.0,58.40093,-0.00048761335,0.7722086,0.990857,False,True,0.39966932,0.34279674,1.0359963617088197,0.925,1.576,0.08550293566627791,1.0,75.42000000000002,0.0,0.0,0.7079085682615883,0.732642765101297,0.0,
1021,Ca4.6Zn0.4Nb4TiO17,III,Ca,True,False,52.0,51.127014,3.6230817,0.0,47.248383,-0.00033546702,0.8219269,0.99908125,False,True,0.5780298,0.49577668,0.9493105829267904,1.0,1.5925925925925926,0.08167631066188977,0.9259259259259258,64.612,0.0,1.0,0.6788951205640825,0.5977140707316828,0.0,
1022,Ca0.7Ti0.7La0.3Ga0.3O3,II,Ca,True,False,52.0,50.3684,0.9245753,24.682264,25.600464,-0.0011372862,0.08681063,0.23083086,True,False,0.4642494,0.39818713,0.9662678383370288,1.03,1.621,0.07006262313332634,0.7,11.969999999999999,0.0,0.0,0.6561135096145153,0.67638748683592,0.0,1.0372008013527445
1023,CaTi0.6Al0.2Ta0.2O3,II,Ca,True,False,52.0,50.94632,0.94942605,24.728025,26.158411,-0.0012972424,0.061179895,0.24031451,True,False,0.4949535,0.42452207,0.969705996221792,1.0,1.546,0.07210722681783648,0.8,11.83,0.0,0.0,1.055856154703594,0.6400059575063827,0.0,1.0578447328486607
1024,Ba3La2Ti2Nb2O15,Ib,Ba,True,False,49.8,47.229805,0.5376806,0.0,48.46479,-0.00045867273,0.3908344,0.99299556,False,True,0.55624527,0.47709206,0.9858227935949552,0.89,1.4133333333333333,0.07706510059338939,0.6666666666666666,65.99000000000001,0.0,0.0,1.188128845522548,0.525772156583976,0.0,
1025,Pb0.7Ca0.3La0.5Mg0.5Nb0.5O3,III,Other,True,False,50.0,53.87165,1.6727839,0.0,49.79261,-0.00026842905,1.0775597,0.990094,False,True,0.3524851,0.30232677,0.9575404328567828,1.654,1.455,0.06224690431519699,0.5,14.975999999999999,0.4666666666666666,0.0,0.6931471805599453,0.28726212985703486,0.0,
1026,La0.8333Mg0.25Ti0.75O3,III,Other,True,False,50.0,47.93488,0.97789377,20.160717,27.700886,-0.0005654752,0.07384082,0.21370716,True,False,0.40648046,0.34863865,0.959613873915118,1.1,1.4825,0.08187176193934861,0.75,11.965696999999999,0.0,0.0,0.5831623721972826,0.7197104054363384,1.1,1.374003017849018
1027,Ca0.5La0.5Zn0.25Ti0.75O3,III,Ca,True,False,50.0,48.93792,0.71883756,26.48573,22.368223,-0.0010990372,0.085067905,0.2440253,True,False,0.50674075,0.434632,0.953792102152302,1.05,1.5675,0.08233401157019135,0.75,12.362499999999999,0.0,0.0,0.6456440549327058,0.7153440766142265,1.05,0.844538662895076
1028,Ba2Sr3Nb4O15,Ib,Sr,True,False,50.0,48.112183,2.0916212,21.430573,26.30743,-0.001114168,0.37529182,0.79437506,True,True,0.20490947,0.17575103,1.007973784162,0.9259999999999999,1.6,0.08192,1.0,65.50999999999999,0.0,0.0,-0.0,0.5952157295028,0.0,1.2275654038741755
1029,CaZr0.6Ti0.4O3,III,Ca,True,False,50.0,51.13455,2.1612294,21.503191,29.496326,-0.0003875001,0.13541935,0.37563726,True,False,0.8697044,0.7459462,0.9341719288578304,1.0,1.4140000000000001,0.11109980678025645,1.0,12.312,0.0,0.0,0.7328349262989682,0.7099706659319512,0.0,1.3717185509815728
1030,Pb0.4Ca0.6Mg0.1667Nb0.3333Sn0.5O3,III,Ca,True,False,57.4,55.799885,1.3213414,21.291206,34.29069,-0.00042500012,0.21841037,0.25409865,True,False,0.5381418,0.4615647,0.952636622433684,1.532,1.731657,0.03739677017388662,0.3333,12.730276,0.4,0.0,0.958982982744687,0.1905082717542881,0.0,1.610556489848438
1031,La0.5333Ni0.2TiO3,II,Other,True,False,50.7,49.58168,1.0000771,16.797724,32.70194,-0.00064850633,0.082666054,0.21653041,True,False,0.4162283,0.35699937,0.9665446385843356,1.1,1.6016666666666668,0.08497349949532136,0.8333333333333334,11.503197,0.0,0.0,0.447223718430258,0.8054538654869464,1.1,1.9468077937225308
1032,Ca0.75Ti0.75Sm0.25Al0.25O3,II,Ca,True,False,51.0,48.18032,1.1424016,24.999645,23.096153,-0.0016277812,0.08614852,0.24749279,True,False,0.517646,0.44398543,0.9659345463755856,1.0425,1.5575,0.06933865388751924,0.75,11.5925,0.0,0.0,0.6039895997757572,0.7244509097816894,0.0,0.923859238801191
1033,Ba3Sr2Nb4O15,Ib,Ba,True,False,51.0,50.249443,2.8967745,21.055775,28.786463,-0.00069615914,0.40790042,0.8259311,True,True,0.32474044,0.27853015,1.0197588971817757,0.914,1.6,0.08192,1.0,66.50999999999999,0.0,0.0,-0.0,0.5881446616909346,0.0,1.3671528594886677
1034,Ca0.7La0.3Mg0.15Ti0.85O3,III,Ca,True,False,51.2,54.880287,1.1168059,25.982454,28.80747,-0.0009360019,0.09129868,0.22720115,True,False,0.45226547,0.3879085,0.9601756563917714,1.03,1.5055,0.08613974339973321,0.85,12.157499999999999,0.0,0.0,0.4696767642288788,0.8161493079330057,0.0,1.1087278361004698
1035,La0.66Ni0.01TiO3,II,Other,True,False,51.4,48.748096,2.8500314,19.706964,28.982925,-0.0015014057,0.05970903,0.21127847,True,False,0.3980197,0.34138185,0.9729655280298236,1.1,1.5436633663366337,0.09115584757290618,0.9900990099009901,11.6775,0.0,0.0,0.05678043249708936,0.9633322059701224,1.1,1.470694572740885
1036,La0.3Al0.3Sr0.7Ti0.7O3,Ib,Sr,True,False,52.0,51.05224,1.6067876,31.77469,19.244537,-0.0070409803,0.040047556,0.15449631,True,False,0.17502464,0.1501188,1.0036354313615512,0.9949999999999999,1.561,0.06485006129225518,0.7,12.513,0.0,0.0,0.7601866870016453,0.6974551980469141,0.0,0.6056561684787484
1037,Li0.5Sm0.5TiO3,III,Other,True,False,52.0,52.86906,1.203355,22.073053,30.44162,-0.00040332414,0.35479045,0.45985112,True,False,1.0720859,0.91952896,0.899312863853215,1.075,1.54,0.09150625,1.0,10.57,0.5,0.0,-0.0,0.899312863853215,1.075,1.3791304718925832
1038,BaSm0.3Bi0.2Nb0.5O3,II,Ba,True,False,50.8,49.916656,0.72841877,20.602486,29.227108,-0.0004171153,0.08747561,0.18915397,True,False,0.31740853,0.2722416,0.9769759085515188,1.0783333333333334,1.43875,0.07057999932408329,0.625,14.749,0.16666666666666669,0.0,0.6370608960039827,0.36636596570681945,0.0,1.41862045192022
1039,Pb0.4Ca0.6Fe0.475Nb0.475Sn0.05O3,II,Ca,True,False,78.0,77.74901,1.5369763,26.538467,51.013866,-0.0003893765,0.19706774,0.21636157,True,False,0.41564798,0.35650164,0.9682249464257392,1.532,1.72725,0.049254981682224405,0.475,12.755249999999998,0.4,0.0,0.7300413515625879,0.2759441097313356,0.0,1.9222612217955166
1040,La0.5667Ti0.85Al0.15O3,II,Other,True,False,57.7,56.813812,1.1885519,14.269605,42.44133,-0.00054203277,0.103415966,0.20071606,True,False,0.36036757,0.30908757,0.9784982281648889,1.1,1.5505,0.0782604257547778,0.85,10.956803,0.0,0.0,0.43053703387647224,0.8317234939401555,1.1,2.974247009640421
1041,La0.6167Ni0.075TiO3,II,Other,True,False,58.0,59.550842,1.5846999,18.562912,40.889458,-0.00054985704,0.09902368,0.21291868,True,False,0.40374148,0.34628943,0.970503443867462,1.1,1.565813953488372,0.08894205530918828,0.9302325581395349,11.618053,0.0,0.0,0.2511626274816586,0.9027939012720578,1.1,2.2027501935041225
1042,BaTi0.4Ga0.3Nb0.3O3,Ib,Ba,True,False,66.0,68.23614,4.913399,23.983229,44.089794,-0.001407261,0.16452222,0.24848187,True,False,0.5207379,0.44663733,1.0536591145403504,0.89,1.6390000000000002,0.06747178743441094,0.7,13.804,0.0,0.0,1.2098888614946932,0.5488777135665968,0.0,1.8383593802152327
1043,La0.6133Ti0.92Al0.08O3,II,Other,True,False,66.9,64.833084,1.4349209,16.497694,48.216652,-0.0004970313,0.11923629,0.20557551,True,False,0.37786806,0.32409775,0.9761001880938636,1.1,1.5456,0.08446210167514638,0.92,11.297196999999999,0.0,0.0,0.2787693717685874,0.8980121730463546,1.1,2.9226297929880385
1044,Ca0.8Ti0.8Sm0.2Mg0.1Ti0.1O3,III,Ca,True,False,68.0,67.11422,2.3436189,26.542,40.43264,-0.00067623024,0.14025599,0.25891072,True,False,0.5528513,0.47418106,0.9537964020964091,1.034,1.5170000000000001,0.08805231599761787,0.9,11.965,0.0,0.0,0.373243413893885,0.8584167618867683,0.0,1.5233456408710722
1045,CaTi0.6Mg0.1333Nb0.2667O3,III,Ca,True,False,68.0,64.22977,2.622183,21.870686,42.247036,-0.000581629,0.11262538,0.24534681,True,False,0.51090926,0.43820733,0.9545779894855208,1.0,1.525343,0.08392710202813872,0.8667,11.934724,0.0,0.0,0.9963049063687471,0.7254983635687855,0.0,1.931674022479222
1046,Pb0.4Ca0.6Fe0.495Nb0.495Zr0.01O3,II,Ca,True,False,68.7,72.31615,2.0056736,26.785053,45.364727,-0.00041830592,0.16678803,0.21248408,True,False,0.40222856,0.3449918,0.9689831213724696,1.532,1.7111500000000002,0.05212021963415478,0.505,12.752849999999999,0.4,0.0,0.6322591330189424,0.29360188577585833,0.0,1.6936582877024735
1047,La0.6467Ni0.03TiO3,II,Other,True,False,69.4,66.07411,1.6752962,19.335083,46.63015,-0.00051975454,0.10940375,0.21175365,True,False,0.3996807,0.3428065,0.9721735056135404,1.1,1.5507766990291263,0.09046303225017735,0.970873786407767,11.659303,0.0,0.0,0.13413028906079577,0.9438577724403305,1.1,2.411686052757053
1048,Pb0.4Ca0.6Fe0.45Nb0.45Sn0.1O3,II,Ca,True,False,70.3,72.28696,1.5498534,26.267939,45.836082,-0.00042068894,0.18335597,0.2217577,True,False,0.4340368,0.37227374,0.9671017156294214,1.532,1.7395,0.04698109413252221,0.45,12.7635,0.4,0.0,0.8083353713183029,0.2611174632199438,0.0,1.7449439790460912
1049,La0.64Ti0.96Al0.04O3,II,Other,True,False,71.9,70.5955,1.5752623,18.06064,52.404076,-0.00047049663,0.13124743,0.20832558,True,False,0.38763633,0.33247602,0.9747351493731252,1.1,1.5428,0.08798994721909456,0.96,11.492,0.0,0.0,0.1648340709242809,0.9357457433982,1.1,2.901562513842256
1050,Pb0.5Ca0.5Zr0.95Ti0.05O3,III,Ca,True,False,72.0,70.69669,2.6244056,26.674992,43.716534,-0.00026854573,0.30543447,0.3375205,True,False,0.772785,0.6628184,0.9414712493981938,1.665,1.3405,0.12695740260609203,1.0,13.539,0.5,0.0,0.1985152433458726,0.5837121746268802,0.0,1.6388583734158197
1051,La0.64Ti0.96Al0.04O3,II,Other,True,False,72.0,66.81881,1.6880763,18.06064,48.644783,-0.0005096524,0.11389315,0.20832558,True,False,0.38763633,0.33247602,0.9747351493731252,1.1,1.5428,0.08798994721909456,0.96,11.492,0.0,0.0,0.1648340709242809,0.9357457433982,1.1,2.6934141315036455
1052,Pb0.5Ca0.5ZrO3,III,Ca,True,False,74.0,73.82511,1.6113272,25.953053,47.50758,-0.00025207695,0.3647272,0.34638053,True,False,0.7957394,0.6825064,0.9389177306793072,1.665,1.33,0.1296,1.0,13.555,0.5,0.0,-0.0,0.5633506384075843,0.0,1.830519900683746
1053,CaTi0.7Al0.15Ta0.15O3,II,Ca,True,False,65.4,63.44314,1.7495472,25.77965,37.566788,-0.0007893703,0.09748856,0.24022293,True,False,0.49466097,0.42427117,0.9688573974002452,1.0,1.5444999999999998,0.07690223260090356,0.85,11.9025,0.0,0.0,0.9097871735809745,0.7217987610631827,0.0,1.4572264557509509
1054,Pb0.1Fe0.0667W0.0333Pb0.18Ca0.72Fe0.45Nb0.45O3,III,Ca,True,False,65.3,64.0794,0.8025922,24.110746,39.79025,-0.0004410373,0.17884573,0.22493486,True,False,0.44471437,0.3814319,0.9637083256330616,1.3724,1.7441490000000002,0.046039846447934886,0.45,12.462879,0.28,0.0,0.602811085261156,0.2698286940940009,0.0,1.6503118567961357
1055,Pb0.4Ca0.6Mg0.255Nb0.255Sn0.01O3,III,Ca,True,False,65.0,63.31485,1.2364324,10.871678,52.22367,-0.00026101668,0.21976963,0.20326833,True,False,0.36959797,0.3170045,0.9517865151221347,1.532,1.4647115384615386,0.060995952999168164,0.49038461538461536,11.222099999999998,0.4,0.0,0.7748475443432851,0.28004487848785886,0.0,4.803643926908063
1056,La0.3Mg0.15Ti0.85Ca0.7O3,III,Ca,True,False,58.8,54.880287,1.1168059,25.982454,28.80747,-0.0009360019,0.09129868,0.22720115,True,False,0.45226547,0.3879085,0.9601756563917714,1.03,1.5055,0.08613974339973321,0.85,12.157499999999999,0.0,0.0,0.4696767642288788,0.8161493079330057,0.0,1.1087278361004698
1057,CaZr0.5Ti0.5O3,III,Ca,True,False,59.0,57.828156,2.265326,22.514524,35.172626,-0.00039198512,0.14139734,0.35309044,True,False,0.8129394,0.69725883,0.9393806450672196,1.0,1.435,0.10727159453882466,1.0,12.28,0.0,0.0,0.7547602632763848,0.7515045160537757,0.0,1.5622193922465337
1058,La0.6333Ni0.05TiO3,II,Other,True,False,59.6,63.01938,1.0315357,18.977993,43.937138,-0.00052918296,0.10477314,0.2122571,True,False,0.4014375,0.3443133,0.9714128712389736,1.1,1.5576190476190475,0.08978066875235864,0.9523809523809523,11.640697,0.0,0.0,0.19286218626851523,0.9251551154656891,1.1,2.3151625148138684
1059,BaTi0.85Mn0.15O3,Ib,Ba,True,False,60.0,62.251404,1.6724236,32.508236,29.63602,-0.0017376479,0.10888292,0.254384,True,False,0.5390191,0.46231717,1.0583746451374976,0.89,1.5414999999999999,0.0819620854794013,0.85,14.1565,0.0,0.0,0.43836497994695345,0.8003815516331271,0.0,0.9116465132097602
1060,CaTi0.4Mg0.2Ta0.4O3,III,Ca,True,False,60.2,49.46074,2.2904465,22.255766,27.105967,-0.0005721405,0.09957987,0.25807983,True,False,0.5503244,0.4720137,0.9488112538938004,1.0,1.4780000000000002,0.07979489876218117,0.8,12.074000000000002,0.0,0.0,1.0549201679861442,0.49338185202477625,0.0,1.2179300860729754
1061,BaPr0.3Bi0.02Nb0.5O3,II,Ba,True,False,60.7,52.830055,3.904678,13.384011,39.330032,-0.00040670228,0.11642106,0.22208813,True,False,0.4351523,0.37323052,0.9792391650689792,0.912156862745098,1.4237499999999998,0.0712069218735034,0.625,13.9672,0.0196078431372549,0.0,0.6370608960039827,0.36721468690086717,0.0,2.9385833589048906
1062,Ca2Ba3Ta2TiO12,Ib,Ba,True,False,61.0,63.415577,2.049787,0.0,60.56068,-0.0003787817,0.7858566,0.98719084,False,True,0.20094916,0.17235428,1.011679808875938,0.934,1.5133333333333332,0.08488417238353166,1.0,56.33,0.0,0.0,0.719025264184881,0.5271041019328331,0.0,
1063,Ca0.68Nd0.08Ti0.8Sm0.2Al0.2O3,III,Ca,False,True,58.0,54.115456,2.8521247,24.56027,29.431814,-0.0012572892,0.12462692,0.25271595,True,False,0.53388125,0.45791042,0.9636446005120536,1.0470833333333334,1.5540000000000003,0.07380873729123276,0.8,11.5892,0.0,0.0,0.5189358466321948,0.770915680409643,0.0,1.1983505881653582
1064,CaTi0.6Mg0.1333Nb0.2667O3,III,Ca,True,False,62.9,64.22977,2.622183,21.870686,42.247036,-0.000581629,0.11262538,0.24534681,True,False,0.51090926,0.43820733,0.9545779894855208,1.0,1.525343,0.08392710202813872,0.8667,11.934724,0.0,0.0,0.9963049063687471,0.7254983635687855,0.0,1.931674022479222
1065,Pb0.4Ca0.6Mg0.3233Nb0.6467Sn0.03O3,III,Ca,True,False,63.0,60.4588,1.41687,20.477526,39.791847,-0.00033809018,0.18977132,0.20017222,True,False,0.3583893,0.3073908,0.957692495043124,1.532,1.517043,0.06884449338319643,0.6467,12.559624,0.4,0.0,0.7131380659601565,0.371603841926633,0.0,1.9431960188940791
1066,La0.6Ti0.9Al0.1O3,II,Other,True,False,63.0,59.65209,1.3606963,15.8034935,43.74819,-0.00054516713,0.10094514,0.20419279,True,False,0.37291998,0.31985378,0.9767841421796152,1.1,1.5470000000000002,0.08269383259115037,0.9,11.2,0.0,0.0,0.3250829733914482,0.8791057279616535,1.1,2.768260701344295
1067,La0.6533Ni0.02TiO3,II,Other,True,False,63.3,61.20144,2.5185714,19.516184,41.59192,-0.0005729516,0.093906805,0.21151218,True,False,0.39883703,0.3420829,0.972565473127012,1.1,1.5472549019607842,0.09080811848209601,0.9803921568627451,11.668197,0.0,0.0,0.09865360430785726,0.9534955618892275,1.1,2.131150228958694
1068,BaMg0.2W0.2Ti0.6O3,Ib,Ba,True,False,63.9,64.500175,1.708383,24.011019,40.386124,-0.011503739,0.11453812,0.26773262,True,False,0.57936466,0.49692157,1.0500204298823423,0.89,1.658,0.05627531979754245,0.6,13.876,0.0,0.0,1.055856154703594,0.626986516277654,0.0,1.6819829262556496
1069,Pb0.4Ca0.6Mg0.3367Nb0.6733Sn0.01O3,III,Ca,True,False,64.7,61.588734,1.4622804,21.028812,40.369,-0.00033463445,0.19125551,0.19836809,True,False,0.35179797,0.30173743,0.9579083969103932,1.532,1.507800980392157,0.07012075692001087,0.6600980392156863,12.601575999999998,0.4,0.0,0.6498560557258806,0.37938807272927505,0.0,1.9196995056116344
1070,La0.6Ti0.9Al0.1O3,II,Other,True,False,62.6,62.3579,1.3602757,15.8034935,46.44055,-0.00050941866,0.11436151,0.20419279,True,False,0.37291998,0.31985378,0.9767841421796152,1.1,1.5470000000000002,0.08269383259115037,0.9,11.2,0.0,0.0,0.3250829733914482,0.8791057279616535,1.1,2.9386255640248153
1071,SrLa0.5Nb0.5O3,III,Sr,True,False,37.0,33.229954,0.9576143,15.407056,17.652153,-0.00030752487,0.17105177,0.5,True,False,1.5133551,1.0,0.8981141585732536,0.95,1.35,0.0665607499633807,0.5,13.834999999999999,0.0,0.0,0.8086717106532696,0.2694342475719761,0.0,1.1457187537969615
1072,CaLi0.2667Nb0.5333Sn0.2O3,III,Ca,True,False,23.3,23.318996,2.1672144,0.0,21.426174,-0.00037481225,0.38823584,0.99585134,False,True,0.86324245,0.74040383,0.9231360744302164,0.9957890581826794,1.6981862811945996,0.06511337924136207,0.7272603300150006,11.385233,0.21054709086602985,0.0,0.4991551808411346,0.40281614768332275,0.0,
1073,BaLa0.5Ta0.5O3,III,Ba,True,False,37.0,33.254524,0.8195455,15.875515,17.273844,-0.00034841878,0.105514504,0.377747,True,False,0.87494254,0.750439,0.9518745131357372,0.89,1.3,0.0665607499633807,0.5,15.125,0.0,0.0,0.834343828451786,0.14278117697036055,0.0,1.0880808591091375
1074,BaTi0.1Co0.45W0.45O3,Ib,Ba,True,False,24.0,21.936764,1.3727736,19.102285,4.039177,-1.1850603,-0.019638604,0.25513503,True,False,0.5413251,0.464295,1.0303238104182535,0.89,2.0620000000000003,0.009790128901516858,0.1,13.8355,0.0,0.0,1.0016329601118101,0.2278739045517104,0.0,0.2114499391041438
1075,Ba0.98Zn0.5W0.5O2.98,Ia,Ba,True,False,24.0,21.656336,1.4071113,16.865803,4.755565,-0.014084682,0.049052123,0.24785495,True,False,0.51877904,0.44495726,1.0282084112905834,0.89,2.005,0.0,0.0,13.605,0.0,0.0,0.6418029449629123,0.1457687383064125,0.0,0.281964932235957
1076,BaMg0.333Ta0.667O3,Ib,Ba,True,False,24.0,24.529795,0.23562057,22.032959,2.561711,-0.023508612,-0.041367766,0.21273692,True,False,0.40310887,0.34574685,1.029880100729449,0.89,1.4367300000000003,0.07075562717619638,0.667,14.1241,0.0,0.0,0.7729658559084461,0.1941209918440373,0.0,0.11626722493333735
1077,CaIn0.5Ta0.5O3,III,Ca,False,True,24.0,24.20015,3.3565962,17.091196,7.0347795,-0.0005320017,0.07470612,0.39891317,True,False,0.9268991,0.79500216,0.9139021605901604,1.0,1.6400000000000001,0.0591907514450867,0.5,12.31,0.0,0.0,0.8215077695525277,0.13708532408852406,0.0,0.4116025291617977
1078,CaPr0.5Ta0.5O3,III,Ca,True,False,24.0,22.737532,1.1874024,14.416182,8.198476,-0.00034241372,0.12321679,0.5,True,False,1.807145,1.0,0.8747054539282801,1.0,1.315,0.06549670598600167,0.5,12.795,0.0,0.0,0.8215077695525277,0.131205818089242,0.0,0.5686995350086451
1079,BaMg0.283Ta0.567Sn0.15O3,Ib,Ba,True,False,24.0,24.721195,0.48074457,21.578625,3.1745903,-0.016499717,-0.015520446,0.2003823,True,False,0.35915405,0.30804673,1.028138875328001,0.89,1.51523,0.06114231209954033,0.5670000000000001,14.1206,0.0,0.0,1.1704920382951736,0.16531357730670704,0.0,0.14711735803370235
1080,BaTi0.5Ni0.25W0.25O3,Ib,Ba,True,False,24.2,23.715984,0.6101442,24.928478,2.0452867,-3.2151706,-0.042609278,0.2654049,True,False,0.57242405,0.4909686,1.0510574870970408,0.89,1.8375,0.04681221086568402,0.5,13.917499999999999,0.0,0.0,1.09748303588658,0.5456419449192015,0.0,0.08204619231065773
1081,BaHfO3,Ia,Ba,True,False,24.2,24.78476,1.2199692,19.295958,5.474298,-0.0014472167,0.015949976,0.15835679,True,False,0.1920801,0.16474727,1.0087163087068758,0.89,1.3,0.0,0.0,14.299999999999999,0.0,0.0,-0.0,0.5947702147758746,0.0,0.2837017991021747
1082,CaNd0.5Ta0.5O3,III,Ca,False,True,24.4,22.71043,1.207346,14.008681,8.573637,-0.00033655105,0.12845021,0.5,True,False,1.6485882,1.0,0.8760897944612888,1.0,1.3199999999999998,0.0653095665934298,0.5,12.69,0.0,0.0,0.8215077695525277,0.1314134691691933,0.0,0.6120231447914333
1083,BaMg0.33Ta0.63Ti0.017W0.017O3,Ib,Ba,True,False,24.5,24.495611,0.23976696,21.741928,2.805656,-0.024225619,-0.02774607,0.21555331,True,False,0.4128652,0.35411483,1.03055994997444,0.89,1.4523138832997988,0.06859124418896195,0.6509054325955734,14.085650000000001,0.0,0.0,0.9413440256756365,0.20588409915532768,0.0,0.12904356964111002
1084,Ba0.9925Mg0.33Ta0.67O3,Ib,Ba,True,False,24.7,24.198765,0.1883018,21.680569,2.5912614,-0.019466233,-0.053598125,0.21300976,True,False,0.4040582,0.34656107,1.0299997151430065,0.89,1.4373,0.07088552568640581,0.67,14.0917,0.0,0.0,0.7516191238070585,0.19497005725625574,0.0,0.11951999045781503
1085,BaMg0.33Ta0.53Ti0.067W0.067O3,Ib,Ba,True,False,23.6,23.841915,0.76560193,21.379652,2.9020514,-0.40925497,-0.030534763,0.2238228,True,False,0.44098926,0.3782369,1.032445916400471,0.89,1.497585513078471,0.06224110644010541,0.6006036217303823,14.01615,0.0,0.0,1.2542889983852124,0.2395523742191591,0.0,0.13573894467505832
1086,SrHfO3,III,Sr,True,False,23.5,22.961563,1.084825,21.257816,1.717969,-0.0030473433,-0.011172898,0.28981596,True,False,0.6434189,0.551861,0.9517456201752582,0.95,1.3,0.0,0.0,13.299999999999999,0.0,0.0,-0.0,0.5710473721051549,0.0,0.0808158749704109
1087,Sr3Zn0.5Mg0.5Nb2O9,II,Sr,False,True,22.3,30.807495,2.1807747,20.559778,10.167354,-0.0149177015,0.0952821,0.77872795,True,True,0.15055895,0.12913455,0.9701368398887896,0.95,1.56,0.07099946758372738,0.6666666666666666,38.56999999999999,0.0,0.0,0.8354312570562218,0.3880547359555159,0.0,0.4945264486805256
1088,La0.952Na0.048Mg0.5W0.5O3,III,Other,False,True,22.6,25.910503,1.7698859,19.237495,6.6279564,-0.004599975,0.049652625,0.19909163,True,False,0.35444674,0.3040093,0.9478800727377572,1.0918400000000001,1.835,0.0,0.0,12.13008,0.048,0.0,0.7188192983584617,0.14218201091066357,1.0918400000000001,0.3445332357461302
1089,La0.907Na0.0938Mg0.5W0.5O3,III,Other,False,True,22.6,25.435247,1.7423905,18.124823,7.262429,-0.0039438372,0.05194079,0.1959993,True,False,0.34307474,0.2942555,0.9483509339761154,1.084066746602718,1.835,0.0,0.0,12.028469999999999,0.0937250199840128,0.0,0.7188192983584617,0.1422526400964173,1.084066746602718,0.40068965087272856
1090,CaLi0.2333Nb0.4667Sn0.3O3,III,Ca,True,False,22.6,19.708933,2.5042386,0.0,20.4253,-0.00040946147,0.39361686,0.99602586,False,True,0.8884006,0.761982,0.9225345910672564,0.9962166545041757,1.740863440719969,0.056793426064104174,0.6087126646667537,11.464767,0.18916727479121057,0.0,0.5701618614146864,0.3369350935054821,0.0,
1091,Ba0.99Zn0.5W0.5O2.99,Ia,Ba,True,False,23.0,22.132725,1.4146985,17.412909,4.6858015,-0.014889109,0.04890389,0.24785495,True,False,0.51877904,0.44495726,1.0282084112905834,0.89,2.005,0.0,0.0,13.677499999999998,0.0,0.0,0.6418029449629123,0.1457687383064125,0.0,0.26909929294410256
1092,CaLa0.5Ta0.5O3,III,Ca,True,False,23.0,21.561203,1.1668373,14.731372,6.7124853,-0.00036855583,0.11771418,0.5,True,False,2.0187564,1.0,0.8664904205953222,1.0,1.3,0.0665607499633807,0.5,13.045,0.0,0.0,0.8215077695525277,0.12997356308929833,0.0,0.4556592081172073
1093,NdMg0.5Ti0.5O3,III,Other,True,False,23.0,24.240843,0.33531612,18.793713,5.425838,-0.0020274783,0.0233212,0.30059302,True,False,0.6736174,0.57776225,0.9153818694633123,1.14,1.425,0.06763044570776824,0.5,11.535,0.0,0.0,0.8471798873510443,0.4576909347316562,1.14,0.2887049514909587
1094,Ca0.07Mg0.93TiO3,III,Ca,True,False,23.0,21.472954,0.95924795,9.767429,11.686336,-0.001454743,0.020643538,0.6988395,True,False,0.49071765,0.42088896,0.9403314591034302,1.0,1.4291709844559586,0.06888865532375123,0.5181347150259067,10.4088,0.0,1.0,0.589898293018876,0.4872183725924508,0.0,1.1964597848625262
1095,LaAlO3,Ia,Other,True,False,23.4,22.428547,0.61143243,18.004278,4.3873453,-0.0111826835,0.048104823,0.1496284,True,False,0.1530146,0.13124076,1.0085864165761609,1.1,1.61,0.0,0.0,10.91,0.0,0.0,-0.0,0.0,1.1,0.24368349011273877
1096,BaZn0.1667Co0.1667Ta0.2222Nb0.2222Sb0.2222O3,Ib,Ba,True,False,24.9,24.140661,0.51020944,16.892199,7.229232,-0.0017915142,0.021024916,0.11920293,True,False,0.0,0.0,1.0305555388693273,0.89,1.7327809999999997,0.0,0.4444,13.562756999999998,0.0,0.0,1.866655688020703,0.1938695033369119,0.0,0.42796275369476755
1097,BaCo0.3333Ta0.6667O3,Ib,Ba,True,False,25.0,26.157541,0.4878774,24.44181,2.2796788,-0.48478612,-0.07916306,0.19779532,True,False,0.34969595,0.29993454,1.0257325308122245,0.89,1.6266539999999998,0.07138532391180287,0.6667,14.393382999999998,0.0,0.0,0.7072122898763916,0.19486323651224702,0.0,0.09326963919611518
1098,CaEr0.5Ta0.5O3,III,Ca,True,False,26.4,25.905323,1.1224205,14.107062,11.659896,-0.00035142188,0.13871285,0.5,True,False,1.1911294,1.0,0.8949065036725822,1.0,1.37,0.06252175823328772,0.5,12.285,0.0,0.0,0.8215077695525277,0.13423597555088732,0.0,0.8265290107890643
1099,BaTi0.3Zn0.35W0.35O3,Ib,Ba,True,False,26.4,26.326187,2.2703953,21.143354,6.1956334,-1.0252671,0.012467581,0.24881074,True,False,0.52176404,0.44751748,1.037986545414049,0.89,1.8655,0.02887363029412397,0.3,13.885,0.0,0.0,1.1529004491811365,0.3896154491073101,0.0,0.29302982866389127
1100,BaTi0.55Ni0.225W0.225O3,Ib,Ba,True,False,26.5,26.50205,0.4016188,25.69731,2.7901833,-1.9579184,-0.027524132,0.2651543,True,False,0.57167447,0.4903257,1.0520965948450365,0.89,1.80775,0.05137451107300353,0.55,13.94575,0.0,0.0,1.055613658574762,0.5853303526831901,0.0,0.10857880844337402
1101,CaEu0.5Ta0.5O3,III,Ca,True,False,26.8,24.256512,1.2493117,14.006432,10.116825,-0.00033588446,0.1335944,0.5,True,False,1.4066161,1.0,0.8832790428316117,1.0,1.35,0.06429948062655297,0.5,12.525,0.0,0.0,0.8215077695525277,0.13249185642474176,0.0,0.7222985125690826
1102,CaY0.5Ta0.5O3,III,Ca,True,False,27.0,26.11684,0.99334115,13.854187,12.123939,-0.00034889425,0.13906176,0.5,True,False,1.276762,1.0,0.8928445071203412,1.0,1.3599999999999999,0.06285064787451694,0.5,12.285,0.0,0.0,0.8215077695525277,0.13392667606805117,0.0,0.8751101020940457
1103,Ca0.6Ba0.4Y0.5Ta0.5O3,III,Ca,True,False,27.0,27.472824,0.7743886,14.591667,12.770212,-0.00035893428,0.11130484,0.35374177,True,False,0.81460094,0.698684,0.928036918349902,0.956,1.3599999999999999,0.06285064787451694,0.5,13.116999999999999,0.0,0.0,0.8215077695525277,0.1392055377524853,0.0,0.8751715619606726
1104,Ba5Nb2Ta2O15,Ib,Ba,True,False,27.0,28.725739,1.16015,23.014235,5.64599,-0.00512433,0.07063939,0.8694517,True,True,0.522396,0.44805953,1.043329123221327,0.89,1.55,0.08192,1.0,69.67,0.0,0.0,0.7573274750562365,0.43050189455040266,0.0,0.24532599063145052
1105,BaMg0.1333Zn0.2Ta0.6667O3,Ib,Ba,True,False,27.0,26.8231,0.5404074,23.318537,3.5267117,-0.006447143,-0.015703853,0.20152216,True,False,0.36329216,0.311596,1.0278786956123775,0.89,1.504673,0.07105280248344344,0.6667,14.26741,0.0,0.0,1.0202047261635363,0.19443398209056836,0.0,0.15124069318757005
1106,CaZrO3,III,Ca,True,False,27.0,25.413319,1.4378185,18.237528,7.106683,-0.00042363018,0.06953106,0.46079668,True,False,1.0743046,0.921432,0.9139021605901604,1.0,1.33,0.1296,1.0,12.44,0.0,0.0,-0.0,0.5483412963540962,0.0,0.38967358953472203
1107,BaMg0.3Ta0.6Ti0.1O3,Ib,Ba,True,False,26.3,26.124521,0.30299604,22.887728,3.292028,-0.020282902,-0.03495257,0.2168783,True,False,0.41742313,0.35802418,1.032948998481683,0.89,1.447,0.07311126688009142,0.7,14.130999999999998,0.0,0.0,1.0642319702006278,0.27077428042512874,0.0,0.1438337610443466
1108,CaYb0.5Ta0.5O3,III,Ca,True,False,25.8,26.197128,0.88540334,14.2154455,11.8535595,-0.00034236442,0.12846403,0.46719965,True,False,1.0893133,0.93430495,0.8994765925957012,1.0,1.3,0.061770899133693095,0.5,12.205,0.0,0.0,0.8215077695525277,0.13492148888935518,0.0,0.8338507224413051
1109,Sr2AlNbO6,Ib,Sr,True,False,25.0,22.429592,1.053238,21.759096,3.119823,-2.4028308,-0.04649704,0.7880452,True,True,0.18257082,0.15659115,1.010406670978513,0.95,1.605,0.04407558859742286,0.5,24.369999999999997,0.0,0.0,0.8215077695525277,0.29687799870644604,0.0,0.14338017535287312
1110,SmMg0.5Ti0.5O3,III,Other,True,False,25.0,25.335827,0.28281337,18.73566,6.552331,-0.0011450964,0.04898274,0.34569025,True,False,0.79396105,0.6809811,0.9050966799187808,1.17,1.425,0.06763044570776824,0.5,11.344999999999999,0.0,0.0,0.8471798873510443,0.45254833995939037,1.17,0.34972512310748594
1111,NdAlO3,II,Other,True,False,22.3,20.020212,0.5542397,16.184734,3.7860723,-0.01094445,0.06034983,0.18923898,True,False,0.3177316,0.27251866,0.975697729079112,1.14,1.61,0.0,0.0,10.2,0.0,0.0,-0.0,0.0,1.14,0.23392860827987658
1112,Ba4LiTa2SbO12,Ib,Ba,False,True,25.1,38.44729,1.542335,0.0,19.299215,-0.000507809,0.50784266,0.9820138,False,True,0.0,0.0,1.0118139796583825,0.9080000000000001,1.6833333333333331,0.0,0.6666666666666666,52.88,0.2,0.0,0.6978081252417206,0.19763720406832352,0.0,
1113,CaLi0.3Nb0.6Sn0.1O3,III,Ca,True,False,25.2,23.187366,1.9435835,0.0,23.798288,-0.00035071737,0.4235673,0.9956377,False,True,0.8338421,0.71518713,0.9241087387818824,0.9953846153846153,1.6514285714285717,0.07348997952441368,0.8571428571428572,11.306000000000001,0.23076923076923075,0.0,0.3493583452086447,0.47525592280211093,0.0,
1114,BaTi0.5Zn0.25W0.25O3,Ib,Ba,True,False,25.4,25.728893,2.0598292,23.917797,4.4717474,-2.6670802,0.006428966,0.25156006,True,False,0.53030777,0.45484546,1.044609281654728,0.89,1.7725,0.04742101049259463,0.5,13.975,0.0,0.0,1.0936322182168026,0.5493496630485314,0.0,0.18696318059727657
1115,Ba5Nb3TaO15,Ib,Ba,True,False,25.7,31.75697,1.7931103,21.57411,10.039482,-0.0021192003,0.14549743,0.87211543,True,True,0.5361972,0.4598968,1.043329123221327,0.89,1.5750000000000002,0.08192,1.0,69.09,0.0,0.0,0.6248168273542315,0.5022522103088031,0.0,0.46534860534223654
1116,CaSm0.5Ta0.5O3,III,Ca,True,False,25.8,23.797283,1.2833372,14.116789,9.547426,-0.000333167,0.13340092,0.5,True,False,1.4671528,1.0,0.881069841041901,1.0,1.335,0.06461682516217973,0.5,12.594999999999999,0.0,0.0,0.8215077695525277,0.13216047615628515,0.0,0.6763171143239443
1117,BaMg0.3183Ta0.67O3,Ib,Ba,True,False,25.1,24.448948,0.1710274,22.036493,2.4978461,-0.026830912,-0.058560587,0.21372947,True,False,0.40655783,0.34870502,1.030316101647173,0.89,1.4388070423960335,0.07122567547303299,0.6779318020843873,14.115556,0.0,0.0,0.7447924021562792,0.19721386579876377,0.0,0.11335043647825449
1118,BaYb0.5Ta0.5O3,Ib,Ba,True,False,22.1,26.506098,2.0299726,15.859211,10.618467,-0.00059645856,0.029016804,0.14094526,True,False,0.11224123,0.09626941,0.988111147340533,0.89,1.3,0.061770899133693095,0.5,14.285,0.0,0.0,0.8728520051495607,0.14821667210107994,0.0,0.6695457296078601
1119,La0.823Na0.176Mg0.5W0.5O3,III,Other,False,True,22.1,24.251211,1.5202013,16.292759,7.755957,-0.0053644115,0.20785768,0.6347437,True,False,0.3221531,0.27631098,0.949199988903205,1.0700500500500503,1.835,0.0,0.0,11.83287,0.17617617617617617,1.0,0.7444914161569783,0.14237999833548073,1.0700500500500503,0.47603705425213744
1120,Ca5Nb2HfO12,III,Ca,False,True,22.0,36.213585,2.0389204,0.0,25.961538,-0.00032514374,0.35834384,0.9949234,False,True,0.7450289,0.639012,0.9390012506225236,1.0,1.5,0.06182572087313232,0.6666666666666666,49.03,0.0,0.0,0.8015363600749494,0.5634007503735141,0.0,
1121,BaMg0.5W0.5O3,Ia,Ba,True,False,17.0,17.71764,0.6881633,16.033232,2.128778,-0.45165163,0.0072809956,0.2864225,True,False,0.6337739,0.54358846,1.0331997142580136,0.89,1.835,0.0,0.0,13.39,0.0,0.0,0.7958356517540113,0.14502004286129797,0.0,0.13277285577854794
1122,BaMg0.34W0.35Ti0.31O3,Ib,Ba,True,False,17.1,14.881045,0.5426407,19.523315,1.863191,-6.4389353,-0.0665252,0.27604342,True,False,0.6038391,0.51791334,1.042128631905162,0.89,1.7488000000000001,0.029431846308710524,0.31,13.6491,0.0,0.0,1.2192219474521182,0.3975166177593577,0.0,0.09543415142356716
1123,BaNi0.5W0.5O3,Ia,Ba,True,False,17.1,18.104897,0.7535465,19.140003,0.9778369,-2.0053396,-0.0076029776,0.27158505,True,False,0.5907681,0.5067023,1.0407781962696858,0.89,2.135,0.0,0.0,13.635,0.0,0.0,0.7444914161569783,0.1438832705595471,0.0,0.051088649254652674
1124,BaMg0.33Ta0.13Ti0.267W0.267O3,Ib,Ba,True,False,17.4,16.259335,0.45118326,20.010553,2.0529816,-5.753398,-0.050799318,0.26077253,True,False,0.5584947,0.4790214,1.040059319024194,0.89,1.678672032193159,0.03881541344929591,0.3993963782696177,13.73815,0.0,0.0,1.5464634284727141,0.3728703188377854,0.0,0.10259494577686082
1125,DyAlO3,III,Other,True,False,17.6,16.95067,0.40360758,15.408687,1.5826889,-0.080562025,0.039855637,0.27410713,True,False,0.59817857,0.5130583,0.93915474297128,1.22,1.61,0.0,0.0,9.559999999999999,0.0,0.0,-0.0,0.0,1.22,0.10271406642240186
1126,BaNi0.5W0.5O3,Ia,Ba,True,False,18.1,18.104897,0.7535465,19.140003,0.9778369,-2.0053396,-0.0076029776,0.27158505,True,False,0.5907681,0.5067023,1.0407781962696858,0.89,2.135,0.0,0.0,13.635,0.0,0.0,0.7444914161569783,0.1438832705595471,0.0,0.051088649254652674
1127,SrNi0.5W0.5O3,II,Sr,True,False,18.3,20.62994,0.6415669,20.718763,0.9350425,-1.0212857,-0.0025780553,0.13294092,True,False,0.07275136,0.062398903,0.9819967034571124,0.95,2.135,0.0,0.0,12.635,0.0,0.0,0.8061044988734178,0.14729950551856685,0.0,0.04513022809325055
1128,GdAlO3,III,Other,True,False,18.4,17.857794,0.5099177,14.892808,2.9316056,-0.02788735,0.06126771,0.2322998,True,False,0.46906185,0.40231475,0.957426236025196,1.2,1.61,0.0,0.0,9.77,0.0,0.0,-0.0,0.0,1.2,0.19684706873277358
1129,Sr2AlNbO6,Ib,Sr,True,False,19.0,22.387196,1.0520401,21.759096,3.0971704,-2.4246602,-0.044412706,0.7880452,True,True,0.18257082,0.15659115,1.010406670978513,0.95,1.605,0.04407558859742286,0.5,24.369999999999997,0.0,0.0,0.7958356517540113,0.29687799870644604,0.0,0.1423391118822216
1130,Ba.2Sr0.8SmSbO6,Ia,Other,True,False,19.0,19.159235,2.1079972,0.0,16.081753,-0.0011966748,0.5224062,0.9820138,False,True,0.0,0.0,1.0003035572428265,1.0071428571428571,2.05,0.0,0.0,24.412,0.0,0.0,-0.0,0.0,0.0,
1131,BaZn0.5W0.5O3,Ia,Ba,True,False,19.0,22.636126,1.4222265,17.992693,4.6105266,-0.01583128,0.04873681,0.24785495,True,False,0.51877904,0.44495726,1.0282084112905834,0.89,2.005,0.0,0.0,13.75,0.0,0.0,0.6418029449629123,0.1457687383064125,0.0,0.25624438765225416
1132,NdMg0.47Ba0.03Sn0.5O3,III,Other,True,False,19.1,18.827223,0.6549474,15.589814,3.1333895,-0.00094658334,0.10496642,0.40122527,True,False,0.9325149,0.7998189,0.9004252947795915,1.1327184466019418,1.6450515463917528,0.0,0.0,11.602599999999999,0.0,0.0,0.8209408459784415,0.0,1.1327184466019418,0.20098953714264967
1133,BaMg0.33W0.35Ti0.32O3,Ib,Ba,True,False,16.3,15.269971,0.52086836,19.793653,1.8497326,-6.306197,-0.06721841,0.2771923,True,False,0.6071862,0.52078414,1.042715761008969,0.89,1.7511,0.030178685052858912,0.32,13.665199999999999,0.0,0.0,1.2199059780966064,0.40684580157118816,0.0,0.09345079455520414
1134,ErAlO3,III,Other,True,False,16.3,16.599703,0.41416046,15.329592,1.332152,-0.10539703,0.04335562,0.30743003,True,False,0.6924548,0.5939191,0.9281918471389304,1.24,1.61,0.0,0.0,9.389999999999999,0.0,0.0,-0.0,0.0,1.24,0.08690068202728422
1135,Pb0.6Ca0.4Fe0.45Nb0.45Sn0.1O3,II,Other,True,False,142.6,140.06923,2.2810051,31.577717,107.846985,-0.00026244755,0.6447897,0.19421989,True,False,0.33646935,0.28859007,0.977463519725451,1.798,1.7395,0.04698109413252221,0.45,13.209499999999998,0.6,0.0,0.8083353713183029,0.26391515032587176,0.0,3.415287590296664
1136,BaMg0.335W0.335Ti0.33O3,Ib,Ba,True,False,13.1,14.697527,1.0695727,19.6518,1.9762824,-6.864732,-0.06582417,0.2739681,True,False,0.5977712,0.5127089,1.0423838241650991,0.89,1.73765,0.03148229326574837,0.33,13.6573,0.0,0.0,1.2206524963192988,0.41225376369692485,0.0,0.10056495588190395
1137,BaTi0.39Co0.305W0.305O3,Ib,Ba,True,False,14.0,17.653849,1.7758372,22.461136,1.9154228,-6.6707473,-0.051963143,0.25413924,True,False,0.53826654,0.46167168,1.040180537525631,0.89,1.8938,0.037340631308765734,0.39,13.95295,0.0,0.0,1.131996306511649,0.4621530711814087,0.0,0.08527720058326524
1138,BaMg0.35W0.33Ti0.32O3,Ib,Ba,True,False,14.4,14.838443,0.5544491,19.252562,1.9569423,-6.3096633,-0.061397634,0.2713569,True,False,0.5900956,0.5061255,1.0414911975785417,0.89,1.7301000000000002,0.03092582985388289,0.32,13.633199999999999,0.0,0.0,1.2199059780966064,0.4016151882145911,0.0,0.1016458121261991
1139,NdMg0.45Co0.05Sn0.5O3,III,Other,True,False,19.2,18.417475,0.79830855,15.361794,2.9828231,-0.0011884086,0.07404656,0.4183095,True,False,0.9736979,0.83514154,0.8963680027385552,1.14,1.6635,0.0,0.0,11.5255,0.0,0.0,0.9824573587009537,0.0,1.14,0.1941715336112436
1140,BaMg0.34W0.32Ti0.34O3,Ib,Ba,True,False,14.4,15.459429,0.50597584,19.51189,2.0019863,-5.9962974,-0.05815023,0.27077147,True,False,0.5883683,0.50464404,1.0420520985907014,0.89,1.7242000000000002,0.03281645826853287,0.34,13.6494,0.0,0.0,1.2202328226146546,0.41766528501445427,0.0,0.10260340233570402
1141,BaMg0.34W0.33Ti0.33O3,Ib,Ba,True,False,15.1,15.226024,0.5158986,19.515697,1.9363873,-6.165241,-0.0608199,0.2725141,True,False,0.59350276,0.50904787,1.0420776084464776,0.89,1.7324000000000002,0.03167582556390709,0.33,13.6493,0.0,0.0,1.2205695745007996,0.41094870597646116,0.0,0.0992220416211627
1142,BaMg0.35W0.34Ti0.31O3,Ib,Ba,True,False,15.4,14.67175,0.5603099,19.256268,1.9127327,-6.433544,-0.063706085,0.2731175,True,False,0.59527594,0.5105687,1.0415166799792068,0.89,1.7383,0.029794164475720204,0.31,13.633099999999999,0.0,0.0,1.2192219474521182,0.39489512784856684,0.0,0.09933039465383428
1143,BaMg0.33W0.33Ti0.33O3,Ib,Ba,True,False,15.4,15.238916,0.4909232,19.462257,1.9210207,-6.0833325,-0.06103001,0.2738681,True,False,0.5974781,0.5124575,1.0424774259778815,0.89,1.736666666666667,0.031793563988307176,0.33333333333333337,13.636099999999999,0.0,0.0,1.2613696647670887,0.41492644874291806,0.0,0.09870492923816594
1144,BaMg0.33W0.34Ti0.33O3,Ib,Ba,True,False,15.6,15.444183,0.5014216,19.789736,1.8770183,-6.1589193,-0.063651145,0.27542374,True,False,0.6020303,0.5163619,1.04269021990031,0.89,1.7429000000000001,0.03129111148563853,0.33,13.665299999999998,0.0,0.0,1.2205695745007996,0.4135578250030661,0.0,0.09484807174790001
1145,YAlO3,III,Other,True,False,15.7,15.777338,0.3662917,14.444036,1.3923739,-0.09339035,0.034318425,0.28348556,True,False,0.6253712,0.5363814,0.9355004443604968,1.22,1.61,0.0,0.0,9.389999999999999,0.0,0.0,-0.0,0.0,1.22,0.09639784198820883
1146,Sr2SmSbO6,II,Sr,True,False,16.0,15.01183,2.5164087,0.0,13.597189,-0.0014493465,0.45189118,0.9820138,False,True,0.0,0.0,0.980521403245346,1.0233333333333332,2.05,0.0,0.0,24.259999999999998,0.0,0.0,-0.0,0.0,0.0,
1147,BaMg0.34W0.32Ti0.34O3,Ib,Ba,True,False,14.5,15.459429,0.50597584,19.51189,2.0019863,-5.9962974,-0.05815023,0.27077147,True,False,0.5883683,0.50464404,1.0420520985907014,0.89,1.7242000000000002,0.03281645826853287,0.34,13.6494,0.0,0.0,1.2202328226146546,0.41766528501445427,0.0,0.10260340233570402
1148,Ba0.5Sr0.5Zn0.1667Co0.1667Ta0.2222Nb0.2222Sb0.2222O3,Ib,Ba,True,False,27.0,26.6018,0.73698175,17.482574,9.093956,-0.0014194015,0.026691139,0.11920293,True,False,0.0,0.0,1.0014534721570705,0.9199999999999999,1.7327809999999997,0.0,0.4444,13.062756999999998,0.0,0.0,1.8370262326552949,0.19968933463802904,0.0,0.5201726015860136
1149,CaLa0.5Ta0.5O3,III,Ca,True,False,19.5,21.507126,1.1805171,14.731372,6.6556435,-0.00036893674,0.12047901,0.5,True,False,2.0187564,1.0,0.8664904205953222,1.0,1.3,0.0665607499633807,0.5,13.045,0.0,0.0,0.7701635339554948,0.12997356308929833,0.0,0.45180065373408534
1150,Ba2SmSbO6,Ia,Ba,True,False,20.7,16.750263,2.4499104,0.0,15.597765,-0.00109975,0.48471603,0.9820138,False,True,0.0,0.0,1.0205907875125837,0.9833333333333332,2.05,0.0,0.0,26.259999999999998,0.0,0.0,-0.0,0.0,0.0,
1151,Sr0.985La0.01Mg0.5W0.5O3,II,Sr,True,False,20.7,19.086706,0.91910404,16.813684,2.37841,-0.12633252,0.020944163,0.15422979,True,False,0.17383447,0.14909798,0.9745702575264658,0.9515075376884421,1.835,0.0,0.0,12.3673,0.0,0.0,0.7958356517540113,0.14618553862896985,0.0,0.1414568038747487
1152,Ba2Mg0.9Ca0.1WO6,Ia,Ba,True,False,20.8,21.706387,0.75746363,25.608948,0.92196923,-4.7864127,-0.038117796,0.88798505,True,True,0.6239486,0.53516126,1.0303659347732914,0.8952380952380952,1.8626315789473682,0.0,0.0,26.964,0.0,0.0,0.7686238876137975,0.15310011556211187,0.0,0.03600183927898951
1153,Sr0.036Mg0.964TiO3,II,Sr,False,True,20.8,24.999714,2.206547,8.161739,16.82079,-0.002048241,0.019233003,0.5459175,True,False,0.10737379,0.09209459,0.9741624232666146,0.95,1.4271079429735234,0.06827173008763873,0.5091649694501018,10.38512,0.0,1.0,0.6519137450615994,0.496009380481983,0.0,2.060932112629428
1154,La0.786Na0.214Mg0.5W0.5O3,III,Other,False,True,20.8,23.219858,1.4262456,15.610249,7.5622625,-0.0049229255,0.052268196,0.18783441,True,False,0.31237966,0.2679283,0.9495894862184898,1.0636200000000002,1.835,0.0,0.0,11.749939999999999,0.214,0.0,0.7444914161569783,0.14243842293277348,1.0636200000000002,0.4844421443886001
1155,CaSm0.5Nb0.5O3,III,Ca,True,False,20.9,22.454676,1.1716905,12.642689,9.68349,-0.00032318692,0.12882018,0.5,True,False,1.4308014,1.0,0.881069841041901,1.0,1.385,0.06461682516217973,0.5,12.305,0.0,0.0,0.7701635339554948,0.2643209523125703,0.0,0.7659359492272569
1156,Ca5Ta2ZrO12,III,Ca,False,True,21.0,39.352116,2.1954048,0.0,18.243763,-0.0003084861,0.24044728,0.9954108,False,True,0.8041602,0.6897289,0.9374867324763584,1.0,1.4433333333333334,0.09337035647279551,1.0,50.41,0.0,0.0,0.8015363600749494,0.3749946929905433,0.0,
1157,Ba0.95Zn0.5W0.5O2.95,Ia,Ba,True,False,21.0,20.369385,1.384789,15.395089,4.937147,-0.012258733,0.04940782,0.24785495,True,False,0.51877904,0.44495726,1.0282084112905834,0.89,2.005,0.0,0.0,13.3875,0.0,0.0,0.6418029449629123,0.1457687383064125,0.0,0.32069622981718393
1158,NdMg0.5Sn0.4Ti0.1O3,III,Other,True,False,21.1,19.554062,0.594904,15.761415,3.729056,-0.0010794178,0.064671345,0.390958,True,False,0.90749186,0.77835655,0.900536659083273,1.14,1.593,0.015667909518765493,0.1,11.495000000000001,0.0,0.0,1.0831037097111191,0.09005366590832731,1.14,0.23659398600950485
1159,BaTi0.4Zn0.3W0.3O3,Ib,Ba,True,False,21.2,21.10944,1.048644,22.446934,3.0559297,-4.3798184,-0.013605192,0.2499688,True,False,0.5253704,0.45061067,1.0412873832541625,0.89,1.819,0.03821542962779239,0.4,13.93,0.0,0.0,1.1453614555483094,0.4697691822054605,0.0,0.13614018288644678
1160,CaYb0.5Ta0.5O3,III,Ca,True,False,21.2,22.693918,0.5383569,14.2154455,8.383225,-0.00032392336,0.095571026,0.46719965,True,False,1.0893133,0.93430495,0.8994765925957012,1.0,1.3,0.061770899133693095,0.5,12.205,0.0,0.0,0.7701635339554948,0.13492148888935518,0.0,0.5897265055815522
1161,SrCo0.5W0.5O3,II,Sr,True,False,21.2,20.125805,0.45543477,19.625507,1.0512254,-0.5518978,0.0009718213,0.14021885,True,False,0.10873635,0.09326326,0.9689665903834956,0.95,2.12,0.0,0.0,12.794999999999998,0.0,0.0,0.7444914161569783,0.14534498855752434,0.0,0.05356424167793475
1162,CaHfO3,III,Ca,True,False,21.4,20.907879,1.0548769,17.098536,3.7831879,-0.0005265458,0.02668069,0.45693964,True,False,1.0652496,0.9136655,0.9182334504507774,1.0,1.3,0.0,0.0,12.219999999999999,0.0,0.0,-0.0,0.5509400702704664,0.0,0.22125800126981635
1163,BaTi0.45Ni0.275W0.275O3,Ib,Ba,True,False,21.6,21.451927,0.49132308,24.202938,1.8671052,-4.56828,-0.049834784,0.26572526,True,False,0.5733815,0.49178982,1.0500204298823423,0.89,1.86725,0.042228740177252075,0.45,13.88925,0.0,0.0,1.1287791943005339,0.5058641210876527,0.0,0.07714374180523043
1164,Sr3ZnNb2O9,II,Sr,False,True,20.7,35.916805,2.2373774,21.616117,14.095281,-0.0034988746,0.20890796,0.79096705,True,True,0.19282033,0.16538216,0.968577134358422,0.95,1.6166666666666667,0.07125967721438557,0.6666666666666666,38.93,0.0,0.0,0.6129395694690789,0.3874308537433688,0.0,0.6520727566380216
1165,CaLa0.5Nb0.5O3,III,Ca,True,False,20.6,20.180218,1.3488142,13.186139,6.8808045,-0.00037373236,0.11364889,0.5,True,False,1.982717,1.0,0.8664904205953222,1.0,1.35,0.0665607499633807,0.5,12.754999999999999,0.0,0.0,0.7701635339554948,0.25994712617859667,0.0,0.5218210197844872
1166,NdMg0.43Ca0.07Sn0.5O3,III,Other,True,False,19.5,15.61501,1.229427,11.544875,3.8489232,-0.0013000714,0.2225124,0.9346822,True,True,0.96825236,0.8304709,0.898920745290412,1.130841121495327,1.659462365591398,0.0,0.0,11.6138,0.0,0.0,0.7925802174941026,0.0,1.130841121495327,0.3333880358167586
1167,CaSm0.5Ta0.5O3,III,Ca,True,False,19.6,20.102865,0.777252,14.116789,5.8898015,-0.00033908096,0.09661385,0.5,True,False,1.4671528,1.0,0.881069841041901,1.0,1.335,0.06461682516217973,0.5,12.594999999999999,0.0,0.0,0.7701635339554948,0.13216047615628515,0.0,0.41721963117816663
1168,BaMg0.33Ta0.33Ti0.167W0.167O3,Ib,Ba,True,False,19.7,18.883413,1.3257313,20.679617,2.0691376,-3.8263488,-0.038992256,0.2415162,True,False,0.49878418,0.42780763,1.0362386336947,0.89,1.588128772635815,0.0501523048467639,0.5,13.87715,0.0,0.0,1.5583536798854432,0.3064838711158001,0.0,0.10005686275524348
1169,CaNd0.5Ta0.5O3,III,Ca,False,True,20.0,22.64732,1.2306579,14.008681,8.507799,-0.0003360028,0.13117473,0.5,True,False,1.6485882,1.0,0.8760897944612888,1.0,1.3199999999999998,0.0653095665934298,0.5,12.69,0.0,0.0,0.7701635339554948,0.1314134691691933,0.0,0.6073233447174649
1170,CaNd0.5Nb0.5O3,III,Ca,False,True,20.0,21.344831,1.2321368,12.56534,8.65629,-0.00033024128,0.12353146,0.5,True,False,1.6122003,1.0,0.8760897944612888,1.0,1.37,0.0653095665934298,0.5,12.399999999999999,0.0,0.0,0.7701635339554948,0.2628269383383866,0.0,0.6889021705739757
1171,BaCo0.5W0.5O3,Ia,Ba,True,False,19.3,19.41533,0.47867078,18.161812,1.7674357,-0.5255178,0.011600752,0.2563926,True,False,0.54517645,0.46759832,1.0269681116388458,0.89,2.12,0.0,0.0,13.794999999999998,0.0,0.0,0.7136848747987585,0.14595478325417313,0.0,0.09731604423611476
1172,Sr3Zn0.75Mg0.25Nb2O9,II,Sr,False,True,20.0,31.626835,2.1218233,21.07659,10.456003,-0.013249586,0.107492626,0.78489596,True,True,0.17163889,0.14721483,0.969356359727978,0.95,1.5883333333333334,0.07112933442120281,0.6666666666666666,38.75,0.0,0.0,0.7934422084825237,0.38774254389119117,0.0,0.4960955733351553
1173,BaMg0.46W0.46Ti0.08O3,Ib,Ba,True,False,20.0,19.443707,1.0886586,16.78792,3.3763537,-0.7034969,-0.01706933,0.28296196,True,False,0.62386763,0.5350918,1.035411272315386,0.89,1.8114,0.007755233021019588,0.08,13.454799999999999,0.0,0.0,1.0182941976485969,0.21028034263524586,0.0,0.20111804797735516
1174,BaMg0.333Ta0.567W0.05Ti0.05O3,Ib,Ba,True,False,20.0,22.467274,1.3715346,21.66059,2.1721156,-1.3425077,-0.02292141,0.22082517,True,False,0.43088213,0.369568,1.0317522559959609,0.89,1.4817299999999998,0.06436568529849541,0.617,14.0546,0.0,0.0,1.133747849108451,0.22763504461534959,0.0,0.10027961380553348
1175,BaTi0.4Ni0.3W0.3O3,Ib,Ba,True,False,20.0,19.980743,0.39597476,23.517134,1.7767429,-5.2563176,-0.056816895,0.26611432,True,False,0.5745435,0.49278644,1.0489854171372637,0.89,1.897,0.03762395130867322,0.4,13.861,0.0,0.0,1.1493944184199585,0.4659971456027408,0.0,0.07555099613753954
1176,BaMg0.49Y0.006667W0.496667O3,Ia,Ba,True,False,20.0,17.637503,0.7343166,16.15762,2.0027595,-0.5341939,0.011319576,0.28490353,True,False,0.6294346,0.5398666,1.0323798970957228,0.892185539011411,1.8385474734636915,0.0,0.0,13.384201829999999,0.0,0.0,0.808645076444291,0.14612376018935225,0.0,0.12395139259371118
1177,Ba0.97La0.02Mg0.5W0.5O3,Ia,Ba,True,False,20.0,17.641964,0.80547786,15.758648,2.2033818,-0.3379284,0.01786173,0.28115112,True,False,0.61865455,0.5306206,1.0314660995154754,0.8942424242424243,1.835,0.0,0.0,13.314599999999999,0.0,0.0,0.7444914161569783,0.14528008507267867,0.0,0.1398204845999479
1178,BaLa0.5Ta0.5O3,III,Ba,True,False,27.1,26.759542,1.5309614,15.875515,10.791529,-0.000358357,0.092857294,0.377747,True,False,0.87494254,0.750439,0.9518745131357372,0.89,1.3,0.0665607499633807,0.5,15.125,0.0,0.0,0.7444914161569783,0.14278117697036055,0.0,0.6797593022966499
1179,SrLa0.5Ta0.5O3,III,Sr,True,False,27.1,25.589785,0.97724086,17.355446,8.091423,-0.00032118126,0.14323714,0.5,True,False,1.5468031,1.0,0.8981141585732536,0.95,1.3,0.0665607499633807,0.5,14.125,0.0,0.0,0.7701635339554948,0.13471712378598805,0.0,0.46621809661359326
1180,SrNd0.5Ta0.5O3,III,Sr,True,False,27.1,25.51595,1.165186,16.542887,8.836782,-0.0003265905,0.1366066,0.5,True,False,1.1999558,1.0,0.9080638745511168,0.95,1.3199999999999998,0.0653095665934298,0.5,13.77,0.0,0.0,0.7701635339554948,0.1362095811826675,0.0,0.5341741136235773
1181,Sr5Nb2Ta2O15,II,Sr,False,True,33.2,39.31841,1.373104,25.723738,13.497571,-0.0019103542,0.099011086,0.78458506,True,True,0.17056593,0.14629455,0.9844035581224484,0.95,1.55,0.08192,1.0,64.67,0.0,0.0,0.8086717106532696,0.4429816011551017,0.0,0.5247126603450867
1182,BaHo0.5Ta0.5O3,II,Ba,True,False,33.5,32.69908,1.0240207,15.67196,16.9724,-0.00052114425,0.05524091,0.16704775,True,False,0.2292777,0.19665168,0.9805995905881172,0.89,1.365,0.06288312250546305,0.5,14.42,0.0,0.0,0.834343828451786,0.14708993858821756,0.0,1.0829787722786428
1183,Ba8ZnNb5.4Sb0.6O24,Ib,Ba,True,False,33.6,32.625732,0.77946746,18.455341,13.992203,-0.0012366415,0.17942272,0.7310586,True,True,0.0,0.0,1.0378057870995094,0.89,1.645714285714286,0.0,0.7714285714285715,108.934,0.0,0.0,0.7270232484046308,0.44535846425679854,0.0,0.7581655088356265
1184,Ba0.99Co0.2333Zn0.1Nb0.6667O3,Ib,Ba,True,False,33.7,33.457283,1.3750873,19.314522,14.116534,-0.008842705,0.035064325,0.20630181,True,False,0.3804572,0.32631847,1.0259797552666432,0.89,1.670324,0.07134799797302892,0.6667,13.945296999999998,0.0,0.0,0.9023302794744206,0.38962757829823735,0.0,0.7308766947481279
1185,Ba2Sr3Ta4O15,Ib,Sr,True,False,33.7,33.211395,0.65468115,28.877607,4.133943,-0.0029267457,0.20277306,0.7874067,True,True,0.1803448,0.1546819,1.007973784162,0.9259999999999999,1.5,0.08192,1.0,67.83000000000001,0.0,0.0,-0.0,0.2976078647514,0.0,0.1431539323878187
1186,Sr0.35Ba0.65Y0.5Nb0.5O3,III,Ba,True,False,33.8,33.1829,1.0257015,14.142196,18.97772,-0.00047801557,0.06346286,0.21614757,True,False,0.414912,0.35587037,0.9614371234520316,0.911,1.4100000000000001,0.06285064787451694,0.5,13.725,0.0,0.0,0.8215077695525277,0.28843113703560946,0.0,1.341921721350772
1187,Ba0.99La0.0067Co0.2333Zn0.1Nb0.6667O3,Ib,Ba,True,False,34.0,33.972878,1.2452731,19.687166,14.246106,-0.008766314,0.048367135,0.20471828,True,False,0.37480342,0.32146922,1.0254069293630643,0.8914116584729607,1.670324,0.07134799797302892,0.6667,13.972699999999998,0.0,0.0,0.8867728608627926,0.3898567201161869,0.0,0.7236240096720878
1188,Ba4LiNb2TaO12,Ib,Ba,False,True,34.0,40.46939,1.7065109,0.0,33.489674,-0.00052036805,0.4668107,0.9912032,False,True,0.4223651,0.36226293,1.005200816392641,0.9080000000000001,1.5666666666666667,0.08192,1.0,54.81,0.2,0.0,0.6365141682948128,0.49739959180367954,0.0,
1189,Ba10Ta7.52Ti0.48O30,Ib,Ba,True,False,34.0,32.43023,0.9241434,26.296888,5.967932,-0.0044888323,0.16989857,0.86476576,True,True,0.49868762,0.4277248,1.0444042452384843,0.89,1.5024,0.08243817638799497,1.0,141.3288,0.0,0.0,0.2353737270376639,0.3268137481284383,0.0,0.22694442019146907
1190,Ca5Ta2Ti0.6Hf0.4O12,III,Ca,False,True,34.0,37.65497,1.0114622,0.0,28.230936,-0.00034421083,0.3911838,0.9944746,False,True,0.6953828,0.5964304,0.9486563964996608,1.0,1.4813333333333334,0.0761459264400086,0.8666666666666667,50.129999999999995,0.0,0.0,1.068093392079491,0.45535507031983713,0.0,
1191,Ca0.5Sm0.5Mg0.25Ti0.75O3,III,Ca,True,False,34.0,35.834488,0.7544102,23.02739,12.753214,-0.0017556992,0.055639558,0.2896567,True,False,0.64296776,0.55147403,0.9352758408810388,1.085,1.4825,0.08187176193934861,0.75,11.7325,0.0,0.0,0.6456440549327058,0.7014568806607792,1.085,0.5538280282741552
1192,SrGd0.5Nb0.5O3,III,Sr,True,False,34.0,32.191643,0.9305849,14.716814,17.344027,-0.00036633358,0.13117088,0.4100811,True,False,0.953928,0.8181849,0.917397559876562,0.95,1.4,0.06403390577858643,0.5,13.264999999999999,0.0,0.0,0.8086717106532696,0.27521926796296864,0.0,1.1785177824493809
1193,Ba3Sr2Ta4O15,Ib,Ba,True,False,33.2,33.0644,0.88778573,28.067324,4.8068404,-0.001154981,0.19138572,0.8147022,True,True,0.28031817,0.24042915,1.0197588971817757,0.914,1.5,0.08192,1.0,68.83000000000001,0.0,0.0,-0.0,0.2940723308454673,0.0,0.17126108637930712
1194,Sr0.5La0.5Ti0.5Al0.5O3,Ib,Sr,True,False,33.0,34.06382,0.6485283,26.520525,7.506793,-0.13229232,0.16879377,0.5753881,True,False,0.17714159,0.1519345,1.0050248666610828,1.025,1.5750000000000002,0.04670828057602069,0.5,12.055,0.0,1.0,0.7958356517540113,0.4974875666694586,1.025,0.28305597268530697
1195,Li0.774Zr0.057NbO3,III,Other,True,False,33.0,31.603662,1.2363544,11.842252,19.499146,-0.0003951147,0.26265937,0.5,True,False,1.7213045,1.0,0.8508881706081359,0.98,1.5854399243140969,0.08357815020305438,1.0,9.278469999999999,1.0,0.0,0.1788184630775815,0.5105329023648816,0.0,1.6465741482278877
1196,BaYb0.5Ta0.5O3,Ib,Ba,True,False,32.0,33.653835,1.8334525,15.859211,17.758839,-0.0005068748,0.03629197,0.14094526,True,False,0.11224123,0.09626941,0.988111147340533,0.89,1.3,0.061770899133693095,0.5,14.285,0.0,0.0,0.834343828451786,0.14821667210107994,0.0,1.119780738146431
1197,CaEr0.5Nb0.5O3,III,Ca,True,False,32.0,25.78591,1.3798864,12.601168,13.041931,-0.00034175089,0.14315587,0.49501872,True,False,1.1542917,0.9900371,0.8949065036725822,1.0,1.42,0.06252175823328772,0.5,11.995,0.0,0.0,0.7958356517540113,0.26847195110177463,0.0,1.0349779480759245
1198,SrNd0.5Ta0.5O3,III,Sr,True,False,32.0,28.519848,1.4166079,16.542887,11.845568,-0.00032225193,0.1317163,0.5,True,False,1.1999558,1.0,0.9080638745511168,0.95,1.3199999999999998,0.0653095665934298,0.5,13.77,0.0,0.0,0.8215077695525277,0.1362095811826675,0.0,0.7160520409768864
1199,SrHo0.5Nb0.5O3,III,Sr,True,False,32.0,30.67218,1.0934526,14.952433,15.627957,-0.00040665123,0.092197515,0.33780235,True,False,0.7735196,0.66344845,0.9252168894585556,0.95,1.415,0.06288312250546305,0.5,13.129999999999999,0.0,0.0,0.8215077695525277,0.27756506683756665,0.0,1.0451781994274778
1200,SrY0.5Nb0.5O3,III,Sr,True,False,32.0,31.42068,0.89367354,14.655674,16.669155,-0.00039892975,0.096249975,0.3521862,True,False,0.8106303,0.69527835,0.9254300730736382,0.95,1.4100000000000001,0.06285064787451694,0.5,13.075,0.0,0.0,0.8215077695525277,0.27762902192209143,0.0,1.1373857660862272
1201,BaCo0.33Nb0.665Y0.005O3,Ib,Ba,True,False,34.0,33.136345,1.4256734,20.034054,13.080142,-0.015071536,0.03722042,0.20608214,True,False,0.37967473,0.32564735,1.0250547578317777,0.8916417910447761,1.6928643216080403,0.0714530434760518,0.6683417085427136,14.007349999999999,0.0,0.0,0.6494656172278153,0.3909579413317796,0.0,0.6528954149769188
1202,SrEr0.5Nb0.5O3,III,Sr,True,False,32.0,30.284489,1.168758,14.93331,15.265841,-0.00041861273,0.085757025,0.3208288,True,False,0.7287123,0.6250172,0.9275673249745012,0.95,1.42,0.06252175823328772,0.5,13.075,0.0,0.0,0.8086717106532696,0.2782701974923503,0.0,1.0222677356861942
1203,BaSn0.226Zn0.258Nb0.516O3,Ib,Ba,True,False,32.0,33.09305,1.4339335,19.629112,13.428686,-0.002565007,0.037813507,0.1883091,True,False,0.3141918,0.26948258,1.0246937611918097,0.89,1.69426,0.05645586779150862,0.516,14.00454,0.0,0.0,1.1411774502759298,0.30195481153501574,0.0,0.684120911837479
1204,Ba5Nb3TaO15,Ib,Ba,True,False,32.2,31.93284,1.7473662,21.57411,10.206372,-0.0020114507,0.15436909,0.87211543,True,True,0.5361972,0.4598968,1.043329123221327,0.89,1.5750000000000002,0.08192,1.0,69.09,0.0,0.0,0.5977414315022147,0.5022522103088031,0.0,0.4730842662802776
1205,Ba6Nb4ZrO18,Ib,Ba,True,False,32.4,31.48938,1.2703625,20.063452,11.298414,-0.004042268,0.13155647,0.85221463,True,True,0.43842605,0.3760384,1.0352098304336126,0.89,1.5460000000000003,0.08842643923240938,1.0,83.03,0.0,0.0,0.6023362505552261,0.5788741017398324,0.0,0.5631341007519542
1206,Sr0.05Ba0.95Y0.5Ta0.5O3,II,Ba,True,False,32.5,32.408634,0.9285729,15.436486,16.923489,-0.00053056784,0.049190443,0.18175751,True,False,0.2888622,0.24775736,0.9780557620882132,0.8929999999999999,1.3599999999999999,0.06285064787451694,0.5,14.315,0.0,0.0,0.8215077695525277,0.14670836431323195,0.0,1.0963304083584826
1207,BaTi0.1Zn0.45W0.45O3,Ib,Ba,True,False,33.0,29.835928,2.342648,18.935621,10.863611,-0.010630372,0.04732744,0.24776343,True,False,0.5184928,0.44471174,1.0314472553290563,0.89,1.9585,0.009769100514058356,0.1,13.795,0.0,0.0,0.9700024455819634,0.22760989499767179,0.0,0.5737129508453934
1208,Ba0.95Sr0.05Y0.5Ta0.5O3,II,Ba,True,False,33.0,32.408634,0.9285729,15.436486,16.923489,-0.00053056784,0.049190443,0.18175751,True,False,0.2888622,0.24775736,0.9780557620882132,0.8929999999999999,1.3599999999999999,0.06285064787451694,0.5,14.315,0.0,0.0,0.8215077695525277,0.14670836431323195,0.0,1.0963304083584826
1209,Ca5Nb2Ti0.4Hf0.6O12,III,Ca,False,True,32.0,36.887127,0.8832427,0.0,36.364975,-0.0003361326,0.49374285,0.9942812,False,True,0.67521316,0.57913095,0.9454160281967178,1.0,1.532,0.07154289369088195,0.7999999999999999,48.99,0.0,0.0,1.068093392079491,0.6176718050885223,0.0,
1210,Ba0.95Ca0.05Yb0.475Y0.025Nb0.5O3,II,Ba,True,False,34.0,31.635025,1.3875471,14.153121,17.447376,-0.00058113714,0.035107918,0.14265496,True,False,0.12043151,0.103294216,0.9833142146953266,0.8955,1.353,0.06182400470498821,0.5,13.895,0.0,0.0,0.9391464322760077,0.294994264408598,0.0,1.2327582022368069
1211,BaYb0.5Nb0.5O3,Ib,Ba,True,False,36.0,35.50807,1.6256396,14.227498,21.245367,-0.00050487684,0.0357079,0.13450766,True,False,0.08063567,0.06916128,0.988111147340533,0.89,1.35,0.061770899133693095,0.5,13.995,0.0,0.0,0.8215077695525277,0.2964333442021599,0.0,1.49326093737634
1212,BaTb0.5Ta0.5O3,II,Ba,True,False,36.0,33.069252,0.79610205,15.547453,17.45701,-0.0005002977,0.06528573,0.1937783,True,False,0.3348231,0.28717807,0.9756550132347046,0.89,1.3599999999999999,0.0635790498766044,0.5,14.51,0.0,0.0,0.834343828451786,0.14634825198520568,0.0,1.1228212106510307
1213,Pb0.2Ca.1333Nb0.6667O3,III,Ca,True,False,36.0,35.74475,2.6267672,0.0,35.791332,-0.00034673023,0.54940116,0.99209565,False,True,0.48524916,0.41619864,0.9584069852847076,1.2216666666666667,1.6,0.08192,1.0,12.294768,0.16666666666666669,0.0,-0.0,0.5750441911708246,0.0,
1214,BaZn0.3333Nb0.6667O3,Ib,Ba,True,False,36.0,36.932064,1.341638,19.72401,17.164917,-0.0017843302,0.044922322,0.20364681,True,False,0.37095943,0.31817225,1.0265569935184018,0.89,1.6166649999999998,0.07126106813480847,0.6667,13.9767,0.0,0.0,0.6600648038846321,0.3893966714527689,0.0,0.8702549329472049
1215,SrSm0.5Nb0.5O3,III,Sr,True,False,36.0,32.95162,0.9953902,14.860338,17.949871,-0.00034948648,0.14175549,0.4269773,True,False,0.99440587,0.85290277,0.9132256746565688,0.95,1.385,0.06461682516217973,0.5,13.384999999999998,0.0,0.0,0.8086717106532696,0.2739677023969706,0.0,1.2079046250495784
1216,Ca4NiNb2TiO12,III,Ca,True,False,36.0,34.94461,0.8916844,19.768696,15.040033,-0.003955754,0.13983734,0.87652236,True,True,0.5595783,0.47995082,0.947998816122882,1.0,1.6625,0.07586663224536269,0.75,47.58,0.0,0.0,1.1937534776310168,0.5213993488675851,0.0,0.7608004594739076
1217,Ca4.88Co0.12Ta2TiO12,III,Ca,True,False,36.0,40.946934,0.8977526,0.0,33.302296,-0.00037447637,0.46201867,0.99368155,False,True,0.6167272,0.52896744,0.9530957446719788,1.0,1.5274358974358972,0.0838581672664985,0.9615384615384615,49.96639999999999,0.0,0.0,0.9329383599177702,0.48876704854973274,0.0,
1218,Ba8Ta4.32Ti2.6O24,Ib,Ba,True,False,36.0,37.602303,0.6126019,29.235643,8.310122,-0.039699234,0.09623064,0.8685751,True,True,0.5179071,0.44420937,1.050098287918752,0.89,1.5150289017341043,0.08527656405813587,1.0,113.4164,0.0,0.0,0.6864471894055965,0.5348001546630841,0.0,0.2842462537936997
1219,Sr3LaNb3O12,III,Sr,True,False,36.0,36.590313,1.6363978,0.0,34.13711,-0.00035051064,0.46004766,0.9960496,False,True,0.8918976,0.7649814,0.9392812247753952,0.95,1.475,0.07606889794096311,0.75,50.05,0.0,0.0,0.5956587087443673,0.42267655114892777,0.0,
1220,Sr5NbTa3O15,II,Sr,False,True,36.2,38.314987,1.2286811,27.936413,10.291938,-0.0023362448,0.088972114,0.7910446,True,True,0.19309394,0.16561684,0.9844035581224484,0.95,1.525,0.08192,1.0,65.25,0.0,0.0,0.656057668721943,0.3691513342959181,0.0,0.3684058508155646
1221,La6MgTi4O18,III,Other,True,False,36.3,33.40243,1.173971,25.818855,7.5450454,-0.023519857,0.062053792,0.8438467,True,True,0.4005667,0.34356642,0.9623346726207452,1.1,1.4940000000000002,0.08408504340022933,0.8,73.75999999999999,0.0,0.0,0.6023362505552261,0.7698677380965963,1.1,0.29223005435368843
1222,Sr0.05Ba0.95Y0.5Nb0.5O3,II,Ba,True,False,36.3,33.958916,0.90583396,13.887647,20.025126,-0.00053652824,0.046683516,0.17359088,True,False,0.25627315,0.2198057,0.9780557620882132,0.8929999999999999,1.4100000000000001,0.06285064787451694,0.5,14.024999999999999,0.0,0.0,0.8215077695525277,0.2934167286264639,0.0,1.4419380043285952
1223,BaNd0.5Ta0.5O3,III,Ba,True,False,36.0,36.947903,0.5182893,15.290502,21.565668,-0.00037317554,0.09210792,0.26505685,True,False,0.5713829,0.4900756,0.9624198107038244,0.89,1.3199999999999998,0.0653095665934298,0.5,14.77,0.0,0.0,0.7701635339554948,0.14436297160557365,0.0,1.4103963362353962
1224,La0.5Sr0.5Al0.5Ti0.5O3,Ib,Sr,True,False,35.9,35.110718,1.1182044,26.520525,8.615896,-0.045944992,0.020240959,0.15497126,True,False,0.17714159,0.1519345,1.0050248666610828,1.025,1.5750000000000002,0.04670828057602069,0.5,12.055,0.0,0.0,0.8625831580301542,0.4974875666694586,1.025,0.3248765248802578
1225,BaSc0.5Nb0.5O3,Ib,Ba,False,True,35.7,36.35043,1.2582515,19.975077,16.352087,-0.0009538159,0.024221078,0.17055982,True,False,0.24387005,0.20916755,1.0171524068681042,0.89,1.48,0.05677884575760036,0.5,14.195,0.0,0.0,0.8728520051495607,0.29485427793956875,0.0,0.8186244788943743
1226,BaZn0.0833Mg0.25Nb0.6667O3,Ib,Ba,True,False,34.0,33.27468,1.359223,18.527052,14.713351,-0.003460804,0.037739165,0.21825714,True,False,0.4221448,0.36207396,1.0290386018534314,0.89,1.5316649999999998,0.07087146922566886,0.6667,13.7967,0.0,0.0,0.9154332158690568,0.38840397848659036,0.0,0.7941550010222889
1227,Ba2SrYNb3O12,Ib,Ba,True,False,34.1,37.408955,0.94668734,0.0,32.45696,-0.000536534,0.47870693,0.98529756,False,True,0.11946846,0.1024682,0.9920769724960904,0.9099999999999999,1.5050000000000001,0.07439590994708045,0.75,50.53,0.0,0.0,0.6039895997757572,0.4464346376232406,0.0,
1228,La0.8333Ti0.5Al0.5O3,Ia,Other,True,False,34.4,32.604275,1.0327212,18.963825,13.616089,-0.005217308,0.029578572,0.17614247,True,False,0.2665822,0.22864778,0.9906673685659244,1.1,1.5750000000000002,0.04670828057602069,0.5,11.298197,0.0,0.0,0.73165535725772,0.4953336842829622,1.1,0.7180033036584128
1229,BaCo0.2333Zn0.1Nb0.6667O3,Ib,Ba,True,False,34.5,33.78224,1.3445977,19.814938,13.941145,-0.009476746,0.03563679,0.20630181,True,False,0.3804572,0.32631847,1.0259797552666432,0.89,1.670324,0.07134799797302892,0.6667,13.997696999999999,0.0,0.0,0.8712154422511645,0.38962757829823735,0.0,0.7035674297845393
1230,BaSr2YNb3O12,II,Sr,True,False,34.7,36.075184,2.4665105,0.0,30.491735,-0.0005156142,0.4853107,0.98849785,False,True,0.26445967,0.2268273,0.9730416355520344,0.9299999999999999,1.5050000000000001,0.07439590994708045,0.75,49.53,0.0,0.0,0.6039895997757572,0.4378687359984154,0.0,
1231,SrTb0.5Nb0.5O3,III,Sr,True,False,34.0,31.598963,0.9718343,14.869086,16.616278,-0.00038353825,0.11398222,0.38566867,True,False,0.8945101,0.7672221,0.9205515739490236,0.95,1.4100000000000001,0.0635790498766044,0.5,13.219999999999999,0.0,0.0,0.8086717106532696,0.2761654721847071,0.0,1.1175050033337626
1232,Ba10Ta7.04Ti.2O30,Ib,Ba,True,False,35.0,33.44095,0.86927605,26.322956,6.962256,-0.0047622,0.16050202,0.8654307,True,True,0.5020095,0.430574,1.0455602842023954,0.89,1.5049751243781098,0.08300150343467506,1.0,141.1148,0.0,0.0,0.3894678123458126,0.3694298999455405,0.0,0.2644936989599496
1233,SrCr0.5Nb0.5O3,Ib,Sr,True,False,35.0,34.143555,1.0141965,21.246878,12.86692,-0.0039315536,0.03369049,0.15104914,True,False,0.15949847,0.13680197,0.9904726306139556,0.95,1.63,0.04965534748431453,0.5,12.514999999999999,0.0,0.0,0.8215077695525277,0.29714178918418666,0.0,0.6055910896650323
1234,BaNi0.1167Zn0.2167Nb0.6667O3,Ib,Ba,True,False,35.0,33.894787,1.5370753,20.035213,13.831225,-0.008966268,0.037313655,0.20841317,True,False,0.38794586,0.3327415,1.0294505902487463,0.89,1.647007299270073,0.07077408670486658,0.6666333366663333,13.950063,0.0,0.0,0.9155198857093739,0.38820035485321114,0.0,0.6903457926801178
1235,Ca4.75Ni0.25Ta2TiO12,III,Ca,True,False,35.0,44.07179,3.0348506,0.0,34.633873,-0.0003821728,0.45112658,0.99363023,False,True,0.6119893,0.5249038,0.9529755408953774,1.0,1.5438461538461539,0.08243461892718974,0.9230769230769231,49.7525,0.0,0.0,1.0336696175075675,0.4691571893638781,0.0,
1236,Ba2Sr3Ta4O15,Ib,Sr,True,False,35.2,33.21796,0.65277815,28.877607,4.1390214,-0.002906574,0.20423588,0.7874067,True,True,0.1803448,0.1546819,1.007973784162,0.9259999999999999,1.5,0.08192,1.0,67.83000000000001,0.0,0.0,-0.0,0.2976078647514,0.0,0.14332979183489822
1237,cCa0.05Ba0.95Y0.5Nb0.5O3,II,Ba,True,False,35.2,33.7837,0.83303297,13.793538,19.94223,-0.0005275706,0.048460525,0.17727967,True,False,0.2711389,0.23255607,0.9764264837905484,0.8955,1.4100000000000001,0.06285064787451694,0.5,13.971,0.0,0.0,0.7958356517540113,0.29292794513716447,0.0,1.445766126138196
1238,BaZn0.2Co0.1333Nb0.6667O3,Ib,Ba,True,False,35.5,36.574432,1.3368883,19.775898,16.753546,-0.003027335,0.048015594,0.2051434,True,False,0.3763244,0.32277375,1.026227098923025,0.89,1.6473239999999998,0.071310711047809,0.6667,13.988696999999998,0.0,0.0,0.924560533085705,0.3895286358888115,0.0,0.8471699237121874
1239,BaEu0.5Ta0.5O3,II,Ba,True,False,37.0,35.149605,0.91278416,15.393811,19.69992,-0.00045490154,0.056325264,0.20326307,True,False,0.36957896,0.3169882,0.9703174886580844,0.89,1.35,0.06429948062655297,0.5,14.605,0.0,0.0,0.834343828451786,0.14554762329871265,0.0,1.2797298862510393
1240,BaNi0.3Nb0.6Zr0.1O3,Ib,Ba,True,False,31.8,31.306849,0.9796582,20.62193,10.784604,-0.10834328,0.008660893,0.20537739,True,False,0.37716052,0.32349092,1.0316972425455686,0.89,1.666,0.07481779355182884,0.7,13.962,0.0,0.0,1.0974892192693977,0.40668715813086115,0.0,0.5229677338639012
1241,BaSr4Ta4O15,Ib,Sr,True,False,31.7,33.72996,0.8144397,29.700645,3.8649468,-0.0037524514,0.16812558,0.7753529,True,True,0.13920218,0.11939383,0.996188671142224,0.9380000000000001,1.5,0.08192,1.0,66.83000000000001,0.0,0.0,-0.0,0.2988566013426672,0.0,0.1301300628319688
1242,La5AlTi3O15,II,Other,True,False,28.1,29.64027,0.94472975,28.22067,3.071819,-1.6523708,0.00015357733,0.82833016,True,True,0.33452103,0.28691897,0.9819445112326396,1.1,1.5575,0.06933865388751924,0.75,60.18,0.0,0.0,0.6664712825111802,0.7364583834244797,1.1,0.10884996706314912
1243,BaZn0.5W0.5O3,Ia,Ba,True,False,28.1,22.659576,1.4923661,17.992693,4.6365714,-0.017272161,0.04758401,0.24785495,True,False,0.51877904,0.44495726,1.0282084112905834,0.89,2.005,0.0,0.0,13.75,0.0,0.0,0.688012757000242,0.1457687383064125,0.0,0.25769190859867397
1244,CaHo0.5Ta0.5O3,III,Ca,True,False,28.2,25.71102,1.2297649,14.138384,11.434604,-0.00034670334,0.13837999,0.5,True,False,1.2374576,1.0,0.8926388299705784,1.0,1.365,0.06288312250546305,0.5,12.34,0.0,0.0,0.8215077695525277,0.13389582449558676,0.0,0.8087631514322995
1245,LaMg0.5Ti0.5O3,III,Other,True,False,29.0,28.116226,0.4690858,20.37375,7.727079,-0.0021707597,0.017568681,0.22876616,True,False,0.4574489,0.39235434,0.9462374380969072,1.1,1.425,0.06763044570776824,0.5,12.245,0.0,0.0,0.8471798873510443,0.4731187190484536,1.1,0.3792664089821461
1246,Ba0.95Sr0.05Zn0.475Ga0.025Ta0.6583O3,Ib,Ba,True,False,29.0,32.84619,1.4893655,28.038115,4.81441,-0.0021582185,-0.0041756937,0.17834312,True,False,0.27537942,0.23619317,1.020092648515438,0.8929999999999999,1.568203401536735,0.06605564022690098,0.5683329016662351,14.609546,0.0,0.0,0.8834674137890259,0.1670740765299889,0.0,0.17170947476319287
1247,BaZr0.0215Zn0.272Ni0.0542Ta0.6523O3,Ib,Ba,True,False,29.0,28.754086,0.6593548,24.375622,4.3897696,-0.0058238427,-0.0054822,0.19483557,True,False,0.33876,0.29055473,1.027399396307018,0.89,1.559367,0.07206686369353048,0.6738,14.354182999999999,0.0,0.0,0.976888948629204,0.2028747599243191,0.0,0.18008851630534803
1248,SrTb0.5Ta0.5O3,III,Sr,True,False,29.0,27.098154,1.2381263,16.7729,10.2438345,-0.00038325653,0.08180096,0.39998576,True,False,0.92950565,0.7972378,0.9205515739490236,0.95,1.3599999999999999,0.0635790498766044,0.5,13.51,0.0,0.0,0.8215077695525277,0.13808273609235355,0.0,0.6107372308903052
1249,BaHfO3,Ia,Ba,True,False,29.1,24.78476,1.2199692,19.295958,5.474298,-0.0014472167,0.015949976,0.15835679,True,False,0.1920801,0.16474727,1.0087163087068758,0.89,1.3,0.0,0.0,14.299999999999999,0.0,0.0,-0.0,0.5947702147758746,0.0,0.2837017991021747
1250,CaLi0.3333Nb0.6667O3,III,Ca,True,False,29.6,27.774502,2.0404596,0.0,26.881372,-0.00033462496,0.47572193,0.99537677,False,True,0.7998361,0.68602014,0.9254798128291633,0.9950003750093753,1.6,0.08192,1.0,11.226766999999999,0.2499812495312383,0.0,-0.0,0.5552878876974978,0.0,
1251,SrNd0.5Nb0.5O3,III,Sr,True,False,29.7,33.314655,1.0140754,14.718671,18.420635,-0.0003299231,0.17567712,0.5,True,False,1.1659076,1.0,0.9080638745511168,0.95,1.37,0.0653095665934298,0.5,13.479999999999999,0.0,0.0,0.7701635339554948,0.272419162365335,0.0,1.2515148276634487
1252,BaTi0.6Ni0.2W0.2O3,Ib,Ba,True,False,29.8,31.28092,1.2010341,26.513424,6.159139,-1.3895131,-0.002131009,0.26497424,True,False,0.57113564,0.48986354,1.053137759214007,0.89,1.778,0.05591578713698188,0.6,13.974,0.0,0.0,1.0030633469684145,0.6249290789187553,0.0,0.23230266298309865
1253,Ba5Ta4O15,Ib,Ba,True,False,28.0,29.69906,0.4424829,26.495808,3.1461453,-0.003059436,0.060168408,0.8642023,True,True,0.49588448,0.42532057,1.043329123221327,0.89,1.5,0.08192,1.0,70.83000000000001,0.0,0.0,-0.0,0.2870012630336018,0.0,0.11874124767208459
1254,PrMg0.5Ti0.5O3,III,Other,True,False,28.0,24.855978,0.8777199,19.042501,5.8094482,-0.0029398804,0.0069692642,0.2714691,True,False,0.5904263,0.50640917,0.925667059007844,1.13,1.425,0.06763044570776824,0.5,11.745,0.0,0.0,0.8471798873510443,0.46283352950392204,1.13,0.30507800419703274
1255,SrY0.5Ta0.5O3,III,Sr,True,False,28.0,27.363123,1.2098783,16.52606,10.765672,-0.00045843018,0.07184969,0.36617008,True,False,0.84605086,0.7256586,0.9254300730736382,0.95,1.3599999999999999,0.06285064787451694,0.5,13.365,0.0,0.0,0.8215077695525277,0.13881451096104572,0.0,0.6514360954758727
1256,SrHo0.5Ta0.5O3,III,Sr,True,False,28.0,26.119236,1.1884029,16.89317,9.16507,-0.00041499618,0.061411627,0.35140687,True,False,0.8086381,0.6935696,0.9252168894585556,0.95,1.365,0.06288312250546305,0.5,13.42,0.0,0.0,0.8215077695525277,0.13878253341878333,0.0,0.542531093927309
1257,CaGd0.5Ta0.5O3,III,Ca,True,False,27.2,24.209713,1.3710393,13.956137,10.117823,-0.00033769466,0.13608977,0.5,True,False,1.4257193,1.0,0.8850948288949932,1.0,1.35,0.06403390577858643,0.5,12.475,0.0,0.0,0.8215077695525277,0.13276422433424898,0.0,0.7249730351600876
1258,SrLa0.5Nb0.5O3,III,Sr,True,False,27.5,30.742065,0.8174459,15.407056,15.147486,-0.00030006832,0.18782532,0.5,True,False,1.5133551,1.0,0.8981141585732536,0.95,1.35,0.0665607499633807,0.5,13.834999999999999,0.0,0.0,0.7701635339554948,0.2694342475719761,0.0,0.9831525244018066
1259,SrZn0.5W0.5O3,II,Sr,False,True,27.5,22.0251,1.0720022,19.402071,2.623513,-0.020341422,0.019857695,0.13435726,True,False,0.079882175,0.06851501,0.9701368398887896,0.95,2.005,0.0,0.0,12.75,0.0,0.0,0.6982816041196486,0.14552052598331847,0.0,0.13521819397527202
1260,LaMg0.5Ti0.5O3,III,Other,True,False,27.6,28.1349,0.45573014,20.37375,7.7447634,-0.0021476073,0.01853493,0.22876616,True,False,0.4574489,0.39235434,0.9462374380969072,1.1,1.425,0.06763044570776824,0.5,12.245,0.0,0.0,0.8215077695525277,0.4731187190484536,1.1,0.38013440824590466
1261,SrSm0.5Ta0.5O3,III,Sr,True,False,27.7,28.383701,1.3602418,16.735783,11.536058,-0.00033666895,0.112197325,0.44139117,True,False,1.0286115,0.882241,0.9132256746565688,0.95,1.335,0.06461682516217973,0.5,13.675,0.0,0.0,0.7701635339554948,0.1369838511984853,0.0,0.689304946174314
1262,BaMg0.1333Zn0.2Ta0.6667O3,Ib,Ba,True,False,27.7,26.830357,0.5308394,23.318537,3.5340896,-0.0061505414,-0.016120993,0.20152216,True,False,0.36329216,0.311596,1.0278786956123775,0.89,1.504673,0.07105280248344344,0.6667,14.26741,0.0,0.0,1.0042640273172312,0.19443398209056836,0.0,0.15155708953782135
1263,NdMg0.5Ti0.5O3,III,Other,True,False,28.0,25.119606,0.6739404,18.793713,6.2982244,-0.0017037954,0.029372688,0.30059302,True,False,0.6736174,0.57776225,0.9153818694633123,1.14,1.425,0.06763044570776824,0.5,11.535,0.0,0.0,0.8471798873510443,0.4576909347316562,1.14,0.3351240066292382
1264,CaLi0.3167Nb0.6333Zr0.05O3,III,Ca,True,False,29.9,30.313562,2.438861,0.0,28.087536,-0.0003308386,0.49237317,0.99557686,False,True,0.8257291,0.7082285,0.9237467588381328,0.9951894888736994,1.5802429386799355,0.0841863742890936,1.0,11.287233,0.24052555631502998,0.0,0.2229922796079507,0.5542480553028796,0.0,
1265,Ba4LiTa3O12,Ib,Ba,False,True,28.0,33.036644,2.13395,0.0,28.736399,-0.00044410778,0.458798,0.9911712,False,True,0.42023385,0.36043495,1.005200816392641,0.9080000000000001,1.5,0.08192,1.0,55.97,0.2,0.0,-0.0,0.2984397550822077,0.0,
1266,BaTb0.5Ta0.5O3,II,Ba,True,False,28.0,33.852394,0.7498816,15.547453,18.255621,-0.00048625548,0.0498052,0.1937783,True,False,0.3348231,0.28717807,0.9756550132347046,0.89,1.3599999999999999,0.0635790498766044,0.5,14.51,0.0,0.0,0.834343828451786,0.14634825198520568,0.0,1.174187244688889
1267,SrZn0.3333Ta0.6667O3,II,Sr,False,True,28.0,30.534184,1.3699818,27.69878,2.8360496,-0.0015911853,0.00094339176,0.1711397,True,False,0.24625637,0.2112143,0.9685786915588908,0.95,1.5499949999999998,0.07126106813480847,0.6667,13.363385999999998,0.0,0.0,0.7072122898763916,0.19372542409869373,0.0,0.10238897164423848
1268,BaZn0.3333Ta0.6667O3,Ib,Ba,True,False,28.0,28.713684,0.7378052,24.25816,4.4854465,-0.001890064,-0.028030425,0.19461554,True,False,0.33794212,0.28985325,1.0265569935184018,0.89,1.5499949999999998,0.07126106813480847,0.6667,14.363386,0.0,0.0,0.6364910608887524,0.19469833572638445,0.0,0.18490464651894456
1269,Ca0.6Ba0.4Yb0.5Ta0.5O3,III,Ca,True,False,28.0,25.975052,0.6344766,15.007934,10.887302,-0.00036784486,0.08018334,0.286709,True,False,0.6345909,0.5442892,0.9349304144936338,0.956,1.3,0.061770899133693095,0.5,13.036999999999999,0.0,0.0,0.8215077695525277,0.14023956217404507,0.0,0.7254364258264995
1270,BaZr0.0215Ni0.0542Zn0.272Ta0.6523O3,Ib,Ba,True,False,28.0,28.743923,0.6639432,24.375622,4.3796544,-0.0059439642,-0.005406943,0.19483557,True,False,0.33876,0.29055473,1.027399396307018,0.89,1.559367,0.07206686369353048,0.6738,14.354182999999999,0.0,0.0,0.983358411865159,0.2028747599243191,0.0,0.17967354433047902
1271,CaHo0.5Ta0.5O3,III,Ca,True,False,28.0,25.71102,1.2297649,14.138384,11.434604,-0.00034670334,0.13837999,0.5,True,False,1.2374576,1.0,0.8926388299705784,1.0,1.365,0.06288312250546305,0.5,12.34,0.0,0.0,0.8215077695525277,0.13389582449558676,0.0,0.8087631514322995
1272,SrDy0.5Ta0.5O3,III,Sr,True,False,28.0,26.480259,1.1863234,16.723042,9.687108,-0.00039829238,0.07050724,0.37174672,True,False,0.8600139,0.73763466,0.9228783357397952,0.95,1.3599999999999999,0.06323546685673558,0.5,13.45,0.0,0.0,0.8215077695525277,0.13843175036096927,0.0,0.579267097457508
1273,CaZr0.8Ti0.2O3,III,Ca,True,False,28.0,30.21416,1.7770959,19.733942,10.409041,-0.00036501978,0.07154091,0.4194401,True,False,0.97640544,0.8374638,0.9239258848121794,1.0,1.372,0.11963894073139973,1.0,12.376,0.0,0.0,0.5448826389638045,0.628269601672282,0.0,0.527468916245928
1274,SrSm0.5Nb0.5O3,III,Sr,True,False,31.8,30.801666,0.4559401,14.860338,15.817906,-0.0003716008,0.12379162,0.4269773,True,False,0.99440587,0.85290277,0.9132256746565688,0.95,1.385,0.06461682516217973,0.5,13.384999999999998,0.0,0.0,0.7701635339554948,0.2739677023969706,0.0,1.064437834455717
1275,CaDy0.5Ta0.5O3,III,Ca,True,False,30.0,25.299194,1.2770975,14.026918,11.135007,-0.00034317636,0.13761346,0.5,True,False,1.2909713,1.0,0.8903826196926194,1.0,1.3599999999999999,0.06323546685673558,0.5,12.370000000000001,0.0,0.0,0.8215077695525277,0.1335573929538929,0.0,0.7938313320146307
1276,LaCo0.5Ti0.5O3,III,Other,True,False,30.0,28.786194,0.36726007,24.371622,4.515302,-0.110792994,0.010059951,0.26001856,True,False,0.5562125,0.47706395,0.9405372125662028,1.1,1.71,0.06881527890689836,0.5,12.649999999999999,0.0,0.0,0.7393569925972749,0.47026860628310135,1.1,0.1852688343845149
1277,SrAl0.5Nb0.5O3,Ib,Sr,True,False,31.0,30.400692,0.98718226,21.759096,8.714876,-0.08839074,0.015113425,0.1561948,True,False,0.18257082,0.15659115,1.010406670978513,0.95,1.605,0.04407558859742286,0.5,12.184999999999999,0.0,0.0,0.8215077695525277,0.29687799870644604,0.0,0.4005164552792083
1278,SrYb0.5Nb0.5O3,III,Sr,True,False,31.0,28.94727,1.2783313,15.075233,13.805275,-0.00042330273,0.06718464,0.28509852,True,False,0.6299924,0.5403451,0.9323042054641574,0.95,1.35,0.061770899133693095,0.5,12.995,0.0,0.0,0.8215077695525277,0.2796912616392472,0.0,0.9157586486391288
1279,Ca0.4Sm0.6Mg0.3Ti0.7O3,III,Other,True,False,31.0,31.02682,0.39557603,22.036604,8.952424,-0.005448617,0.043240063,0.30044353,True,False,0.6732028,0.57740664,0.9291719409560908,1.1019999999999999,1.4709999999999999,0.07948080316671004,0.7,11.655,0.0,0.0,0.701362717174137,0.6504203586692634,1.1019999999999999,0.4062524334511797
1280,Ca4MgTa2TiO12,III,Ca,True,False,31.0,30.148096,0.6510235,20.971092,9.128861,-0.0027300152,0.050874025,0.8772705,True,True,0.56361866,0.48341623,0.9445326412924512,1.0,1.4625000000000001,0.07653002171972904,0.75,48.25,0.0,0.0,1.2515157426776788,0.37781305651698044,0.0,0.4353068977047071
1281,Ca4NiTa2TiO12,III,Ca,True,False,31.0,30.679697,0.59304434,23.68659,7.0175505,-0.03780236,0.0133592365,0.88366044,True,True,0.5990194,0.51377946,0.947998816122882,1.0,1.6125,0.07586663224536269,0.75,48.739999999999995,0.0,0.0,1.2515157426776788,0.3791995264491528,0.0,0.2962668117276484
1282,BaNi0.3333Nb0.6667O3,Ib,Ba,True,False,31.0,30.277191,1.4677784,20.63593,9.634923,-0.023739416,0.030079762,0.21788886,True,False,0.42088583,0.36099416,1.0348751067244826,0.89,1.7033229999999997,0.06989529197951026,0.6667,13.900040999999998,0.0,0.0,0.6600648038846321,0.38606925980807244,0.0,0.46690035292812104
1283,BaMg0.3333Nb0.6667O3,Ib,Ba,True,False,31.0,31.06522,1.4115005,18.155037,12.876184,-0.0033458446,0.037342373,0.2234424,True,False,0.43971214,0.37714148,1.0298681408160726,0.89,1.5033429999999999,0.07074259934967805,0.6667,13.736723999999999,0.0,0.0,0.6364910608887524,0.38807214631075465,0.0,0.7092347980342866
1284,Ba4SrTa4O15,Ib,Ba,True,False,31.1,31.264914,0.58067304,27.272642,3.8387566,-0.0013303267,0.1548445,0.8412386,True,True,0.3891058,0.3337364,1.0315440102015516,0.9020000000000001,1.5,0.08192,1.0,69.83000000000001,0.0,0.0,-0.0,0.2905367969395345,0.0,0.14075484876016045
1285,CaLi0.2333Nb0.4667Zr0.3O3,III,Ca,True,False,31.1,32.2248,1.4474131,0.0,29.596973,-0.00030681724,0.50154316,0.9963037,False,True,0.93081534,0.7983611,0.9173063443425536,0.9962166545041757,1.4943524194600237,0.09569591431586431,1.0,11.590767,0.18916727479121057,0.0,0.5701618614146864,0.5503838066055322,0.0,
1286,BaMg0.25W0.25Ti0.5O3,Ib,Ba,True,False,31.2,31.122702,1.2304184,22.196217,10.623336,-1.7017323,0.004880633,0.26958916,True,False,0.58487296,0.50164604,1.0471790461852435,0.89,1.6875,0.047190822444889174,0.5,13.795,0.0,0.0,1.1552453009332422,0.5478720484434848,0.0,0.4786102064149039
1287,BaZn0.5W0.5O3,Ia,Ba,True,False,31.4,22.67828,1.5553404,17.992693,4.657788,-0.018740628,0.046537943,0.24785495,True,False,0.51877904,0.44495726,1.0282084112905834,0.89,2.005,0.0,0.0,13.75,0.0,0.0,0.7290881454778684,0.1457687383064125,0.0,0.2588710872797085
1288,BaZn0.3Ta0.6Ti0.4O3.6,Ib,Ba,True,False,31.5,32.840366,1.954978,0.0,30.589447,-0.0007778544,0.4647676,0.9987645,False,True,0.4051989,0.34753945,1.0370722769051577,0.89,1.5469230769230768,0.07817877753677285,0.7692307692307692,16.432000000000002,0.0,1.0,1.034396415265814,0.42961390722692966,0.0,
1289,SrSm0.5Ta0.5O3,III,Sr,True,False,31.0,28.363132,1.3725597,16.735783,11.518878,-0.0003405293,0.108812705,0.44139117,True,False,1.0286115,0.882241,0.9132256746565688,0.95,1.335,0.06461682516217973,0.5,13.675,0.0,0.0,0.8215077695525277,0.1369838511984853,0.0,0.6882784032273841
1290,SrLa0.5Ta0.5O3,III,Sr,True,False,31.0,28.56314,1.415492,17.355446,11.073187,-0.00030733546,0.13481665,0.5,True,False,1.5468031,1.0,0.8981141585732536,0.95,1.3,0.0665607499633807,0.5,14.125,0.0,0.0,0.8215077695525277,0.13471712378598805,0.0,0.6380237649899634
1291,Ba0.9875Sr0.0125Zn0.475Ga0.025Ta0.6583O3,Ib,Ba,True,False,31.0,31.88895,1.3768523,27.863407,4.0426965,-0.0032834448,-0.013869353,0.18232028,True,False,0.29106554,0.24964717,1.0222592620867477,0.89075,1.568203401536735,0.06605564022690098,0.5683329016662351,14.647046,0.0,0.0,0.9119663626209299,0.16670466919665736,0.0,0.14508981259901205
1292,Ba0.9875Sr0.0125Zn0.3167Ga0.025Ta0.6583O3,Ib,Ba,True,False,31.0,29.681585,0.834966,24.233505,5.456974,-0.0019161233,-0.0069764135,0.1946631,True,False,0.33811894,0.2900049,1.0269020937255209,0.89075,1.5552549999999998,0.07012380958133957,0.6583,14.324114,0.0,0.0,0.8128837498919291,0.19217710551014688,0.0,0.2251830265576523
1293,CaLi0.2857Nb0.5715W0.1428O3,III,Ca,True,False,30.0,39.620274,1.6988901,0.0,26.579334,-0.00041390565,0.45291504,0.99443465,False,True,0.69115484,0.59280413,0.9318274632590944,0.9955557283969821,1.7519361612767745,0.06108171804856969,0.8000839983200335,11.352906999999998,0.22221358015089057,0.0,0.42616951729833363,0.5032103117423533,0.0,
1294,Ba5Ta4O15,Ib,Ba,True,False,30.0,29.69906,0.4424829,26.495808,3.1461453,-0.003059436,0.060168408,0.8642023,True,True,0.49588448,0.42532057,1.043329123221327,0.89,1.5,0.08192,1.0,70.83000000000001,0.0,0.0,-0.0,0.2870012630336018,0.0,0.11874124767208459
1295,BaZr0.03Ni0.0417Zn0.2817Ta0.6467O3,Ib,Ba,True,False,30.0,29.016027,0.73930275,24.290451,4.732215,-0.004678736,-0.0019582983,0.1935656,True,False,0.33402902,0.286497,1.0268929292887965,0.89,1.5542465753424657,0.07253106807603568,0.6766323367663235,14.358699,0.0,0.0,0.9868389388561236,0.20628780128135418,0.0,0.1948179142495131
1296,BaZr0.05Zn0.32Ta0.63O3,Ib,Ba,True,False,30.0,29.226536,1.0257002,23.910427,5.323832,-0.0017735461,-0.0059524355,0.18969525,True,False,0.31946367,0.27400428,1.025236710679917,0.89,1.5395,0.07355352296817794,0.68,14.3659,0.0,0.0,0.8949865820486759,0.21347316036109817,0.0,0.2226573369015953
1297,SrLi0.3078Nb0.4613W0.231O3,III,Sr,True,False,30.0,32.01398,2.1188385,0.0,29.821198,-0.00060677,0.42003807,0.9892844,False,True,0.30622068,0.26264575,0.9596820450361636,0.9570607126471936,1.8535894843276037,0.04865467392479902,0.666329625884732,12.356106,0.235357088239792,0.0,0.683914015436706,0.47974398692202147,0.0,
1298,BaYb0.5Nb0.5O3,Ib,Ba,True,False,30.0,30.96456,1.1130066,14.227498,16.706749,-0.0005738816,0.03088811,0.13450766,True,False,0.08063567,0.06916128,0.988111147340533,0.89,1.35,0.061770899133693095,0.5,13.995,0.0,0.0,0.8728520051495607,0.2964333442021599,0.0,1.1742576945011693
1299,CaLi0.3Nb0.6Zr0.1O3,III,Ca,True,False,30.1,29.74126,1.9477937,0.0,28.758862,-0.00032452348,0.49864063,0.9957551,False,True,0.8498177,0.7288894,0.9221781494947334,0.9953846153846153,1.5614285714285716,0.08646433358153388,1.0,11.347999999999999,0.23076923076923075,0.0,0.3493583452086447,0.55330688969684,0.0,
1300,Ba8ZnTa6O24,Ib,Ba,True,False,30.5,29.71492,0.5565279,25.322962,4.3052435,-0.030816864,0.11753001,0.85064584,True,True,0.4311965,0.36983764,1.0360737051182582,0.89,1.5214285714285714,0.07802899948977225,0.8571428571428571,113.92,0.0,0.0,0.42530581155835007,0.24786676154101928,0.0,0.17001342496979616
1301,SrLi0.3889Nb0.5W0.2O3,III,Sr,True,False,31.0,29.903896,3.192933,0.0,30.341862,-0.00056357216,0.43859005,0.9906809,False,True,0.3884343,0.33316043,0.952860482073256,0.9584001727986176,1.8171428571428574,0.05298378751293549,0.7142857142857143,12.385667,0.2800057599539204,0.0,0.6425858544063875,0.4900425336376746,0.0,
1302,Sr0.15Ba0.85Yb0.5Ta0.5O3,II,Ba,True,False,31.0,29.888905,1.1029242,16.04623,13.804385,-0.0005458807,0.038832963,0.15534902,True,False,0.1788215,0.15337536,0.9797401060590766,0.8989999999999999,1.3,0.061770899133693095,0.5,14.135,0.0,0.0,0.8215077695525277,0.1469610159088615,0.0,0.8602883668001766
1303,Sr0.625Ce0.25TiO3,Ib,Sr,True,False,143.0,139.33105,1.8661089,30.864079,106.41466,-0.00034900318,2.0526638,0.58832407,True,False,0.2081386,0.17852066,0.9915113255255614,0.9985714285714287,1.54,0.09150625,1.0,12.6475,0.0,1.0,-0.0,0.9915113255255614,0.0,3.447848225116324
