idx,formula,regime,a_site,er_measured,PC1,PC2,PC3,PC4
0,Ca0.8Sr0.2SnO3,III,Ca,8.5,4.017973,0.5354242,-1.9881136,1.5581656
1,CaTi0.53Al0.235Nb0.235O3,II,Ca,49.8,0.80534536,-0.57086104,1.3022181,-0.90317243
2,CaTi0.5Al0.25Nb0.25O3,II,Ca,48.0,1.1506662,-0.65840405,1.1007558,-0.9420317
3,CaTi0.4Al0.3Nb0.3O3,II,Ca,41.3,2.1474228,-0.7761635,0.47696397,-0.97681934
4,CaTi0.3Al0.35Nb0.35O3,II,Ca,36.8,2.9669693,-0.7176448,-0.049722813,-0.91277176
5,CaTi0.7Al0.15Nb0.15O3,II,Ca,65.4,-1.471946,0.47638145,2.158491,-0.31733406
6,CaTi0.6Al0.2Nb0.2O3,II,Ca,54.3,-0.094112396,-0.21930258,1.7579333,-0.7433185
7,CaTi0.53Al0.235Nb0.235O3,II,Ca,48.5,0.8174904,-0.5463178,1.2920502,-0.9005583
8,CaTi0.5Al0.25Nb0.25O3,II,Ca,48.1,1.1681811,-0.6342844,1.088399,-0.93827134
9,CaTi0.4Al0.3Nb0.3O3,II,Ca,41.2,2.178293,-0.7504648,0.45777103,-0.9674191
10,CaTi0.3Al0.35Nb0.35O3,II,Ca,36.4,3.00531,-0.6887584,-0.07384087,-0.896781
11,CaTi0.7Al0.15Nb0.15O3,II,Ca,69.0,-1.5409592,0.559456,2.133803,-0.2962393
12,CaTi0.6Al0.2Nb0.2O3,II,Ca,56.6,-0.09999114,-0.1466248,1.7358297,-0.7368397
13,CaTi0.53Al0.235Nb0.235O3,II,Ca,49.4,0.8537022,-0.4814834,1.2557976,-0.8889843
14,CaTi0.5Al0.25Nb0.25O3,II,Ca,48.0,1.2189991,-0.5700813,1.0458516,-0.92226696
15,CaTi0.4Al0.3Nb0.3O3,II,Ca,41.1,2.265198,-0.6795067,0.3962775,-0.93223804
16,CaTi0.3Al0.35Nb0.35O3,II,Ca,36.4,3.112444,-0.60648805,-0.14860784,-0.8408729
17,Sm0.6Ca0.4Co0.3Ti0.7O3,III,Sm,37.0,1.5820909,-2.805115,-0.5803343,-1.1675116
18,Ca0.6Sr0.4Al0.3Nb0.3Ti0.4O3,Ib,Ca,37.2,-0.36170653,-1.3661705,1.275161,-0.7572905
19,Ca5Nb4TiO17,III,Ca,45.6,0.6302412,4.748989,1.4725531,0.914022
20,Ca4.9Zn0.1Nb4TiO17,III,Ca,40.3,-1.2208827,4.8326426,1.2792401,1.2385415
21,Ca4.8Zn0.2Nb4TiO17,III,Ca,37.9,-1.270731,4.8294578,1.2189572,1.1974576
22,Ca4.7Zn0.3Nb4TiO17,III,Ca,45.8,-1.3163557,4.8431654,1.1463349,1.1567376
23,Ca4.6Zn0.4Nb4TiO17,III,Ca,52.0,-1.3569818,4.8584647,1.0681443,1.1118602
24,CaTi0.6Al0.2Nb0.2O3,II,Ca,55.7,-0.09112746,-0.24686986,1.7634407,-0.7450783
25,CaTi0.7Al0.15Nb0.15O3,II,Ca,67.8,-1.4478585,0.445527,2.1656823,-0.32481983
26,SrLa3Ti2NbO12,III,Sr,41.0,-2.5246575,2.4339852,1.7981824,0.87729824
27,Sr2La2TiNb2O12,III,Sr,39.0,-3.3215044,1.8965716,2.016699,1.1209561
28,Ba2SrLaNb3O12,II,Ba,39.5,-0.8107644,2.4965162,2.5861547,1.4853072
29,Ba.5Sr.5LaNb3O12,Ib,Ba,38.95,0.15430467,3.6210344,2.042769,1.356906
30,BaSr2LaNb3O12,III,Ba,37.1,-2.0338378,1.5610123,2.8174784,1.3092084
31,Sr3LaNb3O12,III,Sr,35.8,-1.7286814,1.8423988,2.535041,1.0384225
32,BaLa0.5Nb0.5O3,III,Ba,45.0,-1.399776,2.9242895,2.0865653,1.3084499
33,BaPr0.5Nb0.5O3,III,Ba,44.5,-0.9316712,2.795874,2.3912735,1.3350605
34,BaNd0.5Nb0.5O3,III,Ba,44.0,-0.4278384,2.5404603,2.1966727,1.1454484
35,BaSm0.5Nb0.5O3,II,Ba,43.0,1.3979177,2.2643232,1.9582009,0.6900722
36,BaEu0.5Nb0.5O3,II,Ba,40.0,1.5194806,2.045495,1.9354404,0.64143103
37,BaGd0.5Nb0.5O3,II,Ba,40.0,1.5457691,1.8854631,1.9154903,0.5990688
38,BaTb0.5Nb0.5O3,II,Ba,39.0,1.1894315,1.4219615,2.3416948,0.6869852
39,Ca5Nb2TiO12,III,Ca,48.0,0.24830982,5.5273576,0.70528936,0.9894992
40,BaDy0.5Nb0.5O3,II,Ba,38.9,1.3098651,1.3379111,2.3255062,0.6684807
41,BaY0.5Nb0.5O3,II,Ba,37.0,1.2669795,1.041739,2.2326546,0.6295852
42,BaYb0.5Nb0.5O3,Ib,Ba,36.0,0.70706475,0.6214092,2.3089204,0.6720981
43,Ba8Ta4Ti3O23.5,Ib,Ba,40.0,-0.42954364,-2.7374244,1.3090628,-0.25286278
44,Ba8Ta4.32Ti2.6O23.54,Ib,Ba,36.0,-0.111614466,-2.7348967,1.1193806,-0.32586423
45,Ba8Ta4.64Ti2.2O23.58,Ib,Ba,44.0,0.20515014,-2.6844711,0.9371954,-0.38351485
46,Ba10Ta7.04Ti.2O29.88,Ib,Ba,35.0,1.1680453,-2.0793488,0.58927757,-0.48649782
47,Ba10Ta7.28Ti0.9O29.91,Ib,Ba,35.0,1.2813852,-2.1759434,0.45858547,-0.5007756
48,Ba10Ta7.52Ti0.6O29.94,Ib,Ba,34.0,1.5542109,-2.0308812,0.28650087,-0.49199954
49,Ba5Ta4O15,Ib,Ba,28.0,2.6729388,-1.6559907,-1.18164,0.38569918
50,Ba5Sr2Ta4ZrO21,Ib,Ba,27.0,0.26430896,0.477425,1.8143691,0.19331665
51,Sr3LaNb3O12,III,Sr,36.0,-1.4893581,2.1615968,2.4508584,1.0849762
52,BaHo0.5Nb0.5O3,II,Ba,38.0,1.364498,1.2968853,2.3184028,0.66441
53,Ca5Ta2TiO12,III,Ca,38.0,1.9521478,5.0103464,-0.14605533,0.4808382
54,CaTi0.70Al0.15Ta0.15O3,II,Ca,65.4,-1.161959,0.20445335,1.9650289,-0.55455077
55,CaTi0.60Al0.20Ta0.20O3,II,Ca,52.2,0.8634874,-0.41092137,1.0710702,-0.92950535
56,CaTi0.60Al0.20Ta0.20O3,II,Ca,52.3,0.8272009,-0.4502295,1.0807106,-0.9272486
57,CaTi0.60Al0.20Ta0.20O3,II,Ca,52.4,0.7320083,-0.5467238,1.1058881,-0.9196666
58,CaTi0.60Al0.20Ta0.20O3,II,Ca,52.0,0.6315804,-0.64023423,1.1324253,-0.9093174
59,CaTi0.54Al0.23Ta0.23O3,II,Ca,46.6,1.7261671,-0.6235523,0.529771,-0.9208517
60,CaTi0.54Al0.23Ta0.23O3,II,Ca,46.7,1.7004249,-0.66906744,0.5276578,-0.9175777
61,CaTi0.54Al0.23Ta0.23O3,II,Ca,46.8,1.6294951,-0.7817842,0.52441156,-0.9081303
62,CaTi0.54Al0.23Ta0.23O3,II,Ca,46.5,1.5496242,-0.89249814,0.5244635,-0.89697677
63,CaTi0.50Al0.25Ta0.25O3,II,Ca,41.4,2.2289753,-0.6837199,0.18327485,-0.85808945
64,CaTi0.70Al0.15Ta0.15O3,II,Ca,65.7,-1.0391097,0.25426307,1.9211562,-0.58367586
65,CaTi0.50Al0.25Ta0.25O3,II,Ca,41.5,2.1504688,-0.8484255,0.153747,-0.8382153
66,Ca0.70Nd0.30Ti0.70Al0.30O3,II,Ca,43.5,2.2806938,-1.3063782,-0.13579985,-0.74935067
67,Ca0.70La0.15Nd0.15Ti0.70Al0.30O3,II,Ca,41.5,1.377912,-1.7790587,0.07830746,-0.63545644
68,Ca0.70La0.30Ti0.70Ga0.30O3,II,Ca,49.4,1.9557469,-0.24694988,0.9634244,-0.54450583
69,Ca0.70Nd0.30Ti0.70Ga0.15Al0.15O3,III,Ca,45.3,-0.08579522,-1.1647733,0.8141692,-0.863765
70,Ca0.70La0.30Ti0.70Ga0.15Al0.15O3,II,Ca,45.2,0.69438374,-1.7239746,0.80084926,-0.68004984
71,Ca0.70La0.15Nd0.15Ti0.70Ga0.15Al0.15O3,II,Ca,45.2,0.9910191,-1.7062927,0.5169806,-0.6881249
72,Ca0.67La0.165Nd0.165Ti0.67Ga0.33O3,III,Ca,44.7,0.91252166,-0.82741314,0.6979969,-0.6970715
73,Ca0.66La0.17Nd0.17Ti0.66Ga0.34O3,III,Ca,44.1,1.0521334,-0.7708803,0.65885013,-0.68969285
74,Ca0.64La0.18Nd0.18Ti0.64Ga0.36O3,III,Ca,43.6,1.3169425,-0.65049213,0.5824471,-0.673539
75,Ca0.66La0.34Ti0.66Ga0.34O3,II,Ca,47.5,2.4857538,-0.07935518,0.758526,-0.52610594
76,Ca0.64La0.36Ti0.64Ga0.36O3,II,Ca,46.5,2.7211378,0.010250849,0.6662852,-0.51237255
77,Ba2.5Sr0.5LaNb3O12,Ib,Ba,41.86,-1.7718136,2.080139,2.6831944,1.5582713
78,CaTi0.70Al0.15Ta0.15O3,II,Ca,65.6,-0.91050845,0.30657172,1.873991,-0.61017513
79,CaLa4Ti4O15,II,Ca,41.1,1.6984608,-3.5340397,-0.34585264,-0.4738881
80,BaZn0.300Nb0.600Zr0.100O3,Ib,Ba,38.0,-1.7256548,-1.6865934,2.4552648,0.06390818
81,Ba0.80Sr0.20Zn0.313Ta0.627Ti0.060O3,Ib,Ba,42.0,0.22604018,-1.4032748,1.2723992,0.4674339
82,Ba0.75Sr0.25Zn0.313Ta0.627Ti0.060O3,Ib,Ba,40.0,0.10106038,-1.2455337,1.4672562,0.4580586
83,Ba4LaTiNb3O15,Ib,Ba,52.0,-3.1247852,-0.7811711,3.039553,0.7661031
84,Ba4LaSnNb3O15,Ib,Ba,39.0,-1.917963,-0.4367406,2.8628,0.74464875
85,Ca0.65Sm0.315Nd0.035Ti0.65Al0.35O3,II,Ca,39.7,2.3846478,-1.0728174,0.09779769,-0.9293487
86,Ca0.25Sm0.675Nd0.075Ti0.25Al0.75O3,II,Ca,22.74,4.087622,-1.6963916,-1.3924154,-0.8466395
87,Ca0.35Sm0.585Nd0.065Ti0.35Al0.65O3,II,Ca,25.84,3.7971041,-1.8774823,-1.2731295,-0.84561604
88,Ca0.45Sm0.495Nd0.055Ti0.45Al0.55O3,II,Ca,29.38,3.890297,-1.3979048,-1.120434,-0.9442128
89,Ca0.55Sm0.405Nd0.045Ti0.55Al0.45O3,II,Ca,32.85,3.4239283,-1.5721351,-0.89795554,-0.9351503
90,Ca0.75Sm0.225Nd0.025Ti0.75Al0.25O3,II,Ca,50.21,1.047882,-0.83949095,0.8286774,-0.83305657
91,CaTi0.70Al0.15Ta0.15O3,II,Ca,65.5,-0.8577957,0.32818377,1.8542432,-0.6199358
92,Ca0.85Sm0.135Nd0.015Ti0.85Al0.15O3,II,Ca,69.2,-1.220484,0.26984438,1.6012869,-0.4864657
93,Ca5Nb.5Ta0.5TiO12,III,Ca,46.0,-0.7367179,4.679314,0.74976504,0.6282856
94,Ca5NbTaTiO12,III,Ca,43.0,0.09689575,4.6727195,0.5607108,0.3244488
95,Ca5Nb0.5Ta.5TiO12,III,Ca,40.0,-0.19823334,4.627196,0.601297,0.4054818
96,Ca5Ta2TiO12,III,Ca,38.0,1.9634721,5.0324197,-0.16967015,0.5031151
97,BaZn0.333Co0.000Nb0.667O3,Ib,Ba,41.4,-1.1549475,-1.0524384,2.1631093,0.25645766
98,BaZn0.267Co0.067Nb0.667O3,Ib,Ba,40.1,-1.2158865,-1.7072766,2.0824454,-0.024166206
99,BaZn0.200Co0.133Nb0.667O3,Ib,Ba,38.2,-1.190003,-2.1157084,1.936448,-0.17519532
100,BaZn0.133Co0.200Nb0.667O3,Ib,Ba,35.8,-1.0997741,-2.404811,1.7514672,-0.25531125
101,BaZn0.067Co0.267Nb0.667O3,Ib,Ba,33.9,-0.96561027,-2.5427964,1.5600892,-0.2605364
102,BaLa4Ti4O15,Ib,Ba,44.4,0.5095994,-4.1041446,0.13380292,-0.3657794
103,SrLa4Ti4O15,II,Sr,43.7,1.170937,-3.983122,-0.32606634,-0.3647546
104,CaTi0.60Mg0.1333Nb0.2667O3,III,Ca,62.97,-2.0177143,0.9725636,1.1050746,-0.58851206
105,Ba3LaNb3O12,Ib,Ba,44.8,-2.7254024,1.6828322,2.6978931,1.5937679
106,Pb0.40Ca0.60Fe0.495Nb0.495Zr0.01O3,II,Pb,68.4,0.84181225,6.340766,-1.3421073,-0.40562215
107,LaAlO3,Ia,La,22.0,4.0974026,-1.273861,-0.88362825,-1.0667671
108,La0.75Sr0.25Al0.75Ti0.25O3,Ib,La,26.0,2.6704419,-1.5203222,-0.7422234,-0.89824176
109,La0.55Sr0.45Al0.55Ti0.45O3,Ib,La,29.0,1.2201967,-2.9837356,-0.5435988,-0.78316563
110,La0.50Sr0.50Al0.50Ti0.50O3,Ib,La,33.0,0.86025745,-3.2083495,-0.40285403,-0.76443046
111,La0.45Sr0.55Al0.45Ti0.55O3,Ib,La,34.0,0.4845539,-3.4420736,-0.25578144,-0.73831177
112,La0.40Sr0.60Al0.40Ti0.60O3,Ib,La,39.0,-0.35016105,-3.6113567,0.319164,-0.71582353
113,La0.25Sr0.75Al0.25Ti0.75O3,Ib,La,46.0,-1.8435746,-4.074112,0.99605775,-0.55850273
114,Ba0.99Zn0.10Co0.2333Nb0.6667O3,Ib,Ba,33.7,-1.1011907,-2.657405,1.6282068,-0.2688006
115,Ba0.993La0.0067Zn0.10Co0.2333Nb0.6667O3,Ib,Ba,34.0,-1.606015,-2.882539,1.5445958,-0.32834625
116,LaZn0.5Ti0.5O3,III,La,34.0,1.828021,-2.5703523,0.11814596,-0.9507955
117,Ba5Ta4O15,Ib,Ba,30.2,2.7343762,-0.9475612,-0.8802967,0.3457625
118,Ba4SrTa4O15,Ib,Ba,32.9,2.1845772,-1.1893474,-0.32435673,0.05892603
119,Ba3Sr2Ta4O15,Ib,Ba,34.3,1.7856191,-1.5237432,0.11176865,-0.10235804
120,Ba2Sr3Ta4O15,Ib,Ba,35.2,0.43348548,-3.1866877,0.35752285,-0.110656664
121,BaSr4Ta4O15,Ib,Ba,33.2,0.32232794,-3.5816472,0.26394093,-0.14220826
122,Sr5Ta4O15,II,Sr,43.5,1.9127,-1.9982724,0.13886918,-0.14495343
123,Ba5NbTa3O15,Ib,Ba,31.7,2.1506736,-1.8277001,-0.5350592,-0.0041905325
124,Ba5Nb2Ta2O15,Ib,Ba,34.2,1.4143927,-1.7806722,0.22406673,-0.18002257
125,Ba5Nb3TaO15,Ib,Ba,37.2,0.7881243,-1.142512,0.972009,-0.17396154
126,Ba5Nb4O15,Ib,Ba,42.0,0.0060963533,0.65506613,1.7552588,0.08952228
127,Sr5Nb2Ta2O15,II,Sr,34.3,1.2857782,-2.2856526,0.8457594,-0.22857065
128,Sr5Nb3TaO15,II,Sr,38.2,0.95184785,-1.8107355,1.3592075,-0.20242691
129,Li0.774Zr0.057NbO3,III,Li,30.97,2.9243124,2.627636,-1.0672365,-0.89465916
130,Li0.774Zr0.057NbO3,III,Li,38.66,2.9243124,2.627636,-1.0672365,-0.89465916
131,Li0.774Zr0.057NbO3,III,Li,27.75,2.959877,2.706484,-1.1963334,-0.7203656
132,Li0.774Zr0.057NbO3,III,Li,33.01,2.9243124,2.627636,-1.0672365,-0.89465916
133,Ba6Nb4ZrO18,Ib,Ba,32.4,0.7700854,-2.0810988,0.7170272,-0.4669834
134,Ba6Ta4TiO18,Ib,Ba,29.3,1.4701426,-2.5518737,-0.2871325,-0.1571509
135,Ba5SrNb4TiO18,Ib,Ba,50.8,-2.053499,-0.21223219,2.1489637,0.27375865
136,Ba5SrNb4ZrO18,Ib,Ba,39.5,0.056438196,-1.6533352,1.351526,-0.3836692
137,Ba5SrTa4TiO18,Ib,Ba,34.9,0.5804226,-2.990987,0.38619477,-0.38585886
138,Sr6Nb4TiO18,Ib,Sr,46.2,-0.17160963,-3.0495846,1.1683987,-0.4268309
139,BaZn0.333Ta0.667O3,Ib,Ba,29.5,0.8840168,-3.15696,-0.35590285,0.637977
140,BaZn0.333Ta0.667O3,Ib,Ba,29.6,2.7561467,-1.616153,-1.3675067,1.9060663
141,BaZn0.333Ta0.667O3,Ib,Ba,28.4,2.69713,-1.7467731,-1.3353428,1.8117962
142,BaZn0.333Ta0.667O3,Ib,Ba,30.2,2.8312438,-1.4225906,-1.4048998,2.0317066
143,NdCo0.5Ti0.5O3,III,Nd,27.0,3.9292755,-2.4357455,-1.7137711,-0.79309434
144,Sr5Nb4O15,II,Sr,45.2,0.38963225,-0.32538792,2.0886462,-0.019839002
145,Nd0.9Sr0.1Co0.45Ti0.55O3,III,Nd,29.32,3.2526162,-2.9042315,-1.5073571,-0.90503514
146,Ba2SrYNb3O12,Ib,Ba,34.1,-0.49361244,1.8177459,2.4710293,1.0611242
147,BaSr2YNb3O12,II,Ba,34.7,0.17125982,1.2809507,2.5014572,0.6802447
148,Sr3YNb3O12,III,Sr,34.9,-0.33926255,0.98952836,2.5907419,0.6661557
149,BaZn0.33Ta0.67O3,Ib,Ba,29.1,2.1964204,-1.9414164,-0.7954835,0.811301
150,BaZn0.33Ta0.67O3,Ib,Ba,30.4,2.1964204,-1.9414164,-0.7954835,0.811301
151,Sr0.1Ba0.9Ti0.1Zn0.3Ta0.6O3,Ib,Sr,33.7,0.27125537,-2.6407208,0.656139,-0.2619718
152,BaMg0.333Nb0.667O3,Ib,Ba,31.2,1.0043027,-1.9929506,0.9190467,-0.48453787
153,BaMg0.333Nb0.667O3,Ib,Ba,31.5,0.9870931,-2.1136055,0.91258323,-0.54025507
154,BaMg0.333Nb0.667O3,Ib,Ba,31.0,1.0043027,-1.9929506,0.9190467,-0.48453787
155,BaZn0.25Ta0.50Ti0.33O3,Ib,Ba,31.5,-1.9879574,-5.2619147,-0.31437358,0.61313766
156,BaSn0.226Zn0.255Nb0.515O3,Ib,Ba,32.0,0.3797925,-1.5437006,1.2395543,0.14632346
157,Ba3YNb3O12,Ib,Ba,29.9,-0.1249116,2.11727,2.2368047,0.85263526
158,La0.680Al0.04Ti0.96O3,II,La,71.9,-1.3922362,2.8493721,2.0953648,0.77603126
159,La0.687Al0.06Ti0.94O3,II,La,67.6,-1.2203834,2.6463199,2.2870069,0.7186292
160,La0.693Al0.08Ti0.92O3,II,La,66.9,-1.0340487,2.3960295,2.4116719,0.6333767
161,Ca4La2Ti4Mg0.333Nb0.667O17,III,Ca,59.3,-3.9474068,4.960005,-0.62423766,0.99448067
162,Ca4La2Ti3Mg0.667Nb.333O17,III,Ca,49.21,-0.90770584,0.6565189,1.3637223,-0.38819322
163,Ca4La2Ti2.5Mg0.833Nb.667O17,III,Ca,44.36,-2.305145,3.0915883,0.6958604,0.3789868
164,Ca4La2Ti2MgNb2O17,III,Ca,40.45,-1.9808915,4.3584003,-0.3225625,0.05389964
165,Ca4La2TiMg.333Nb2.667O17,III,Ca,35.23,-1.1056634,3.99147,-0.38389152,-0.27766874
166,Pb0.55Ca0.45Fe0.475Nb0.475Zr0.05O3,II,Pb,108.5,-4.359238,6.6803503,-3.5541325,0.01818286
167,Pb0.50Ca0.50Fe0.475Nb0.475Zr0.05O3,II,Pb,94.3,-2.7153764,7.341078,-2.9232962,0.065291576
168,Pb0.45Ca0.55Fe0.475Nb0.475Zr0.05O3,II,Pb,81.2,-1.0923649,7.1397605,-2.0746827,-0.10010348
169,Pb0.40Ca0.60Fe0.475Nb0.475Zr0.05O3,II,Pb,67.2,0.8350069,5.9985123,-1.1970417,-0.48942462
170,Ca4La2Ti5O17,II,Ca,71.86,-1.0998037,2.9997568,1.3370984,0.5652972
171,Pb0.55Ca0.45Fe0.475Nb0.475Zr0.05O3,II,Pb,100.1,-4.430317,6.653088,-3.602131,0.01667445
172,Pb0.45Ca0.55Fe0.475Nb0.475Zr0.05O3,II,Pb,86.8,-1.1655202,7.159544,-2.112746,-0.09348639
173,Pb0.40Ca0.60Fe0.475Nb0.475Zr0.05O3,II,Pb,70.1,0.76626474,6.0097957,-1.1997437,-0.49069118
174,Pb0.60Ca0.40Fe0.495Nb0.495Zr0.01O3,II,Pb,126.7,-8.855459,2.2154665,-4.085916,-0.88093513
175,Pb0.55Ca0.45Fe0.495Nb0.495Zr0.01O3,II,Pb,90.6,-3.7376845,6.8563027,-3.2054937,0.084724985
176,Pb0.50Ca0.50Fe0.495Nb0.495Zr0.01O3,II,Pb,86.3,-2.3671606,7.5029583,-2.8105464,0.10619972
177,Pb0.45Ca0.55Fe0.495Nb0.495Zr0.01O3,II,Pb,82.5,-0.8555459,7.332245,-2.0901437,-0.056782715
178,Pb0.40Ca0.60Fe0.495Nb0.495Zr0.01O3,II,Pb,68.7,0.9085088,6.314477,-1.3339008,-0.40480733
179,Pb0.60Ca0.40Fe0.495Nb0.495Zr0.01O3,II,Pb,128.4,-8.86618,2.2075193,-4.1051517,-0.87905794
180,Pb0.55Ca0.45Fe0.495Nb0.495Zr0.01O3,II,Pb,97.1,-3.8006773,6.8442016,-3.255097,0.084276155
181,Pb0.50Ca0.50Fe0.495Nb0.495Zr0.01O3,II,Pb,89.2,-2.4280772,7.5066075,-2.8610272,0.110004745
182,Pb0.45Ca0.55Fe0.495Nb0.495Zr0.01O3,II,Pb,85.3,-0.9244416,7.3611073,-2.1286137,-0.049216904
183,Pb0.50Ca0.50Fe0.475Nb0.475Zr0.05O3,II,Pb,96.5,-2.782315,7.333837,-2.973959,0.06788235
184,BaZn0.20Co0.133Nb0.667O3,Ib,Ba,35.5,-0.5006652,-2.0864477,1.8279501,-0.29567373
185,BaCo0.233Zn0.100Nb0.667O3,Ib,Ba,34.5,-0.6573847,-3.226934,1.4413754,-0.19177936
186,La0.8Ti0.6Al0.4O3,Ia,La,38.7,3.0969243,-1.3442535,0.36440912,-0.87307405
187,La0.700Al0.10Ti0.90O3,II,La,62.6,-0.7871964,1.8242807,2.5911021,0.55096567
188,La0.708Al0.125Ti0.875O3,II,La,60.7,-0.5716426,1.5381352,2.6152637,0.4515666
189,La0.717Al0.15Ti0.85O3,II,La,57.7,-0.36150172,1.23686,2.600622,0.35030755
190,La0.733Al0.20Ti0.80O3,II,La,53.9,-0.18861099,0.25243625,2.4647882,0.030477727
191,La0.767Al0.30Ti0.70O3,II,La,44.9,0.80214566,-0.59519666,1.8230201,-0.28301722
192,La0.800Al0.40Ti0.60O3,Ia,La,39.6,3.0979671,-1.3344487,0.36839977,-0.8708734
193,La0.833Al0.50Ti0.50O3,Ia,La,34.4,3.3199437,-1.5183982,0.044152874,-0.99127334
194,La0.680Al0.04Ti0.96O3,II,La,70.4,-1.3928937,2.8440654,2.095705,0.7725189
195,La0.687Al0.06Ti0.94O3,II,La,68.0,-1.2203834,2.6463199,2.2870069,0.7186292
196,La0.693Al0.08Ti0.92O3,II,La,66.7,-1.034584,2.3871918,2.4123497,0.62918353
197,La0.700Al0.10Ti0.90O3,II,La,65.3,-0.7871964,1.8242807,2.5911021,0.55096567
198,BaCo0.333Nb0.667O3,Ib,Ba,32.0,0.5348904,-2.0797698,0.90322906,-0.12555265
199,La0.708Al0.125Ti0.875O3,II,La,60.8,-0.5716426,1.5381352,2.6152637,0.4515666
200,La0.733Al0.20Ti0.80O3,II,La,53.1,-0.18861099,0.25243625,2.4647882,0.030477727
201,La0.767Al0.30Ti0.70O3,II,La,46.3,0.7999507,-0.57592434,1.8303355,-0.27844504
202,La0.800Al0.40Ti0.60O3,Ia,La,40.0,3.0979671,-1.3344487,0.36839977,-0.8708734
203,La0.833Al0.50Ti0.50O3,Ia,La,36.6,3.3199437,-1.5183982,0.044152874,-0.99127334
204,La0.8Ti0.6Al0.4O3,Ia,La,29.4,3.0996835,-1.3150584,0.37644288,-0.8663825
205,La0.8Ti0.6Al0.4O3,Ia,La,34.2,3.0996835,-1.3150584,0.37644288,-0.8663825
206,La0.8Ti0.6Al0.4O3,Ia,La,35.1,3.0988882,-1.3247173,0.3724114,-0.8686428
207,La0.8Ti0.6Al0.4O3,Ia,La,38.7,3.0988882,-1.3247173,0.3724114,-0.8686428
208,La0.8Ti0.6Al0.4O3,Ia,La,39.6,3.0979671,-1.3344487,0.36839977,-0.8708734
209,La0.8Ti0.6Al0.4O3,Ia,La,40.0,3.0979671,-1.3344487,0.36839977,-0.8708734
210,La0.8Ti0.6Al0.4O3,Ia,La,38.3,3.0969243,-1.3442535,0.36440912,-0.87307405
211,La0.717Al0.15Ti0.85O3,II,La,54.4,-0.36150172,1.23686,2.600622,0.35030755
212,Ba6Nb4TiO18,Ib,Ba,46.2,-0.96201044,-0.56394285,1.903468,0.03208867
213,CaTi0.50Mg0.1667Nb0.3333O3,III,Ca,54.31,-0.6464825,1.0279669,0.83357346,-0.88433915
214,CaTi0.35Mg0.2167Nb0.4333O3,III,Ca,44.24,1.0743613,1.3103837,0.23076507,-1.1366893
215,Ca0.45Li0.175Dy0.0667Nd0.2417TiO3,III,Ca,100.1,-9.506073,-0.5013437,-2.121126,-0.6288704
216,Ca0.45Li0.225Dy0.0333Nd0.2583TiO3,III,Ca,105.1,-9.583673,-0.48971486,-2.5214033,-0.65893215
217,Ca0.30Li0.20Dy0.10Nd0.30TiO3,III,Ca,97.6,-7.9563866,0.6234238,-1.1148019,-0.7291026
218,Ca0.20Li0.25Dy0.10Nd0.35TiO3,III,Ca,89.4,-7.670652,-0.7058433,0.4858387,-0.2690822
219,Ca0.40Li0.25Dy0.0333Nd0.2833TiO3,III,Ca,103.0,-9.190359,0.07301804,-2.4042153,-0.6204419
220,Ca0.10Li0.25Dy0.1333Nd0.3833TiO3,III,Ca,70.6,-4.5593524,1.0877676,1.4944046,0.27347934
221,Ca0.5Pb0.5Zr0.95Ti0.05O3,III,Ca,72.0,-1.0387571,4.8058577,-1.1276675,-0.42660254
222,Ca4La2Ti5O17,II,Ca,73.0,-1.8674375,1.9793719,1.6298538,0.5897497
223,Ca0.268Li0.165Sm0.433TiO3,III,Ca,95.5,-6.6068816,0.070655644,0.36528993,-0.82592624
224,Ca0.5Pb0.5Fe0.5Ta0.5O3,II,Ca,67.9,0.20941798,6.0802565,-1.861022,-0.44317898
225,Ca0.5Pb0.5Fe0.5Ta0.5O3,II,Ca,79.6,0.15752526,6.0989304,-1.8659365,-0.45063546
226,Ca0.5Pb0.5Fe0.5Ta0.5O3,II,Ca,84.0,0.10423463,6.11535,-1.8713048,-0.45756704
227,Ca0.5Pb0.5Fe0.5Ta0.5O3,II,Ca,83.9,0.049756885,6.1293545,-1.8771296,-0.46390864
228,Pb.0ZrO3,III,Pb,129.0,-9.600065,-1.0539117,-1.4892814,-0.701261
229,Ba0.05Pb0.95ZrO3,II,Ba,135.0,-9.037089,-0.6678838,-0.99151015,-0.5416237
230,Pb0.90Sr0.10ZrO3,III,Pb,127.0,-9.856022,-1.4129304,-1.5140053,-0.8739405
231,Pb0.50Sr0.50ZrO3,III,Pb,101.0,-8.368009,-1.8796023,0.80256593,-0.63826245
232,Pb0.40Sr0.60ZrO3,III,Pb,73.0,-5.742191,-2.1696017,2.3206878,-0.58749694
233,Pb0.95Ca0.05ZrO3,III,Pb,112.0,-9.739543,-0.9365997,-1.6800967,-0.6332814
234,Pb0.70Ca0.30ZrO3,III,Pb,132.0,-9.868161,-0.36512792,-2.8249092,-0.80154634
235,Ca0.45Li0.125Dy0.10Nd0.225TiO3,III,Ca,121.3,-9.28803,-0.5141677,-1.6774915,-0.5677056
236,Ca0.20Li0.25La0.10Nd0.35TiO3,III,Ca,110.4,-9.797361,-2.4964883,-0.49211028,-0.81573963
237,Ca0.30Li0.20La0.10Nd0.30TiO3,III,Ca,116.0,-9.396516,-0.5588117,-1.9262646,-1.1116356
238,Ca0.40Li0.15La0.10Nd0.25TiO3,III,Ca,117.0,-9.870645,-1.0593904,-2.1786494,-0.6594246
239,SrPr4Ti5O17,III,Sr,46.1,-1.1088074,3.3605418,2.2734632,1.259264
240,Ca0.68Nd0.08Sm0.20Ti0.80Al0.20O3,III,Ca,58.85,-0.5202548,-1.4929063,1.1049858,-0.8647225
241,Ca0.4Li0.3Nd0.3TiO3,III,Ca,112.6,-9.985847,-1.141064,-2.4759178,-1.3387591
242,CaMg0.2Ta0.4Ti0.4O3,III,Ca,60.2,0.5425274,2.6004262,-0.88836515,-0.90001535
243,Ca0.6Pb0.4Fe0.5Ta0.5O3,II,Ca,62.0,2.8525681,4.6429625,-1.6722714,-0.61489266
244,Pb0.6Ca0.4Fe0.475Nb0.475Sn0.05O3,II,Pb,140.4,-10.017868,1.2089393,-4.97747,-1.2085094
245,Pb0.5Ca0.5Fe0.475Nb0.475Sn0.05O3,II,Pb,102.8,-4.052034,7.3618407,-3.9578772,0.032134913
246,Pb0.48Ca0.52Fe0.475Nb0.475Sn0.05O3,II,Pb,95.0,-3.3134208,7.6107244,-3.5833094,0.07910838
247,Pb0.46Ca0.54Fe0.475Nb0.475Sn0.05O3,II,Pb,90.6,-2.618394,7.694302,-3.1554153,0.08917259
248,Pb0.45Ca0.55Fe0.475Nb0.475Sn0.05O3,II,Pb,88.9,-2.2857785,7.6653767,-2.9234393,0.0774786
249,Pb0.4Ca0.6Fe0.475Nb0.475Sn0.05O3,II,Pb,81.0,-1.1526726,5.708822,-1.6837621,-0.41597846
250,Pb0.65Ca0.35ZrO3,III,Pb,118.0,-8.934166,0.7055998,-2.3734286,-0.6252551
251,Pb0.6Ca0.4Fe0.45Nb0.45Sn0.1O3,II,Pb,138.0,-9.998827,1.450334,-5.241782,-1.2064592
252,Pb0.48Ca0.52Fe0.45Nb0.45Sn0.1O3,II,Pb,92.4,-2.893654,7.648899,-3.3350167,0.05312928
253,Pb0.46Ca0.54Fe0.45Nb0.45Sn0.1O3,II,Pb,86.7,-2.193728,7.5609803,-2.8264818,0.032673392
254,Pb0.45Ca0.55Fe0.45Nb0.45Sn0.1O3,II,Pb,85.3,-1.8427811,7.434944,-2.560135,0.0016201913
255,Pb0.4Ca0.6Fe0.45Nb0.45Sn0.1O3,II,Pb,71.1,-0.616928,5.351476,-1.3618711,-0.50720495
256,Ca0.20Li0.34La0.04Nd0.38TiO3,III,Ca,132.6,-9.957316,-2.7293253,-2.238061,-0.58691245
257,Ca0.40Li0.24La0.04Nd0.28TiO3,III,Ca,136.4,-9.628837,-0.49340138,-2.6289744,-0.661012
258,Ca0.60Li0.14La0.04Nd0.18TiO3,III,Ca,142.0,-9.901585,-1.7841637,-3.1823888,-0.5053091
259,Ca0.60Li0.15La0.0333Nd0.1833TiO3,III,Ca,128.2,-9.890341,-1.7355595,-3.2334762,-0.51084805
260,Ca0.50Li0.20La0.0333Nd0.2333TiO3,III,Ca,123.0,-9.859597,-1.1971468,-2.9690588,-0.6190348
261,Ca0.40Li0.25La0.0333Nd0.2833TiO3,III,Ca,121.3,-9.579291,-0.41663858,-2.6484969,-0.6612992
262,Ca0.60Li0.05La0.10Nd0.15TiO3,III,Ca,117.0,-9.916306,-2.041979,-0.9836382,-0.69944835
263,Pb0.5Ca0.5Fe0.45Nb0.45Sn0.1O3,II,Pb,96.8,-3.6402504,7.5242434,-3.788273,0.025621565
264,Pb0.63Ca0.37ZrO3,III,Pb,110.0,-8.136416,1.3959317,-2.1542044,-0.480699
265,Pb0.60Ca0.40ZrO3,III,Pb,94.0,-6.7363095,2.328135,-1.7026631,-0.33285117
266,Pb0.50Ca0.50ZrO3,III,Pb,74.0,-1.9078153,3.8822174,-0.8008002,-0.48188168
267,Ca0.20Sr0.80Ti0.20Mg0.2667Nb0.5333O3,II,Ca,45.0,-0.47487003,-2.2710538,1.9369249,-0.57458663
268,Ca0.7Nd0.3Ti0.7Al0.3O3,II,Ca,44.0,1.7712395,-0.78908134,0.70741415,-0.9175603
269,BaTi0.50Ga0.25Nb0.25O3,Ib,Ba,86.0,-7.9729233,0.3401393,0.14638714,1.441772
270,BaTi0.40Ga0.30Nb0.30O3,Ib,Ba,66.0,-6.219842,0.22738248,1.2998725,1.0780625
271,BaTi0.30Ga0.35Nb0.35O3,Ib,Ba,47.0,-3.2319393,-0.9079194,1.7441633,0.072637066
272,Ba2La3Ti3NbO15,II,Ba,47.0,-2.6151953,2.2239707,2.7479887,1.6897948
273,Ba3La3Ti4Nb2O18,Ib,Ba,47.44,-0.21931213,-5.4846635,-0.82773125,0.12285503
274,Sr0.2Ca0.488Nd0.208Ti0.6Al0.5333O3,II,Sr,48.3,1.4331316,0.52307713,1.0072752,-0.70514226
275,Pb0.4Ca0.6Fe0.5Ta0.5O3,II,Pb,62.0,2.8525681,4.6429625,-1.6722714,-0.61489266
276,Ca0.80Nd0.1333TiO3,III,Ca,119.0,-9.6939535,-2.7395403,-0.09542184,-0.54805964
277,Ca0.70Nd0.20TiO3,III,Ca,107.0,-9.141141,-2.1517065,0.27155212,-0.37202317
278,Ba3LaNb3O12,Ib,Ba,43.5,-2.3314567,1.8051358,2.7006931,1.5414699
279,Ca0.61Nd0.26TiO3,III,Ca,98.0,-8.482612,-1.4337326,0.530823,-0.17621003
280,Ca0.28Sm0.28Li0.15Nd0.15TiO3,III,Ca,98.0,-7.7681413,0.28215912,-0.43688223,-0.6546004
281,Ca0.85Nd0.10TiO3,III,Ca,141.0,-9.870782,-2.9228454,-0.27762362,-0.59897876
282,Ca0.73Nd0.18TiO3,III,Ca,117.0,-9.332381,-2.357238,0.16582938,-0.43324766
283,Ca0.61Nd0.26TiO3,III,Ca,108.0,-8.482612,-1.4337326,0.530823,-0.17621003
284,Ca0.50Nd0.3333TiO3,III,Ca,100.0,-7.6065707,-0.48582485,0.7179083,0.046232536
285,Ca0.40Nd0.40TiO3,III,Ca,99.0,-6.860099,-0.06755627,1.0626746,-0.13550563
286,Ca0.31Nd0.46TiO3,III,Ca,98.0,-6.1398034,0.5730846,1.1558243,0.028796468
287,Ca0.22Nd0.52TiO3,III,Ca,102.0,-4.939266,0.80682063,1.5020926,-0.03800521
288,Ca0.15Nd0.5667TiO3,III,Ca,94.0,-4.3490667,1.1334593,1.6327554,0.047155198
289,Ca0.07Nd0.62TiO3,III,Ca,82.0,-3.6238282,1.4260026,1.800548,0.10694616
290,Ca0.58Nd0.28TiO3,III,Ca,93.0,-8.246557,-1.1751369,0.5943419,-0.11263499
291,SrLaPr3Ti5O17,II,Sr,50.0,-0.21787976,3.9067473,2.0613842,1.0480027
292,Ba3LaNb3O12,Ib,Ba,43.6,-2.3386223,1.8306556,2.692992,1.5549153
293,Ba3LaNb3O12,Ib,Ba,43.8,-2.3455713,1.8556992,2.6852064,1.5680422
294,Ca0.8Sm0.1333TiO3,III,Ca,119.0,-9.622076,-2.6141562,-0.35893476,-0.37401706
295,Ca0.6Sm0.2667TiO3,III,Ca,101.0,-7.769219,-0.8347294,0.59973174,-0.331813
296,Ca0.4Sm0.4TiO3,III,Ca,94.5,-6.7823873,-0.16807914,1.1459465,0.053978536
297,Ca0.70Nd0.20TiO3,III,Ca,112.96,-9.151724,-2.1319373,0.24470018,-0.3751083
298,Ca0.61Nd0.26TiO3,III,Ca,103.35,-8.490563,-1.4167542,0.5087728,-0.17712162
299,Ca0.52Nd0.32TiO3,III,Ca,100.08,-7.769086,-0.6410292,0.67804134,0.010183226
300,Ca0.3Li0.35Sm0.35TiO3,III,Ca,114.0,-9.658315,-0.82538515,-2.6549444,-1.171368
301,Ca0.5Li0.25Sm0.25TiO3,III,Ca,130.5,-9.804929,-1.7984664,-3.0520709,-0.5858075
302,Sr0.4Ce0.4TiO3,II,Sr,113.0,-7.2689633,-1.0653913,1.0950098,-0.31166086
303,Ba3LaNb3O12,Ib,Ba,43.5,-2.3421237,1.843238,2.689109,1.5615184
304,Sr0.5Ce0.3333TiO3,Ib,Sr,123.0,-9.473731,-2.9223955,0.29595894,-0.65038663
305,Sr0.625Ce0.25TiO3,Ib,Sr,143.0,-10.084766,-3.727005,0.098305546,-0.88326365
306,La0.48Ca0.52Co0.24Ti0.76O3,III,La,45.0,0.54237396,-2.358992,0.45828256,-1.100647
307,Nd0.52Ca0.48Co0.26Ti0.74O3,III,Nd,43.0,1.7831753,-1.7532394,-0.3266882,-1.3926105
308,Ba3LaNb3O12,Ib,Ba,43.9,-2.3489666,1.8680453,2.6812794,1.5744842
309,Sr0.5714Ce0.2857TiO3,Ib,Sr,136.0,-9.868431,-3.445719,0.1716013,-0.80469626
310,CaTi0.40Mg0.20Nb0.40O3,III,Ca,47.25,0.5278444,1.1980989,0.43631268,-1.0725274
311,SrLa2Pr2Ti5O17,II,Sr,53.5,-0.77887464,4.072013,1.9190655,1.1957122
312,SrLa4Ti5O17,II,Sr,60.8,-1.1495192,3.8690264,2.0228987,1.3189125
313,Ca3Ba2Nb2TiO12,Ib,Ca,66.0,-3.5573475,3.641829,0.04704567,1.5923357
314,Ca2Ba3Nb2TiO12,Ib,Ca,75.0,-6.3608046,2.0048993,-0.66717464,1.701624
315,CaBa4Nb2TiO12,Ib,Ca,83.0,-7.3879514,1.8137871,-1.0134497,1.9969072
316,Ca3Ba2Ta2TiO12,Ib,Ca,48.0,-1.8701898,4.1759377,0.3037806,1.4391572
317,Ca2Ba3Ta2TiO12,Ib,Ca,61.0,-4.088637,3.5971174,-0.012358041,2.0120249
318,CaBa4Ta2TiO12,Ib,Ca,64.0,-4.9763017,3.4530659,-0.2164203,2.2324314
319,Ba3LaNb3O12,Ib,Ba,48.3,-2.4452646,2.0593052,2.58355,1.7066964
320,Ba3LaNb3O12,Ib,Ba,44.2,-2.4452646,2.0593052,2.58355,1.7066964
321,Ba3La2Ti2Nb2O12,Ib,Ba,42.8,-1.8594368,1.9544342,2.5030198,1.200003
322,BaLa4Ti4O15,Ib,Ba,45.0,0.26717314,-3.7303567,0.39082736,-0.19007304
323,BaLa3.96Al0.44Ti4O15,Ib,Ba,44.0,0.33183783,-5.01943,-0.9311476,-0.015059892
324,BaPr0.3Bi0.2Nb0.5O3,II,Ba,60.7,-1.1519417,2.3903427,2.3459039,1.1612266
325,BaSm0.3Bi0.2Nb0.5O3,II,Ba,50.8,-0.38007784,1.6493322,2.4055219,0.92033714
326,BaGd0.3Bi0.2Nb0.5O3,II,Ba,47.9,0.023926964,1.3701582,2.407604,0.82515645
327,BaDy0.3Bi0.2Nb0.5O3,II,Ba,48.6,0.46908826,1.0973774,2.3556373,0.71407616
328,BaY0.3Bi0.2Nb0.5O3,Ib,Ba,44.6,-0.86849385,0.39038292,2.72245,0.91117865
329,BaEr0.3Bi0.2Nb0.5O3,Ib,Ba,46.1,-0.6717718,0.32860017,2.641942,0.8635231
330,Ca0.5Nd0.5Zn0.25Ti0.75O3,III,Ca,45.0,0.9985418,-2.1242588,0.3074874,-1.2148501
331,Ba4NdTiNb3O15,Ib,Ba,38.15,-2.4299722,-1.2282113,2.992106,0.60983
332,Ba3Nd2Ti2Nb2O15,Ib,Ba,46.83,-3.173944,0.4935837,2.9199479,1.231758
333,BaSrLa3Ti3NbO15,III,Ba,43.03,-4.8291945,1.260967,2.197934,1.7003715
334,Ba.25Sr0.75La3Ti3NbO15,III,Ba,46.86,-4.80393,1.0862776,2.2989483,1.6616762
335,Ba.5Sr0.5La3Ti3NbO15,Ib,Ba,46.32,-1.9957411,1.2382134,2.3995652,0.66938514
336,Ba.75Sr0.25La3Ti3NbO15,Ib,Ba,47.01,-1.9435138,1.34715,2.405444,0.6909497
337,CaTi0.30Mg0.2333Nb0.4667O3,III,Ca,41.56,1.5948812,1.440954,0.025695395,-1.1833243
338,CaLa4Ti4O15,II,Ca,44.7,1.6621124,-2.9674566,0.101062976,-0.37593612
339,SrLa4Ti4O15,II,Sr,45.1,1.2252865,-3.676987,0.043169416,-0.30533233
340,BaLa4Ti4O15,Ib,Ba,49.1,0.2533908,-4.0729194,0.4340122,-0.23968245
341,Ca2La4Ti5O18,II,Ca,49.3,1.8639989,-2.6249335,0.04008779,-0.5139621
342,CaLa4Ti5O17,II,Ca,55.2,-0.8143648,3.9841793,2.1534603,1.3948236
343,CaLa8Ti9O31,II,Ca,54.9,-1.0528743,3.6864812,2.0493019,1.3195014
344,BaZn0.3167Nb0.6333Zr0.05O3,Ib,Ba,42.0,-1.4358531,-1.4965943,2.3510933,0.08618369
345,Ca0.10Nd0.90Mg0.45Ti0.55O3,III,Ca,42.0,3.1778188,-2.0857124,-0.78741735,-1.3820748
346,CaLa4Ti4O15,II,Ca,43.61,1.5997605,-3.4238017,-0.067793034,-0.36862707
347,CaLa3.5Nd0.5Ti4O15,II,Ca,43.36,1.7102692,-3.1617765,0.07997129,-0.3967622
348,CaMg0.300Ta0.600Ti0.100O3,III,Ca,25.4,4.79822,2.3236246,-3.2416441,1.6722871
349,CaLa3NdTi4O15,II,Ca,43.1,1.7722267,-3.2771556,-0.28141752,-0.5174909
350,Ba4LaTiTa3O15,Ib,Ba,41.1,-2.2238755,-0.8772997,2.911699,0.58509487
351,Ba4LaTiTa3O15,Ib,Ba,41.4,-2.2180197,-0.9008356,2.9107466,0.5783376
352,Ba4LaTiTa3O15,Ib,Ba,42.3,-2.2121062,-0.9243322,2.909658,0.57161295
353,Ba4LaTiTa3O15,Ib,Ba,42.1,-2.2061334,-0.94778657,2.9084399,0.5649231
354,Ba2La3Ti3NbO15,II,Ba,42.83,-2.173437,2.0203092,2.8819797,1.5845326
355,Ba3La2Ti2Nb2O15,Ib,Ba,49.37,-3.3741186,1.0701146,2.7915463,1.4461668
356,Sr4LaTiNb3O15,III,Sr,41.1,-1.4690661,-1.183738,2.7751899,0.20316
357,Sr4LaTiNb3O15,III,Sr,42.2,-1.4678035,-1.2047387,2.7727594,0.19763379
358,Sr4LaTiNb3O15,III,Sr,43.3,-1.4665467,-1.2256627,2.7702441,0.19212838
359,Sr4LaTiNb3O15,III,Sr,43.1,-1.4652972,-1.2465113,2.7676396,0.18664448
360,Ba2La3Ti3NbO15,II,Ba,48.34,-2.8887653,1.9516689,2.8103793,1.699849
361,CaLa2Nd2Ti4O15,III,Ca,42.3,0.80490094,-3.7146692,0.037429705,-0.58190376
362,CaMg0.267Ta0.533Ti0.200O3,III,Ca,28.7,4.067052,2.1730673,-2.7905111,1.2680734
363,CaMg0.233Ta0.467Ti0.300O3,III,Ca,33.6,3.1362014,2.050605,-2.2433834,0.7880241
364,CaMg0.200Ta0.400Ti0.400O3,III,Ca,39.4,1.9767419,1.9693853,-1.6005847,0.22693877
365,Sr0.2Ca0.488Nd0.208Ti0.76Al0.32O3,II,Sr,68.7,-1.0217869,1.7862349,1.3303363,-0.21616198
366,Sr0.2Ca0.488Nd0.208Ti0.68Al0.4267O3,II,Sr,57.5,0.28894544,1.0627811,1.2768263,-0.5286343
367,Ba3LiTa3Ti5O21,Ib,Ba,49.4,-4.1476126,1.5030329,0.9230668,0.853168
368,Ba3LiNb3Ti5O21,Ib,Ba,54.9,-5.6002436,0.3911379,0.53650004,0.63440865
369,Pb0.2Ca0.15La0.5Mg0.5Nb0.5O3,III,Pb,50.0,-0.41450268,4.639554,-1.0812147,-0.91796577
370,La0.66Ni0.01TiO3,II,La,51.4,1.6300459,-0.7197599,0.39948788,-0.36783734
371,La0.6533Ni0.02TiO3,II,La,63.3,-0.04910147,1.26906,1.782737,0.21269377
372,La0.6467Ni0.03TiO3,II,La,69.4,-0.5785938,2.0484874,2.161917,0.45913267
373,La0.6333Ni0.05TiO3,II,La,59.6,-0.25598514,2.0925384,2.4164186,0.46484745
374,La0.6167Ni0.075TiO3,II,La,58.0,0.16661517,1.9347374,2.4806738,0.3905071
375,La0.5667Ni0.15TiO3,II,La,53.3,1.1198885,1.5397954,2.3254375,0.17351235
376,Sr0.2Ca0.488Nd0.208Ti0.84Al0.2133O3,II,Sr,80.1,-2.2580123,2.621112,0.91726494,0.33335885
377,La0.5333Ni0.2TiO3,II,La,50.7,1.6320764,1.3298825,2.1387525,0.049388103
378,La4Ti9O24,II,La,37.0,-0.23530295,3.7636774,2.3226655,1.1977248
379,Nd2Ti2O7,III,Nd,36.0,0.39668852,3.3422801,2.2837365,0.77079827
380,Nd4Ti9O24,III,Nd,37.5,-0.33616027,3.6276622,2.0842757,1.0346737
381,Pb0.2Ca.0667Nb0.5333Ti0.2O3,III,Pb,51.67,-1.7699493,5.294838,-0.39893964,0.73402315
382,Na0.15La0.15Li0.35Sm0.35TiO3,III,Na,117.0,-10.082469,-0.9435352,-3.3449595,-1.3109215
383,CaFe0.27Nb0.27Ti0.46O3,III,Ca,60.0,-1.2631009,1.5256147,0.37699047,-0.9360337
384,CaAl0.23Ta0.23Ti0.54O3,II,Ca,47.0,1.3880447,-0.8646875,0.85894555,-1.0667973
385,CaZn0.2333Nb0.4667Ti0.3O3,III,Ca,51.0,-0.07480468,1.4996071,0.2900863,-1.0289814
386,Ca0.58La0.21Na0.21Fe0.29Nb0.29Ti0.42O3,III,Ca,58.9,-1.3390797,1.6406296,0.2820666,-0.91772753
387,CaMg0.22Nb0.44Ti0.34O3,III,Ca,43.9,0.65946645,1.3989407,0.35726652,-1.1084191
388,Ca0.6La0.2Na0.2Mg0.2Nb0.4Ti0.4O3,III,Ca,52.3,-1.3414997,1.3707243,0.5675015,-0.8112416
389,La2Ti2O7,II,La,47.0,0.037462495,3.418358,2.5653954,1.0304704
390,SrLa3PrTi5O17,II,Sr,57.0,-1.3259039,4.0993648,1.7736105,1.3131913
391,CaMg0.3333Nb0.6667O3,III,Ca,28.0,4.7838297,2.5090578,-2.339113,0.61781824
392,CaTi0.34Mg0.22Nb0.44O3,III,Ca,48.0,1.1994987,1.3888192,0.1744244,-1.1448895
393,CaMg0.183Ta0.367Ti0.450O3,III,Ca,45.1,1.2998321,1.947275,-1.260879,-0.05804829
394,CaMg0.167Ta0.333Ti0.500O3,III,Ca,47.8,0.56659126,1.9381679,-0.9206354,-0.33117005
395,CaMg0.133Ta0.267Ti0.600O3,III,Ca,59.9,-1.1094484,1.9502839,-0.34323624,-0.6904483
396,CaMg0.100Ta0.200Ti0.700O3,III,Ca,73.1,-2.920666,2.16532,-0.21768554,-0.6014672
397,CaMg0.067Ta0.133Ti0.800O3,III,Ca,95.0,-6.4857707,1.3788527,-0.68694556,-0.22221681
398,CaMg0.033Ta0.067Ti0.900O3,III,Ca,121.7,-9.529833,-1.1437598,-1.276166,-0.28717545
399,Ba0.8Sr0.2La4Ti4O15,Ib,Ba,46.8,0.28127295,-4.0020456,0.47860655,-0.2756902
400,Ba0.6Sr0.4La4Ti4O15,Ib,Ba,45.7,0.49697948,-3.9862633,0.3296582,-0.29161203
401,Ba0.4Sr0.6La4Ti4O15,II,Ba,45.4,1.0625358,-3.547311,0.306269,-0.2715198
402,Ba0.2Sr0.8La4Ti4O15,II,Ba,46.1,-0.47328055,-4.522305,0.4964378,-0.33917633
403,Ba0.8Ca0.2La4Ti4O15,Ib,Ba,47.7,0.396312,-3.9178169,0.47742158,-0.28635243
404,CaTi0.2Mg0.2667Nb0.5333O3,III,Ca,36.0,2.6652553,2.08809,-1.22038,-0.41285643
405,Ba0.6Ca0.4La4Ti4O15,II,Ba,48.9,1.0863876,-3.3209143,0.47040355,-0.266416
406,Ba0.2Ca0.8La4Ti4O15,II,Ba,49.5,1.1264861,-3.2500267,0.46794975,-0.33074108
407,Ba0.2Sr0.8La4Ti4O15,II,Ba,40.8,1.045477,-3.622296,0.24930511,-0.2939175
408,Ba0.2Sr0.8La4Ti4.20O15,II,Ba,46.4,1.0359224,-4.1670732,-0.26293245,-0.30220318
409,SrGa0.5Nb0.5O3,Ib,Sr,33.4,-0.57449496,-2.5109732,1.769403,-0.18840405
410,SrGa0.45Nb0.45Ti0.1O3,Ib,Sr,36.6,-1.400956,-2.9016707,2.1342092,-0.31097358
411,SrGa0.4Nb0.4Ti0.2O3,Ib,Sr,40.4,-2.09853,-3.0995882,2.4643326,-0.2762084
412,SrGa0.35Nb0.35Ti0.3O3,Ib,Sr,46.6,-2.8122907,-3.246646,2.749257,-0.19833189
413,CaTi0.8Mg0.0667Nb0.1333O3,III,Ca,109.0,-8.423264,-0.13135596,-0.91298705,-0.17301644
414,CaTi0.6Mg0.1333Nb0.2667O3,III,Ca,68.0,-2.5781336,1.7745727,0.2139034,-0.7376811
415,CaTi0.4Mg0.2Nb0.4O3,III,Ca,54.0,0.33440372,1.788978,-0.26425338,-0.91488224
416,Ba0.4Ca0.6La4Ti4O15,II,Ba,48.9,1.0879197,-3.2882104,0.48664677,-0.2963297
417,La6ZnTi5O18,III,La,40.8,1.2827219,-5.3236275,-2.023013,0.30585918
418,Sr2La4Ti5O18,II,Sr,48.0,1.0617948,-4.0017033,-0.10891246,-0.26991823
419,CaLi0.3Nb0.6Sn0.1O3,III,Ca,25.2,3.0107045,4.806139,-1.1854446,0.16483445
420,CaLi0.2833Nb0.5667Sn0.15O3,III,Ca,24.8,3.190079,4.874003,-1.2796494,0.22062816
421,CaLi0.2667Nb0.5333Sn0.2O3,III,Ca,23.3,3.2374625,5.1615496,-1.5075818,0.35722116
422,CaLi0.2333Nb0.4667Sn0.3O3,III,Ca,22.6,3.5310974,5.12188,-1.6425552,0.45708436
423,CaLi0.3Nb0.6Sn0.1O3,III,Ca,25.4,3.006816,4.7750278,-1.1792961,0.16021542
424,CaLi0.2833Nb0.5667Sn0.15O3,III,Ca,24.9,3.1868062,4.8425508,-1.2745727,0.2159561
425,CaLi0.2667Nb0.5333Sn0.2O3,III,Ca,23.9,3.2336748,5.1343746,-1.5034728,0.35306513
426,CaLi0.2333Nb0.4667Sn0.3O3,III,Ca,23.5,3.5282755,5.0947776,-1.64005,0.4533192
427,CaLa0.5Nb0.5O3,III,Ca,23.3,3.114916,0.8262639,-0.56820935,-0.8018342
428,CaPr0.5Nb0.5O3,III,Ca,24.2,3.3091953,0.9757836,-0.52511615,-1.0166694
429,CaNd0.5Nb0.5O3,III,Ca,24.5,3.4500825,1.1353385,-0.5611976,-1.0252429
430,CaSm0.5Nb0.5O3,III,Ca,24.7,3.633395,1.302419,-0.5686862,-1.1328689
431,CaEu0.5Nb0.5O3,III,Ca,25.0,3.702625,1.3125854,-0.5411609,-1.2329391
432,CaGd0.5Nb0.5O3,III,Ca,25.5,3.7865314,1.4068437,-0.58949405,-1.2054214
433,CaTb0.5Nb0.5O3,III,Ca,26.5,3.8493617,1.4301786,-0.5668463,-1.3006257
434,CaDy0.5Nb0.5O3,III,Ca,32.0,3.8451962,2.3981183,-0.9924255,-1.1308961
435,CaHo0.5Nb0.5O3,III,Ca,31.4,3.9231775,2.4903662,-1.0073032,-1.1730393
436,CaY0.5Nb0.5O3,III,Ca,31.0,3.7619627,2.369708,-0.79692024,-1.2866969
437,CaEr0.5Nb0.5O3,III,Ca,30.5,4.0136476,2.5828085,-1.0209655,-1.217317
438,CaYb0.5Nb0.5O3,III,Ca,30.0,4.0909395,2.631573,-1.0014312,-1.2912526
439,CaIn0.5Nb0.5O3,III,Ca,29.6,4.868609,2.1932008,-1.7153414,0.094112806
440,Ba2CaWO6,Ia,Ba,22.8,3.0560603,3.0570102,0.32585233,0.16562647
441,Ba2Ca0.975Sr0.025WO6,Ia,Ba,23.9,2.993,3.0379112,0.3187541,0.14870882
442,CaLi0.3333Nb0.6667O3,III,Ca,29.6,2.9467282,4.954281,-0.7729468,0.08065118
443,CaLi0.1667Nb0.3333Ti0.5O3,III,Ca,55.2,-2.7581048,4.6110144,-0.67747283,0.244916
444,CaLi0.2333Nb0.4667Ti0.3O3,III,Ca,44.7,-0.24904394,5.2018337,-0.69733214,-0.12158751
445,CaLi0.2667Nb0.5333Ti0.2O3,III,Ca,38.6,0.8692021,5.4901414,-0.9178815,-0.022471925
446,La0.5Na0.5Mg0.5W0.5O3,III,La,20.76,2.6748347,0.31719807,-0.609121,-0.4672224
447,La0.5Na0.5Mg0.5W0.5O3,III,La,18.6,2.6718404,0.26258367,-0.6107485,-0.47366646
448,Ca5Nb2Ti0.2Zr0.8O12,III,Ca,34.0,0.7717728,4.260388,0.20544942,-0.2892218
449,Ca5Ta2Ti0.7Zr0.3O12,III,Ca,36.0,1.3751956,4.3878837,-0.23593168,0.10586003
450,Nd2Sn2O7,III,Nd,17.0,4.3966703,2.7535017,-1.0308847,0.4988856
451,NdMg0.5Sn0.4Ti0.1O3,III,Nd,21.1,4.5529995,-0.21773611,-1.2619666,-1.1043863
452,BaTi0.6Zn0.2W0.2O3,Ib,Ba,71.2,-7.8456545,-1.4119083,1.2551816,0.8445422
453,BaTi0.5Zn0.25W0.25O3,Ib,Ba,25.4,-2.6556237,-5.951727,-1.039845,1.8482164
454,BaTi0.45Zn0.275W0.275O3,Ib,Ba,22.9,-1.4616256,-5.7018967,-1.556236,1.7875991
455,BaTi0.4Zn0.3W0.3O3,Ib,Ba,21.2,-0.53657466,-5.0666313,-1.5238926,1.5365123
456,BaTi0.35Zn0.325W0.325O3,Ib,Ba,22.1,0.24972907,-4.253996,-1.2793698,1.2828526
457,Ba2Ca0.95Sr0.05WO6,Ia,Ba,24.0,2.8073409,2.711243,0.24750176,0.04733063
458,BaTi0.3Zn0.35W0.35O3,Ib,Ba,26.4,0.8975802,-3.4374475,-1.0114328,1.0904287
459,BaTi0.1Zn0.45W0.45O3,Ib,Ba,33.0,2.4493158,-0.98099625,-0.4701585,0.87246376
460,BaHfO3,Ia,Ba,24.1,2.0179217,-3.0797384,-0.3700501,-0.36126772
461,SrHfO3,III,Sr,23.5,0.014551055,-4.489978,-0.9739245,0.43270254
462,CaHfO3,III,Ca,21.4,4.075017,-0.23479475,-1.968465,0.31979775
463,YMg0.5Ti0.5O3,III,Y,22.0,3.7122567,-1.2989533,-0.83500457,-1.2536913
464,La.6667MgTaO6,III,La,22.5,3.2266862,3.738364,-1.0174034,-0.9826492
465,CaLi0.2333Nb0.4667Sn0.3O3,III,Ca,22.6,3.38227,4.7921515,-1.7493798,0.5447081
466,CaLa0.5Ta0.5O3,III,Ca,23.0,3.49031,1.1994205,-1.2376145,-0.23416902
467,CaLi0.333Nb0.667O3,III,Ca,29.6,2.8104827,5.251065,-0.8778185,0.17949189
468,CaLi0.3167Nb0.6333Ti0.05O3,III,Ca,32.4,2.55864,4.83656,-0.9772494,-0.11988574
469,CaLi0.3Nb0.6Ti0.1O3,III,Ca,34.6,2.032255,5.0079985,-0.8605938,-0.16352907
470,BaTi0.2Zn0.4W0.4O3,Ib,Ba,31.4,1.8330822,-2.0222495,-0.6256532,0.88673633
471,Ba2Ca0.9Sr0.1WO6,Ia,Ba,23.5,3.4552238,3.2253993,0.20781668,0.0031443806
472,Ba2Ca0.75Sr0.25WO6,Ia,Ba,23.4,3.4441445,3.1825607,0.20563184,-0.020251598
473,Ba2Ca0.5Sr0.5WO6,Ia,Ba,23.3,3.4119258,3.0821266,0.19914055,-0.062023908
474,BaZn0.1667Co0.1667Ta0.2222Nb0.2222Sb0.2222O3,Ib,Ba,24.9,0.5703816,-0.7640825,0.10533633,-0.919251
475,Ba0.5Sr0.5Zn0.1667Co0.1667Ta0.2222Nb0.2222Sb0.2222O3,Ib,Ba,26.3,-0.44868374,-1.6232562,1.1648413,-0.5951092
476,LaCo0.5Ti0.5O3,III,La,30.0,2.618033,-3.6477885,-1.6543906,-0.5387521
477,CaGa0.5Ta0.5O3,III,Ca,25.0,4.483121,0.96476793,-1.6506718,0.83117235
478,LaCo0.5Ti0.5O3,III,La,25.0,2.588417,-3.7396023,-1.6636463,-0.5414627
479,La0.9Al0.9Sr0.1Ti0.1O3,Ib,La,25.1,2.6879919,-2.0970585,-0.6468536,-0.8941518
480,Ba4LiTa2SbO12,Ib,Ba,25.1,1.7123374,4.6205425,-0.30958787,-0.019616524
481,SmCo0.5Ti0.5O3,III,Sm,25.5,4.064418,-1.3965381,-1.4397919,-0.77600205
482,BaZn0.3333Ta0.3333Nb0.3333O3,Ib,Ba,34.2,-0.012781796,-2.3191254,1.0171384,-0.05632361
483,Sr5Nb0.5Ta3.5O15,II,Sr,34.9,1.9179388,-2.4280047,0.009519607,-0.1338872
484,Sr5Nb0.75Ta3.25O15,II,Sr,34.3,1.7798543,-2.4570227,0.17842907,-0.16951047
485,Sr5NbTa3O15,II,Sr,33.2,1.6687089,-2.4665444,0.3151447,-0.19166414
486,Sr5Nb.5Ta2.5O15,II,Sr,34.5,0.9297319,1.4939185,2.0236785,0.50308174
487,La0.5333Na0.4Mg0.5W0.5O3,III,La,20.35,3.1240158,0.4812999,-0.65325093,-0.41936466
488,BaZn0.3333Ta0.6667O3,Ib,Ba,29.8,2.4876943,-1.3155049,-1.1478279,1.7986498
489,LaMg0.667Ta0.333O3,III,La,25.1,5.2688932,-0.8601989,-1.4026592,-1.3534125
490,Ba2Ca0.25Sr0.75WO6,Ia,Ba,23.7,3.3669035,2.9536145,0.19006027,-0.10474251
491,Ba2Ca0.1Sr0.9WO6,Ia,Ba,23.3,3.1810167,2.5621204,0.106386535,-0.21640883
492,Ba2SrWO6,Ia,Ba,23.5,3.0512633,2.3827827,0.45871282,0.0016749096
493,CaZrO3,III,Ca,23.8,3.8690224,1.0840453,-1.7937596,0.82870394
494,BaTi0.39Co0.305W0.305O3,Ib,Ba,18.0,0.6396118,-5.0437503,-3.2976406,2.990516
495,BaMg0.3267Nb0.6533Mn0.02O3,Ib,Ba,32.0,0.39402306,-2.4868262,1.3967202,-0.45029497
496,BaMg0.3299Ta0.6601Mn0.01O3,Ib,Ba,25.0,3.263006,-1.9879936,-1.8999373,1.3511364
497,BaZn0.3333Nb0.6667O3,Ib,Ba,41.0,-0.5960767,-0.98513776,2.069158,0.3289414
498,BaZn0.3299Ta0.6601Mn0.01O3,Ib,Ba,30.0,2.3406384,-1.7771634,-1.0510603,1.6575859
499,LaMg0.667Ta0.333O3,III,La,24.7,5.2809157,-0.8210572,-1.399358,-1.3488106
500,BaMn0.3333Nb0.6667O3,Ib,Ba,39.0,0.019363903,-1.7243985,0.88450295,-0.15521166
501,SrMg0.3267Nb0.6533Mn0.02O3,II,Sr,33.0,1.3557801,-1.7746542,1.5227739,-0.4983618
502,SrZn0.3333Nb0.6667O3,II,Sr,40.0,0.67968637,-1.7467804,1.8010184,-0.1247432
503,BaMg0.3333Ta0.6667O3,Ib,Ba,24.0,3.65021,-2.1027954,-2.25089,1.6492875
504,BaMg0.3167Ta0.6333Sn0.05O3,Ib,Ba,24.4,2.2249012,-2.8164432,-1.3175418,0.94739705
505,BaMg0.3Ta0.6Sn0.1O3,Ib,Ba,24.3,2.084253,-2.3406143,-1.1421223,0.8764467
506,BaMg0.2833Ta0.5667Sn0.15O3,Ib,Ba,24.0,2.2012258,-2.3487003,-1.1837044,0.9085237
507,BaTi0.6Ni0.2W0.2O3,Ib,Ba,29.8,-2.9953873,-4.9222245,0.10469469,1.344329
508,BaTi0.55Ni0.225W0.225O3,Ib,Ba,26.5,-1.5761607,-5.552605,-1.6193352,2.197891
509,BaTi0.5Ni0.25W0.25O3,Ib,Ba,24.2,-0.54614437,-5.593044,-2.7112653,2.775124
510,BaTi0.45Ni0.275W0.275O3,Ib,Ba,21.6,0.27108485,-5.3804426,-3.3424926,3.0812116
511,BaTi0.4Ni0.3W0.3O3,Ib,Ba,20.0,0.9578804,-5.0524645,-3.6883101,3.2074428
512,BaMn0.3333Ta0.6667O3,Ib,Ba,22.0,3.801532,-2.806957,-3.8615673,2.8364518
513,La0.5333Na0.4Mg0.5W0.5O3,III,La,21.1,3.1154053,0.3752115,-0.6605368,-0.4318054
514,La0.5667Na0.3Mg0.5W0.5O3,III,La,20.9,3.550626,0.6127687,-0.652188,-0.40229687
515,PrAlO3,Ia,Pr,23.2,4.0376334,-1.5969977,-0.6743507,-1.1703368
516,ErAlO3,III,Er,16.3,3.0273337,-3.0420237,-1.3083448,-1.0257838
517,DyAlO3,III,Dy,17.6,2.8286705,-3.0790632,-1.1354115,-1.0086846
518,GdAlO3,III,Gd,18.4,3.4332309,-2.0467215,-1.0744485,-1.024984
519,SmAlO3,III,Sm,20.4,3.4016452,-2.0085588,-0.95648724,-0.99034655
520,YAlO3,III,Y,15.7,2.9085844,-3.0765092,-1.1929711,-1.011971
521,Ba.8Sr0.2SmSbO6,Ia,Ba,16.0,4.0004506,4.346702,-0.38051674,-0.47711593
522,Sr2SmSbO6,II,Sr,16.0,3.6965985,3.5214522,-0.37000135,-0.6910991
523,Ba2SmSbO6,Ia,Ba,20.7,4.4810133,4.5750027,-0.6545558,-0.59603107
524,Ca5Ta2HfO12,III,Ca,17.0,3.7310636,3.891128,-1.3922408,0.089960314
525,Ba2CoWO6,Ia,Ba,19.3,3.9728878,-2.066779,-2.1204796,0.66807914
526,Ba2NiWO6,Ia,Ba,18.1,4.2770066,-2.292125,-2.8349817,1.1351285
527,Ba2ZnWO6,Ia,Ba,29.1,3.9123693,-0.93723065,-0.8094099,-0.18116896
528,Sr2CoWO6,II,Sr,21.2,2.653183,-2.9008389,-2.1010714,1.2706712
529,Sr2NiWO6,II,Sr,18.3,2.2726777,-3.2788181,-2.1218922,1.3332167
530,Sr2ZnWO6,II,Sr,27.5,2.2142458,-2.2083292,-0.7727328,0.33280575
531,BaZn0.5W0.5O3,Ia,Ba,19.0,4.0327997,-0.44274342,-0.53993976,0.24465741
532,Ba0.99Zn0.5W0.5O2.99,Ia,Ba,23.0,4.0472703,-0.39308503,-0.52402997,0.25174168
533,LaAlO3,Ia,La,23.4,4.0970855,-1.4220071,-0.7845932,-1.1550156
534,NdAlO3,II,Nd,22.3,3.997316,-1.304434,-0.8389986,-1.1101646
535,BaMg0.3333W0.3333Ti0.3333O3,Ib,Ba,15.4,1.4073981,-4.9480658,-3.2020662,2.4248102
536,BaTi0.39Co0.305W0.305O3,Ib,Ba,18.0,0.6374866,-5.018894,-3.283508,2.9829679
537,La6MgTi5O18,III,La,40.2,1.7183856,-4.9976144,-1.8728197,0.18272784
538,BaMg0.5W0.5O3,Ia,Ba,16.7,4.657845,-1.6854346,-2.1314802,0.47471026
539,BaMg0.46W0.46Ti0.08O3,Ib,Ba,19.6,3.149955,-2.077081,-2.372856,1.2380404
540,BaMg0.42W0.42Ti0.16O3,Ib,Ba,16.6,2.927008,-3.248714,-3.3340852,2.045492
541,BaMg0.36W0.36Ti0.28O3,Ib,Ba,12.3,1.9180532,-4.220125,-3.3854117,2.2286203
542,BaMg0.3333W0.3333Ti0.3333O3,Ib,Ba,13.1,1.3892684,-4.946362,-3.2063305,2.452212
543,BaMg0.32W0.32Ti0.36O3,Ib,Ba,13.5,0.9377899,-4.8438406,-3.080406,2.1814103
544,BaMg0.30W0.30Ti0.40O3,Ib,Ba,16.7,0.32830292,-5.1164503,-2.750087,2.0608351
545,BaMg0.28W0.28Ti0.44O3,Ib,Ba,21.8,-1.1259612,-4.985579,-1.0661728,1.0201974
546,BaMg0.25W0.25Ti0.50O3,Ib,Ba,31.2,-2.9258134,-4.788642,0.4673144,0.5704902
547,BaMg0.20W0.20Ti0.60O3,Ib,Ba,63.9,-6.4217687,-2.1791809,2.238762,0.6689111
548,Ba0.98Zn0.5W0.5O2.98,Ia,Ba,24.0,4.060547,-0.34681398,-0.5094725,0.25867862
549,BaMg0.33W0.35Ti0.32O3.02,Ib,Ba,16.3,1.5975648,-4.8634796,-3.4240482,2.649459
550,BaMg0.34W0.35Ti0.31O3.01,Ib,Ba,17.1,1.7586998,-4.755975,-3.4197705,2.5917673
551,BaMg0.34W0.32Ti0.34O2.98,Ib,Ba,14.4,1.3208514,-4.8934355,-2.954909,2.241466
552,BaMg0.34W0.33Ti0.33O2.99,Ib,Ba,15.1,1.4724487,-4.8634224,-3.1399899,2.3743694
553,BaMg0.35W0.34Ti0.31O2.99,Ib,Ba,15.4,1.7955189,-4.681238,-3.2681797,2.4252415
554,BaMg0.35W0.33Ti0.32O2.98,Ib,Ba,14.4,1.6628911,-4.7172236,-3.1142342,2.3122358
555,BaMg0.34W0.32Ti0.34O2.98,Ib,Ba,14.5,1.2074785,-4.9937673,-2.945583,2.2617238
556,BaMg0.34W0.32Ti0.34O2.98,Ib,Ba,14.8,1.0853817,-5.0776443,-2.9044642,2.2523835
557,BaMg0.32W0.28Ti0.40O3,Ib,Ba,18.1,0.013088144,-5.223313,-1.8134129,1.5939546
558,BaMg0.32W0.26Ti0.42O3,Ib,Ba,21.5,-0.57485634,-5.0828867,-0.9347376,1.0823517
559,BaMg0.32W0.25Ti0.43O3,Ib,Ba,24.0,-0.4161551,-4.971297,-0.94446474,0.84220225
560,BaMg0.33W0.34Ti0.33O3.01,Ib,Ba,15.6,1.442,-4.9361024,-3.2993476,2.5485609
561,Ba0.95Zn0.5W0.5O2.95,Ia,Ba,21.0,4.0943747,-0.22514804,-0.47234464,0.27841306
562,BaZn0.49W0.5O2.995,Ia,Ba,20.0,4.0372853,-0.42750663,-0.55038965,0.2584676
563,BaZn0.45W0.5O2.9975,Ia,Ba,22.5,4.0347586,-0.3954968,-0.59883666,0.310497
564,NdMg0.4Zn0.1Sn0.5O3,III,Nd,19.5,4.8730464,-0.28187686,-1.5350273,-0.9396801
565,NdMg0.4Zn0.1Sn0.5O3,III,Nd,19.3,4.856273,-0.3294456,-1.5295318,-0.956915
566,Sr3ZnNb2O9,II,Sr,20.69,1.2095646,-2.9663882,0.5932357,-0.5927033
567,Sr3Zn0.75Mg0.25Nb2O9,II,Sr,19.96,1.0023102,-3.2211375,0.54519457,-0.62037146
568,Sr3Zn0.5Mg0.5Nb2O9,II,Sr,23.31,1.0375282,-3.2846413,0.4793804,-0.6512479
569,Sr3Zn0.25Mg0.75Nb2O9,II,Sr,21.55,1.0597826,-3.2847989,0.46985373,-0.6796227
570,SrYb0.5Ta0.5O3,III,Sr,14.1,3.1238475,-1.6038487,-0.8771467,0.034402296
571,BaMg0.5W0.5O3,Ia,Ba,20.0,5.056886,-1.2847193,-1.9301432,0.3450188
572,LaMg0.5Sn0.5O3,III,La,19.5,4.8271394,-0.8442631,-1.2534755,-0.9948141
573,LaMg0.5Sn0.5O3,III,La,19.7,4.8113194,-0.8935864,-1.2581562,-1.0038738
574,LaMg0.5Sn0.5O3,III,La,20.1,4.794746,-0.9427671,-1.262764,-1.0125581
575,LaMg0.43Ba0.07Sn0.5O3,III,La,20.1,4.2877407,0.30256572,-0.97576964,-1.1749468
576,LaMg0.4Ca0.1Sn0.5O3,III,La,20.2,3.4191332,3.3112705,-1.0135591,-0.86129135
577,La0.6667Mg0.5W0.5O3,III,La,23.6,4.202136,1.9342222,-0.5414405,-0.42121696
578,La0.6333Na0.1Mg0.5W0.5O3,III,La,22.6,4.0845757,1.9467033,-0.84051305,-0.42695194
579,La0.6333Na0.1Mg0.5W0.5O3,III,La,21.9,4.078156,1.9044676,-0.8390896,-0.43847385
580,La0.6Na0.2Mg0.5W0.5O3,III,La,22.6,3.9522731,2.0502427,-1.0287921,-0.39142305
581,La0.5667Na0.3Mg0.5W0.5O3,III,La,22.88,3.545669,0.56169415,-0.65750754,-0.40811464
582,La0.5667Na0.3Mg0.5W0.5O3,III,La,20.96,3.5401368,0.5100538,-0.66280687,-0.4138163
583,BaMg0.49Y0.0133W0.4967O3,Ia,Ba,20.0,4.8471756,-1.3764943,-1.8977956,0.26491943
584,La0.5333Na0.4Mg0.5W0.5O3,III,La,22.06,3.119984,0.4285198,-0.65692914,-0.42563248
585,SrSm0.5Ta0.5O3,III,Sr,27.7,2.5056024,-0.22619969,-0.3590519,-0.3073509
586,SrLa0.5Ta0.5O3,III,Sr,27.1,1.8337883,0.11494145,-0.2140652,-0.24506791
587,Ca0.97La0.02Mg0.5W0.5O3,III,Ca,19.0,4.8245225,0.5512185,-1.6805763,0.01866622
588,Ba0.94La0.04Mg0.5W0.5O3,Ia,Ba,20.0,4.8534517,-1.1341801,-1.6980827,0.15422669
589,NdMg0.47Ba0.03Sn0.5O3,III,Nd,19.4,4.810963,0.22576775,-1.3817419,-0.8916155
590,NdMg0.45Co0.05Sn0.5O3,III,Nd,19.2,4.820917,0.10368214,-1.4423455,-0.8796106
591,NdMg0.5Sn0.5O3,III,Nd,19.3,5.0464277,0.21279109,-1.4652759,-0.81926155
592,BaLa0.5Nb0.5O3,III,Ba,37.4,-0.5448935,0.19305891,2.1507783,0.2438123
593,BaNd0.5Nb0.5O3,III,Ba,41.9,-1.5293084,0.19943304,2.5979118,0.49475065
594,BaSm0.5Nb0.5O3,II,Ba,39.7,0.5397544,0.24414645,2.1171715,0.098381676
595,BaYb0.5Nb0.5O3,Ib,Ba,28.3,0.057676006,-1.7915657,1.8111793,-0.17414121
596,BaLa0.5Ta0.5O3,III,Ba,27.1,0.06898294,-0.9632054,1.1065196,0.0781794
597,BaNd0.5Ta0.5O3,III,Ba,36.0,-0.05751365,-0.046114184,1.8797532,0.09180137
598,SrNd0.5Ta0.5O3,III,Sr,27.1,2.2655354,-0.028309671,-0.2656004,-0.35648125
599,BaSm0.5Ta0.5O3,II,Ba,34.3,1.7171048,-0.013381498,1.3067797,-0.16652092
600,CaNd0.5Nb0.5O3,III,Ca,20.0,3.141188,0.31128827,-0.8096871,-0.5813561
601,CaSm0.5Nb0.5O3,III,Ca,20.9,3.2531521,0.36670077,-0.80775625,-0.6878294
602,CaYb0.5Nb0.5O3,III,Ca,27.0,3.5103443,0.39334384,-0.6910606,-1.1496223
603,CaLa0.5Ta0.5O3,III,Ca,19.5,3.3996384,0.28163156,-1.2357996,-0.11048702
604,CaNd0.5Ta0.5O3,III,Ca,20.0,3.6759443,0.41985384,-1.2789584,-0.24639449
605,CaSm0.5Ta0.5O3,III,Ca,19.6,3.807243,0.472155,-1.3080022,-0.30572432
606,CaYb0.5Ta0.5O3,III,Ca,21.1,4.1124363,0.44940856,-1.2828573,-0.6180015
607,SrLa0.5Nb0.5O3,III,Sr,27.5,0.9494156,0.28920433,0.6575135,-0.6665779
608,SrNd0.5Nb0.5O3,III,Sr,29.7,1.3504624,0.1734809,0.7543975,-0.8887255
609,SrSm0.5Nb0.5O3,III,Sr,31.8,1.5424587,-0.14511757,0.75653124,-0.9259666
610,SrYb0.5Nb0.5O3,III,Sr,29.4,0.6588099,-2.3642442,0.80812305,-0.85449135
611,BaYb0.5Ta0.5O3,Ib,Ba,22.1,2.2011998,-0.60468,1.1382799,-0.06345207
612,NdMg0.5Ti0.5O3,III,Nd,26.0,3.856166,-2.327149,-0.92362624,-1.3955108
613,CaLa0.5Nb0.5O3,III,Ca,20.6,2.9100077,0.18235458,-0.81675124,-0.38281083
614,BaMg0.3Ta0.6Ti0.1O3,Ib,Ba,26.3,1.8509457,-2.6566668,-0.8545393,0.07320771
615,Ca0.375Mg0.25Nb0.25Ti0.125O3,III,Ca,38.0,1.5777749,2.4842553,0.3070826,-1.0105661
616,Ca0.25Mg0.375Nb0.25Ti0.125O3,III,Ca,31.0,2.6408749,2.1723995,0.2827626,-0.9799891
617,Ca0.125Mg0.5Nb0.25Ti0.125O3,III,Ca,23.0,3.0891945,1.2090013,0.32066354,-0.77366805
618,Ca0.375Mg0.25Nb0.25Ti0.125O3,III,Ca,26.0,1.5822514,2.4962723,0.3017205,-1.008921
619,Ca0.25Mg0.375Nb0.25Ti0.125O3,III,Ca,23.0,2.6929736,2.2867846,0.22237849,-0.9248916
620,Ca0.125Mg0.5Nb0.25Ti0.125O3,III,Ca,20.0,3.125739,1.3230679,0.26652035,-0.7116101
621,Ca0.375Ni0.25Nb0.25Ti0.125O3,III,Ca,35.0,1.7482963,3.282357,0.103213094,-0.73986244
622,Ca0.25Ni0.375Nb0.25Ti0.125O3,III,Ca,30.0,3.0257092,3.0809863,0.05218818,-0.7460548
623,Ca0.125Ni0.5Nb0.25Ti0.125O3,III,Ca,26.0,3.449667,1.7293216,0.12445023,-0.67366815
624,Ca0.25Co0.375Nb0.25Ti0.125O3,III,Ca,29.0,3.429727,2.7332404,-0.30917454,-0.7397679
625,Ca0.125Co0.5Nb0.25Ti0.125O3,III,Ca,12.0,3.700612,1.5984724,-0.331,-0.48686674
626,Ca0.375Mg0.25Ta0.25Ti0.125O3,III,Ca,30.0,2.3937047,2.436925,-0.25787252,-1.1021731
627,Ca0.25Mg0.375Ta0.25Ti0.125O3,III,Ca,26.0,3.1940331,2.209359,-0.2935253,-0.96584606
628,Ca0.125Mg0.5Ta0.25Ti0.125O3,III,Ca,20.0,3.5031304,1.3343151,-0.19963849,-0.70262617
629,Ca0.375Zn0.25Ta0.25Ti0.125O3,III,Ca,17.0,2.9779205,1.4558097,-0.8250657,0.34675848
630,Ca0.25Zn0.375Ta0.25Ti0.125O3,III,Ca,13.0,3.8891547,1.4758079,-1.1058556,0.6448939
631,Ca0.125Zn0.5Ta0.25Ti0.125O3,III,Ca,10.0,4.0217924,0.9518217,-1.0412523,0.63779736
632,Ca0.375Co0.25Nb0.25Ti0.125O3,III,Ca,32.0,2.301419,3.0341995,-0.15847479,-0.94489056
633,Ca0.375Ni0.25Ta0.25Ti0.125O3,III,Ca,29.0,2.578162,3.117645,-0.35532647,-0.7678603
634,SrPr0.5Nb0.5O3,III,Sr,37.5,0.70423096,0.4837661,0.9292182,-0.64174545
635,SrNd0.5Nb0.5O3,III,Sr,36.9,0.8873842,0.614133,0.89131755,-0.65092045
636,SrSm0.5Nb0.5O3,III,Sr,35.8,0.8806997,1.3466191,1.284148,-0.44786543
637,SrEu0.5Nb0.5O3,III,Sr,34.7,1.0525947,0.93413514,1.2744055,-0.4859791
638,SrGd0.5Nb0.5O3,III,Sr,34.3,1.1297084,1.0674571,1.263981,-0.4706936
639,SrTb0.5Nb0.5O3,III,Sr,33.7,1.2319577,0.5708971,1.2390449,-0.4949487
640,SrDy0.5Nb0.5O3,III,Sr,33.0,1.3748345,0.3428344,1.1880836,-0.50272506
641,SrHo0.5Nb0.5O3,III,Sr,32.3,1.4386613,0.07678481,1.1483477,-0.50554127
642,SrY0.5Nb0.5O3,III,Sr,32.2,1.66871,-0.27546224,0.9910291,-0.90664667
643,SrEr0.5Nb0.5O3,III,Sr,32.2,2.0385306,-0.51251304,0.6181651,-0.8860722
644,SrYb0.5Nb0.5O3,III,Sr,30.7,2.0993717,-0.95451325,0.49378598,-0.82020104
645,SrIn0.5Nb0.5O3,III,Sr,26.0,1.5238683,-1.9277903,0.08821517,0.2885569
646,SrFe0.5Nb0.5O3,II,Sr,44.9,0.2694748,-1.8524816,1.8140303,-0.42292008
647,SrCr0.5Nb0.5O3,Ib,Sr,35.3,-0.014838549,-2.4343681,1.7116963,-0.5332484
648,SrAl0.5Nb0.5O3,Ib,Sr,30.5,-0.10365998,-3.0640903,1.1855867,-0.65700686
649,SrLa0.5Nb0.5O3,III,Sr,36.6,0.59977055,0.6900523,0.71046674,-0.40091342
650,Ca0.25Ni0.375Ta0.25Ti0.125O3,III,Ca,26.0,3.5265293,2.9377184,-0.39017683,-0.7004634
651,CaZn0.333Ta0.667O3,III,Ca,25.0,4.915159,2.105019,-3.2819295,2.090701
652,BaNi0.5Ta0.5O3,Ib,Ba,23.0,4.6906204,-1.099194,-2.594072,2.1836812
653,BaCo0.5Ta0.5O3,Ib,Ba,25.0,4.0466933,-0.9245643,-1.3311187,1.443595
654,BaMg0.5Ta0.5O3,Ib,Ba,25.0,3.8955913,-0.9050025,-0.9383799,0.3810271
655,BaZn0.5Ta0.5O3,Ib,Ba,29.0,3.3093107,-0.21698932,-0.41742328,1.5436847
656,BaCa0.5Ta0.5O3,Ib,Ba,30.0,1.8603361,3.5079916,0.6426284,1.4406276
657,SrNi0.5Ta0.5O3,II,Sr,23.0,4.2236505,-1.4283762,-1.7425218,1.6365322
658,SrCo0.5Ta0.5O3,III,Sr,23.0,3.501553,-1.5859482,-1.3650116,1.4885583
659,SrMg0.5Ta0.5O3,II,Sr,22.0,4.5081587,-0.38703275,-0.5233836,-0.076202706
660,SrZn0.5Ta0.5O3,III,Sr,28.0,3.1358125,-1.4859462,-0.88264817,1.2852528
661,SrCa0.5Ta0.5O3,II,Sr,22.0,2.672355,2.5409129,0.17920211,1.1966392
662,CaCu0.333Ta0.667O3,III,Ca,23.0,4.81907,1.9954752,-3.2423272,2.1856086
663,Mg0.93Ca0.07TiO3,III,Mg,22.15,1.9305483,-1.5292121,0.53750265,-0.5059506
664,SrSm0.5Ta0.5O3,III,Sr,30.5,1.4388169,1.4645865,0.740812,-0.762192
665,SrSm0.5Ta0.5O3,III,Sr,31.6,1.4388169,1.4645865,0.740812,-0.762192
666,SrSm0.5Ta0.5O3,III,Sr,32.1,1.4310763,1.5056509,0.7319868,-0.75803065
667,SrSm0.5Ta0.5O3,III,Sr,36.0,1.4232811,1.5465096,0.7228515,-0.7537647
668,SrSm0.5Ta0.5O3,III,Sr,39.0,1.407584,1.6274512,0.7037466,-0.7448943
669,SrSm0.5Ta0.5O3,III,Sr,42.0,1.3918723,1.7071271,0.6836824,-0.7355213
670,SrSm0.5Ta0.5O3,III,Sr,45.0,1.384054,1.7464072,0.6733446,-0.7306287
671,SrSm0.5Ta0.5O3,III,Sr,48.5,1.3762851,1.7852732,0.6628302,-0.72558755
672,Ba3Co.07Nb2O9.07,Ib,Ba,26.0,0.9235732,-4.0374336,-0.7759816,0.012789993
673,SrSm0.5Ta0.5O3,III,Sr,49.6,1.3609581,1.8616592,0.64134294,-0.71503186
674,Ca0.3Li0.14Sm0.42TiO3,III,Ca,92.12,-6.9375954,0.29349357,0.3238392,-0.5265073
675,Ca0.125Ni0.5Ta0.25Ti0.125O3,III,Ca,23.0,3.7909324,1.7094163,-0.28064564,-0.5822296
676,CaNi0.333Ta0.667O3,III,Ca,22.0,5.229963,2.0492396,-3.681869,2.4040658
677,CaAl0.333Ta0.667O3,II,Ca,22.0,5.8411684,1.0308148,-3.4782672,2.3344078
678,Ca0.375Co0.25Ta0.25Ti0.125O3,III,Ca,28.0,3.0916698,2.9234548,-0.7117863,-0.7311998
679,Ca0.25Co0.375Ta0.25Ti0.125O3,III,Ca,24.0,3.8900561,2.6753633,-0.807927,-0.5061356
680,Ca0.125Co0.5Ta0.25Ti0.125O3,III,Ca,20.0,4.020664,1.6257267,-0.7310256,-0.30069843
681,Ca5Nb2Ti0.4Hf0.6O12,III,Ca,32.0,0.4852517,5.0489182,0.057660293,0.072104014
682,Ca5Ta2Ti0.6Hf0.4O12,III,Ca,34.0,1.6909308,4.3246474,-0.40605426,0.018546062
683,Ba8ZnNb6O24,Ib,Ba,36.2,-0.032153025,-1.9232743,1.5511537,-0.14503446
684,Ba8ZnNb5.7Sb0.3O24,Ib,Ba,33.6,-1.7768902,-2.9316342,2.0206716,-0.3364886
685,Ba8ZnNb5.4Sb0.6O24,Ib,Ba,33.6,-1.5545096,-3.2082138,1.7175548,-0.49894115
686,Ba8ZnNb5.1Sb0.9O24,Ib,Ba,31.0,-1.300712,-3.4065342,1.3852276,-0.6402044
687,Ba8ZnNb4.8Sb.2O24,Ib,Ba,29.4,-1.146087,-3.3853192,1.2627152,-0.6891119
688,CaCo0.333Ta0.667O3,III,Ca,23.0,5.352112,2.2825418,-3.731798,2.2912164
689,Ba8ZnNb4.5Sb.5O24,Ib,Ba,25.9,-1.0417383,-3.2848861,1.2373646,-0.7022118
690,Ba8ZnNb3.6Sb2.4O24,Ib,Ba,17.4,0.26545015,-3.367299,-0.17346084,-0.9327773
691,CaAl0.5Nb0.5O3,II,Ca,25.0,4.7870183,0.16951622,-1.6731105,0.2666012
692,CaFe0.5Nb0.5O3,III,Ca,40.0,3.7095335,2.4970045,-1.6033082,0.009472803
693,CaAl0.333Nb0.667O3,II,Ca,28.0,4.806587,1.0290908,-1.6102756,0.59819573
694,CaCo0.333Nb0.667O3,III,Ca,29.0,4.4442124,2.5828948,-2.444249,0.81165504
695,CaNi0.333Nb0.667O3,III,Ca,26.0,4.149959,2.3852189,-2.237232,0.7666447
696,CaCu0.333Nb0.667O3,III,Ca,27.0,3.725711,2.3178246,-1.8515179,0.74957407
697,CaZn0.333Nb0.667O3,III,Ca,35.0,3.880534,2.415341,-1.9303234,0.67520106
698,CaAl0.5Ta0.5O3,II,Ca,20.0,5.801356,0.5765377,-3.128923,1.7523971
699,CaFe0.5Ta0.5O3,III,Ca,32.0,4.6877933,2.0615137,-2.7982984,1.3696008
700,CaMg0.333Ta0.667O3,III,Ca,21.0,5.4264154,2.326628,-3.6712701,2.020503
701,Ba8ZnNb4.2Sb.8O24,Ib,Ba,19.9,-0.9246718,-3.1913035,1.1963305,-0.71461695
702,SrCr0.5Nb0.5O3,Ib,Sr,35.1,-0.08155557,-2.3205383,1.7740527,-0.5035031
703,CaMg0.333Nb0.667O3,III,Ca,28.0,4.481832,2.4524171,-2.231985,0.3830112
704,SrAl0.5Nb0.5O3,Ib,Sr,30.0,-0.11854454,-3.009055,1.1891159,-0.6289308
705,CaAl0.421Nb0.421Ti0.158O3,II,Ca,29.1,2.6936102,-2.2069345,-0.7371312,-0.66137904
706,CaAl0.375Nb0.375Ti0.25O3,II,Ca,32.2,2.0569544,-2.3952403,-0.33605015,-0.78035223
707,CaAl0.335Nb0.335Ti0.33O3,II,Ca,35.1,1.468803,-2.4937842,0.07349192,-0.8453064
708,CaAl0.25Nb0.25Ti0.5O3,II,Ca,45.3,0.06648879,-2.3583674,1.1508635,-0.7865139
709,CaAl0.2355Nb0.2355Ti0.529O3,II,Ca,44.9,-0.2061283,-2.259018,1.3625579,-0.7384225
710,CaAl0.125Nb0.125Ti0.75O3,II,Ca,75.4,-2.8849041,0.37783235,2.3506258,0.27933782
711,Ba0.1La0.9Mg0.45Ti0.55O3,III,Ba,30.9,2.2118201,-2.5474777,0.11073908,-0.94105536
712,Ba0.3La0.7Mg0.35Ti0.65O3,II,Ba,42.5,0.99540377,-1.7530626,1.4910663,-0.2785573
713,Ba0.5La0.5Mg0.25Ti0.75O3,Ib,Ba,60.9,-2.807239,-0.35219675,2.813835,0.6556043
714,Ba0.7La0.3Mg0.15Ti0.85O3,Ib,Ba,105.8,-8.472084,-0.42274225,-0.19585113,1.277611
715,LiBa4Nb3O12,Ib,Li,37.0,-0.15820768,3.1643622,1.6683098,1.0431198
716,CaAl0.4505Nb0.4505Ti0.099O3,II,Ca,27.0,3.0799453,-2.049456,-0.9534027,-0.56821185
717,LiBa4Nb2TaO12,Ib,Li,34.0,-0.03545455,2.5327764,1.7243079,0.7586625
718,LiBa4Ta3O12,Ib,Li,28.0,1.2303542,3.132963,1.0325419,0.85972327
719,BaLa0.5Ta0.5O3,III,Ba,37.1,0.69793284,1.0418587,1.0765392,0.14046484
720,BaNd0.5Ta0.5O3,III,Ba,38.7,1.0998733,1.534434,1.6109803,0.18612596
721,BaSm0.5Ta0.5O3,II,Ba,37.6,2.655433,1.5005988,1.1785523,-0.048418637
722,BaEu0.5Ta0.5O3,II,Ba,36.5,2.1047273,1.3547572,1.6363435,0.09883422
723,BaGd0.5Ta0.5O3,II,Ba,36.0,2.1265247,1.3212414,1.6285409,0.097857095
724,BaTb0.5Ta0.5O3,II,Ba,35.5,2.1142128,0.95095235,1.5832841,0.055123623
725,BaDy0.5Ta0.5O3,II,Ba,34.0,2.1841578,0.8451667,1.5853858,0.06210367
726,BaHo0.5Ta0.5O3,II,Ba,33.5,2.777982,0.43452471,1.0710982,-0.07919732
727,BaY0.5Ta0.5O3,II,Ba,33.0,2.5530472,0.4225363,1.2964083,-0.13328491
728,BaYb0.5Ta0.5O3,Ib,Ba,32.0,1.8809847,-0.40193057,1.2526417,-0.060204558
729,LiBa4NbTa2O12,Ib,Li,30.0,0.44817635,2.4704025,1.5548254,0.6752632
730,BaNi0.0658Zr0.0125Zn0.2633Ta0.6583O3,Ib,Ba,28.3,1.0067011,-3.3195252,-0.7846633,1.0092534
731,CaAl0.4735Nb0.4735Ti0.053O3,II,Ca,23.8,3.367292,-1.90282,-1.0941799,-0.48919073
732,LaMg0.667Nb0.333O3,III,La,26.8,4.8289995,-0.16052397,-1.2007977,-1.5233736
733,SrGa0.5Ta0.5O3,Ib,Sr,27.0,0.6236605,-3.2983696,-0.23458563,0.65507483
734,SrFe0.5Nb0.5O3,II,Sr,44.9,0.25653616,-1.7792511,1.8367513,-0.40188977
735,BaMn0.333Ta0.667O3,Ib,Ba,27.0,3.1227658,-3.3625722,-3.6461103,2.240383
736,BaMn0.3333Ta0.6667O3,Ib,Ba,27.0,3.1230924,-3.3627546,-3.646035,2.2398772
737,BaMg0.2333Ta0.4667Co0.1Nb0.2O3,Ib,Ba,27.0,1.202875,-2.8440266,-0.29593936,-0.22298189
738,CaZr0.2Ti0.8O3,III,Ca,141.0,-9.249459,-2.9144692,-2.7951317,0.15248945
739,CaZr0.3Ti0.7O3,III,Ca,138.0,-9.88347,-2.480409,-3.1153467,-0.25088093
740,CaZr0.4Ti0.6O3,III,Ca,98.0,-7.202623,-0.124347724,-1.0325347,-0.5739884
741,CaAl0.5Nb0.5O3,II,Ca,23.6,3.1960459,-2.0985265,-0.9332944,-0.28051692
742,CaZr0.5Ti0.5O3,III,Ca,59.0,-1.9585385,0.45305172,0.32743537,-0.86880714
743,CaZr0.7Ti0.3O3,III,Ca,38.0,2.0147233,0.42627284,-0.927868,-0.070099026
744,CaZr0.8Ti0.2O3,III,Ca,28.0,3.0994806,0.7360909,-1.516082,0.3594312
745,CaZr0.9Ti0.1O3,III,Ca,42.0,3.1695073,1.710325,-1.0389506,-0.46177843
746,CaZrO3,III,Ca,27.0,3.843445,0.94928837,-1.7640439,0.83780724
747,LaMg0.5Ti0.5O3,III,La,27.6,2.931165,-2.9154036,-0.6276759,-1.1671975
748,La0.9Ca0.1Mg0.45Ti0.55O3,III,La,29.8,2.3600962,-2.9821672,-0.3124699,-1.051181
749,La0.7Ca0.3Mg0.35Ti0.65O3,III,La,37.2,1.3836353,-2.9421597,0.25329956,-0.9633724
750,La0.3Ca0.7Mg0.15Ti0.85O3,III,La,51.2,-1.0306869,-1.5436935,1.7015616,-0.79593164
751,La0.3Ca0.7Mg0.15Ti0.85O3,III,La,58.8,-1.0306869,-1.5436935,1.7015616,-0.79593164
752,La0.1Ca0.9Mg0.05Ti0.95O3,III,La,90.4,-5.855396,1.6196157,-0.36171642,0.31677276
753,La0.1Ca0.9Mg0.05Ti0.95O3,III,La,102.5,-5.855396,1.6196157,-0.36171642,0.31677276
754,CaZr0.6Ti0.4O3,III,Ca,50.0,0.47800443,0.2543876,-0.23259017,-0.5628116
755,BaNi0.0542Zr0.0215Zn0.2720Ta0.6523O3,Ib,Ba,28.4,0.90883964,-3.3052545,-0.64491326,0.9160631
756,La0.5Ca0.5Mg0.25Ti0.75O3,III,La,43.2,1.4038368,-1.9678899,0.5116136,-1.0624415
757,BaNi0.0242Zr0.0425Zn0.2950Ta0.6383O3,Ib,Ba,30.2,0.7190336,-3.2029893,-0.32183233,0.74218404
758,SrPr0.5Ta0.5O3,III,Sr,32.0,2.5879192,0.29269788,-0.39055368,-0.69972986
759,SrNd0.5Ta0.5O3,III,Sr,31.5,1.1466681,1.7484683,0.73462063,-0.73697776
760,SrEu0.5Ta0.5O3,III,Sr,30.0,1.6205074,1.0904075,0.76779366,-0.78056055
761,SrGd0.5Ta0.5O3,III,Sr,29.5,1.6887501,1.1931717,0.7263764,-0.7611408
762,SrTb0.5Ta0.5O3,III,Sr,28.8,1.824436,0.71261567,0.7368353,-0.7524138
763,SrDy0.5Ta0.5O3,III,Sr,28.2,1.979001,0.48081347,0.68773896,-0.7247267
764,SrHo0.5Ta0.5O3,III,Sr,27.7,2.061693,0.24662688,0.64652324,-0.68730146
765,SrY0.5Ta0.5O3,III,Sr,27.5,3.544107,-0.34510675,-0.670383,-0.7058602
766,SrEr0.5Ta0.5O3,III,Sr,27.1,2.1607602,0.028127968,0.58906823,-0.6429017
767,SrYb0.5Ta0.5O3,III,Sr,25.9,3.0345101,-1.0020953,-0.66744155,-0.21744719
768,SrLa0.5Ta0.5O3,III,Sr,31.2,1.843704,0.106806315,-0.18528603,-0.30388954
769,SrPr0.5Nb0.5O3,III,Sr,36.7,0.7131781,0.75458914,0.83407134,-0.5322407
770,SrSm0.5Nb0.5O3,III,Sr,35.5,0.8131379,1.7070762,1.2313111,-0.40558293
771,SrEu0.5Nb0.5O3,III,Sr,34.3,1.0044589,1.3240182,1.2636528,-0.44364852
772,SrGd0.5Nb0.5O3,III,Sr,33.5,1.0720205,1.429313,1.2464032,-0.43013078
773,SrTb0.5Nb0.5O3,III,Sr,32.3,1.1994634,0.9559738,1.2659351,-0.4546262
774,SrDy0.5Nb0.5O3,III,Sr,31.2,1.3546145,0.71886337,1.2348399,-0.46438822
775,SrHo0.5Nb0.5O3,III,Sr,30.6,1.4298159,0.48399693,1.2169131,-0.46590072
776,SrY0.5Nb0.5O3,III,Sr,30.7,1.6775421,0.08472597,1.0273442,-0.86094826
777,SrIn0.5Nb0.5O3,III,Sr,25.0,1.6464183,-1.5955037,0.08528541,0.4485922
778,BaNi0.0417Zr0.0300Zn0.2817Ta0.6467O3,Ib,Ba,29.6,0.8258492,-3.2706847,-0.50956917,0.8376606
779,SrEr0.5Nb0.5O3,III,Sr,31.1,2.0581543,-0.17801742,0.64702934,-0.83398145
780,SrYb0.5Nb0.5O3,III,Sr,29.3,2.1626654,-0.6138712,0.56007534,-0.7885677
781,SrNd0.5Nb0.5O3,III,Sr,36.5,0.88832176,0.8734871,0.8023928,-0.5478348
782,SmZn0.5Ti0.5O3,III,Sm,31.0,3.8030357,-0.83486885,-1.0050557,-1.0922523
783,SrLa0.5Nb0.5O3,III,Sr,36.0,0.6122428,0.892243,0.6176314,-0.30041343
784,Sm0.95Ca0.04Sr0.01Mg0.475Ti0.525O3,III,Sm,26.6,3.1473703,-2.0861712,-0.8130197,-1.394077
785,La5Mg0.5Ti3.5O15,II,La,36.2,2.3447466,-3.2856176,-0.49056947,-0.25905108
786,La5Zn0.5Ti3.5O15,II,La,37.71,2.1267893,-3.3903117,-0.44281697,-0.27684677
787,La5AlTi3O15,II,La,32.98,2.2150357,-3.9782348,-1.183398,-0.139564
788,BaLi0.3889Nb0.5W0.2O3,Ib,Ba,31.0,0.12893665,3.7493427,0.8168599,0.7882771
789,BaNi0.0125Zr0.0500Zn0.3042Ta0.6333O3,Ib,Ba,30.1,0.6685148,-3.1380742,-0.21113111,0.7007355
790,Pb0.16La0.56Mg0.5W0.5O3,III,Pb,28.7,3.5556188,3.6500285,0.21380071,-0.3777325
791,Ba0.95Sr0.05Zn0.475Ga0.025Ta0.6583O3,Ib,Ba,29.0,1.8936107,-2.3976882,-0.50113916,0.27565816
792,BaZr0.0125Zn0.2633Ni0.0658Ta0.6583O3,Ib,Ba,28.2,1.1398294,-2.8690147,-0.58676976,0.44277024
793,BaZr0.0215Zn0.2720Ni0.0542Ta0.6523O3,Ib,Ba,28.7,1.1224883,-2.6898584,-0.4141584,0.34881485
794,BaZr0.0300Zn0.2817Ni0.0417Ta0.6467O3,Ib,Ba,29.3,0.9705148,-2.3632789,-0.77011466,1.0180398
795,BaZr0.0500Zn0.3042Ni0.0125Ta0.6333O3,Ib,Ba,30.7,0.8111067,-2.297824,-0.5520567,0.920448
796,LaMg0.35Zn0.15Ti0.5O3,III,La,29.0,1.4234315,-2.8902798,0.21560545,-1.0032747
797,La0.2Ca0.64Sm0.1067Mg0.1Ti0.9O3,III,La,72.41,-2.804927,1.1658248,1.5895044,0.06498451
798,BaZr0.0425Zn0.2950Ni0.0242Ta0.6383O3,Ib,Ba,29.7,1.1749963,-2.8317323,-1.1435893,1.1262869
799,La0.45Ca0.44Sm0.0733Mg0.225Ti0.775O3,III,La,47.83,-0.20412901,-1.4275529,1.5774984,-0.55540204
800,La0.6Ca0.32Sm0.0533Mg0.3Ti0.7O3,III,La,40.05,0.1589224,-2.7389624,1.354134,-0.54850686
801,Sm0.8Ca0.16Sr0.04Mg0.4Ti0.6O3,III,Sm,30.1,2.4815419,-2.5126398,-0.529516,-1.329293
802,La0.8Ca0.16Sm0.0267Mg0.4Ti0.6O3,III,La,33.56,1.1090709,-2.8826475,0.69084305,-0.7835096
803,BaZr0.05Zn0.32Ta0.63O3,Ib,Ba,30.0,1.5028547,-2.1898143,-0.14740202,0.27048892
804,Sm0.65Ca0.28Sr0.07Mg0.325Ti0.675O3,III,Sm,31.4,1.528939,-2.9954994,-0.032448646,-1.1308427
805,Sm0.5Ca0.4Sr0.1Mg0.25Ti0.75O3,III,Sm,38.7,0.29333064,-3.265647,0.76825565,-0.7930052
806,La0.4Ca0.48Sm0.0800Mg0.2Ti0.8O3,III,La,50.58,-0.20888415,-1.0784928,1.6555939,-0.5518113
807,LaZn0.5Ti0.5O3,III,La,30.0,1.8841988,-2.9514902,-0.19635856,-1.0185875
808,CaSr4Ta2TiO12,II,Ca,45.0,-1.1691413,1.7211986,2.3571517,0.76226336
809,Ba0.7La0.3Zn0.4333Nb0.5667O3,Ib,Ba,44.7,-0.6019571,0.96364284,2.3688989,1.0891695
810,CaLi0.2333Nb0.4667Ti0.3O3,III,Ca,44.7,-0.6412924,4.8631024,-0.48332325,0.04549557
811,SrFe0.5Nb0.5O3,II,Sr,44.9,-0.061628934,-2.1560705,1.8617172,-0.48513392
812,La0.7667Ti0.7Al0.3O3,II,La,44.9,0.9594382,-0.33248076,1.704179,-0.25861698
813,Ca0.7Ti0.7Nd0.3Al0.3O3,II,Ca,45.0,1.6468523,-1.2600085,0.59080774,-0.9314358
814,Ca0.7Ti0.7Sm0.3Al0.3O3,II,Ca,45.0,2.0727847,-1.1040716,0.39751348,-0.9806114
815,BaLa0.5Nb0.5O3,III,Ba,45.0,-1.7026846,1.1017607,2.594721,0.94989884
816,Ca0.6Ti0.6La0.4Ga0.4O3,II,Ca,45.0,1.8201627,-0.27363858,1.2285923,-0.47574073
817,Ca0.2Ti0.2Sr0.8Mg0.2667Nb0.5333O3,II,Ca,45.0,-0.5844156,-2.2239377,2.1108603,-0.3459996
818,BaSr4Nb4O15,Ib,Ba,45.0,-1.7095631,-2.3032846,2.512002,-0.032748356
819,BaY0.3Bi0.2Nb0.5O3,Ib,Ba,44.6,-1.037923,0.6061215,2.5790868,0.95195216
820,SrFe0.5Nb0.5O3,II,Sr,45.0,-0.10603823,-2.047751,1.9137715,-0.45928505
821,Ca0.73Ti0.73Nd0.27Al0.27O3,II,Ca,45.0,2.3071077,-1.0281136,0.13113855,-1.0763044
822,BaPr0.5Nb0.5O3,III,Ba,44.5,-1.403824,1.6990165,2.6667943,1.2923503
823,Sr5Ta4O15,II,Sr,43.5,1.7789251,-2.2554429,-0.015000782,-0.12121014
824,Ba2La2TiNb2O12,II,Ba,44.2,-2.5594485,1.6583254,2.8871753,1.5834783
825,Ba6Nb4TiO18,Ib,Ba,43.0,-0.97129357,-0.7503784,1.7010112,0.08377141
826,Sr4LaTiNb3O15,III,Sr,43.0,-2.6429071,-1.7090929,3.2295332,0.4759401
827,Ca0.65Ti0.65Sm0.35Ga0.35O3,III,Ca,45.0,0.08376003,-0.638953,1.2352278,-0.62021977
828,Ba2La3Ti3NbO15,II,Ba,42.8,-2.4730914,1.7533592,2.9387233,1.5915736
829,Sr6Nb4TiO18,Ib,Sr,43.0,-2.4340088,-3.0672493,2.026256,-0.032691043
830,BaLa4Ti4O15,Ib,Ba,44.4,0.059515014,-4.3475213,0.31390682,-0.26504317
831,CaLa3.5Nd0.5Ti4O15,II,Ca,43.4,1.5396605,-3.5692313,-0.16386108,-0.4404946
832,CaLa4Ti4O15,II,Ca,43.6,1.3995051,-3.8328705,-0.30872887,-0.39197302
833,Ca0.7Nd0.3Ti0.7Al0.3O3,II,Ca,43.7,2.5259988,-0.98512596,0.019417822,-1.0868522
834,Ba0.65La0.35Zn0.45Nb0.55O3,Ib,Ba,43.8,0.045534924,1.2419031,2.3197207,1.0860974
835,Ca2Sr3Ta2TiO12,II,Ca,44.0,-0.89473444,2.0391707,2.1354609,0.7907503
836,BaNd0.5Nb0.5O3,III,Ba,44.0,-1.1198943,1.8266454,2.6549556,1.3141999
837,Ca0.66La0.34Ti0.66Al0.34O3,II,Ca,44.0,1.1258012,-1.5613521,0.80736804,-0.8604951
838,Ca0.6Nd0.4Ti0.6Ga0.4O3,III,Ca,44.0,0.49301276,-0.48621073,1.1704992,-0.5664954
839,Ba3LaNb3O12,Ib,Ba,43.5,-2.2082324,2.266728,2.4648206,1.4529212
840,BaGd0.3Bi0.2Nb0.5O3,II,Ba,47.9,-0.2690415,1.1677675,2.381614,0.82890356
841,La0.48Co0.24Ti0.76Ca0.52O3,III,La,45.0,-0.001783913,-2.8779576,1.0312515,-0.72783047
842,Ba0.6Ca0.4La4Ti4O15,II,Ba,47.7,0.9036322,-3.699461,0.26789078,-0.3160043
843,Ba5SrNb4TiO18,Ib,Ba,47.9,-2.3873641,-0.64909995,2.12711,0.3223
844,Ca0.65Ti0.65La0.35Ga0.35O3,II,Ca,48.0,1.8877083,-0.32552698,1.0269232,-0.7469497
845,Ba4SrNb4O15,Ib,Ba,48.0,-1.0746409,0.49097592,2.1637995,0.26181367
846,CaTi0.34Mg0.22Nb0.44O3,III,Ca,48.0,-0.32203037,0.9676283,0.769933,-0.8172728
847,CaLa8Ti9O31,II,Ca,48.6,-1.0595713,3.2437694,2.1471,1.144406
848,BaDy0.3Bi0.2Nb0.5O3,II,Ba,48.6,0.23115496,1.0103077,2.250861,0.72613126
849,Ca0.64Ti0.64La0.36Ga0.36O3,II,Ca,48.7,1.4553076,-0.30128357,1.3822403,-0.42683247
850,BaLa3Ti2NbO12,III,Ba,42.4,-3.0516496,1.806554,2.7295542,1.6851436
851,Ca0.7Ti0.7Nd0.3Ga0.3O3,III,Ca,49.0,-0.48307315,-0.8711083,1.5225048,-0.56073815
852,Ca0.65Ti0.65Nd0.35Ga0.35O3,III,Ca,45.0,1.1355538,-0.59434855,0.83754474,-0.8850815
853,Ba0.57Sr0.38La3.8Ti4.15O13.1,Ib,Ba,47.4,-0.9130916,0.7715689,2.3758156,0.5587728
854,CaTi0.4Mg0.2Nb0.4O3,III,Ca,47.3,-0.9756642,0.92421275,1.009799,-0.6728623
855,Nd0.5Zn0.25Ti0.75Ca0.5O3,III,Nd,45.0,0.62418884,-2.0970736,0.8145771,-0.9592911
856,BaMn0.5Ti0.5O3,Ib,Ba,45.0,-1.1969508,-1.0011388,2.119559,0.087925844
857,Ca0.71Ti0.71Nd0.29Al0.29O3,II,Ca,45.1,1.5157714,-1.2388675,0.6692998,-0.9200117
858,CaMg0.1833Ta0.3667Ti0.45O3,III,Ca,45.1,0.5632659,1.3164359,0.038052876,-1.1958139
859,BaEr0.3Bi0.2Nb0.5O3,Ib,Ba,46.1,-1.0209237,0.5248587,2.5373986,0.9576362
860,BaLa4Ti4O15,Ib,Ba,46.3,0.071104355,-4.325867,0.3033196,-0.25866678
861,Ba0.2Sr0.8La4Ti4.2O15,II,Ba,46.4,1.074124,-4.464113,-0.7026145,-0.35807577
862,Ba3La3Ti4NbO18,II,Ba,47.4,-2.848819,1.3414353,2.9627988,1.5090799
863,Ba.25Sr0.75La3Ti3NbO15,III,Ba,46.8,-4.330584,1.0716399,2.5216734,1.5651172
864,Ba0.5Ca0.5Sc0.5Nb0.5O3,II,Ba,46.9,1.7965788,1.6973978,1.4641263,0.095642075
865,Ca0.65Ti0.65La0.35Ga0.35O3,II,Ca,47.0,1.8152716,-0.3987071,1.0420872,-0.7644867
866,Ba.25Sr0.75La3Ti3NbO15,III,Ba,47.0,-4.330584,1.0716399,2.5216734,1.5651172
867,Ba.75Sr0.25La3Ti3NbO15,Ib,Ba,47.0,-1.4447061,0.9017647,2.5615704,0.6540828
868,SrGa0.35Nb0.35Ti0.3O3,Ib,Sr,46.6,-2.9210315,-3.2302837,2.760742,-0.18127294
869,Ba0.95La0.05Zn0.35Nb0.65O3,Ib,Ba,42.4,-1.3483937,-0.5545797,2.1637056,0.5596245
870,Ba4LaTiTa3O15,Ib,Ba,42.3,-2.5552223,-1.222462,2.9609125,0.5924512
871,CaZr0.7Ti0.3O3,III,Ca,38.0,1.518241,0.2046789,-0.17625652,-0.60656184
872,BaSm0.5Ta0.5O3,II,Ba,38.0,1.8062431,1.6483339,1.7565925,0.4538442
873,BaHo0.5Nb0.5O3,II,Ba,38.0,1.1034881,0.9520585,2.234728,0.6904802
874,SrPr0.5Nb0.5O3,III,Sr,38.0,0.71868813,0.14437452,1.0194842,-0.8155607
875,CaLi0.2667Nb0.5333Ti0.2O3,III,Ca,38.6,0.57816404,4.5963316,-0.56402755,-0.06804489
876,CaFe0.5Nb0.5O3,III,Ca,38.6,3.711115,2.2553215,-1.1253529,-0.72570187
877,BaEu0.5Ta0.5O3,II,Ba,38.8,1.8820882,1.342839,1.7207518,0.40301725
878,BaDy0.5Nb0.5O3,II,Ba,38.9,1.0485982,0.9262617,2.24067,0.67719775
879,Ba.5Sr.5LaNb3O12,Ib,Ba,38.9,0.75199014,4.07201,1.5609407,0.9509552
880,Ba3.0Zn0.993Nb.986W0.014O9,Ib,Ba,39.0,-0.90901285,3.682978,1.762525,2.0812457
881,BaTb0.5Nb0.5O3,II,Ba,39.0,0.9299698,0.95744216,2.2592592,0.67715204
882,Ca4SrTa2TiO12,III,Ca,39.0,0.7192401,4.8513045,0.22013761,0.5581927
883,Sr2La2TiNb2O12,III,Sr,39.0,-3.3538346,1.5530837,2.1215599,1.0426791
884,BaDy0.5Ta0.5O3,II,Ba,39.1,1.9040034,0.94647247,1.7299303,0.41534236
885,La6ZnTi4O18,III,La,37.7,0.76564795,-3.8436954,0.11256227,-0.3458486
886,Ba5SrNb4ZrO18,Ib,Ba,37.6,-0.02242543,-2.5637898,0.9511199,-0.48762757
887,BaSm0.5Ta0.5O3,II,Ba,37.6,1.8110081,1.5030904,1.7133588,0.15478988
888,BaCo0.3Y0.05Nb0.65O3,Ib,Ba,37.0,-0.8507227,-2.028094,1.5149122,0.10321191
889,Ca0.35La0.65Ti0.35Al0.65O3,Ia,Ca,37.0,3.8131669,-1.1928216,-0.6066113,-1.1826701
890,Ca0.66Ti0.66La0.17Nd0.17Ga0.34O3,III,Ca,49.0,-0.14644408,-0.9517182,1.3739564,-0.61455214
891,BaY0.5Nb0.5O3,II,Ba,37.0,0.9929805,0.7628638,2.2997973,0.6493469
892,Ca4.18Co0.82Nb2TiO12,III,Ca,37.0,1.31337,-3.924912,-1.6327881,-0.4445048
893,Ca4.85Zn0.15Ta2TiO12,III,Ca,37.0,-0.24683657,4.3531823,-0.061412074,0.31362003
894,Ca4.82Mg0.18Ta2TiO12,III,Ca,37.0,0.2066651,4.354477,-0.15352039,0.06769145
895,Sr2La4Ti5O18,II,Sr,39.2,0.56379837,-4.446361,-0.4019887,-0.1339688
896,Ca0.6Nd0.4Ti0.6Al0.4O3,II,Ca,37.2,2.6602564,-1.2875856,-0.03461912,-0.9869802
897,BaIn0.5Ta0.5O3,Ib,Ba,37.2,1.031639,0.56605595,1.3311479,1.2698882
898,BaY0.5Ta0.5O3,II,Ba,37.3,1.7815287,0.95930684,1.9215325,0.43859112
899,Ca0.6Sr0.5Al0.3Nb0.3Ti0.5O3.3,Ib,Ca,37.3,-1.4153637,-3.512606,1.2147605,-0.7272903
900,BaLa0.5Nb0.5O3,III,Ba,37.4,-1.3150567,0.9117825,2.422219,0.9263842
901,Ba4LiNb3O12,Ib,Ba,37.0,-0.277164,3.1576033,1.6221284,1.0528169
902,Sr0.92Li0.23Nb0.69Ti0.08O3,III,Sr,42.3,-0.90224427,2.3094592,2.0105534,0.85241354
903,Ba3LaTa3O12,Ib,Ba,39.4,-1.0370014,2.6744816,2.1040113,1.5003445
904,BaZn0.25Ti0.25Ta0.5O3,Ib,Ba,39.6,-1.6473142,-2.9264047,1.2750734,-0.123753004
905,BaZn0.3333Nb0.6667O3,Ib,Ba,41.1,-0.69768906,-1.0602905,1.9828993,0.32928798
906,CaTi0.5Al0.25Ta0.25O3,II,Ca,41.4,1.8464863,-0.92957497,0.2746698,-0.885599
907,BaNd0.5Nb0.5O3,III,Ba,41.9,-1.1652328,1.9631879,2.638506,1.3797133
908,Ca0.67Nd0.33Ti0.67Al0.33O3,II,Ca,42.0,2.0028775,-1.2964803,0.37335077,-0.9574158
909,Ca4.38Ni0.62Nb2TiO12,III,Ca,42.0,-0.63084805,4.327895,-0.10036963,-0.17748259
910,BaZn0.3167Nb0.6333Zr0.05O3,Ib,Ba,42.0,-1.5310988,-1.6400253,2.2951021,0.050415084
911,Ca3Sr2Ta2TiO12,II,Ca,42.0,1.1044548,4.705778,0.5963449,0.7882452
912,Ba0.8Sr0.2Zn0.3133Ta0.6267Ti0.06O3,Ib,Ba,42.0,-0.6854187,-1.4695718,1.3131547,0.45211673
913,Ca0.1Nd0.9Mg0.45Ti0.55O3,III,Ca,42.0,3.0021086,-2.2850025,-0.85114986,-1.3904026
914,CaZr0.9Ti0.1O3,III,Ca,42.0,3.1935787,1.7544582,-1.104534,-0.51008666
915,La0.4Sr0.6Al0.4Ti0.6O3,Ib,La,42.1,-1.9798797,-3.7296722,1.8668681,-0.39179856
916,CaLa2Nd2Ti4O15,III,Ca,42.3,0.9237141,-3.785826,0.08495775,-0.5006011
917,CaLa0.5Nd0.5Ti4O15,III,Ca,42.3,-0.798143,2.4770606,2.2906635,0.7208838
918,CaLa4Ti4O15,II,Ca,41.1,1.3995051,-3.8328705,-0.30872887,-0.39197302
919,Sr5Ta4O15,II,Sr,41.0,1.7708976,-2.3022633,-0.02416454,-0.12706007
920,Ca0.65Sm0.35Ti0.65Al0.35O3,II,Ca,41.0,2.6759458,-1.1182342,0.041139584,-1.01715
921,Ba0.75Sr0.25Zn0.3133Ta0.6267Ti0.06O3,Ib,Ba,40.0,-0.8361326,-1.2791011,1.5352879,0.46304473
922,BaHo0.5Ta0.5O3,II,Ba,39.6,1.8834002,0.9921594,1.7845174,0.45262733
923,BaSm0.5Nb0.5O3,II,Ba,39.7,0.8266967,1.8001736,2.292769,0.867676
924,BaYb0.5Ta0.5O3,Ib,Ba,39.7,0.981183,0.45365864,2.0128565,0.5640449
925,Ca0.65Ti0.65Sm0.315Nd0.035Al0.35O3,II,Ca,39.7,2.2673852,-1.4683088,-0.019587338,-0.93807393
926,BaGd0.5Nb0.5O3,II,Ba,40.0,0.9166473,1.3093095,2.2762148,0.745569
927,Ba2SrLaNb3O12,II,Ba,39.5,-0.23553886,2.9359126,2.309916,1.2574389
928,BaEu0.5Nb0.5O3,II,Ba,40.0,0.962958,1.348332,2.2539687,0.7244672
929,Sr5Nb4O15,II,Sr,40.0,0.18840851,-0.6235744,2.0282288,-0.02972643
930,CaFe0.5Nb0.5O3,III,Ca,40.0,2.490131,1.5390491,-0.5363563,-0.8513894
931,BaZn0.2667Co0.0667Nb0.6667O3,Ib,Ba,40.0,-1.3160173,-1.7977352,2.064787,-0.05075435
932,BaZn0.3333Nb0.6667O3,Ib,Ba,40.0,-0.69768906,-1.0602905,1.9828993,0.32928798
933,Ba0.3Sr0.7Zn0.3333Nb0.6667O3,Ib,Ba,40.0,-1.6033182,-2.189195,2.471232,-0.17580748
934,Ba8Ta4Ti3O24,Ib,Ba,40.0,-0.057115775,-3.635449,0.47419024,-0.3807485
935,Ca4ZnNb2TiO12,III,Ca,40.0,1.1616278,-0.46662208,0.016464064,-1.1752217
936,Ba3LiTa3Ti5O21,Ib,Ba,49.4,-4.516381,1.1556921,0.863883,0.76517975
937,Ca0.3355Nd0.7255Li0.225TiO3,III,Ca,101.0,-9.837773,-0.44617754,-3.1682441,-0.5124877
938,Pb0.6Ca0.4ZrO3,III,Pb,94.0,-8.007585,0.5933315,-1.2380508,-0.37678236
939,Pb0.48Ca0.52Fe0.475Nb0.475Sn0.05O3,II,Pb,94.3,-3.6270273,7.4393964,-3.7353723,-0.006021247
940,Ca0.4Sm0.4TiO3,III,Ca,94.5,-6.7765474,0.1793208,0.8877001,-0.22625843
941,Ca0.268Sm0.268Ti0.67Li0.165Sm0.165Ti0.33O3,III,Ca,95.5,-7.219916,0.06532168,-0.17545514,-0.94284654
942,Ca0.56Sm0.56Ti0.7Li0.15Nd0.15Ti0.3O3,III,Ca,98.0,-9.86047,-0.1290488,-3.5316122,-0.47514674
943,Ca0.28Sm0.28Ti0.7Li0.15Nd0.15Ti0.3O3,III,Ca,99.0,-7.7866573,0.17449003,-0.6453179,-0.9797435
944,Ca0.4Nd0.4TiO3,III,Ca,99.0,-7.04917,-0.021629147,0.6405771,-0.38570496
945,Pb0.5Ca0.5Fe0.45Nb0.45Sn0.1O3,II,Pb,99.6,-4.005217,7.3178344,-3.956147,-0.067383714
946,Ca0.6Sm0.2667TiO3,III,Ca,101.0,-8.412388,-1.2204592,0.49600595,-0.19157876
947,Pb0.5Ca0.5Fe0.475Nb0.475Sn0.05O3,II,Pb,102.0,-4.4661756,7.10958,-4.1407757,-0.069418095
948,Ca0.9La0.1Mg0.05Ti0.95O3,III,Ca,102.5,-6.2458444,1.3174481,-0.31367934,0.08874527
949,Ca0.61Nd0.26TiO3,III,Ca,103.0,-8.803548,-1.6162528,0.352382,-0.2769907
950,Ca0.3La0.1333Li0.25Nd0.25TiO3,III,Ca,105.0,-9.273097,-1.2743584,-1.2495043,-1.0148319
951,Ca0.61Nd0.26TiO3,III,Ca,108.0,-8.623891,-1.061555,0.030185493,-0.51351166
952,Pb0.48Ca0.52Fe0.45Nb0.45Sn0.1O3,II,Pb,93.6,-3.1710987,7.5102415,-3.4729505,-0.029558668
953,Pb0.45Ca0.55Fe0.5Nb0.5O3,II,Pb,92.6,-2.7172987,7.682051,-3.300112,0.14528638
954,Pb0.5Ca0.5Fe0.5Ta0.5O3,II,Pb,83.9,-0.4099036,6.0636406,-2.041371,-0.5407355
955,Pb0.45Ca0.55Fe0.45Nb0.45Sn0.1O3,II,Pb,85.0,-2.5487387,6.5066853,-2.213084,-0.06957828
956,Pb0.45Ca0.55Fe0.45Nb0.45Zr0.1O3,II,Pb,85.0,-2.423332,5.5828953,-1.5521542,-0.12463985
957,BaTi0.5Ga0.25Nb0.25O3,Ib,Ba,86.0,-7.7132854,-0.25073853,0.6731304,1.6906797
958,Pb0.45Ca0.55Fe0.475Nb0.475Sn0.05O3,II,Pb,86.3,-2.50595,7.555565,-3.0282917,-0.0001495744
959,Ca0.6La0.2667TiO3,II,Ca,109.0,-6.620036,0.069983624,1.0716808,0.38270348
960,Pb0.5Ca0.5Fe0.495Nb0.495Zr0.01O3,II,Pb,86.3,-2.9140882,7.39886,-3.1075602,0.04711872
961,Ca0.9Sm0.1Mg0.05Ti0.95O3,III,Ca,87.0,-4.8638415,1.3380684,0.49379796,0.06520861
962,Pb0.45Ca0.55Fe0.475Nb0.475Zr0.05O3,II,Pb,87.0,-1.6508706,7.1706743,-2.3390005,-0.12498983
963,Pb0.46Ca0.54Fe0.45Nb0.45Sn0.1O3,II,Pb,87.8,-2.4308484,7.4495263,-2.9330652,-0.05143066
964,Pb0.46Ca0.54Fe0.475Nb0.475Sn0.05O3,II,Pb,88.2,-2.8580973,7.5738373,-3.2762585,0.012095854
965,Ca0.9La0.1Mg0.05Ti0.95O3,III,Ca,90.4,-5.079477,1.6020255,0.15261614,0.22676085
966,Pb0.46Ca0.46La0.08Fe0.5Nb0.5O3,II,Pb,90.8,-3.0786567,7.05016,-3.148196,-0.0023965472
967,Pb0.45Ca0.55Fe0.45Nb0.45Sn0.1O3,II,Pb,86.7,-2.0821934,7.323131,-2.6497483,-0.087107725
968,Pb0.45Ca0.55Fe0.25Nb0.48Ta0.02O3,II,Pb,82.0,-2.5713046,6.684302,-1.9011207,0.67398626
969,Pb0.63Ca0.37ZrO3,III,Pb,110.0,-9.028607,-0.08293614,-1.6510246,-0.60266423
970,Ca0.16Sm0.16Li0.3Nd0.3TiO3,III,Ca,110.0,-8.876225,0.19354247,-2.3751945,-1.4585723
971,Ca0.2Li0.34Nd0.38La0.04TiO3,III,Ca,132.6,-9.753994,-2.8713217,-2.6951132,-0.3312567
972,Sr4Ce2Ti7O22,Ib,Sr,133.0,-10.015643,-3.8227005,-1.6299002,-0.03213381
973,Sr0.8Ca0.2TiO3,Ib,Sr,133.9,-10.399579,-4.0587144,-0.040016178,-1.1471786
974,Sr0.571Ce0.286TiO3,Ib,Sr,136.0,-10.223713,-3.7900474,-0.32082653,-1.0235267
975,Ca0.4Li0.24Nd0.28La0.04TiO3,III,Ca,136.4,-9.866746,-1.2489384,-3.4839096,-0.6017845
976,CaZr0.3Ti0.7O3,III,Ca,138.0,-8.681084,-2.8207617,-2.8900874,0.27660355
977,Pb0.6Ca0.4Fe0.475Nb0.475Sn0.05O3,II,Pb,139.4,-10.216438,0.9895047,-5.164036,-1.2812247
978,Pb0.6Zr0.6Ca0.4Fe0.2Nb0.2O3,III,Pb,140.7,-9.698917,-0.8159302,-4.814021,-0.19734037
979,Ca0.85Nd0.1TiO3,III,Ca,141.0,-10.038125,-2.4413388,-0.73797745,-0.84758276
980,CaZr0.2Ti0.8O3,III,Ca,141.0,-9.1370535,-2.9348004,-3.1657221,0.11452205
981,Ca0.73Nd0.18TiO3,III,Ca,141.0,-9.516928,-1.8893778,-0.38664052,-0.74633867
982,Ca0.6Li0.14Nd0.21La0.04TiO3,III,Ca,142.0,-9.905848,-2.0966437,-3.292368,-0.52161413
983,SrNd0.5Nb0.5O3,III,Sr,37.0,0.8847406,0.27864885,0.9921478,-0.81547105
984,Sr5Ce2Ti8O25,Ib,Sr,142.0,-9.961233,-3.7692716,-1.8603038,0.031272598
985,Pb0.7Ca0.3ZrO3,III,Pb,132.0,-10.047451,-1.1188874,-2.2177017,-0.8756072
986,Ca0.6Li0.15Nd0.1833La0.0333TiO3,III,Ca,128.2,-9.86638,-1.9275155,-3.5164754,-0.5108117
987,Pb0.56Ca0.44Fe0.5333W0.0667Nb0.4O3,II,Pb,127.2,-8.796327,3.526,-5.171884,-0.9137866
988,Pb0.6Ca0.4Fe0.495Nb0.495Zr0.01O3,II,Pb,126.7,-9.335969,1.5444558,-4.1037235,-1.0955496
989,Ca0.2Li0.25Nd0.25La0.1Nd0.1TiO3,III,Ca,110.4,-9.383335,-0.37789053,-2.5604718,-1.4212033
990,Pb0.95Ca0.05ZrO3,III,Pb,112.0,-9.945186,-1.3653783,-1.7393346,-0.8344715
991,Pb0.05Fe0.0333W0.0167Pb0.475Ca0.475Fe0.475Nb0.475O3,II,Pb,112.2,-7.4625053,4.869757,-4.889214,-0.5084158
992,Ca0.4Li0.3Nd0.3TiO3,III,Ca,112.6,-10.050423,-1.4518193,-2.3173864,-1.3495737
993,Ca0.3Li0.35Sm0.35TiO3,III,Ca,114.0,-9.843083,-1.0741323,-2.6255322,-1.1740828
994,Pb0.475Ca0.475La0.05Fe0.45Nb0.45Ti0.1O3,II,Pb,116.6,-6.803439,4.691965,-4.216703,-0.2896563
995,Na0.15La0.15Li0.35Sm0.35TiO3,III,Na,117.0,-10.049733,-0.7677901,-3.547315,-1.0485432
996,Ca0.2Li0.1Nd0.1Ti0.4O3,III,Ca,110.0,-9.942438,-1.5972049,-3.2897499,-0.77979726
997,Ca0.6Li0.05Nd0.05La0.1Nd0.1TiO3,III,Ca,117.0,-9.913997,-2.4599962,-0.74129903,-0.5996933
998,Pb0.65Ca0.35ZrO3,III,Pb,118.0,-9.539107,-0.5095573,-1.8380513,-0.7513148
999,Ca0.8Nd0.1333TiO3,III,Ca,119.0,-9.950057,-2.8923998,-0.31809726,-0.627104
1000,Ca0.8Sm0.1333TiO3,III,Ca,119.3,-9.929065,-2.9266362,-0.25849766,-0.624533
1001,Ca0.4Li0.25Nd0.2833La0.0333TiO3,III,Ca,121.3,-9.850782,-1.2304171,-3.529672,-0.6069077
1002,Ca0.45Li0.125Nd0.225Dy0.1TiO3,III,Ca,121.3,-9.860518,-1.3311127,-2.1545208,-0.52755237
1003,La0.5Na0.5TiO3,II,La,122.0,-9.408698,-2.6986237,0.12372344,-0.8046058
1004,Ca0.5Li0.2Nd0.2333La0.0333TiO3,III,Ca,123.0,-9.880947,-1.5697848,-3.5579789,-0.5760703
1005,Ca0.4Li0.15Nd0.15La0.1Nd0.1TiO3,III,Ca,117.0,-9.974446,-1.4438078,-2.637776,-0.55782795
1006,BaMg0.167Ta0.33Ti0.5O3,Ib,Ba,76.6,-6.7401376,0.037423182,1.3193458,1.5908161
1007,Pb0.4Ca0.6Mg0.3Nb0.6Sn0.1O3,III,Pb,52.2,-1.9829085,4.428872,-0.5984201,0.013725128
1008,La0.2Na0.2Ti0.4Ca0.6Mg0.2Nb0.4O3,III,La,52.3,-1.2836748,1.0986238,0.58826184,-0.8376944
1009,Ca0.8La0.1333Ti0.5Mg0.1667Nb0.3333O3,III,Ca,52.4,-1.3582158,-0.13756053,0.9044835,-0.8179928
1010,CaLa4Ti5O17,II,Ca,53.7,-0.947838,3.7490304,2.132393,1.2303637
1011,CaTi0.4Mg0.2Nb0.4O3,III,Ca,54.0,-0.9756642,0.92421275,1.009799,-0.6728623
1012,La0.5333Ti0.8Al0.2O3,II,La,54.0,-0.20498751,1.8143463,2.5151393,0.5076711
1013,BaZn0.25Ti0.25Nb0.5O3,Ib,Ba,54.8,-4.133934,-1.6761216,2.9940703,0.48793158
1014,Sm0.5Li0.5TiO3,III,Sm,55.0,-0.84697884,-0.084370255,0.28688073,-1.2659227
1015,CaLi0.1667Nb0.3333Ti0.5O3,III,Ca,55.0,-3.0409307,4.435736,-0.38485324,0.42018622
1016,Pb0.2Zr0.2Ca0.8Fe0.4Nb0.4O3,III,Pb,55.1,0.4131022,4.2438297,-1.1514584,-0.9867534
1017,Ba4La2Ti3Nb2O18,Ib,Ba,55.1,-4.4946666,0.28774425,2.4985967,1.204196
1018,CaLi0.1667Nb0.3333Ti0.5O3,III,Ca,55.2,-3.0409307,4.435736,-0.38485324,0.42018622
1019,CaLa4Ti5O17,II,Ca,57.0,-0.9520817,3.761849,2.1310904,1.2399207
1020,Ba5LaTi2Nb3O15,Ib,Ba,57.3,-4.6217833,3.053848,0.86741656,1.7800465
1021,Ca4.6Zn0.4Nb4TiO17,III,Ca,52.0,-2.388059,5.2497716,-0.45826778,0.54848427
1022,Ca0.7Ti0.7La0.3Ga0.3O3,II,Ca,52.0,0.73048687,-0.53438425,1.609622,-0.4308575
1023,CaTi0.6Al0.2Ta0.2O3,II,Ca,52.0,0.507252,-0.6715058,1.1222758,-0.91944253
1024,Ba3La2Ti2Nb2O15,Ib,Ba,49.8,-3.6486995,0.80596256,2.8192697,1.4340233
1025,Pb0.7Ca0.3La0.5Mg0.5Nb0.5O3,III,Pb,50.0,-2.8271222,6.8051567,-2.3928206,0.30840805
1026,La0.8333Mg0.25Ti0.75O3,III,La,50.0,-0.4041762,0.010618328,2.6208136,0.16746016
1027,Ca0.5La0.5Zn0.25Ti0.75O3,III,Ca,50.0,-0.17617616,-1.7926427,1.1035882,-0.8692867
1028,Ba2Sr3Nb4O15,Ib,Ba,50.0,-2.0641098,-1.7357575,2.700118,0.061307088
1029,CaZr0.6Ti0.4O3,III,Ca,50.0,0.71445227,1.2241534,0.07346671,-1.1903032
1030,Pb0.4Ca0.6Mg0.1667Nb0.3333Sn0.5O3,III,Pb,57.4,-0.8057261,5.4237237,-0.95734435,-0.26743063
1031,La0.5333Ni0.2TiO3,II,La,50.7,1.0201639,1.4925914,2.2449968,0.2576175
1032,Ca0.75Ti0.75Sm0.25Al0.25O3,II,Ca,51.0,1.2981954,-0.9704159,0.83171266,-0.90503913
1033,Ba3Sr2Nb4O15,Ib,Ba,51.0,-1.3530906,0.61990327,2.4002388,0.5716097
1034,Ca0.7La0.3Mg0.15Ti0.85O3,III,Ca,51.2,-1.0101578,-1.6955361,1.6579505,-0.78979874
1035,La0.66Ni0.01TiO3,II,La,51.4,1.4460244,-0.7457282,0.42914477,-0.2859886
1036,La0.3Al0.3Sr0.7Ti0.7O3,Ib,La,52.0,-3.0184479,-3.9614427,2.3020313,-0.23826863
1037,Li0.5Sm0.5TiO3,III,Li,52.0,-0.30679527,0.3783176,0.10034723,-1.3577853
1038,BaSm0.3Bi0.2Nb0.5O3,II,Ba,50.8,-0.6159046,1.3035756,2.4552846,0.88309216
1039,Pb0.4Ca0.6Fe0.475Nb0.475Sn0.05O3,II,Pb,78.0,-0.78497577,6.662299,-1.7634983,-0.27887508
1040,La0.5667Ti0.85Al0.15O3,II,La,57.7,-0.6029495,2.443139,2.4881954,0.566898
1041,La0.6167Ni0.075TiO3,II,La,58.0,-0.26720655,2.0922115,2.403382,0.5559275
1042,BaTi0.4Ga0.3Nb0.3O3,Ib,Ba,66.0,-6.060613,0.008536502,1.6319581,1.5441103
1043,La0.6133Ti0.92Al0.08O3,II,La,66.9,-1.177525,3.0351105,2.2365494,0.80932766
1044,Ca0.8Ti0.8Sm0.2Mg0.1Ti0.1O3,III,Ca,68.0,-2.8765686,-0.9008127,1.9276317,-0.362544
1045,CaTi0.6Mg0.1333Nb0.2667O3,III,Ca,68.0,-3.127202,0.7588227,1.4573627,-0.05581724
1046,Pb0.4Ca0.6Fe0.495Nb0.495Zr0.01O3,II,Pb,68.7,-0.4551727,5.146172,-0.8492475,-0.49120265
1047,La0.6467Ni0.03TiO3,II,La,69.4,-0.85982215,2.0770435,2.0536165,0.58481777
1048,Pb0.4Ca0.6Fe0.45Nb0.45Sn0.1O3,II,Pb,70.3,-0.21784613,5.98621,-1.3516015,-0.4546861
1049,La0.64Ti0.96Al0.04O3,II,La,71.9,-1.5548949,3.3804157,1.8371495,0.92330337
1050,Pb0.5Ca0.5Zr0.95Ti0.05O3,III,Pb,72.0,-1.0264233,4.3927555,-1.0220187,-0.5519724
1051,La0.64Ti0.96Al0.04O3,II,La,72.0,-1.219785,2.5214303,2.141566,0.74067396
1052,Pb0.5Ca0.5ZrO3,III,Pb,74.0,-2.978905,2.8215854,-0.09428634,-0.079492
1053,CaTi0.7Al0.15Ta0.15O3,II,Ca,65.4,-1.14171,0.077407196,1.8781509,-0.5982418
1054,Pb0.1Fe0.0667W0.0333Pb0.18Ca0.72Fe0.45Nb0.45O3,III,Pb,65.3,-1.0841552,5.6292,-1.4906456,-0.504736
1055,Pb0.4Ca0.6Mg0.255Nb0.255Sn0.01O3,III,Pb,65.0,-3.0245585,7.2365465,-2.941796,0.23175511
1056,La0.3Mg0.15Ti0.85Ca0.7O3,III,La,58.8,-1.0101578,-1.6955361,1.6579505,-0.78979874
1057,CaZr0.5Ti0.5O3,III,Ca,59.0,-0.55840105,1.2015586,0.4196843,-1.1177427
1058,La0.6333Ni0.05TiO3,II,La,59.6,-0.623315,2.2246888,2.2979875,0.6113652
1059,BaTi0.85Mn0.15O3,Ib,Ba,60.0,-3.9187527,0.22489318,2.043724,0.64263517
1060,CaTi0.4Mg0.2Ta0.4O3,III,Ca,60.2,1.153452,1.7228284,-0.399712,-1.1830941
1061,BaPr0.3Bi0.02Nb0.5O3,II,Ba,60.7,-1.7839868,2.184251,2.586403,1.3839997
1062,Ca2Ba3Ta2TiO12,Ib,Ca,61.0,-4.3038144,3.383916,0.053134367,1.9631929
1063,Ca0.68Nd0.08Ti0.8Sm0.2Al0.2O3,III,Ca,58.0,-1.3777378,-1.6777518,1.4417163,-0.61497307
1064,CaTi0.6Mg0.1333Nb0.2667O3,III,Ca,62.9,-3.127202,0.7588227,1.4573627,-0.05581724
1065,Pb0.4Ca0.6Mg0.3233Nb0.6467Sn0.03O3,III,Pb,63.0,-2.216507,4.409579,-0.62664735,0.10314788
1066,La0.6Ti0.9Al0.1O3,II,La,63.0,-0.7764283,2.258041,2.4674916,0.6694075
1067,La0.6533Ni0.02TiO3,II,La,63.3,-0.2608197,1.1755133,1.7565442,0.33444417
1068,BaMg0.2W0.2Ti0.6O3,Ib,Ba,63.9,-5.9824276,-1.7532268,2.2560892,0.932462
1069,Pb0.4Ca0.6Mg0.3367Nb0.6733Sn0.01O3,III,Pb,64.7,-2.287451,4.414408,-0.6558187,0.12493668
1070,La0.6Ti0.9Al0.1O3,II,La,62.6,-1.0009542,2.8582125,2.3453224,0.73822975
1071,SrLa0.5Nb0.5O3,III,Sr,37.0,0.6123585,0.28398544,0.8620845,-0.63876337
1072,CaLi0.2667Nb0.5333Sn0.2O3,III,Ca,23.3,2.9570665,4.551021,-1.2787628,0.36388308
1073,BaLa0.5Ta0.5O3,III,Ba,37.0,-0.010480605,0.8308777,1.6120663,0.5447196
1074,BaTi0.1Co0.45W0.45O3,Ib,Ba,24.0,1.9335544,-2.244084,-2.073346,1.6852874
1075,Ba0.98Zn0.5W0.5O2.98,Ia,Ba,24.0,3.8996797,-0.35943186,-0.45588437,0.18303914
1076,BaMg0.333Ta0.667O3,Ib,Ba,24.0,2.8580527,-2.2708035,-1.6566802,0.60515213
1077,CaIn0.5Ta0.5O3,III,Ca,24.0,4.942539,1.157655,-1.5130483,-0.039845355
1078,CaPr0.5Ta0.5O3,III,Ca,24.0,3.7685983,0.92940193,-0.9453554,-0.8351521
1079,BaMg0.283Ta0.567Sn0.15O3,Ib,Ba,24.0,2.1659749,-2.6331284,-1.0594014,0.6510374
1080,BaTi0.5Ni0.25W0.25O3,Ib,Ba,24.2,-1.0272336,-5.226979,-2.5676644,2.5621033
1081,BaHfO3,Ia,Ba,24.2,1.7560524,-3.2754092,-0.3805259,-0.43626177
1082,CaNd0.5Ta0.5O3,III,Ca,24.4,3.8932178,1.0705436,-0.9764917,-0.8480176
1083,BaMg0.33Ta0.63Ti0.017W0.017O3,Ib,Ba,24.5,2.0043721,-2.7169702,-1.2374243,0.67711073
1084,Ba0.9925Mg0.33Ta0.67O3,Ib,Ba,24.7,3.4739416,-1.9114797,-2.1303043,1.4796841
1085,BaMg0.33Ta0.53Ti0.067W0.067O3,Ib,Ba,23.6,1.0150757,-3.3388588,-1.1515843,0.62980986
1086,SrHfO3,III,Sr,23.5,-0.20809044,-4.634751,-0.8152108,0.09180937
1087,Sr3Zn0.5Mg0.5Nb2O9,II,Sr,22.3,0.8579677,-3.4328568,0.41419438,-0.6596295
1088,La0.952Na0.048Mg0.5W0.5O3,III,La,22.6,3.2354577,-0.03150878,-0.73514843,-0.45729494
1089,La0.907Na0.0938Mg0.5W0.5O3,III,La,22.6,3.1891034,0.17971876,-0.73817587,-0.44352776
1090,CaLi0.2333Nb0.4667Sn0.3O3,III,Ca,22.6,3.3673131,4.9803643,-1.7113763,0.32705256
1091,Ba0.99Zn0.5W0.5O2.99,Ia,Ba,23.0,3.8869226,-0.40566579,-0.47009003,0.17513262
1092,CaLa0.5Ta0.5O3,III,Ca,23.0,3.5584936,0.76982963,-0.9737262,-0.6346456
1093,NdMg0.5Ti0.5O3,III,Nd,23.0,3.1580145,-2.7020507,-0.9714496,-1.3362303
1094,Ca0.07Mg0.93TiO3,III,Ca,23.0,1.8119031,-1.8405741,0.36955315,-0.48289242
1095,LaAlO3,Ia,La,23.4,3.9653628,-1.499697,-0.79933405,-1.1567013
1096,BaZn0.1667Co0.1667Ta0.2222Nb0.2222Sb0.2222O3,Ib,Ba,24.9,0.41165522,-1.0117625,0.28832716,-0.7904736
1097,BaCo0.3333Ta0.6667O3,Ib,Ba,25.0,3.4493604,-2.3331926,-2.73576,2.4662967
1098,CaEr0.5Ta0.5O3,III,Ca,26.4,4.466871,1.5527402,-1.0003204,-1.2079811
1099,BaTi0.3Zn0.35W0.35O3,Ib,Ba,26.4,0.08157671,-3.081211,-0.8239593,0.78236115
1100,BaTi0.55Ni0.225W0.225O3,Ib,Ba,26.5,-1.9585799,-5.0847535,-1.5423299,2.0342798
1101,CaEu0.5Ta0.5O3,III,Ca,26.8,4.1249638,1.2532936,-0.9541316,-1.0477718
1102,CaY0.5Ta0.5O3,III,Ca,27.0,4.303579,1.4544497,-0.86385256,-1.2689043
1103,Ca0.6Ba0.4Y0.5Ta0.5O3,III,Ca,27.0,3.2309167,1.9020476,-0.6772365,-0.27889958
1104,Ba5Nb2Ta2O15,Ib,Ba,27.0,1.487806,-2.3562858,-0.33441016,-0.06328524
1105,BaMg0.1333Zn0.2Ta0.6667O3,Ib,Ba,27.0,1.7463206,-2.5303009,-0.9479514,0.9092069
1106,CaZrO3,III,Ca,27.0,3.8783102,1.0090278,-1.8004417,0.74821687
1107,BaMg0.3Ta0.6Ti0.1O3,Ib,Ba,26.3,1.5291278,-2.9755452,-0.84774196,-0.005962856
1108,CaYb0.5Ta0.5O3,III,Ca,25.8,4.5219746,1.6146892,-0.9987305,-1.2500619
1109,Sr2AlNbO6,Ib,Sr,25.0,0.21625422,-4.7791924,-1.0172476,0.15637368
1110,SmMg0.5Ti0.5O3,III,Sm,25.0,3.6793756,-1.7115966,-1.0174912,-1.4423405
1111,NdAlO3,II,Nd,22.3,3.8492546,-1.4406048,-0.8787589,-1.1130052
1112,Ba4LiTa2SbO12,Ib,Ba,25.1,1.5262746,4.531477,-0.34408313,-0.062113494
1113,CaLi0.3Nb0.6Sn0.1O3,III,Ca,25.2,2.6784592,4.3402257,-1.1081926,0.25385144
1114,BaTi0.5Zn0.25W0.25O3,Ib,Ba,25.4,-3.0695379,-5.6087813,-0.30450004,0.9839825
1115,Ba5Nb3TaO15,Ib,Ba,25.7,0.87372535,-1.8768798,0.42323327,-0.1232882
1116,CaSm0.5Ta0.5O3,III,Ca,25.8,4.063642,1.2246848,-0.98676723,-0.9477173
1117,BaMg0.3183Ta0.67O3,Ib,Ba,25.1,3.4739437,-1.9298764,-2.2142773,1.5724502
1118,BaYb0.5Ta0.5O3,Ib,Ba,22.1,1.593937,-0.7600736,1.1665926,-0.016863987
1119,La0.823Na0.176Mg0.5W0.5O3,III,La,22.1,2.8932595,0.13699155,-1.0855979,-0.49353924
1120,Ca5Nb2HfO12,III,Ca,22.0,2.2009795,3.8270338,-0.16316392,-0.24673787
1121,BaMg0.5W0.5O3,Ia,Ba,17.0,4.91053,-1.4676644,-1.9789587,0.29086807
1122,BaMg0.34W0.35Ti0.31O3,Ib,Ba,17.1,1.4561828,-4.9153523,-3.336883,2.3869197
1123,BaNi0.5W0.5O3,Ia,Ba,17.1,4.1999364,-1.8374629,-2.3493845,1.1132231
1124,BaMg0.33Ta0.13Ti0.267W0.267O3,Ib,Ba,17.4,0.4676763,-5.021439,-2.2467158,1.4965483
1125,DyAlO3,III,Dy,17.6,2.7343068,-3.072544,-1.082521,-1.0591894
1126,BaNi0.5W0.5O3,Ia,Ba,18.1,4.1999364,-1.8374629,-2.3493845,1.1132231
1127,SrNi0.5W0.5O3,II,Sr,18.3,1.9821999,-2.6784997,-1.2960097,1.1627108
1128,GdAlO3,III,Gd,18.4,3.2814984,-2.0850158,-1.0405633,-1.0640622
1129,Sr2AlNbO6,Ib,Sr,19.0,0.2088983,-4.775153,-1.0239483,0.1700356
1130,Ba.2Sr0.8SmSbO6,Ia,Ba,19.0,3.8017206,4.0048656,-0.21249005,-0.42123762
1131,BaZn0.5W0.5O3,Ia,Ba,19.0,3.8730068,-0.45528665,-0.48563293,0.16699962
1132,NdMg0.47Ba0.03Sn0.5O3,III,Nd,19.1,4.729084,0.11409656,-1.3930609,-0.9313657
1133,BaMg0.33W0.35Ti0.32O3,Ib,Ba,16.3,1.3180283,-5.012294,-3.3527257,2.450737
1134,ErAlO3,III,Er,16.3,2.9385297,-3.0520668,-1.2709584,-1.0777785
1135,Pb0.6Ca0.4Fe0.45Nb0.45Sn0.1O3,II,Pb,142.6,-10.19097,1.2246646,-5.408628,-1.2746971
1136,BaMg0.335W0.335Ti0.33O3,Ib,Ba,13.1,0.65908366,-4.733923,-2.9530382,2.1849205
1137,BaTi0.39Co0.305W0.305O3,Ib,Ba,14.0,-0.067611896,-4.7022734,-3.0657098,2.7206018
1138,BaMg0.35W0.33Ti0.32O3,Ib,Ba,14.4,1.3137162,-4.9363866,-3.0533688,2.1254976
1139,NdMg0.45Co0.05Sn0.5O3,III,Nd,19.2,4.5059056,-0.36058414,-1.432058,-0.9881884
1140,BaMg0.34W0.32Ti0.34O3,Ib,Ba,14.4,0.97762597,-5.1065617,-2.8838305,2.040493
1141,BaMg0.34W0.33Ti0.33O3,Ib,Ba,15.1,1.1409093,-5.052465,-3.0527909,2.1627858
1142,BaMg0.35W0.34Ti0.31O3,Ib,Ba,15.4,1.4580477,-4.8763757,-3.1915221,2.2274399
1143,BaMg0.33W0.33Ti0.33O3,Ib,Ba,15.4,1.0523373,-5.123215,-3.06145,2.1809268
1144,BaMg0.33W0.34Ti0.33O3,Ib,Ba,15.6,1.1451527,-5.0909915,-3.2073984,2.3307474
1145,YAlO3,III,Y,15.7,2.7927842,-3.250071,-1.0565556,-1.0307473
1146,Sr2SmSbO6,II,Sr,16.0,3.3954034,3.225911,-0.22176953,-0.5614651
1147,BaMg0.34W0.32Ti0.34O3,Ib,Ba,14.5,0.97762597,-5.1065617,-2.8838305,2.040493
1148,Ba0.5Sr0.5Zn0.1667Co0.1667Ta0.2222Nb0.2222Sb0.2222O3,Ib,Ba,27.0,-0.55938405,-1.6436,1.3579686,-0.42502597
1149,CaLa0.5Ta0.5O3,III,Ca,19.5,3.565947,0.81169856,-0.9929462,-0.60189444
1150,Ba2SmSbO6,Ia,Ba,20.7,4.3350444,4.522885,-0.6830771,-0.6130647
1151,Sr0.985La0.01Mg0.5W0.5O3,II,Sr,20.7,2.6639965,-2.0987785,-0.70425385,0.19399072
1152,Ba2Mg0.9Ca0.1WO6,Ia,Ba,20.8,4.2683396,-3.1416962,-3.2564802,0.78990436
1153,Sr0.036Mg0.964TiO3,II,Sr,20.8,1.1916149,-2.2525494,0.92779493,-0.44123513
1154,La0.786Na0.214Mg0.5W0.5O3,III,La,20.8,3.7796984,0.8699387,-1.3172085,-0.36365622
1155,CaSm0.5Nb0.5O3,III,Ca,20.9,3.6022546,1.3600693,-1.0230533,-0.6201397
1156,Ca5Ta2ZrO12,III,Ca,21.0,3.1080894,3.1011944,-1.0128866,0.22453474
1157,Ba0.95Zn0.5W0.5O2.95,Ia,Ba,21.0,3.9321306,-0.23787892,-0.41973698,0.20527363
1158,NdMg0.5Sn0.4Ti0.1O3,III,Nd,21.1,4.232527,-0.71798706,-1.2845215,-1.1882676
1159,BaTi0.4Zn0.3W0.3O3,Ib,Ba,21.2,-0.794889,-5.1580048,-1.461273,1.3154138
1160,CaYb0.5Ta0.5O3,III,Ca,21.2,4.5152774,1.80192,-1.5469904,-0.5316767
1161,SrCo0.5W0.5O3,II,Sr,21.2,2.3902411,-2.3215022,-1.3498122,1.1770474
1162,CaHfO3,III,Ca,21.4,3.6695952,-0.7179658,-1.6909542,-0.12754357
1163,BaTi0.45Ni0.275W0.275O3,Ib,Ba,21.6,-0.2954017,-5.1008916,-3.1723611,2.8484464
1164,Sr3ZnNb2O9,II,Sr,20.7,0.15535516,-2.805914,1.1340446,-0.7172283
1165,CaLa0.5Nb0.5O3,III,Ca,20.6,3.141724,0.87930983,-0.9930944,-0.32505193
1166,NdMg0.43Ca0.07Sn0.5O3,III,Nd,19.5,4.5628953,-0.18443803,-1.4682426,-1.1162395
1167,CaSm0.5Ta0.5O3,III,Ca,19.6,4.080647,1.4320977,-1.5370783,-0.23277077
1168,BaMg0.33Ta0.33Ti0.167W0.167O3,Ib,Ba,19.7,1.8149678,-3.047885,-2.3227272,0.91569453
1169,CaNd0.5Ta0.5O3,III,Ca,20.0,3.9006038,1.1161683,-0.99799114,-0.8117766
1170,CaNd0.5Nb0.5O3,III,Ca,20.0,3.442802,1.185997,-1.0112839,-0.5174289
1171,BaCo0.5W0.5O3,Ia,Ba,19.3,3.8373544,-1.6192205,-1.5836977,0.62718356
1172,Sr3Zn0.75Mg0.25Nb2O9,II,Sr,20.0,0.82401,-3.3670385,0.48472503,-0.63850653
1173,BaMg0.46W0.46Ti0.08O3,Ib,Ba,20.0,3.5387442,-1.752442,-2.3531919,1.1878668
1174,BaMg0.333Ta0.567W0.05Ti0.05O3,Ib,Ba,20.0,2.4936345,-2.2415435,-2.1633017,0.8253479
1175,BaTi0.4Ni0.3W0.3O3,Ib,Ba,20.0,0.7005346,-5.234753,-3.7029698,3.112959
1176,BaMg0.49Y0.006667W0.496667O3,Ia,Ba,20.0,4.7120976,-1.6206948,-2.0296283,0.26871726
1177,Ba0.97La0.02Mg0.5W0.5O3,Ia,Ba,20.0,4.722315,-1.4720892,-1.9198328,0.2148512
1178,BaLa0.5Ta0.5O3,III,Ba,27.1,0.82951874,0.24872498,0.62881637,0.47438616
1179,SrLa0.5Ta0.5O3,III,Sr,27.1,1.7127842,0.4002906,-0.3266686,0.043506045
1180,SrNd0.5Ta0.5O3,III,Sr,27.1,2.0522587,0.3270042,-0.31883729,-0.096985884
1181,Sr5Nb2Ta2O15,II,Sr,33.2,1.146481,-2.6224363,0.6517535,-0.18259503
1182,BaHo0.5Ta0.5O3,II,Ba,33.5,1.9352239,0.6011339,1.6330477,0.088247016
1183,Ba8ZnNb5.4Sb0.6O24,Ib,Ba,33.6,-2.3443615,-2.648017,1.9600948,-0.26615632
1184,Ba0.99Co0.2333Zn0.1Nb0.6667O3,Ib,Ba,33.7,-0.76149017,-2.9327142,1.6090014,-0.28250185
1185,Ba2Sr3Ta4O15,Ib,Ba,33.7,0.22729391,-3.5344253,0.17978172,-0.113842644
1186,Sr0.35Ba0.65Y0.5Nb0.5O3,III,Sr,33.8,0.5918158,-0.07492784,2.1427302,0.42896634
1187,Ba0.99La0.0067Co0.2333Zn0.1Nb0.6667O3,Ib,Ba,34.0,-1.5414836,-2.8832076,1.4536462,-0.12231121
1188,Ba4LiNb2TaO12,Ib,Ba,34.0,-0.17896798,2.4276173,1.6956203,0.74409103
1189,Ba10Ta7.52Ti0.48O30,Ib,Ba,34.0,2.0093439,-2.0285575,-0.30397764,-0.39334103
1190,Ca5Ta2Ti0.6Hf0.4O12,III,Ca,34.0,1.4606469,4.1174126,-0.50628144,-0.12421647
1191,Ca0.5Sm0.5Mg0.25Ti0.75O3,III,Ca,34.0,1.3597194,-2.6314156,0.03130883,-1.0984372
1192,SrGd0.5Nb0.5O3,III,Sr,34.0,1.195632,0.09257425,1.0398809,-0.839561
1193,Ba3Sr2Ta4O15,Ib,Ba,33.2,1.7032784,-1.9388142,-0.18572888,-0.034850698
1194,Sr0.5La0.5Ti0.5Al0.5O3,Ib,Sr,33.0,-0.5926617,-3.979442,0.52795804,-0.718182
1195,Li0.774Zr0.057NbO3,III,Li,33.0,2.8887694,2.5019267,-1.0760281,-0.9415318
1196,BaYb0.5Ta0.5O3,Ib,Ba,32.0,0.981183,0.45365864,2.0128565,0.5640449
1197,CaEr0.5Nb0.5O3,III,Ca,32.0,3.968634,1.7421386,-0.9309735,-1.0440887
1198,SrNd0.5Ta0.5O3,III,Sr,32.0,1.7906342,0.11075514,0.095642865,-0.5120369
1199,SrHo0.5Nb0.5O3,III,Sr,32.0,1.3859789,-0.44492725,1.0850723,-0.7899211
1200,SrY0.5Nb0.5O3,III,Sr,32.0,1.1936668,-0.44090483,1.3012272,-0.73454493
1201,BaCo0.33Nb0.665Y0.005O3,Ib,Ba,34.0,-0.49808237,-2.8327901,0.8785246,-0.037666053
1202,SrEr0.5Nb0.5O3,III,Sr,32.0,1.4308442,-0.53218365,1.0991516,-0.7470499
1203,BaSn0.226Zn0.258Nb0.516O3,Ib,Ba,32.0,0.15223396,-1.5316073,1.3507584,0.04575843
1204,Ba5Nb3TaO15,Ib,Ba,32.2,0.8735655,-1.8102915,0.44252115,-0.12204194
1205,Ba6Nb4ZrO18,Ib,Ba,32.4,0.71987575,-2.9078126,0.16222318,-0.4882046
1206,Sr0.05Ba0.95Y0.5Ta0.5O3,II,Sr,32.5,1.7966723,0.21556099,1.6316813,0.25715172
1207,BaTi0.1Zn0.45W0.45O3,Ib,Ba,33.0,1.9765569,-0.6389701,-0.33228204,0.51384264
1208,Ba0.95Sr0.05Y0.5Ta0.5O3,II,Ba,33.0,1.7966723,0.21556099,1.6316813,0.25715172
1209,Ca5Nb2Ti0.4Hf0.6O12,III,Ca,32.0,0.29396185,4.81869,-0.05108964,-0.076580785
1210,Ba0.95Ca0.05Yb0.475Y0.025Nb0.5O3,II,Ba,34.0,0.96953905,-0.601155,1.9059484,0.2526434
1211,BaYb0.5Nb0.5O3,Ib,Ba,36.0,0.2955688,0.3916555,2.4280627,0.78246456
1212,BaTb0.5Ta0.5O3,II,Ba,36.0,1.8545921,0.74444765,1.5916687,0.05482593
1213,Pb0.2Ca.1333Nb0.6667O3,III,Pb,36.0,1.204125,5.876216,0.46809864,1.251328
1214,BaZn0.3333Nb0.6667O3,Ib,Ba,36.0,-0.33845162,-1.5955173,1.8709049,0.14801668
1215,SrSm0.5Nb0.5O3,III,Sr,36.0,1.0532067,0.19224839,1.0308528,-0.8401822
1216,Ca4NiNb2TiO12,III,Ca,36.0,1.6503545,-1.3193456,-0.5332148,-1.0343902
1217,Ca4.88Co0.12Ta2TiO12,III,Ca,36.0,0.44397688,4.480318,-0.17539296,0.13502999
1218,Ba8Ta4.32Ti2.6O24,Ib,Ba,36.0,0.26291233,-3.530525,0.28071102,-0.3942377
1219,Sr3LaNb3O12,III,Sr,36.0,-1.7286814,1.8423988,2.535041,1.0384225
1220,Sr5NbTa3O15,II,Sr,36.2,1.5319891,-2.7695246,0.12447041,-0.1428177
1221,La6MgTi4O18,III,La,36.3,1.1444095,-3.6708508,0.06293931,-0.28076953
1222,Sr0.05Ba0.95Y0.5Nb0.5O3,II,Sr,36.3,0.9184494,-0.082086235,2.1008832,0.39763206
1223,BaNd0.5Ta0.5O3,III,Ba,36.0,0.021207491,1.9646552,2.138508,1.0300025
1224,La0.5Sr0.5Al0.5Ti0.5O3,Ib,La,35.9,-0.5603162,-3.8127544,0.7673087,-0.56031513
1225,BaSc0.5Nb0.5O3,Ib,Ba,35.7,-0.6518964,-1.8449647,2.2522922,0.16588284
1226,BaZn0.0833Mg0.25Nb0.6667O3,Ib,Ba,34.0,-0.90518826,-2.7674367,1.7710218,-0.2989083
1227,Ba2SrYNb3O12,Ib,Ba,34.1,0.23351525,1.798801,2.1458657,0.6781709
1228,La0.8333Ti0.5Al0.5O3,Ia,La,34.4,3.500112,-1.4095329,-0.15985303,-1.0216383
1229,BaCo0.2333Zn0.1Nb0.6667O3,Ib,Ba,34.5,-0.76694787,-2.9715881,1.5854774,-0.28240368
1230,BaSr2YNb3O12,II,Ba,34.7,0.9476983,1.150185,2.1240034,0.28485632
1231,SrTb0.5Nb0.5O3,III,Sr,34.0,1.25076,-0.17973302,1.0739672,-0.8418298
1232,Ba10Ta7.04Ti.2O30,Ib,Ba,35.0,1.4911073,-2.3478022,0.031184368,-0.4566078
1233,SrCr0.5Nb0.5O3,Ib,Sr,35.0,-0.33813116,-2.5249467,1.8294511,-0.5290806
1234,BaNi0.1167Zn0.2167Nb0.6667O3,Ib,Ba,35.0,-0.7655347,-2.8346238,1.6050661,-0.2980729
1235,Ca4.75Ni0.25Ta2TiO12,III,Ca,35.0,-0.29714444,4.3569665,0.2921932,0.38533738
1236,Ba2Sr3Ta4O15,Ib,Ba,35.2,0.23381284,-3.523766,0.17932065,-0.11113271
1237,cCa0.05Ba0.95Y0.5Nb0.5O3,II,Ca,35.2,0.98036474,-0.017919641,2.0821965,0.41939667
1238,BaZn0.2Co0.1333Nb0.6667O3,Ib,Ba,35.5,-1.3932998,-2.0286741,1.9578816,0.061074413
1239,BaEu0.5Ta0.5O3,II,Ba,37.0,1.8820882,1.342839,1.7207518,0.40301725
1240,BaNi0.3Nb0.6Zr0.1O3,Ib,Ba,31.8,-0.52670383,-3.614265,0.6261693,-0.18056072
1241,BaSr4Ta4O15,Ib,Ba,31.7,0.07928198,-3.9022462,0.12177776,-0.1410415
1242,La5AlTi3O15,II,La,28.1,2.2304065,-4.061208,-1.3362324,-0.11755958
1243,BaZn0.5W0.5O3,Ia,Ba,28.1,3.871363,-0.5133443,-0.4943247,0.13804643
1244,CaHo0.5Ta0.5O3,III,Ca,28.2,4.387209,1.4932556,-0.9894498,-1.1764407
1245,LaMg0.5Ti0.5O3,III,La,29.0,2.4742365,-2.9406495,-0.1720493,-1.0357592
1246,Ba0.95Sr0.05Zn0.475Ga0.025Ta0.6583O3,Ib,Ba,29.0,1.2198037,-2.2194874,-0.37249154,0.9281574
1247,BaZr0.0215Zn0.272Ni0.0542Ta0.6523O3,Ib,Ba,29.0,1.0578827,-2.549889,-0.497814,0.821426
1248,SrTb0.5Ta0.5O3,III,Sr,29.0,2.1410894,-0.38510862,0.054302376,-0.48656085
1249,BaHfO3,Ia,Ba,29.1,1.7560524,-3.2754092,-0.3805259,-0.43626177
1250,CaLi0.3333Nb0.6667O3,III,Ca,29.6,2.6317139,4.5097275,-0.6841361,0.21393578
1251,SrNd0.5Nb0.5O3,III,Sr,29.7,0.8798274,0.34931085,0.9813863,-0.79279065
1252,BaTi0.6Ni0.2W0.2O3,Ib,Ba,29.8,-3.4233918,-5.175391,0.1719322,1.203736
1253,Ba5Ta4O15,Ib,Ba,28.0,2.8131742,-1.267721,-1.2483746,0.4589698
1254,PrMg0.5Ti0.5O3,III,Pr,28.0,2.460381,-3.3077416,-0.65165144,-1.2175043
1255,SrY0.5Ta0.5O3,III,Sr,28.0,2.3019216,-1.2048119,0.2284755,-0.9952464
1256,SrHo0.5Ta0.5O3,III,Sr,28.0,2.2710536,-0.6137125,0.013215587,-0.3877534
1257,CaGd0.5Ta0.5O3,III,Ca,27.2,4.189325,1.3216418,-1.0065744,-1.0064515
1258,SrLa0.5Nb0.5O3,III,Sr,27.5,0.7428702,0.41907766,0.567938,-0.3825432
1259,SrZn0.5W0.5O3,II,Sr,27.5,2.0474987,-1.5993922,-0.20913701,0.52576166
1260,LaMg0.5Ti0.5O3,III,La,27.6,2.4857032,-2.926543,-0.17050096,-1.039196
1261,SrSm0.5Ta0.5O3,III,Sr,27.7,1.9579043,0.09257987,0.05081609,-0.4617146
1262,BaMg0.1333Zn0.2Ta0.6667O3,Ib,Ba,27.7,1.7651235,-2.4998264,-0.9650673,0.9404645
1263,NdMg0.5Ti0.5O3,III,Nd,28.0,3.6653605,-2.4636848,-0.94323266,-1.3919092
1264,CaLi0.3167Nb0.6333Zr0.05O3,III,Ca,29.9,2.6904495,4.7562604,-1.278207,-0.13310902
1265,Ba4LiTa3O12,Ib,Ba,28.0,1.1080604,3.0573235,0.95101976,0.83146757
1266,BaTb0.5Ta0.5O3,II,Ba,28.0,1.8622526,0.94678754,1.6905868,0.3915924
1267,SrZn0.3333Ta0.6667O3,II,Sr,28.0,1.9175401,-2.0641332,-0.5921567,0.81336325
1268,BaZn0.3333Ta0.6667O3,Ib,Ba,28.0,2.5304306,-1.5386486,-1.3077829,1.7952042
1269,Ca0.6Ba0.4Yb0.5Ta0.5O3,III,Ca,28.0,3.4102614,1.6235596,-0.7419108,-0.114671566
1270,BaZr0.0215Ni0.0542Zn0.272Ta0.6523O3,Ib,Ba,28.0,1.0513344,-2.5628853,-0.49199805,0.8106511
1271,CaHo0.5Ta0.5O3,III,Ca,28.0,4.387209,1.4932556,-0.9894498,-1.1764407
1272,SrDy0.5Ta0.5O3,III,Sr,28.0,2.2316148,-0.48729053,0.030190242,-0.44478717
1273,CaZr0.8Ti0.2O3,III,Ca,28.0,2.674372,0.88381773,-1.032584,0.1909385
1274,SrSm0.5Nb0.5O3,III,Sr,31.8,1.3095511,-0.43548575,0.90936124,-1.0218289
1275,CaDy0.5Ta0.5O3,III,Ca,30.0,4.3222027,1.4353279,-0.97986954,-1.1473051
1276,LaCo0.5Ti0.5O3,III,La,30.0,2.3288991,-3.6329463,-1.4701188,-0.6964767
1277,SrAl0.5Nb0.5O3,Ib,Sr,31.0,-0.5959396,-3.5162222,1.1987786,-0.5050554
1278,SrYb0.5Nb0.5O3,III,Sr,31.0,1.4363663,-0.927894,1.069962,-0.6734977
1279,Ca0.4Sm0.6Mg0.3Ti0.7O3,III,Ca,31.0,1.1905824,-3.593533,-0.17950931,-1.0655687
1280,Ca4MgTa2TiO12,III,Ca,31.0,2.2887154,-1.91903,-0.8654581,-0.8660218
1281,Ca4NiTa2TiO12,III,Ca,31.0,2.5637991,-1.963032,-1.579997,-0.4274631
1282,BaNi0.3333Nb0.6667O3,Ib,Ba,31.0,0.888319,-2.4205534,0.1319475,0.06103606
1283,BaMg0.3333Nb0.6667O3,Ib,Ba,31.0,0.61421525,-2.3568869,1.1012995,-0.42927065
1284,Ba4SrTa4O15,Ib,Ba,31.1,2.2034388,-1.5919076,-0.68612397,0.15043041
1285,CaLi0.2333Nb0.4667Zr0.3O3,III,Ca,31.1,2.0716283,4.3721666,-1.2823822,-0.40740895
1286,BaMg0.25W0.25Ti0.5O3,Ib,Ba,31.2,-3.3385186,-5.1039257,0.85910785,0.5279543
1287,BaZn0.5W0.5O3,Ia,Ba,31.4,3.8683472,-0.5663365,-0.50243676,0.11208398
1288,BaZn0.3Ta0.6Ti0.4O3.6,Ib,Ba,31.5,-1.7572583,0.59329516,1.2220739,0.014451245
1289,SrSm0.5Ta0.5O3,III,Sr,31.0,1.9561387,-0.010851476,0.07762442,-0.51356566
1290,SrLa0.5Ta0.5O3,III,Sr,31.0,1.4814957,0.15877602,0.05837019,-0.35122675
1291,Ba0.9875Sr0.0125Zn0.475Ga0.025Ta0.6583O3,Ib,Ba,31.0,1.360504,-2.437895,-0.6857658,1.0130932
1292,Ba0.9875Sr0.0125Zn0.3167Ga0.025Ta0.6583O3,Ib,Ba,31.0,0.8530156,-2.0951223,-0.5404775,1.1339267
1293,CaLi0.2857Nb0.5715W0.1428O3,III,Ca,30.0,2.9468074,4.923433,-0.67347616,0.122997895
1294,Ba5Ta4O15,Ib,Ba,30.0,2.8131742,-1.267721,-1.2483746,0.4589698
1295,BaZr0.03Ni0.0417Zn0.2817Ta0.6467O3,Ib,Ba,30.0,0.9552093,-2.53142,-0.3546622,0.7337328
1296,BaZr0.05Zn0.32Ta0.63O3,Ib,Ba,30.0,1.5354203,-2.104844,-0.4472212,0.9782253
1297,SrLi0.3078Nb0.4613W0.231O3,III,Sr,30.0,1.2325274,3.2083611,1.16201,0.6872558
1298,BaYb0.5Nb0.5O3,Ib,Ba,30.0,0.8704569,-0.5866099,1.9081199,0.08708871
1299,CaLi0.3Nb0.6Zr0.1O3,III,Ca,30.1,2.4691374,4.76959,-1.2734689,-0.20060082
1300,Ba8ZnTa6O24,Ib,Ba,30.5,1.8007084,-2.9343395,-0.6515204,-0.2662529
1301,SrLi0.3889Nb0.5W0.2O3,III,Sr,31.0,1.0080281,2.7276287,1.4555471,0.4510874
1302,Sr0.15Ba0.85Yb0.5Ta0.5O3,II,Sr,31.0,2.3373647,-0.06086856,1.2236248,0.20769541
1303,Sr0.625Ce0.25TiO3,Ib,Sr,143.0,-10.31482,-3.9248967,-0.3787776,-1.0345559
