label,idx,er_measured,er_predicted,lofo_r2,lofo_mae,n_test,n_train
LOFO-Pb,106,68.4000015258789,63.91584777832031,-0.09714949131011963,20.684755325317383,86,1102
LOFO-Pb,166,108.5,73.7099609375,-0.09714949131011963,20.684755325317383,86,1102
LOFO-Pb,167,94.30000305175781,70.61438751220703,-0.09714949131011963,20.684755325317383,86,1102
LOFO-Pb,168,81.19999694824219,67.0654296875,-0.09714949131011963,20.684755325317383,86,1102
LOFO-Pb,169,67.19999694824219,63.0401611328125,-0.09714949131011963,20.684755325317383,86,1102
LOFO-Pb,171,100.0999984741211,73.57608032226562,-0.09714949131011963,20.684755325317383,86,1102
LOFO-Pb,172,86.80000305175781,66.92479705810547,-0.09714949131011963,20.684755325317383,86,1102
LOFO-Pb,173,70.0999984741211,62.92312240600586,-0.09714949131011963,20.684755325317383,86,1102
LOFO-Pb,174,126.69999694824219,77.29460144042969,-0.09714949131011963,20.684755325317383,86,1102
LOFO-Pb,175,90.5999984741211,73.96429443359375,-0.09714949131011963,20.684755325317383,86,1102
LOFO-Pb,176,86.30000305175781,71.18099975585938,-0.09714949131011963,20.684755325317383,86,1102
LOFO-Pb,177,82.5,67.87132263183594,-0.09714949131011963,20.684755325317383,86,1102
LOFO-Pb,178,68.69999694824219,64.0171127319336,-0.09714949131011963,20.684755325317383,86,1102
LOFO-Pb,179,128.39999389648438,77.24505615234375,-0.09714949131011963,20.684755325317383,86,1102
LOFO-Pb,180,97.0999984741211,73.86747741699219,-0.09714949131011963,20.684755325317383,86,1102
LOFO-Pb,181,89.19999694824219,71.07490539550781,-0.09714949131011963,20.684755325317383,86,1102
LOFO-Pb,182,85.30000305175781,67.76089477539062,-0.09714949131011963,20.684755325317383,86,1102
LOFO-Pb,183,96.5,70.4708251953125,-0.09714949131011963,20.684755325317383,86,1102
LOFO-Pb,228,129.0,111.89588928222656,-0.09714949131011963,20.684755325317383,86,1102
LOFO-Pb,230,127.0,110.14433288574219,-0.09714949131011963,20.684755325317383,86,1102
LOFO-Pb,231,101.0,105.26893615722656,-0.09714949131011963,20.684755325317383,86,1102
LOFO-Pb,232,73.0,104.7169189453125,-0.09714949131011963,20.684755325317383,86,1102
LOFO-Pb,233,112.0,111.13654327392578,-0.09714949131011963,20.684755325317383,86,1102
LOFO-Pb,234,132.0,95.6106948852539,-0.09714949131011963,20.684755325317383,86,1102
LOFO-Pb,244,140.39999389648438,78.23617553710938,-0.09714949131011963,20.684755325317383,86,1102
LOFO-Pb,245,102.80000305175781,69.37054443359375,-0.09714949131011963,20.684755325317383,86,1102
LOFO-Pb,246,95.0,68.01280975341797,-0.09714949131011963,20.684755325317383,86,1102
LOFO-Pb,247,90.5999984741211,66.58024597167969,-0.09714949131011963,20.684755325317383,86,1102
LOFO-Pb,248,88.9000015258789,65.83560943603516,-0.09714949131011963,20.684755325317383,86,1102
LOFO-Pb,249,81.0,69.74874877929688,-0.09714949131011963,20.684755325317383,86,1102
LOFO-Pb,250,118.0,92.9730224609375,-0.09714949131011963,20.684755325317383,86,1102
LOFO-Pb,251,138.0,76.72967529296875,-0.09714949131011963,20.684755325317383,86,1102
LOFO-Pb,252,92.4000015258789,65.83549499511719,-0.09714949131011963,20.684755325317383,86,1102
LOFO-Pb,253,86.69999694824219,64.36494445800781,-0.09714949131011963,20.684755325317383,86,1102
LOFO-Pb,254,85.30000305175781,63.60506057739258,-0.09714949131011963,20.684755325317383,86,1102
LOFO-Pb,255,71.0999984741211,67.54222106933594,-0.09714949131011963,20.684755325317383,86,1102
LOFO-Pb,263,96.80000305175781,67.23918151855469,-0.09714949131011963,20.684755325317383,86,1102
LOFO-Pb,264,110.0,91.83808135986328,-0.09714949131011963,20.684755325317383,86,1102
LOFO-Pb,265,94.0,90.04359436035156,-0.09714949131011963,20.684755325317383,86,1102
LOFO-Pb,266,74.0,78.38687896728516,-0.09714949131011963,20.684755325317383,86,1102
LOFO-Pb,275,62.0,67.18109130859375,-0.09714949131011963,20.684755325317383,86,1102
LOFO-Pb,369,50.0,32.690208435058594,-0.09714949131011963,20.684755325317383,86,1102
LOFO-Pb,381,51.66999816894531,55.14409637451172,-0.09714949131011963,20.684755325317383,86,1102
LOFO-Pb,790,28.700000762939453,25.327533721923828,-0.09714949131011963,20.684755325317383,86,1102
LOFO-Pb,938,94.0,99.43111419677734,-0.09714949131011963,20.684755325317383,86,1102
LOFO-Pb,939,94.30000305175781,68.84416961669922,-0.09714949131011963,20.684755325317383,86,1102
LOFO-Pb,945,99.5999984741211,68.05996704101562,-0.09714949131011963,20.684755325317383,86,1102
LOFO-Pb,947,102.0,70.22457122802734,-0.09714949131011963,20.684755325317383,86,1102
LOFO-Pb,952,93.5999984741211,66.628173828125,-0.09714949131011963,20.684755325317383,86,1102
LOFO-Pb,953,92.5999984741211,69.66460418701172,-0.09714949131011963,20.684755325317383,86,1102
LOFO-Pb,954,83.9000015258789,80.06788635253906,-0.09714949131011963,20.684755325317383,86,1102
LOFO-Pb,955,85.0,65.6708984375,-0.09714949131011963,20.684755325317383,86,1102
LOFO-Pb,956,85.0,69.03627014160156,-0.09714949131011963,20.684755325317383,86,1102
LOFO-Pb,958,86.30000305175781,66.61373901367188,-0.09714949131011963,20.684755325317383,86,1102
LOFO-Pb,960,86.30000305175781,72.37510681152344,-0.09714949131011963,20.684755325317383,86,1102
LOFO-Pb,962,87.0,67.89666748046875,-0.09714949131011963,20.684755325317383,86,1102
LOFO-Pb,963,87.80000305175781,65.12020111083984,-0.09714949131011963,20.684755325317383,86,1102
LOFO-Pb,964,88.19999694824219,67.37869262695312,-0.09714949131011963,20.684755325317383,86,1102
LOFO-Pb,966,90.80000305175781,69.16009521484375,-0.09714949131011963,20.684755325317383,86,1102
LOFO-Pb,967,86.69999694824219,64.3381576538086,-0.09714949131011963,20.684755325317383,86,1102
LOFO-Pb,968,82.0,71.66116333007812,-0.09714949131011963,20.684755325317383,86,1102
LOFO-Pb,969,110.0,100.61076354980469,-0.09714949131011963,20.684755325317383,86,1102
LOFO-Pb,977,139.39999389648438,78.65594482421875,-0.09714949131011963,20.684755325317383,86,1102
LOFO-Pb,978,140.6999969482422,87.02120971679688,-0.09714949131011963,20.684755325317383,86,1102
LOFO-Pb,985,132.0,103.0604248046875,-0.09714949131011963,20.684755325317383,86,1102
LOFO-Pb,987,127.19999694824219,71.01803588867188,-0.09714949131011963,20.684755325317383,86,1102
LOFO-Pb,988,126.69999694824219,77.66857147216797,-0.09714949131011963,20.684755325317383,86,1102
LOFO-Pb,990,112.0,110.93919372558594,-0.09714949131011963,20.684755325317383,86,1102
LOFO-Pb,991,112.19999694824219,72.83711242675781,-0.09714949131011963,20.684755325317383,86,1102
LOFO-Pb,994,116.5999984741211,70.78506469726562,-0.09714949131011963,20.684755325317383,86,1102
LOFO-Pb,998,118.0,101.35011291503906,-0.09714949131011963,20.684755325317383,86,1102
LOFO-Pb,1007,52.20000076293945,56.786407470703125,-0.09714949131011963,20.684755325317383,86,1102
LOFO-Pb,1016,55.099998474121094,53.5303955078125,-0.09714949131011963,20.684755325317383,86,1102
LOFO-Pb,1025,50.0,58.674556732177734,-0.09714949131011963,20.684755325317383,86,1102
LOFO-Pb,1030,57.400001525878906,50.7025146484375,-0.09714949131011963,20.684755325317383,86,1102
LOFO-Pb,1039,78.0,62.47813415527344,-0.09714949131011963,20.684755325317383,86,1102
LOFO-Pb,1046,68.69999694824219,66.57333374023438,-0.09714949131011963,20.684755325317383,86,1102
LOFO-Pb,1048,70.30000305175781,60.17121887207031,-0.09714949131011963,20.684755325317383,86,1102
LOFO-Pb,1050,72.0,64.30644989013672,-0.09714949131011963,20.684755325317383,86,1102
LOFO-Pb,1052,74.0,93.70747375488281,-0.09714949131011963,20.684755325317383,86,1102
LOFO-Pb,1054,65.30000305175781,60.11912536621094,-0.09714949131011963,20.684755325317383,86,1102
LOFO-Pb,1055,65.0,41.789100646972656,-0.09714949131011963,20.684755325317383,86,1102
LOFO-Pb,1065,63.0,59.06681823730469,-0.09714949131011963,20.684755325317383,86,1102
LOFO-Pb,1069,64.69999694824219,60.47758102416992,-0.09714949131011963,20.684755325317383,86,1102
LOFO-Pb,1135,142.60000610351562,77.13019561767578,-0.09714949131011963,20.684755325317383,86,1102
LOFO-Pb,1213,36.0,35.82903289794922,-0.09714949131011963,20.684755325317383,86,1102
LOFO-Ba,28,39.5,28.12653350830078,0.007969081401824951,8.755711555480957,436,762
LOFO-Ba,29,38.95000076293945,57.648170471191406,0.007969081401824951,8.755711555480957,436,762
LOFO-Ba,30,37.099998474121094,43.70981979370117,0.007969081401824951,8.755711555480957,436,762
LOFO-Ba,32,45.0,38.124366760253906,0.007969081401824951,8.755711555480957,436,762
LOFO-Ba,33,44.5,35.76548767089844,0.007969081401824951,8.755711555480957,436,762
LOFO-Ba,34,44.0,33.235626220703125,0.007969081401824951,8.755711555480957,436,762
LOFO-Ba,35,43.0,33.44014358520508,0.007969081401824951,8.755711555480957,436,762
LOFO-Ba,36,40.0,33.436973571777344,0.007969081401824951,8.755711555480957,436,762
LOFO-Ba,37,40.0,33.269187927246094,0.007969081401824951,8.755711555480957,436,762
LOFO-Ba,38,39.0,33.70291519165039,0.007969081401824951,8.755711555480957,436,762
LOFO-Ba,40,38.900001525878906,33.16722869873047,0.007969081401824951,8.755711555480957,436,762
LOFO-Ba,41,37.0,35.72651672363281,0.007969081401824951,8.755711555480957,436,762
LOFO-Ba,42,36.0,30.34998893737793,0.007969081401824951,8.755711555480957,436,762
LOFO-Ba,43,40.0,40.393760681152344,0.007969081401824951,8.755711555480957,436,762
LOFO-Ba,44,36.0,39.661041259765625,0.007969081401824951,8.755711555480957,436,762
LOFO-Ba,45,44.0,38.954490661621094,0.007969081401824951,8.755711555480957,436,762
LOFO-Ba,46,35.0,37.68364715576172,0.007969081401824951,8.755711555480957,436,762
LOFO-Ba,47,35.0,38.139678955078125,0.007969081401824951,8.755711555480957,436,762
LOFO-Ba,48,34.0,37.88286590576172,0.007969081401824951,8.755711555480957,436,762
LOFO-Ba,49,28.0,35.42997360229492,0.007969081401824951,8.755711555480957,436,762
LOFO-Ba,50,27.0,43.637245178222656,0.007969081401824951,8.755711555480957,436,762
LOFO-Ba,52,38.0,32.87051010131836,0.007969081401824951,8.755711555480957,436,762
LOFO-Ba,77,41.86000061035156,27.156055450439453,0.007969081401824951,8.755711555480957,436,762
LOFO-Ba,80,38.0,39.05119323730469,0.007969081401824951,8.755711555480957,436,762
LOFO-Ba,81,42.0,33.07606506347656,0.007969081401824951,8.755711555480957,436,762
LOFO-Ba,82,40.0,33.36302947998047,0.007969081401824951,8.755711555480957,436,762
LOFO-Ba,83,52.0,40.005001068115234,0.007969081401824951,8.755711555480957,436,762
LOFO-Ba,84,39.0,29.594999313354492,0.007969081401824951,8.755711555480957,436,762
LOFO-Ba,97,41.400001525878906,37.741180419921875,0.007969081401824951,8.755711555480957,436,762
LOFO-Ba,98,40.099998474121094,37.92560577392578,0.007969081401824951,8.755711555480957,436,762
LOFO-Ba,99,38.20000076293945,38.414588928222656,0.007969081401824951,8.755711555480957,436,762
LOFO-Ba,100,35.79999923706055,39.062835693359375,0.007969081401824951,8.755711555480957,436,762
LOFO-Ba,101,33.900001525878906,39.92433166503906,0.007969081401824951,8.755711555480957,436,762
LOFO-Ba,102,44.400001525878906,47.88170623779297,0.007969081401824951,8.755711555480957,436,762
LOFO-Ba,105,44.79999923706055,19.76698875427246,0.007969081401824951,8.755711555480957,436,762
LOFO-Ba,114,33.70000076293945,38.98736572265625,0.007969081401824951,8.755711555480957,436,762
LOFO-Ba,115,34.0,41.984153747558594,0.007969081401824951,8.755711555480957,436,762
LOFO-Ba,117,30.200000762939453,35.808555603027344,0.007969081401824951,8.755711555480957,436,762
LOFO-Ba,118,32.900001525878906,36.988258361816406,0.007969081401824951,8.755711555480957,436,762
LOFO-Ba,119,34.29999923706055,37.665077209472656,0.007969081401824951,8.755711555480957,436,762
LOFO-Ba,120,35.20000076293945,35.6180305480957,0.007969081401824951,8.755711555480957,436,762
LOFO-Ba,121,33.20000076293945,36.57642364501953,0.007969081401824951,8.755711555480957,436,762
LOFO-Ba,123,31.700000762939453,35.39411926269531,0.007969081401824951,8.755711555480957,436,762
LOFO-Ba,124,34.20000076293945,35.35960388183594,0.007969081401824951,8.755711555480957,436,762
LOFO-Ba,125,37.20000076293945,36.02679443359375,0.007969081401824951,8.755711555480957,436,762
LOFO-Ba,126,42.0,37.579063415527344,0.007969081401824951,8.755711555480957,436,762
LOFO-Ba,133,32.400001525878906,40.02383804321289,0.007969081401824951,8.755711555480957,436,762
LOFO-Ba,134,29.299999237060547,38.44972229003906,0.007969081401824951,8.755711555480957,436,762
LOFO-Ba,135,50.79999923706055,42.94126892089844,0.007969081401824951,8.755711555480957,436,762
LOFO-Ba,136,39.5,41.38374328613281,0.007969081401824951,8.755711555480957,436,762
LOFO-Ba,137,34.900001525878906,39.407188415527344,0.007969081401824951,8.755711555480957,436,762
LOFO-Ba,139,29.5,28.208168029785156,0.007969081401824951,8.755711555480957,436,762
LOFO-Ba,140,29.600000381469727,30.032081604003906,0.007969081401824951,8.755711555480957,436,762
LOFO-Ba,141,28.399999618530273,30.23095703125,0.007969081401824951,8.755711555480957,436,762
LOFO-Ba,142,30.200000762939453,29.73338508605957,0.007969081401824951,8.755711555480957,436,762
LOFO-Ba,146,34.099998474121094,41.54956817626953,0.007969081401824951,8.755711555480957,436,762
LOFO-Ba,147,34.70000076293945,45.302001953125,0.007969081401824951,8.755711555480957,436,762
LOFO-Ba,149,29.100000381469727,31.916072845458984,0.007969081401824951,8.755711555480957,436,762
LOFO-Ba,150,30.399999618530273,31.916072845458984,0.007969081401824951,8.755711555480957,436,762
LOFO-Ba,152,31.200000762939453,31.524436950683594,0.007969081401824951,8.755711555480957,436,762
LOFO-Ba,153,31.5,31.757827758789062,0.007969081401824951,8.755711555480957,436,762
LOFO-Ba,154,31.0,31.524436950683594,0.007969081401824951,8.755711555480957,436,762
LOFO-Ba,155,31.5,44.621917724609375,0.007969081401824951,8.755711555480957,436,762
LOFO-Ba,156,32.0,32.51081848144531,0.007969081401824951,8.755711555480957,436,762
LOFO-Ba,157,29.899999618530273,26.790372848510742,0.007969081401824951,8.755711555480957,436,762
LOFO-Ba,184,35.5,32.18162536621094,0.007969081401824951,8.755711555480957,436,762
LOFO-Ba,185,34.5,30.583389282226562,0.007969081401824951,8.755711555480957,436,762
LOFO-Ba,198,32.0,37.63018035888672,0.007969081401824951,8.755711555480957,436,762
LOFO-Ba,212,46.20000076293945,41.519493103027344,0.007969081401824951,8.755711555480957,436,762
LOFO-Ba,229,135.0,129.1595916748047,0.007969081401824951,8.755711555480957,436,762
LOFO-Ba,269,86.0,54.012786865234375,0.007969081401824951,8.755711555480957,436,762
LOFO-Ba,270,66.0,43.14118576049805,0.007969081401824951,8.755711555480957,436,762
LOFO-Ba,271,47.0,36.97598648071289,0.007969081401824951,8.755711555480957,436,762
LOFO-Ba,272,47.0,34.299217224121094,0.007969081401824951,8.755711555480957,436,762
LOFO-Ba,273,47.439998626708984,51.639827728271484,0.007969081401824951,8.755711555480957,436,762
LOFO-Ba,278,43.5,22.185443878173828,0.007969081401824951,8.755711555480957,436,762
LOFO-Ba,292,43.599998474121094,21.80154800415039,0.007969081401824951,8.755711555480957,436,762
LOFO-Ba,293,43.79999923706055,21.435997009277344,0.007969081401824951,8.755711555480957,436,762
LOFO-Ba,303,43.5,21.61644744873047,0.007969081401824951,8.755711555480957,436,762
LOFO-Ba,308,43.900001525878906,21.260250091552734,0.007969081401824951,8.755711555480957,436,762
LOFO-Ba,319,48.29999923706055,14.359732627868652,0.007969081401824951,8.755711555480957,436,762
LOFO-Ba,320,44.20000076293945,14.359732627868652,0.007969081401824951,8.755711555480957,436,762
LOFO-Ba,321,42.79999923706055,27.560508728027344,0.007969081401824951,8.755711555480957,436,762
LOFO-Ba,322,45.0,46.51598358154297,0.007969081401824951,8.755711555480957,436,762
LOFO-Ba,323,44.0,46.25224685668945,0.007969081401824951,8.755711555480957,436,762
LOFO-Ba,324,60.70000076293945,51.95911407470703,0.007969081401824951,8.755711555480957,436,762
LOFO-Ba,325,50.79999923706055,51.231056213378906,0.007969081401824951,8.755711555480957,436,762
LOFO-Ba,326,47.900001525878906,49.51679229736328,0.007969081401824951,8.755711555480957,436,762
LOFO-Ba,327,48.599998474121094,47.86901092529297,0.007969081401824951,8.755711555480957,436,762
LOFO-Ba,328,44.599998474121094,46.43914794921875,0.007969081401824951,8.755711555480957,436,762
LOFO-Ba,329,46.099998474121094,46.30534362792969,0.007969081401824951,8.755711555480957,436,762
LOFO-Ba,331,38.150001525878906,38.66785430908203,0.007969081401824951,8.755711555480957,436,762
LOFO-Ba,332,46.83000183105469,29.727863311767578,0.007969081401824951,8.755711555480957,436,762
LOFO-Ba,333,43.029998779296875,46.4228515625,0.007969081401824951,8.755711555480957,436,762
LOFO-Ba,334,46.86000061035156,45.768028259277344,0.007969081401824951,8.755711555480957,436,762
LOFO-Ba,335,46.31999969482422,49.58881378173828,0.007969081401824951,8.755711555480957,436,762
LOFO-Ba,336,47.0099983215332,48.279075622558594,0.007969081401824951,8.755711555480957,436,762
LOFO-Ba,340,49.099998474121094,45.670249938964844,0.007969081401824951,8.755711555480957,436,762
LOFO-Ba,344,42.0,38.62626647949219,0.007969081401824951,8.755711555480957,436,762
LOFO-Ba,350,41.099998474121094,34.80495834350586,0.007969081401824951,8.755711555480957,436,762
LOFO-Ba,351,41.400001525878906,34.828880310058594,0.007969081401824951,8.755711555480957,436,762
LOFO-Ba,352,42.29999923706055,34.852962493896484,0.007969081401824951,8.755711555480957,436,762
LOFO-Ba,353,42.099998474121094,34.877197265625,0.007969081401824951,8.755711555480957,436,762
LOFO-Ba,354,42.83000183105469,28.71999740600586,0.007969081401824951,8.755711555480957,436,762
LOFO-Ba,355,49.369998931884766,29.49618911743164,0.007969081401824951,8.755711555480957,436,762
LOFO-Ba,360,48.34000015258789,32.95185089111328,0.007969081401824951,8.755711555480957,436,762
LOFO-Ba,367,49.400001525878906,38.3447151184082,0.007969081401824951,8.755711555480957,436,762
LOFO-Ba,368,54.900001525878906,35.0677490234375,0.007969081401824951,8.755711555480957,436,762
LOFO-Ba,399,46.79999923706055,46.21807098388672,0.007969081401824951,8.755711555480957,436,762
LOFO-Ba,400,45.70000076293945,46.42396545410156,0.007969081401824951,8.755711555480957,436,762
LOFO-Ba,401,45.400001525878906,45.011444091796875,0.007969081401824951,8.755711555480957,436,762
LOFO-Ba,402,46.099998474121094,46.41868591308594,0.007969081401824951,8.755711555480957,436,762
LOFO-Ba,403,47.70000076293945,45.9482421875,0.007969081401824951,8.755711555480957,436,762
LOFO-Ba,405,48.900001525878906,44.88884735107422,0.007969081401824951,8.755711555480957,436,762
LOFO-Ba,406,49.5,45.152305603027344,0.007969081401824951,8.755711555480957,436,762
LOFO-Ba,407,40.79999923706055,45.10665512084961,0.007969081401824951,8.755711555480957,436,762
LOFO-Ba,408,46.400001525878906,44.32959747314453,0.007969081401824951,8.755711555480957,436,762
LOFO-Ba,416,48.900001525878906,44.98492431640625,0.007969081401824951,8.755711555480957,436,762
LOFO-Ba,440,22.799999237060547,68.14159393310547,0.007969081401824951,8.755711555480957,436,762
LOFO-Ba,441,23.899999618530273,76.63837432861328,0.007969081401824951,8.755711555480957,436,762
LOFO-Ba,452,71.19999694824219,80.64825439453125,0.007969081401824951,8.755711555480957,436,762
LOFO-Ba,453,25.399999618530273,36.16015625,0.007969081401824951,8.755711555480957,436,762
LOFO-Ba,454,22.899999618530273,33.541290283203125,0.007969081401824951,8.755711555480957,436,762
LOFO-Ba,455,21.200000762939453,31.219772338867188,0.007969081401824951,8.755711555480957,436,762
LOFO-Ba,456,22.100000381469727,29.073768615722656,0.007969081401824951,8.755711555480957,436,762
LOFO-Ba,457,24.0,101.50439453125,0.007969081401824951,8.755711555480957,436,762
LOFO-Ba,458,26.399999618530273,27.138629913330078,0.007969081401824951,8.755711555480957,436,762
LOFO-Ba,459,33.0,20.97052001953125,0.007969081401824951,8.755711555480957,436,762
LOFO-Ba,460,24.100000381469727,28.128320693969727,0.007969081401824951,8.755711555480957,436,762
LOFO-Ba,470,31.399999618530273,23.767974853515625,0.007969081401824951,8.755711555480957,436,762
LOFO-Ba,471,23.5,55.87574768066406,0.007969081401824951,8.755711555480957,436,762
LOFO-Ba,472,23.399999618530273,57.073158264160156,0.007969081401824951,8.755711555480957,436,762
LOFO-Ba,473,23.299999237060547,57.90739440917969,0.007969081401824951,8.755711555480957,436,762
LOFO-Ba,474,24.899999618530273,47.201072692871094,0.007969081401824951,8.755711555480957,436,762
LOFO-Ba,475,26.299999237060547,47.26348876953125,0.007969081401824951,8.755711555480957,436,762
LOFO-Ba,480,25.100000381469727,29.461071014404297,0.007969081401824951,8.755711555480957,436,762
LOFO-Ba,482,34.20000076293945,35.13977813720703,0.007969081401824951,8.755711555480957,436,762
LOFO-Ba,488,29.799999237060547,33.12474822998047,0.007969081401824951,8.755711555480957,436,762
LOFO-Ba,490,23.700000762939453,57.578407287597656,0.007969081401824951,8.755711555480957,436,762
LOFO-Ba,491,23.299999237060547,77.82658386230469,0.007969081401824951,8.755711555480957,436,762
LOFO-Ba,492,23.5,48.33612060546875,0.007969081401824951,8.755711555480957,436,762
LOFO-Ba,494,18.0,32.20514678955078,0.007969081401824951,8.755711555480957,436,762
LOFO-Ba,495,32.0,29.246976852416992,0.007969081401824951,8.755711555480957,436,762
LOFO-Ba,496,25.0,29.188385009765625,0.007969081401824951,8.755711555480957,436,762
LOFO-Ba,497,41.0,36.33304977416992,0.007969081401824951,8.755711555480957,436,762
LOFO-Ba,498,30.0,30.48198127746582,0.007969081401824951,8.755711555480957,436,762
LOFO-Ba,500,39.0,39.996551513671875,0.007969081401824951,8.755711555480957,436,762
LOFO-Ba,503,24.0,28.365848541259766,0.007969081401824951,8.755711555480957,436,762
LOFO-Ba,504,24.399999618530273,28.323894500732422,0.007969081401824951,8.755711555480957,436,762
LOFO-Ba,505,24.299999237060547,31.013290405273438,0.007969081401824951,8.755711555480957,436,762
LOFO-Ba,506,24.0,30.35516929626465,0.007969081401824951,8.755711555480957,436,762
LOFO-Ba,507,29.799999237060547,44.273681640625,0.007969081401824951,8.755711555480957,436,762
LOFO-Ba,508,26.5,40.632450103759766,0.007969081401824951,8.755711555480957,436,762
LOFO-Ba,509,24.200000762939453,37.5412483215332,0.007969081401824951,8.755711555480957,436,762
LOFO-Ba,510,21.600000381469727,34.85564422607422,0.007969081401824951,8.755711555480957,436,762
LOFO-Ba,511,20.0,32.4808235168457,0.007969081401824951,8.755711555480957,436,762
LOFO-Ba,512,22.0,39.16802215576172,0.007969081401824951,8.755711555480957,436,762
LOFO-Ba,521,16.0,45.01000213623047,0.007969081401824951,8.755711555480957,436,762
LOFO-Ba,523,20.700000762939453,43.91747283935547,0.007969081401824951,8.755711555480957,436,762
LOFO-Ba,525,19.299999237060547,19.554189682006836,0.007969081401824951,8.755711555480957,436,762
LOFO-Ba,526,18.100000381469727,20.024822235107422,0.007969081401824951,8.755711555480957,436,762
LOFO-Ba,527,29.100000381469727,19.462657928466797,0.007969081401824951,8.755711555480957,436,762
LOFO-Ba,531,19.0,19.687166213989258,0.007969081401824951,8.755711555480957,436,762
LOFO-Ba,532,23.0,19.14016342163086,0.007969081401824951,8.755711555480957,436,762
LOFO-Ba,535,15.399999618530273,26.788150787353516,0.007969081401824951,8.755711555480957,436,762
LOFO-Ba,536,18.0,32.17922592163086,0.007969081401824951,8.755711555480957,436,762
LOFO-Ba,538,16.700000762939453,18.879409790039062,0.007969081401824951,8.755711555480957,436,762
LOFO-Ba,539,19.600000381469727,23.423778533935547,0.007969081401824951,8.755711555480957,436,762
LOFO-Ba,540,16.600000381469727,23.57711410522461,0.007969081401824951,8.755711555480957,436,762
LOFO-Ba,541,12.300000190734863,28.059505462646484,0.007969081401824951,8.755711555480957,436,762
LOFO-Ba,542,13.100000381469727,26.646686553955078,0.007969081401824951,8.755711555480957,436,762
LOFO-Ba,543,13.5,31.837326049804688,0.007969081401824951,8.755711555480957,436,762
LOFO-Ba,544,16.700000762939453,34.098751068115234,0.007969081401824951,8.755711555480957,436,762
LOFO-Ba,545,21.799999237060547,48.276309967041016,0.007969081401824951,8.755711555480957,436,762
LOFO-Ba,546,31.200000762939453,60.68009948730469,0.007969081401824951,8.755711555480957,436,762
LOFO-Ba,547,63.900001525878906,79.49608612060547,0.007969081401824951,8.755711555480957,436,762
LOFO-Ba,548,24.0,18.623058319091797,0.007969081401824951,8.755711555480957,436,762
LOFO-Ba,549,16.299999237060547,26.696216583251953,0.007969081401824951,8.755711555480957,436,762
LOFO-Ba,550,17.100000381469727,26.07345962524414,0.007969081401824951,8.755711555480957,436,762
LOFO-Ba,551,14.399999618530273,26.296979904174805,0.007969081401824951,8.755711555480957,436,762
LOFO-Ba,552,15.100000381469727,26.230560302734375,0.007969081401824951,8.755711555480957,436,762
LOFO-Ba,553,15.399999618530273,25.53125762939453,0.007969081401824951,8.755711555480957,436,762
LOFO-Ba,554,14.399999618530273,25.596725463867188,0.007969081401824951,8.755711555480957,436,762
LOFO-Ba,555,14.5,26.133779525756836,0.007969081401824951,8.755711555480957,436,762
LOFO-Ba,556,14.800000190734863,25.98394203186035,0.007969081401824951,8.755711555480957,436,762
LOFO-Ba,557,18.100000381469727,28.541000366210938,0.007969081401824951,8.755711555480957,436,762
LOFO-Ba,558,21.5,29.013160705566406,0.007969081401824951,8.755711555480957,436,762
LOFO-Ba,559,24.0,28.637149810791016,0.007969081401824951,8.755711555480957,436,762
LOFO-Ba,560,15.600000381469727,26.790863037109375,0.007969081401824951,8.755711555480957,436,762
LOFO-Ba,561,21.0,17.228347778320312,0.007969081401824951,8.755711555480957,436,762
LOFO-Ba,562,20.0,19.49713897705078,0.007969081401824951,8.755711555480957,436,762
LOFO-Ba,563,22.5,19.10590362548828,0.007969081401824951,8.755711555480957,436,762
LOFO-Ba,571,20.0,19.61761474609375,0.007969081401824951,8.755711555480957,436,762
LOFO-Ba,583,20.0,20.216339111328125,0.007969081401824951,8.755711555480957,436,762
LOFO-Ba,588,20.0,19.461029052734375,0.007969081401824951,8.755711555480957,436,762
LOFO-Ba,592,37.400001525878906,35.03316116333008,0.007969081401824951,8.755711555480957,436,762
LOFO-Ba,593,41.900001525878906,31.69713592529297,0.007969081401824951,8.755711555480957,436,762
LOFO-Ba,594,39.70000076293945,32.160343170166016,0.007969081401824951,8.755711555480957,436,762
LOFO-Ba,595,28.299999237060547,28.633481979370117,0.007969081401824951,8.755711555480957,436,762
LOFO-Ba,596,27.100000381469727,30.158674240112305,0.007969081401824951,8.755711555480957,436,762
LOFO-Ba,597,36.0,27.968273162841797,0.007969081401824951,8.755711555480957,436,762
LOFO-Ba,599,34.29999923706055,27.452438354492188,0.007969081401824951,8.755711555480957,436,762
LOFO-Ba,611,22.100000381469727,27.87997055053711,0.007969081401824951,8.755711555480957,436,762
LOFO-Ba,614,26.299999237060547,32.88915252685547,0.007969081401824951,8.755711555480957,436,762
LOFO-Ba,652,23.0,23.96573257446289,0.007969081401824951,8.755711555480957,436,762
LOFO-Ba,653,25.0,24.27474594116211,0.007969081401824951,8.755711555480957,436,762
LOFO-Ba,654,25.0,23.141462326049805,0.007969081401824951,8.755711555480957,436,762
LOFO-Ba,655,29.0,23.98227882385254,0.007969081401824951,8.755711555480957,436,762
LOFO-Ba,656,30.0,24.761314392089844,0.007969081401824951,8.755711555480957,436,762
LOFO-Ba,672,26.0,31.993789672851562,0.007969081401824951,8.755711555480957,436,762
LOFO-Ba,683,36.20000076293945,32.57011795043945,0.007969081401824951,8.755711555480957,436,762
LOFO-Ba,684,33.599998474121094,53.842445373535156,0.007969081401824951,8.755711555480957,436,762
LOFO-Ba,685,33.599998474121094,51.4783935546875,0.007969081401824951,8.755711555480957,436,762
LOFO-Ba,686,31.0,49.19373321533203,0.007969081401824951,8.755711555480957,436,762
LOFO-Ba,687,29.399999618530273,47.792598724365234,0.007969081401824951,8.755711555480957,436,762
LOFO-Ba,689,25.899999618530273,46.79389190673828,0.007969081401824951,8.755711555480957,436,762
LOFO-Ba,690,17.399999618530273,38.834922790527344,0.007969081401824951,8.755711555480957,436,762
LOFO-Ba,701,19.899999618530273,45.770931243896484,0.007969081401824951,8.755711555480957,436,762
LOFO-Ba,711,30.899999618530273,34.6920166015625,0.007969081401824951,8.755711555480957,436,762
LOFO-Ba,712,42.5,46.9541130065918,0.007969081401824951,8.755711555480957,436,762
LOFO-Ba,713,60.900001525878906,47.562522888183594,0.007969081401824951,8.755711555480957,436,762
LOFO-Ba,714,105.80000305175781,86.21612548828125,0.007969081401824951,8.755711555480957,436,762
LOFO-Ba,719,37.099998474121094,31.928661346435547,0.007969081401824951,8.755711555480957,436,762
LOFO-Ba,720,38.70000076293945,29.663002014160156,0.007969081401824951,8.755711555480957,436,762
LOFO-Ba,721,37.599998474121094,29.68264389038086,0.007969081401824951,8.755711555480957,436,762
LOFO-Ba,722,36.5,31.02349090576172,0.007969081401824951,8.755711555480957,436,762
LOFO-Ba,723,36.0,30.9837646484375,0.007969081401824951,8.755711555480957,436,762
LOFO-Ba,724,35.5,31.168859481811523,0.007969081401824951,8.755711555480957,436,762
LOFO-Ba,725,34.0,30.684593200683594,0.007969081401824951,8.755711555480957,436,762
LOFO-Ba,726,33.5,29.745594024658203,0.007969081401824951,8.755711555480957,436,762
LOFO-Ba,727,33.0,31.389856338500977,0.007969081401824951,8.755711555480957,436,762
LOFO-Ba,728,32.0,29.00020980834961,0.007969081401824951,8.755711555480957,436,762
LOFO-Ba,730,28.299999237060547,30.27794647216797,0.007969081401824951,8.755711555480957,436,762
LOFO-Ba,735,27.0,40.75115966796875,0.007969081401824951,8.755711555480957,436,762
LOFO-Ba,736,27.0,40.74169158935547,0.007969081401824951,8.755711555480957,436,762
LOFO-Ba,737,27.0,31.127696990966797,0.007969081401824951,8.755711555480957,436,762
LOFO-Ba,755,28.399999618530273,30.349180221557617,0.007969081401824951,8.755711555480957,436,762
LOFO-Ba,757,30.200000762939453,30.51089859008789,0.007969081401824951,8.755711555480957,436,762
LOFO-Ba,778,29.600000381469727,30.416852951049805,0.007969081401824951,8.755711555480957,436,762
LOFO-Ba,788,31.0,57.527130126953125,0.007969081401824951,8.755711555480957,436,762
LOFO-Ba,789,30.100000381469727,30.567596435546875,0.007969081401824951,8.755711555480957,436,762
LOFO-Ba,791,29.0,34.33131790161133,0.007969081401824951,8.755711555480957,436,762
LOFO-Ba,792,28.200000762939453,32.29084014892578,0.007969081401824951,8.755711555480957,436,762
LOFO-Ba,793,28.700000762939453,32.52638244628906,0.007969081401824951,8.755711555480957,436,762
LOFO-Ba,794,29.299999237060547,34.449920654296875,0.007969081401824951,8.755711555480957,436,762
LOFO-Ba,795,30.700000762939453,34.64917755126953,0.007969081401824951,8.755711555480957,436,762
LOFO-Ba,798,29.700000762939453,32.90807342529297,0.007969081401824951,8.755711555480957,436,762
LOFO-Ba,803,30.0,32.579322814941406,0.007969081401824951,8.755711555480957,436,762
LOFO-Ba,809,44.70000076293945,32.88969421386719,0.007969081401824951,8.755711555480957,436,762
LOFO-Ba,815,45.0,35.25318908691406,0.007969081401824951,8.755711555480957,436,762
LOFO-Ba,818,45.0,36.44565200805664,0.007969081401824951,8.755711555480957,436,762
LOFO-Ba,819,44.599998474121094,43.41912078857422,0.007969081401824951,8.755711555480957,436,762
LOFO-Ba,822,44.5,33.71360778808594,0.007969081401824951,8.755711555480957,436,762
LOFO-Ba,824,44.20000076293945,25.14885902404785,0.007969081401824951,8.755711555480957,436,762
LOFO-Ba,825,43.0,46.56379699707031,0.007969081401824951,8.755711555480957,436,762
LOFO-Ba,828,42.79999923706055,26.619613647460938,0.007969081401824951,8.755711555480957,436,762
LOFO-Ba,830,44.400001525878906,45.26409149169922,0.007969081401824951,8.755711555480957,436,762
LOFO-Ba,834,43.79999923706055,32.92289733886719,0.007969081401824951,8.755711555480957,436,762
LOFO-Ba,836,44.0,32.87892150878906,0.007969081401824951,8.755711555480957,436,762
LOFO-Ba,839,43.5,26.19122314453125,0.007969081401824951,8.755711555480957,436,762
LOFO-Ba,840,47.900001525878906,48.19331359863281,0.007969081401824951,8.755711555480957,436,762
LOFO-Ba,842,47.70000076293945,43.41606140136719,0.007969081401824951,8.755711555480957,436,762
LOFO-Ba,843,47.900001525878906,48.7059211730957,0.007969081401824951,8.755711555480957,436,762
LOFO-Ba,845,48.0,37.847694396972656,0.007969081401824951,8.755711555480957,436,762
LOFO-Ba,848,48.599998474121094,46.696533203125,0.007969081401824951,8.755711555480957,436,762
LOFO-Ba,850,42.400001525878906,24.49245834350586,0.007969081401824951,8.755711555480957,436,762
LOFO-Ba,853,47.400001525878906,49.669559478759766,0.007969081401824951,8.755711555480957,436,762
LOFO-Ba,856,45.0,37.347938537597656,0.007969081401824951,8.755711555480957,436,762
LOFO-Ba,859,46.099998474121094,43.997833251953125,0.007969081401824951,8.755711555480957,436,762
LOFO-Ba,860,46.29999923706055,45.304237365722656,0.007969081401824951,8.755711555480957,436,762
LOFO-Ba,861,46.400001525878906,45.051513671875,0.007969081401824951,8.755711555480957,436,762
LOFO-Ba,862,47.400001525878906,28.7830810546875,0.007969081401824951,8.755711555480957,436,762
LOFO-Ba,863,46.79999923706055,37.45405960083008,0.007969081401824951,8.755711555480957,436,762
LOFO-Ba,864,46.900001525878906,39.93022537231445,0.007969081401824951,8.755711555480957,436,762
LOFO-Ba,866,47.0,37.45405960083008,0.007969081401824951,8.755711555480957,436,762
LOFO-Ba,867,47.0,39.96409606933594,0.007969081401824951,8.755711555480957,436,762
LOFO-Ba,869,42.400001525878906,34.269046783447266,0.007969081401824951,8.755711555480957,436,762
LOFO-Ba,870,42.29999923706055,34.77926254272461,0.007969081401824951,8.755711555480957,436,762
LOFO-Ba,872,38.0,29.37604331970215,0.007969081401824951,8.755711555480957,436,762
LOFO-Ba,873,38.0,33.40879440307617,0.007969081401824951,8.755711555480957,436,762
LOFO-Ba,877,38.79999923706055,29.431564331054688,0.007969081401824951,8.755711555480957,436,762
LOFO-Ba,878,38.900001525878906,33.699134826660156,0.007969081401824951,8.755711555480957,436,762
LOFO-Ba,879,38.900001525878906,72.18888854980469,0.007969081401824951,8.755711555480957,436,762
LOFO-Ba,880,39.0,32.573768615722656,0.007969081401824951,8.755711555480957,436,762
LOFO-Ba,881,39.0,34.20887756347656,0.007969081401824951,8.755711555480957,436,762
LOFO-Ba,884,39.099998474121094,29.214258193969727,0.007969081401824951,8.755711555480957,436,762
LOFO-Ba,886,37.599998474121094,40.90675735473633,0.007969081401824951,8.755711555480957,436,762
LOFO-Ba,887,37.599998474121094,30.759235382080078,0.007969081401824951,8.755711555480957,436,762
LOFO-Ba,888,37.0,37.68867492675781,0.007969081401824951,8.755711555480957,436,762
LOFO-Ba,891,37.0,35.066776275634766,0.007969081401824951,8.755711555480957,436,762
LOFO-Ba,897,37.20000076293945,27.29876708984375,0.007969081401824951,8.755711555480957,436,762
LOFO-Ba,898,37.29999923706055,30.612693786621094,0.007969081401824951,8.755711555480957,436,762
LOFO-Ba,900,37.400001525878906,35.363441467285156,0.007969081401824951,8.755711555480957,436,762
LOFO-Ba,901,37.0,27.335586547851562,0.007969081401824951,8.755711555480957,436,762
LOFO-Ba,903,39.400001525878906,29.428245544433594,0.007969081401824951,8.755711555480957,436,762
LOFO-Ba,904,39.599998474121094,42.77887725830078,0.007969081401824951,8.755711555480957,436,762
LOFO-Ba,905,41.099998474121094,35.6990966796875,0.007969081401824951,8.755711555480957,436,762
LOFO-Ba,907,41.900001525878906,32.89958190917969,0.007969081401824951,8.755711555480957,436,762
LOFO-Ba,910,42.0,38.08933639526367,0.007969081401824951,8.755711555480957,436,762
LOFO-Ba,912,42.0,36.779266357421875,0.007969081401824951,8.755711555480957,436,762
LOFO-Ba,921,40.0,37.09008026123047,0.007969081401824951,8.755711555480957,436,762
LOFO-Ba,922,39.599998474121094,29.006561279296875,0.007969081401824951,8.755711555480957,436,762
LOFO-Ba,923,39.70000076293945,33.867191314697266,0.007969081401824951,8.755711555480957,436,762
LOFO-Ba,924,39.70000076293945,28.08806610107422,0.007969081401824951,8.755711555480957,436,762
LOFO-Ba,926,40.0,33.94696807861328,0.007969081401824951,8.755711555480957,436,762
LOFO-Ba,927,39.5,35.908355712890625,0.007969081401824951,8.755711555480957,436,762
LOFO-Ba,928,40.0,33.96173095703125,0.007969081401824951,8.755711555480957,436,762
LOFO-Ba,931,40.0,37.47168731689453,0.007969081401824951,8.755711555480957,436,762
LOFO-Ba,932,40.0,35.6990966796875,0.007969081401824951,8.755711555480957,436,762
LOFO-Ba,933,40.0,40.248046875,0.007969081401824951,8.755711555480957,436,762
LOFO-Ba,934,40.0,41.982669830322266,0.007969081401824951,8.755711555480957,436,762
LOFO-Ba,936,49.400001525878906,37.678775787353516,0.007969081401824951,8.755711555480957,436,762
LOFO-Ba,957,86.0,54.016639709472656,0.007969081401824951,8.755711555480957,436,762
LOFO-Ba,1006,76.5999984741211,48.03408432006836,0.007969081401824951,8.755711555480957,436,762
LOFO-Ba,1013,54.79999923706055,49.1744499206543,0.007969081401824951,8.755711555480957,436,762
LOFO-Ba,1017,55.099998474121094,30.426071166992188,0.007969081401824951,8.755711555480957,436,762
LOFO-Ba,1020,57.29999923706055,46.67921447753906,0.007969081401824951,8.755711555480957,436,762
LOFO-Ba,1024,49.79999923706055,27.250957489013672,0.007969081401824951,8.755711555480957,436,762
LOFO-Ba,1028,50.0,35.773887634277344,0.007969081401824951,8.755711555480957,436,762
LOFO-Ba,1033,51.0,38.08789825439453,0.007969081401824951,8.755711555480957,436,762
LOFO-Ba,1038,50.79999923706055,49.64417266845703,0.007969081401824951,8.755711555480957,436,762
LOFO-Ba,1042,66.0,45.29898452758789,0.007969081401824951,8.755711555480957,436,762
LOFO-Ba,1059,60.0,90.87999725341797,0.007969081401824951,8.755711555480957,436,762
LOFO-Ba,1061,60.70000076293945,41.25507354736328,0.007969081401824951,8.755711555480957,436,762
LOFO-Ba,1068,63.900001525878906,38.95973205566406,0.007969081401824951,8.755711555480957,436,762
LOFO-Ba,1073,37.0,31.628711700439453,0.007969081401824951,8.755711555480957,436,762
LOFO-Ba,1074,24.0,29.670822143554688,0.007969081401824951,8.755711555480957,436,762
LOFO-Ba,1075,24.0,18.635753631591797,0.007969081401824951,8.755711555480957,436,762
LOFO-Ba,1076,24.0,30.525096893310547,0.007969081401824951,8.755711555480957,436,762
LOFO-Ba,1079,24.0,27.624420166015625,0.007969081401824951,8.755711555480957,436,762
LOFO-Ba,1080,24.200000762939453,62.91026306152344,0.007969081401824951,8.755711555480957,436,762
LOFO-Ba,1081,24.200000762939453,28.339338302612305,0.007969081401824951,8.755711555480957,436,762
LOFO-Ba,1083,24.5,29.483413696289062,0.007969081401824951,8.755711555480957,436,762
LOFO-Ba,1084,24.700000762939453,28.461063385009766,0.007969081401824951,8.755711555480957,436,762
LOFO-Ba,1085,23.600000381469727,31.68712615966797,0.007969081401824951,8.755711555480957,436,762
LOFO-Ba,1091,23.0,19.15215492248535,0.007969081401824951,8.755711555480957,436,762
LOFO-Ba,1096,24.899999618530273,45.595703125,0.007969081401824951,8.755711555480957,436,762
LOFO-Ba,1097,25.0,30.30086898803711,0.007969081401824951,8.755711555480957,436,762
LOFO-Ba,1099,26.399999618530273,35.62287902832031,0.007969081401824951,8.755711555480957,436,762
LOFO-Ba,1100,26.5,70.64178466796875,0.007969081401824951,8.755711555480957,436,762
LOFO-Ba,1104,27.0,35.15686798095703,0.007969081401824951,8.755711555480957,436,762
LOFO-Ba,1105,27.0,30.092782974243164,0.007969081401824951,8.755711555480957,436,762
LOFO-Ba,1107,26.299999237060547,33.018314361572266,0.007969081401824951,8.755711555480957,436,762
LOFO-Ba,1112,25.100000381469727,28.91396713256836,0.007969081401824951,8.755711555480957,436,762
LOFO-Ba,1114,25.399999618530273,64.89114379882812,0.007969081401824951,8.755711555480957,436,762
LOFO-Ba,1115,25.700000762939453,35.908897399902344,0.007969081401824951,8.755711555480957,436,762
LOFO-Ba,1117,25.100000381469727,28.8250732421875,0.007969081401824951,8.755711555480957,436,762
LOFO-Ba,1118,22.100000381469727,28.87781524658203,0.007969081401824951,8.755711555480957,436,762
LOFO-Ba,1121,17.0,19.62057876586914,0.007969081401824951,8.755711555480957,436,762
LOFO-Ba,1122,17.100000381469727,26.07455825805664,0.007969081401824951,8.755711555480957,436,762
LOFO-Ba,1123,17.100000381469727,20.480815887451172,0.007969081401824951,8.755711555480957,436,762
LOFO-Ba,1124,17.399999618530273,27.52678871154785,0.007969081401824951,8.755711555480957,436,762
LOFO-Ba,1126,18.100000381469727,20.480815887451172,0.007969081401824951,8.755711555480957,436,762
LOFO-Ba,1130,19.0,48.348358154296875,0.007969081401824951,8.755711555480957,436,762
LOFO-Ba,1131,19.0,19.69841766357422,0.007969081401824951,8.755711555480957,436,762
LOFO-Ba,1133,16.299999237060547,26.529865264892578,0.007969081401824951,8.755711555480957,436,762
LOFO-Ba,1136,13.100000381469727,31.84172248840332,0.007969081401824951,8.755711555480957,436,762
LOFO-Ba,1137,14.0,50.49875259399414,0.007969081401824951,8.755711555480957,436,762
LOFO-Ba,1138,14.399999618530273,26.052101135253906,0.007969081401824951,8.755711555480957,436,762
LOFO-Ba,1140,14.399999618530273,26.755393981933594,0.007969081401824951,8.755711555480957,436,762
LOFO-Ba,1141,15.100000381469727,26.540607452392578,0.007969081401824951,8.755711555480957,436,762
LOFO-Ba,1142,15.399999618530273,25.840473175048828,0.007969081401824951,8.755711555480957,436,762
LOFO-Ba,1143,15.399999618530273,26.699642181396484,0.007969081401824951,8.755711555480957,436,762
LOFO-Ba,1144,15.600000381469727,26.78772735595703,0.007969081401824951,8.755711555480957,436,762
LOFO-Ba,1147,14.5,26.755393981933594,0.007969081401824951,8.755711555480957,436,762
LOFO-Ba,1148,27.0,45.335411071777344,0.007969081401824951,8.755711555480957,436,762
LOFO-Ba,1150,20.700000762939453,43.411773681640625,0.007969081401824951,8.755711555480957,436,762
LOFO-Ba,1152,20.799999237060547,27.332866668701172,0.007969081401824951,8.755711555480957,436,762
LOFO-Ba,1157,21.0,17.242969512939453,0.007969081401824951,8.755711555480957,436,762
LOFO-Ba,1159,21.200000762939453,31.395389556884766,0.007969081401824951,8.755711555480957,436,762
LOFO-Ba,1163,21.600000381469727,55.989341735839844,0.007969081401824951,8.755711555480957,436,762
LOFO-Ba,1168,19.700000762939453,29.678821563720703,0.007969081401824951,8.755711555480957,436,762
LOFO-Ba,1171,19.299999237060547,19.98431396484375,0.007969081401824951,8.755711555480957,436,762
LOFO-Ba,1173,20.0,23.47939109802246,0.007969081401824951,8.755711555480957,436,762
LOFO-Ba,1174,20.0,30.725095748901367,0.007969081401824951,8.755711555480957,436,762
LOFO-Ba,1175,20.0,32.57742691040039,0.007969081401824951,8.755711555480957,436,762
LOFO-Ba,1176,20.0,19.94287872314453,0.007969081401824951,8.755711555480957,436,762
LOFO-Ba,1177,20.0,19.618392944335938,0.007969081401824951,8.755711555480957,436,762
LOFO-Ba,1178,27.100000381469727,31.822010040283203,0.007969081401824951,8.755711555480957,436,762
LOFO-Ba,1182,33.5,30.215526580810547,0.007969081401824951,8.755711555480957,436,762
LOFO-Ba,1183,33.599998474121094,59.25818634033203,0.007969081401824951,8.755711555480957,436,762
LOFO-Ba,1184,33.70000076293945,30.728599548339844,0.007969081401824951,8.755711555480957,436,762
LOFO-Ba,1185,33.70000076293945,35.26988220214844,0.007969081401824951,8.755711555480957,436,762
LOFO-Ba,1187,34.0,37.29552459716797,0.007969081401824951,8.755711555480957,436,762
LOFO-Ba,1188,34.0,32.64459228515625,0.007969081401824951,8.755711555480957,436,762
LOFO-Ba,1189,34.0,38.06734085083008,0.007969081401824951,8.755711555480957,436,762
LOFO-Ba,1193,33.20000076293945,37.42186737060547,0.007969081401824951,8.755711555480957,436,762
LOFO-Ba,1196,32.0,28.08806610107422,0.007969081401824951,8.755711555480957,436,762
LOFO-Ba,1201,34.0,35.74879455566406,0.007969081401824951,8.755711555480957,436,762
LOFO-Ba,1203,32.0,32.458984375,0.007969081401824951,8.755711555480957,436,762
LOFO-Ba,1204,32.20000076293945,35.817474365234375,0.007969081401824951,8.755711555480957,436,762
LOFO-Ba,1205,32.400001525878906,39.57127380371094,0.007969081401824951,8.755711555480957,436,762
LOFO-Ba,1207,33.0,26.845966339111328,0.007969081401824951,8.755711555480957,436,762
LOFO-Ba,1208,33.0,31.209842681884766,0.007969081401824951,8.755711555480957,436,762
LOFO-Ba,1210,34.0,32.97549819946289,0.007969081401824951,8.755711555480957,436,762
LOFO-Ba,1211,36.0,29.95420265197754,0.007969081401824951,8.755711555480957,436,762
LOFO-Ba,1212,36.0,30.907089233398438,0.007969081401824951,8.755711555480957,436,762
LOFO-Ba,1214,36.0,30.010147094726562,0.007969081401824951,8.755711555480957,436,762
LOFO-Ba,1218,36.0,41.19537353515625,0.007969081401824951,8.755711555480957,436,762
LOFO-Ba,1223,36.0,29.405447006225586,0.007969081401824951,8.755711555480957,436,762
LOFO-Ba,1225,35.70000076293945,35.14506149291992,0.007969081401824951,8.755711555480957,436,762
LOFO-Ba,1226,34.0,29.74350357055664,0.007969081401824951,8.755711555480957,436,762
LOFO-Ba,1227,34.099998474121094,34.869956970214844,0.007969081401824951,8.755711555480957,436,762
LOFO-Ba,1229,34.5,31.004871368408203,0.007969081401824951,8.755711555480957,436,762
LOFO-Ba,1230,34.70000076293945,43.39436340332031,0.007969081401824951,8.755711555480957,436,762
LOFO-Ba,1232,35.0,38.39680480957031,0.007969081401824951,8.755711555480957,436,762
LOFO-Ba,1234,35.0,30.61132049560547,0.007969081401824951,8.755711555480957,436,762
LOFO-Ba,1236,35.20000076293945,35.26559066772461,0.007969081401824951,8.755711555480957,436,762
LOFO-Ba,1238,35.5,35.29169845581055,0.007969081401824951,8.755711555480957,436,762
LOFO-Ba,1239,37.0,29.431564331054688,0.007969081401824951,8.755711555480957,436,762
LOFO-Ba,1240,31.799999237060547,36.237335205078125,0.007969081401824951,8.755711555480957,436,762
LOFO-Ba,1241,31.700000762939453,36.22893524169922,0.007969081401824951,8.755711555480957,436,762
LOFO-Ba,1243,28.100000381469727,19.733041763305664,0.007969081401824951,8.755711555480957,436,762
LOFO-Ba,1246,29.0,35.2958984375,0.007969081401824951,8.755711555480957,436,762
LOFO-Ba,1247,29.0,31.349456787109375,0.007969081401824951,8.755711555480957,436,762
LOFO-Ba,1249,29.100000381469727,28.339338302612305,0.007969081401824951,8.755711555480957,436,762
LOFO-Ba,1252,29.799999237060547,44.18511962890625,0.007969081401824951,8.755711555480957,436,762
LOFO-Ba,1253,28.0,35.534095764160156,0.007969081401824951,8.755711555480957,436,762
LOFO-Ba,1262,27.700000762939453,30.045379638671875,0.007969081401824951,8.755711555480957,436,762
LOFO-Ba,1265,28.0,34.80579376220703,0.007969081401824951,8.755711555480957,436,762
LOFO-Ba,1266,28.0,29.642793655395508,0.007969081401824951,8.755711555480957,436,762
LOFO-Ba,1268,28.0,29.68368148803711,0.007969081401824951,8.755711555480957,436,762
LOFO-Ba,1270,28.0,31.368270874023438,0.007969081401824951,8.755711555480957,436,762
LOFO-Ba,1282,31.0,36.19367218017578,0.007969081401824951,8.755711555480957,436,762
LOFO-Ba,1283,31.0,28.585102081298828,0.007969081401824951,8.755711555480957,436,762
LOFO-Ba,1284,31.100000381469727,36.735321044921875,0.007969081401824951,8.755711555480957,436,762
LOFO-Ba,1286,31.200000762939453,33.687469482421875,0.007969081401824951,8.755711555480957,436,762
LOFO-Ba,1287,31.399999618530273,19.763959884643555,0.007969081401824951,8.755711555480957,436,762
LOFO-Ba,1288,31.5,27.925094604492188,0.007969081401824951,8.755711555480957,436,762
LOFO-Ba,1291,31.0,35.091224670410156,0.007969081401824951,8.755711555480957,436,762
LOFO-Ba,1292,31.0,33.616615295410156,0.007969081401824951,8.755711555480957,436,762
LOFO-Ba,1294,30.0,35.534095764160156,0.007969081401824951,8.755711555480957,436,762
LOFO-Ba,1295,30.0,31.437585830688477,0.007969081401824951,8.755711555480957,436,762
LOFO-Ba,1296,30.0,30.921907424926758,0.007969081401824951,8.755711555480957,436,762
LOFO-Ba,1298,30.0,29.810623168945312,0.007969081401824951,8.755711555480957,436,762
LOFO-Ba,1300,30.5,32.48009490966797,0.007969081401824951,8.755711555480957,436,762
LOFO-Ca,0,8.5,32.23423767089844,0.6099848747253418,13.386331558227539,421,826
LOFO-Ca,1,49.79999923706055,50.618896484375,0.6099848747253418,13.386331558227539,421,826
LOFO-Ca,2,48.0,49.33405303955078,0.6099848747253418,13.386331558227539,421,826
LOFO-Ca,3,41.29999923706055,45.43146514892578,0.6099848747253418,13.386331558227539,421,826
LOFO-Ca,4,36.79999923706055,42.01829528808594,0.6099848747253418,13.386331558227539,421,826
LOFO-Ca,5,65.4000015258789,59.37844467163086,0.6099848747253418,13.386331558227539,421,826
LOFO-Ca,6,54.29999923706055,53.934295654296875,0.6099848747253418,13.386331558227539,421,826
LOFO-Ca,7,48.5,50.67223358154297,0.6099848747253418,13.386331558227539,421,826
LOFO-Ca,8,48.099998474121094,49.38287353515625,0.6099848747253418,13.386331558227539,421,826
LOFO-Ca,9,41.20000076293945,45.46921157836914,0.6099848747253418,13.386331558227539,421,826
LOFO-Ca,10,36.400001525878906,42.04970932006836,0.6099848747253418,13.386331558227539,421,826
LOFO-Ca,11,69.0,59.654422760009766,0.6099848747253418,13.386331558227539,421,826
LOFO-Ca,12,56.599998474121094,54.133995056152344,0.6099848747253418,13.386331558227539,421,826
LOFO-Ca,13,49.400001525878906,50.83161926269531,0.6099848747253418,13.386331558227539,421,826
LOFO-Ca,14,48.0,49.528221130371094,0.6099848747253418,13.386331558227539,421,826
LOFO-Ca,15,41.099998474121094,45.57994842529297,0.6099848747253418,13.386331558227539,421,826
LOFO-Ca,16,36.400001525878906,42.140625,0.6099848747253418,13.386331558227539,421,826
LOFO-Ca,18,37.20000076293945,44.906742095947266,0.6099848747253418,13.386331558227539,421,826
LOFO-Ca,19,45.599998474121094,34.766719818115234,0.6099848747253418,13.386331558227539,421,826
LOFO-Ca,20,40.29999923706055,44.02121353149414,0.6099848747253418,13.386331558227539,421,826
LOFO-Ca,21,37.900001525878906,43.57366943359375,0.6099848747253418,13.386331558227539,421,826
LOFO-Ca,22,45.79999923706055,43.49195861816406,0.6099848747253418,13.386331558227539,421,826
LOFO-Ca,23,52.0,43.523345947265625,0.6099848747253418,13.386331558227539,421,826
LOFO-Ca,24,55.70000076293945,53.86780548095703,0.6099848747253418,13.386331558227539,421,826
LOFO-Ca,25,67.80000305175781,59.28667449951172,0.6099848747253418,13.386331558227539,421,826
LOFO-Ca,39,48.0,27.000587463378906,0.6099848747253418,13.386331558227539,421,826
LOFO-Ca,53,38.0,28.805917739868164,0.6099848747253418,13.386331558227539,421,826
LOFO-Ca,54,65.4000015258789,58.92498779296875,0.6099848747253418,13.386331558227539,421,826
LOFO-Ca,55,52.20000076293945,53.01634979248047,0.6099848747253418,13.386331558227539,421,826
LOFO-Ca,56,52.29999923706055,53.080543518066406,0.6099848747253418,13.386331558227539,421,826
LOFO-Ca,57,52.400001525878906,53.249107360839844,0.6099848747253418,13.386331558227539,421,826
LOFO-Ca,58,52.0,53.42689514160156,0.6099848747253418,13.386331558227539,421,826
LOFO-Ca,59,46.599998474121094,50.280906677246094,0.6099848747253418,13.386331558227539,421,826
LOFO-Ca,60,46.70000076293945,50.3314208984375,0.6099848747253418,13.386331558227539,421,826
LOFO-Ca,61,46.79999923706055,50.46653747558594,0.6099848747253418,13.386331558227539,421,826
LOFO-Ca,62,46.5,50.612213134765625,0.6099848747253418,13.386331558227539,421,826
LOFO-Ca,63,41.400001525878906,48.603797912597656,0.6099848747253418,13.386331558227539,421,826
LOFO-Ca,64,65.69999694824219,58.68107604980469,0.6099848747253418,13.386331558227539,421,826
LOFO-Ca,65,41.5,48.7608642578125,0.6099848747253418,13.386331558227539,421,826
LOFO-Ca,66,43.5,50.33259582519531,0.6099848747253418,13.386331558227539,421,826
LOFO-Ca,67,41.5,52.302642822265625,0.6099848747253418,13.386331558227539,421,826
LOFO-Ca,68,49.400001525878906,52.707279205322266,0.6099848747253418,13.386331558227539,421,826
LOFO-Ca,69,45.29999923706055,48.98432922363281,0.6099848747253418,13.386331558227539,421,826
LOFO-Ca,70,45.20000076293945,53.541419982910156,0.6099848747253418,13.386331558227539,421,826
LOFO-Ca,71,45.20000076293945,54.220611572265625,0.6099848747253418,13.386331558227539,421,826
LOFO-Ca,72,44.70000076293945,48.33988952636719,0.6099848747253418,13.386331558227539,421,826
LOFO-Ca,73,44.099998474121094,47.78651428222656,0.6099848747253418,13.386331558227539,421,826
LOFO-Ca,74,43.599998474121094,46.801422119140625,0.6099848747253418,13.386331558227539,421,826
LOFO-Ca,75,47.5,49.901100158691406,0.6099848747253418,13.386331558227539,421,826
LOFO-Ca,76,46.5,48.69252014160156,0.6099848747253418,13.386331558227539,421,826
LOFO-Ca,78,65.5999984741211,58.443424224853516,0.6099848747253418,13.386331558227539,421,826
LOFO-Ca,79,41.099998474121094,43.246856689453125,0.6099848747253418,13.386331558227539,421,826
LOFO-Ca,85,39.70000076293945,47.37906265258789,0.6099848747253418,13.386331558227539,421,826
LOFO-Ca,86,22.739999771118164,28.08397102355957,0.6099848747253418,13.386331558227539,421,826
LOFO-Ca,87,25.84000015258789,30.80465316772461,0.6099848747253418,13.386331558227539,421,826
LOFO-Ca,88,29.3799991607666,36.30823516845703,0.6099848747253418,13.386331558227539,421,826
LOFO-Ca,89,32.849998474121094,39.91047668457031,0.6099848747253418,13.386331558227539,421,826
LOFO-Ca,90,50.209999084472656,54.45835876464844,0.6099848747253418,13.386331558227539,421,826
LOFO-Ca,91,65.5,58.35093688964844,0.6099848747253418,13.386331558227539,421,826
LOFO-Ca,92,69.19999694824219,67.73322296142578,0.6099848747253418,13.386331558227539,421,826
LOFO-Ca,93,46.0,32.218990325927734,0.6099848747253418,13.386331558227539,421,826
LOFO-Ca,94,43.0,32.520042419433594,0.6099848747253418,13.386331558227539,421,826
LOFO-Ca,95,40.0,32.33384704589844,0.6099848747253418,13.386331558227539,421,826
LOFO-Ca,96,38.0,29.355873107910156,0.6099848747253418,13.386331558227539,421,826
LOFO-Ca,104,62.970001220703125,49.123085021972656,0.6099848747253418,13.386331558227539,421,826
LOFO-Ca,161,59.29999923706055,51.94699478149414,0.6099848747253418,13.386331558227539,421,826
LOFO-Ca,162,49.209999084472656,37.1658821105957,0.6099848747253418,13.386331558227539,421,826
LOFO-Ca,163,44.36000061035156,51.89458465576172,0.6099848747253418,13.386331558227539,421,826
LOFO-Ca,164,40.45000076293945,50.226234436035156,0.6099848747253418,13.386331558227539,421,826
LOFO-Ca,165,35.22999954223633,50.36248016357422,0.6099848747253418,13.386331558227539,421,826
LOFO-Ca,170,71.86000061035156,50.716529846191406,0.6099848747253418,13.386331558227539,421,826
LOFO-Ca,213,54.310001373291016,45.583892822265625,0.6099848747253418,13.386331558227539,421,826
LOFO-Ca,214,44.2400016784668,41.24302673339844,0.6099848747253418,13.386331558227539,421,826
LOFO-Ca,215,100.0999984741211,83.83309936523438,0.6099848747253418,13.386331558227539,421,826
LOFO-Ca,216,105.0999984741211,85.88063049316406,0.6099848747253418,13.386331558227539,421,826
LOFO-Ca,217,97.5999984741211,97.00399780273438,0.6099848747253418,13.386331558227539,421,826
LOFO-Ca,218,89.4000015258789,89.3529281616211,0.6099848747253418,13.386331558227539,421,826
LOFO-Ca,219,103.0,85.12431335449219,0.6099848747253418,13.386331558227539,421,826
LOFO-Ca,220,70.5999984741211,84.34933471679688,0.6099848747253418,13.386331558227539,421,826
LOFO-Ca,221,72.0,78.93284606933594,0.6099848747253418,13.386331558227539,421,826
LOFO-Ca,222,73.0,50.7285270690918,0.6099848747253418,13.386331558227539,421,826
LOFO-Ca,223,95.5,56.481571197509766,0.6099848747253418,13.386331558227539,421,826
LOFO-Ca,224,67.9000015258789,82.64490509033203,0.6099848747253418,13.386331558227539,421,826
LOFO-Ca,225,79.5999984741211,82.38346862792969,0.6099848747253418,13.386331558227539,421,826
LOFO-Ca,226,84.0,82.11013793945312,0.6099848747253418,13.386331558227539,421,826
LOFO-Ca,227,83.9000015258789,81.82496643066406,0.6099848747253418,13.386331558227539,421,826
LOFO-Ca,235,121.30000305175781,81.57124328613281,0.6099848747253418,13.386331558227539,421,826
LOFO-Ca,236,110.4000015258789,90.6839370727539,0.6099848747253418,13.386331558227539,421,826
LOFO-Ca,237,116.0,98.54542541503906,0.6099848747253418,13.386331558227539,421,826
LOFO-Ca,238,117.0,82.71440124511719,0.6099848747253418,13.386331558227539,421,826
LOFO-Ca,240,58.849998474121094,54.36005783081055,0.6099848747253418,13.386331558227539,421,826
LOFO-Ca,241,112.5999984741211,95.28950500488281,0.6099848747253418,13.386331558227539,421,826
LOFO-Ca,242,60.20000076293945,41.13167190551758,0.6099848747253418,13.386331558227539,421,826
LOFO-Ca,243,62.0,64.45504760742188,0.6099848747253418,13.386331558227539,421,826
LOFO-Ca,256,132.60000610351562,94.65623474121094,0.6099848747253418,13.386331558227539,421,826
LOFO-Ca,257,136.39999389648438,86.2769546508789,0.6099848747253418,13.386331558227539,421,826
LOFO-Ca,258,142.0,87.45993041992188,0.6099848747253418,13.386331558227539,421,826
LOFO-Ca,259,128.1999969482422,87.91738891601562,0.6099848747253418,13.386331558227539,421,826
LOFO-Ca,260,123.0,87.28752136230469,0.6099848747253418,13.386331558227539,421,826
LOFO-Ca,261,121.30000305175781,86.39939880371094,0.6099848747253418,13.386331558227539,421,826
LOFO-Ca,262,117.0,86.91606140136719,0.6099848747253418,13.386331558227539,421,826
LOFO-Ca,267,45.0,53.80731201171875,0.6099848747253418,13.386331558227539,421,826
LOFO-Ca,268,44.0,49.8612060546875,0.6099848747253418,13.386331558227539,421,826
LOFO-Ca,276,119.0,79.74740600585938,0.6099848747253418,13.386331558227539,421,826
LOFO-Ca,277,107.0,76.53333282470703,0.6099848747253418,13.386331558227539,421,826
LOFO-Ca,279,98.0,73.83120727539062,0.6099848747253418,13.386331558227539,421,826
LOFO-Ca,280,98.0,89.62916564941406,0.6099848747253418,13.386331558227539,421,826
LOFO-Ca,281,141.0,81.37606811523438,0.6099848747253418,13.386331558227539,421,826
LOFO-Ca,282,117.0,77.48301696777344,0.6099848747253418,13.386331558227539,421,826
LOFO-Ca,283,108.0,73.83120727539062,0.6099848747253418,13.386331558227539,421,826
LOFO-Ca,284,100.0,70.913330078125,0.6099848747253418,13.386331558227539,421,826
LOFO-Ca,285,99.0,57.37648010253906,0.6099848747253418,13.386331558227539,421,826
LOFO-Ca,286,98.0,57.05262756347656,0.6099848747253418,13.386331558227539,421,826
LOFO-Ca,287,102.0,56.40930938720703,0.6099848747253418,13.386331558227539,421,826
LOFO-Ca,288,94.0,56.39607238769531,0.6099848747253418,13.386331558227539,421,826
LOFO-Ca,289,82.0,56.11335754394531,0.6099848747253418,13.386331558227539,421,826
LOFO-Ca,290,93.0,72.99128723144531,0.6099848747253418,13.386331558227539,421,826
LOFO-Ca,294,119.0,89.09586334228516,0.6099848747253418,13.386331558227539,421,826
LOFO-Ca,295,101.0,66.9801025390625,0.6099848747253418,13.386331558227539,421,826
LOFO-Ca,296,94.5,57.94324493408203,0.6099848747253418,13.386331558227539,421,826
LOFO-Ca,297,112.95999908447266,76.65473937988281,0.6099848747253418,13.386331558227539,421,826
LOFO-Ca,298,103.3499984741211,73.94996643066406,0.6099848747253418,13.386331558227539,421,826
LOFO-Ca,299,100.08000183105469,71.52540588378906,0.6099848747253418,13.386331558227539,421,826
LOFO-Ca,300,114.0,85.56534576416016,0.6099848747253418,13.386331558227539,421,826
LOFO-Ca,301,130.5,71.53069305419922,0.6099848747253418,13.386331558227539,421,826
LOFO-Ca,310,47.25,42.59299087524414,0.6099848747253418,13.386331558227539,421,826
LOFO-Ca,313,66.0,39.972618103027344,0.6099848747253418,13.386331558227539,421,826
LOFO-Ca,314,75.0,30.558061599731445,0.6099848747253418,13.386331558227539,421,826
LOFO-Ca,315,83.0,30.903430938720703,0.6099848747253418,13.386331558227539,421,826
LOFO-Ca,316,48.0,42.2686767578125,0.6099848747253418,13.386331558227539,421,826
LOFO-Ca,317,61.0,33.43370819091797,0.6099848747253418,13.386331558227539,421,826
LOFO-Ca,318,64.0,33.57378387451172,0.6099848747253418,13.386331558227539,421,826
LOFO-Ca,330,45.0,41.87127685546875,0.6099848747253418,13.386331558227539,421,826
LOFO-Ca,337,41.560001373291016,39.984718322753906,0.6099848747253418,13.386331558227539,421,826
LOFO-Ca,338,44.70000076293945,44.17319107055664,0.6099848747253418,13.386331558227539,421,826
LOFO-Ca,341,49.29999923706055,42.790855407714844,0.6099848747253418,13.386331558227539,421,826
LOFO-Ca,342,55.20000076293945,55.12055969238281,0.6099848747253418,13.386331558227539,421,826
LOFO-Ca,343,54.900001525878906,63.36210250854492,0.6099848747253418,13.386331558227539,421,826
LOFO-Ca,345,42.0,27.978219985961914,0.6099848747253418,13.386331558227539,421,826
LOFO-Ca,346,43.61000061035156,43.68421173095703,0.6099848747253418,13.386331558227539,421,826
LOFO-Ca,347,43.36000061035156,45.03014373779297,0.6099848747253418,13.386331558227539,421,826
LOFO-Ca,348,25.399999618530273,36.21122360229492,0.6099848747253418,13.386331558227539,421,826
LOFO-Ca,349,43.099998474121094,49.60380554199219,0.6099848747253418,13.386331558227539,421,826
LOFO-Ca,361,42.29999923706055,47.576656341552734,0.6099848747253418,13.386331558227539,421,826
LOFO-Ca,362,28.700000762939453,38.069889068603516,0.6099848747253418,13.386331558227539,421,826
LOFO-Ca,363,33.599998474121094,40.354496002197266,0.6099848747253418,13.386331558227539,421,826
LOFO-Ca,364,39.400001525878906,42.989967346191406,0.6099848747253418,13.386331558227539,421,826
LOFO-Ca,383,60.0,42.650211334228516,0.6099848747253418,13.386331558227539,421,826
LOFO-Ca,384,47.0,48.509090423583984,0.6099848747253418,13.386331558227539,421,826
LOFO-Ca,385,51.0,39.79473114013672,0.6099848747253418,13.386331558227539,421,826
LOFO-Ca,386,58.900001525878906,44.139495849609375,0.6099848747253418,13.386331558227539,421,826
LOFO-Ca,387,43.900001525878906,39.49656677246094,0.6099848747253418,13.386331558227539,421,826
LOFO-Ca,388,52.29999923706055,44.021202087402344,0.6099848747253418,13.386331558227539,421,826
LOFO-Ca,391,28.0,34.213462829589844,0.6099848747253418,13.386331558227539,421,826
LOFO-Ca,392,48.0,41.00237274169922,0.6099848747253418,13.386331558227539,421,826
LOFO-Ca,393,45.099998474121094,44.48923110961914,0.6099848747253418,13.386331558227539,421,826
LOFO-Ca,394,47.79999923706055,46.05144500732422,0.6099848747253418,13.386331558227539,421,826
LOFO-Ca,395,59.900001525878906,49.70170593261719,0.6099848747253418,13.386331558227539,421,826
LOFO-Ca,396,73.0999984741211,56.77885818481445,0.6099848747253418,13.386331558227539,421,826
LOFO-Ca,397,95.0,64.21192932128906,0.6099848747253418,13.386331558227539,421,826
LOFO-Ca,398,121.69999694824219,74.90397644042969,0.6099848747253418,13.386331558227539,421,826
LOFO-Ca,404,36.0,38.33625793457031,0.6099848747253418,13.386331558227539,421,826
LOFO-Ca,413,109.0,65.48265075683594,0.6099848747253418,13.386331558227539,421,826
LOFO-Ca,414,68.0,50.331695556640625,0.6099848747253418,13.386331558227539,421,826
LOFO-Ca,415,54.0,43.387001037597656,0.6099848747253418,13.386331558227539,421,826
LOFO-Ca,419,25.200000762939453,45.03619384765625,0.6099848747253418,13.386331558227539,421,826
LOFO-Ca,420,24.799999237060547,42.838600158691406,0.6099848747253418,13.386331558227539,421,826
LOFO-Ca,421,23.299999237060547,46.870094299316406,0.6099848747253418,13.386331558227539,421,826
LOFO-Ca,422,22.600000381469727,43.45257568359375,0.6099848747253418,13.386331558227539,421,826
LOFO-Ca,423,25.399999618530273,44.378662109375,0.6099848747253418,13.386331558227539,421,826
LOFO-Ca,424,24.899999618530273,42.16630554199219,0.6099848747253418,13.386331558227539,421,826
LOFO-Ca,425,23.899999618530273,46.269744873046875,0.6099848747253418,13.386331558227539,421,826
LOFO-Ca,426,23.5,42.84178161621094,0.6099848747253418,13.386331558227539,421,826
LOFO-Ca,427,23.299999237060547,27.148921966552734,0.6099848747253418,13.386331558227539,421,826
LOFO-Ca,428,24.200000762939453,27.180469512939453,0.6099848747253418,13.386331558227539,421,826
LOFO-Ca,429,24.5,26.959552764892578,0.6099848747253418,13.386331558227539,421,826
LOFO-Ca,430,24.700000762939453,27.00653076171875,0.6099848747253418,13.386331558227539,421,826
LOFO-Ca,431,25.0,26.646617889404297,0.6099848747253418,13.386331558227539,421,826
LOFO-Ca,432,25.5,26.582138061523438,0.6099848747253418,13.386331558227539,421,826
LOFO-Ca,433,26.5,26.502098083496094,0.6099848747253418,13.386331558227539,421,826
LOFO-Ca,434,32.0,26.566486358642578,0.6099848747253418,13.386331558227539,421,826
LOFO-Ca,435,31.399999618530273,26.58865737915039,0.6099848747253418,13.386331558227539,421,826
LOFO-Ca,436,31.0,27.367294311523438,0.6099848747253418,13.386331558227539,421,826
LOFO-Ca,437,30.5,26.438980102539062,0.6099848747253418,13.386331558227539,421,826
LOFO-Ca,438,30.0,26.586523056030273,0.6099848747253418,13.386331558227539,421,826
LOFO-Ca,439,29.600000381469727,29.415451049804688,0.6099848747253418,13.386331558227539,421,826
LOFO-Ca,442,29.600000381469727,39.26872253417969,0.6099848747253418,13.386331558227539,421,826
LOFO-Ca,443,55.20000076293945,36.682640075683594,0.6099848747253418,13.386331558227539,421,826
LOFO-Ca,444,44.70000076293945,38.49489974975586,0.6099848747253418,13.386331558227539,421,826
LOFO-Ca,445,38.599998474121094,46.34861755371094,0.6099848747253418,13.386331558227539,421,826
LOFO-Ca,448,34.0,28.253265380859375,0.6099848747253418,13.386331558227539,421,826
LOFO-Ca,449,36.0,35.070335388183594,0.6099848747253418,13.386331558227539,421,826
LOFO-Ca,462,21.399999618530273,26.714561462402344,0.6099848747253418,13.386331558227539,421,826
LOFO-Ca,465,22.600000381469727,57.59306335449219,0.6099848747253418,13.386331558227539,421,826
LOFO-Ca,466,23.0,26.701370239257812,0.6099848747253418,13.386331558227539,421,826
LOFO-Ca,467,29.600000381469727,44.46691131591797,0.6099848747253418,13.386331558227539,421,826
LOFO-Ca,468,32.400001525878906,43.297576904296875,0.6099848747253418,13.386331558227539,421,826
LOFO-Ca,469,34.599998474121094,41.79708480834961,0.6099848747253418,13.386331558227539,421,826
LOFO-Ca,477,25.0,33.069454193115234,0.6099848747253418,13.386331558227539,421,826
LOFO-Ca,493,23.799999237060547,44.948360443115234,0.6099848747253418,13.386331558227539,421,826
LOFO-Ca,524,17.0,27.370269775390625,0.6099848747253418,13.386331558227539,421,826
LOFO-Ca,587,19.0,22.922391891479492,0.6099848747253418,13.386331558227539,421,826
LOFO-Ca,600,20.0,25.66552734375,0.6099848747253418,13.386331558227539,421,826
LOFO-Ca,601,20.899999618530273,25.726886749267578,0.6099848747253418,13.386331558227539,421,826
LOFO-Ca,602,27.0,25.145936965942383,0.6099848747253418,13.386331558227539,421,826
LOFO-Ca,603,19.5,24.95667266845703,0.6099848747253418,13.386331558227539,421,826
LOFO-Ca,604,20.0,24.539703369140625,0.6099848747253418,13.386331558227539,421,826
LOFO-Ca,605,19.600000381469727,24.636375427246094,0.6099848747253418,13.386331558227539,421,826
LOFO-Ca,606,21.100000381469727,24.21670913696289,0.6099848747253418,13.386331558227539,421,826
LOFO-Ca,613,20.600000381469727,25.880226135253906,0.6099848747253418,13.386331558227539,421,826
LOFO-Ca,615,38.0,43.28472137451172,0.6099848747253418,13.386331558227539,421,826
LOFO-Ca,616,31.0,38.74701690673828,0.6099848747253418,13.386331558227539,421,826
LOFO-Ca,617,23.0,34.69134521484375,0.6099848747253418,13.386331558227539,421,826
LOFO-Ca,618,26.0,43.307716369628906,0.6099848747253418,13.386331558227539,421,826
LOFO-Ca,619,23.0,38.967708587646484,0.6099848747253418,13.386331558227539,421,826
LOFO-Ca,620,20.0,34.8553352355957,0.6099848747253418,13.386331558227539,421,826
LOFO-Ca,621,35.0,41.09423065185547,0.6099848747253418,13.386331558227539,421,826
LOFO-Ca,622,30.0,37.065673828125,0.6099848747253418,13.386331558227539,421,826
LOFO-Ca,623,26.0,34.10462188720703,0.6099848747253418,13.386331558227539,421,826
LOFO-Ca,624,29.0,35.93174743652344,0.6099848747253418,13.386331558227539,421,826
LOFO-Ca,625,12.0,33.14006042480469,0.6099848747253418,13.386331558227539,421,826
LOFO-Ca,626,30.0,41.42475891113281,0.6099848747253418,13.386331558227539,421,826
LOFO-Ca,627,26.0,37.495548248291016,0.6099848747253418,13.386331558227539,421,826
LOFO-Ca,628,20.0,33.87653732299805,0.6099848747253418,13.386331558227539,421,826
LOFO-Ca,629,17.0,43.18077087402344,0.6099848747253418,13.386331558227539,421,826
LOFO-Ca,630,13.0,39.347251892089844,0.6099848747253418,13.386331558227539,421,826
LOFO-Ca,631,10.0,35.786991119384766,0.6099848747253418,13.386331558227539,421,826
LOFO-Ca,632,32.0,39.98801803588867,0.6099848747253418,13.386331558227539,421,826
LOFO-Ca,633,29.0,39.66398620605469,0.6099848747253418,13.386331558227539,421,826
LOFO-Ca,650,26.0,35.995025634765625,0.6099848747253418,13.386331558227539,421,826
LOFO-Ca,651,25.0,36.42320251464844,0.6099848747253418,13.386331558227539,421,826
LOFO-Ca,662,23.0,36.512874603271484,0.6099848747253418,13.386331558227539,421,826
LOFO-Ca,674,92.12000274658203,65.93659210205078,0.6099848747253418,13.386331558227539,421,826
LOFO-Ca,675,23.0,33.2967529296875,0.6099848747253418,13.386331558227539,421,826
LOFO-Ca,676,22.0,34.26839828491211,0.6099848747253418,13.386331558227539,421,826
LOFO-Ca,677,22.0,41.32514953613281,0.6099848747253418,13.386331558227539,421,826
LOFO-Ca,678,28.0,38.573150634765625,0.6099848747253418,13.386331558227539,421,826
LOFO-Ca,679,24.0,34.87909698486328,0.6099848747253418,13.386331558227539,421,826
LOFO-Ca,680,20.0,32.34828186035156,0.6099848747253418,13.386331558227539,421,826
LOFO-Ca,681,32.0,31.412534713745117,0.6099848747253418,13.386331558227539,421,826
LOFO-Ca,682,34.0,34.351600646972656,0.6099848747253418,13.386331558227539,421,826
LOFO-Ca,688,23.0,33.818580627441406,0.6099848747253418,13.386331558227539,421,826
LOFO-Ca,691,25.0,34.24882888793945,0.6099848747253418,13.386331558227539,421,826
LOFO-Ca,692,40.0,32.371925354003906,0.6099848747253418,13.386331558227539,421,826
LOFO-Ca,693,28.0,41.22776794433594,0.6099848747253418,13.386331558227539,421,826
LOFO-Ca,694,29.0,33.36027908325195,0.6099848747253418,13.386331558227539,421,826
LOFO-Ca,695,26.0,33.64399337768555,0.6099848747253418,13.386331558227539,421,826
LOFO-Ca,696,27.0,35.71672821044922,0.6099848747253418,13.386331558227539,421,826
LOFO-Ca,697,35.0,35.97542953491211,0.6099848747253418,13.386331558227539,421,826
LOFO-Ca,698,20.0,34.291175842285156,0.6099848747253418,13.386331558227539,421,826
LOFO-Ca,699,32.0,33.441776275634766,0.6099848747253418,13.386331558227539,421,826
LOFO-Ca,700,21.0,33.635345458984375,0.6099848747253418,13.386331558227539,421,826
LOFO-Ca,703,28.0,34.023765563964844,0.6099848747253418,13.386331558227539,421,826
LOFO-Ca,705,29.100000381469727,37.85400390625,0.6099848747253418,13.386331558227539,421,826
LOFO-Ca,706,32.20000076293945,40.57252502441406,0.6099848747253418,13.386331558227539,421,826
LOFO-Ca,707,35.099998474121094,43.201560974121094,0.6099848747253418,13.386331558227539,421,826
LOFO-Ca,708,45.29999923706055,49.66556930541992,0.6099848747253418,13.386331558227539,421,826
LOFO-Ca,709,44.900001525878906,50.90711975097656,0.6099848747253418,13.386331558227539,421,826
LOFO-Ca,710,75.4000015258789,65.60111236572266,0.6099848747253418,13.386331558227539,421,826
LOFO-Ca,716,27.0,36.291908264160156,0.6099848747253418,13.386331558227539,421,826
LOFO-Ca,731,23.799999237060547,35.18932342529297,0.6099848747253418,13.386331558227539,421,826
LOFO-Ca,738,141.0,65.12150573730469,0.6099848747253418,13.386331558227539,421,826
LOFO-Ca,739,138.0,58.42601776123047,0.6099848747253418,13.386331558227539,421,826
LOFO-Ca,740,98.0,55.111427307128906,0.6099848747253418,13.386331558227539,421,826
LOFO-Ca,741,23.600000381469727,35.05902099609375,0.6099848747253418,13.386331558227539,421,826
LOFO-Ca,742,59.0,52.277442932128906,0.6099848747253418,13.386331558227539,421,826
LOFO-Ca,743,38.0,48.080936431884766,0.6099848747253418,13.386331558227539,421,826
LOFO-Ca,744,28.0,46.421897888183594,0.6099848747253418,13.386331558227539,421,826
LOFO-Ca,745,42.0,46.10716247558594,0.6099848747253418,13.386331558227539,421,826
LOFO-Ca,746,27.0,44.93878936767578,0.6099848747253418,13.386331558227539,421,826
LOFO-Ca,754,50.0,49.993019104003906,0.6099848747253418,13.386331558227539,421,826
LOFO-Ca,808,45.0,38.74456024169922,0.6099848747253418,13.386331558227539,421,826
LOFO-Ca,810,44.70000076293945,40.55929183959961,0.6099848747253418,13.386331558227539,421,826
LOFO-Ca,813,45.0,49.643409729003906,0.6099848747253418,13.386331558227539,421,826
LOFO-Ca,814,45.0,49.822914123535156,0.6099848747253418,13.386331558227539,421,826
LOFO-Ca,816,45.0,47.526275634765625,0.6099848747253418,13.386331558227539,421,826
LOFO-Ca,817,45.0,52.17151641845703,0.6099848747253418,13.386331558227539,421,826
LOFO-Ca,821,45.0,49.78349304199219,0.6099848747253418,13.386331558227539,421,826
LOFO-Ca,827,45.0,45.37665557861328,0.6099848747253418,13.386331558227539,421,826
LOFO-Ca,831,43.400001525878906,44.66870880126953,0.6099848747253418,13.386331558227539,421,826
LOFO-Ca,832,43.599998474121094,43.338584899902344,0.6099848747253418,13.386331558227539,421,826
LOFO-Ca,833,43.70000076293945,48.18693161010742,0.6099848747253418,13.386331558227539,421,826
LOFO-Ca,835,44.0,39.701873779296875,0.6099848747253418,13.386331558227539,421,826
LOFO-Ca,837,44.0,48.305015563964844,0.6099848747253418,13.386331558227539,421,826
LOFO-Ca,838,44.0,43.543548583984375,0.6099848747253418,13.386331558227539,421,826
LOFO-Ca,844,48.0,49.08842849731445,0.6099848747253418,13.386331558227539,421,826
LOFO-Ca,846,48.0,42.38507080078125,0.6099848747253418,13.386331558227539,421,826
LOFO-Ca,847,48.599998474121094,58.10939407348633,0.6099848747253418,13.386331558227539,421,826
LOFO-Ca,849,48.70000076293945,49.54214096069336,0.6099848747253418,13.386331558227539,421,826
LOFO-Ca,851,49.0,49.36326599121094,0.6099848747253418,13.386331558227539,421,826
LOFO-Ca,852,45.0,44.166351318359375,0.6099848747253418,13.386331558227539,421,826
LOFO-Ca,854,47.29999923706055,44.00504684448242,0.6099848747253418,13.386331558227539,421,826
LOFO-Ca,857,45.099998474121094,50.286415100097656,0.6099848747253418,13.386331558227539,421,826
LOFO-Ca,858,45.099998474121094,43.45201873779297,0.6099848747253418,13.386331558227539,421,826
LOFO-Ca,865,47.0,48.983062744140625,0.6099848747253418,13.386331558227539,421,826
LOFO-Ca,871,38.0,49.151031494140625,0.6099848747253418,13.386331558227539,421,826
LOFO-Ca,875,38.599998474121094,41.86684036254883,0.6099848747253418,13.386331558227539,421,826
LOFO-Ca,876,38.599998474121094,32.16008377075195,0.6099848747253418,13.386331558227539,421,826
LOFO-Ca,882,39.0,43.46318817138672,0.6099848747253418,13.386331558227539,421,826
LOFO-Ca,889,37.0,31.60617446899414,0.6099848747253418,13.386331558227539,421,826
LOFO-Ca,890,49.0,48.229957580566406,0.6099848747253418,13.386331558227539,421,826
LOFO-Ca,892,37.0,38.28998565673828,0.6099848747253418,13.386331558227539,421,826
LOFO-Ca,893,37.0,43.22210693359375,0.6099848747253418,13.386331558227539,421,826
LOFO-Ca,894,37.0,38.750083923339844,0.6099848747253418,13.386331558227539,421,826
LOFO-Ca,896,37.20000076293945,44.08580017089844,0.6099848747253418,13.386331558227539,421,826
LOFO-Ca,899,37.29999923706055,41.07952117919922,0.6099848747253418,13.386331558227539,421,826
LOFO-Ca,906,41.400001525878906,48.447139739990234,0.6099848747253418,13.386331558227539,421,826
LOFO-Ca,908,42.0,47.825225830078125,0.6099848747253418,13.386331558227539,421,826
LOFO-Ca,909,42.0,36.924842834472656,0.6099848747253418,13.386331558227539,421,826
LOFO-Ca,911,42.0,46.39994812011719,0.6099848747253418,13.386331558227539,421,826
LOFO-Ca,913,42.0,27.955474853515625,0.6099848747253418,13.386331558227539,421,826
LOFO-Ca,914,42.0,45.311363220214844,0.6099848747253418,13.386331558227539,421,826
LOFO-Ca,916,42.29999923706055,42.778839111328125,0.6099848747253418,13.386331558227539,421,826
LOFO-Ca,917,42.29999923706055,62.861289978027344,0.6099848747253418,13.386331558227539,421,826
LOFO-Ca,918,41.099998474121094,43.338584899902344,0.6099848747253418,13.386331558227539,421,826
LOFO-Ca,920,41.0,46.92462158203125,0.6099848747253418,13.386331558227539,421,826
LOFO-Ca,925,39.70000076293945,47.13451385498047,0.6099848747253418,13.386331558227539,421,826
LOFO-Ca,930,40.0,32.99653625488281,0.6099848747253418,13.386331558227539,421,826
LOFO-Ca,935,40.0,35.18336486816406,0.6099848747253418,13.386331558227539,421,826
LOFO-Ca,937,101.0,43.21937561035156,0.6099848747253418,13.386331558227539,421,826
LOFO-Ca,940,94.5,55.91391372680664,0.6099848747253418,13.386331558227539,421,826
LOFO-Ca,941,95.5,62.25083923339844,0.6099848747253418,13.386331558227539,421,826
LOFO-Ca,942,98.0,43.40299987792969,0.6099848747253418,13.386331558227539,421,826
LOFO-Ca,943,99.0,73.62884521484375,0.6099848747253418,13.386331558227539,421,826
LOFO-Ca,944,99.0,56.67953872680664,0.6099848747253418,13.386331558227539,421,826
LOFO-Ca,946,101.0,69.86520385742188,0.6099848747253418,13.386331558227539,421,826
LOFO-Ca,948,102.5,85.03225708007812,0.6099848747253418,13.386331558227539,421,826
LOFO-Ca,949,103.0,71.28953552246094,0.6099848747253418,13.386331558227539,421,826
LOFO-Ca,950,105.0,96.22237396240234,0.6099848747253418,13.386331558227539,421,826
LOFO-Ca,951,108.0,69.39620971679688,0.6099848747253418,13.386331558227539,421,826
LOFO-Ca,959,109.0,76.4922866821289,0.6099848747253418,13.386331558227539,421,826
LOFO-Ca,961,87.0,80.92819213867188,0.6099848747253418,13.386331558227539,421,826
LOFO-Ca,965,90.4000015258789,91.36582946777344,0.6099848747253418,13.386331558227539,421,826
LOFO-Ca,970,110.0,90.81409454345703,0.6099848747253418,13.386331558227539,421,826
LOFO-Ca,971,132.60000610351562,93.01475524902344,0.6099848747253418,13.386331558227539,421,826
LOFO-Ca,975,136.39999389648438,78.4990463256836,0.6099848747253418,13.386331558227539,421,826
LOFO-Ca,976,138.0,57.13833999633789,0.6099848747253418,13.386331558227539,421,826
LOFO-Ca,979,141.0,76.30013275146484,0.6099848747253418,13.386331558227539,421,826
LOFO-Ca,980,141.0,63.776771545410156,0.6099848747253418,13.386331558227539,421,826
LOFO-Ca,981,141.0,72.5322036743164,0.6099848747253418,13.386331558227539,421,826
LOFO-Ca,982,142.0,83.78828430175781,0.6099848747253418,13.386331558227539,421,826
LOFO-Ca,986,128.1999969482422,81.245849609375,0.6099848747253418,13.386331558227539,421,826
LOFO-Ca,989,110.4000015258789,114.9903564453125,0.6099848747253418,13.386331558227539,421,826
LOFO-Ca,992,112.5999984741211,91.73793029785156,0.6099848747253418,13.386331558227539,421,826
LOFO-Ca,993,114.0,85.91636657714844,0.6099848747253418,13.386331558227539,421,826
LOFO-Ca,996,110.0,65.29008483886719,0.6099848747253418,13.386331558227539,421,826
LOFO-Ca,997,117.0,83.00664520263672,0.6099848747253418,13.386331558227539,421,826
LOFO-Ca,999,119.0,76.70832824707031,0.6099848747253418,13.386331558227539,421,826
LOFO-Ca,1000,119.30000305175781,75.9240493774414,0.6099848747253418,13.386331558227539,421,826
LOFO-Ca,1001,121.30000305175781,78.46934509277344,0.6099848747253418,13.386331558227539,421,826
LOFO-Ca,1002,121.30000305175781,75.91595458984375,0.6099848747253418,13.386331558227539,421,826
LOFO-Ca,1004,123.0,79.84886169433594,0.6099848747253418,13.386331558227539,421,826
LOFO-Ca,1005,117.0,77.21615600585938,0.6099848747253418,13.386331558227539,421,826
LOFO-Ca,1009,52.400001525878906,51.9001350402832,0.6099848747253418,13.386331558227539,421,826
LOFO-Ca,1010,53.70000076293945,49.54491424560547,0.6099848747253418,13.386331558227539,421,826
LOFO-Ca,1011,54.0,44.00504684448242,0.6099848747253418,13.386331558227539,421,826
LOFO-Ca,1015,55.0,38.7413330078125,0.6099848747253418,13.386331558227539,421,826
LOFO-Ca,1018,55.20000076293945,38.7413330078125,0.6099848747253418,13.386331558227539,421,826
LOFO-Ca,1019,57.0,49.793235778808594,0.6099848747253418,13.386331558227539,421,826
LOFO-Ca,1021,52.0,64.32754516601562,0.6099848747253418,13.386331558227539,421,826
LOFO-Ca,1022,52.0,52.73136520385742,0.6099848747253418,13.386331558227539,421,826
LOFO-Ca,1023,52.0,52.71253967285156,0.6099848747253418,13.386331558227539,421,826
LOFO-Ca,1027,50.0,44.73651885986328,0.6099848747253418,13.386331558227539,421,826
LOFO-Ca,1029,50.0,49.83235168457031,0.6099848747253418,13.386331558227539,421,826
LOFO-Ca,1032,51.0,53.186798095703125,0.6099848747253418,13.386331558227539,421,826
LOFO-Ca,1034,51.20000076293945,56.450260162353516,0.6099848747253418,13.386331558227539,421,826
LOFO-Ca,1044,68.0,58.12546920776367,0.6099848747253418,13.386331558227539,421,826
LOFO-Ca,1045,68.0,50.28084945678711,0.6099848747253418,13.386331558227539,421,826
LOFO-Ca,1053,65.4000015258789,57.7810173034668,0.6099848747253418,13.386331558227539,421,826
LOFO-Ca,1057,59.0,51.62272644042969,0.6099848747253418,13.386331558227539,421,826
LOFO-Ca,1060,60.20000076293945,42.14661407470703,0.6099848747253418,13.386331558227539,421,826
LOFO-Ca,1062,61.0,38.170555114746094,0.6099848747253418,13.386331558227539,421,826
LOFO-Ca,1063,58.0,54.15330505371094,0.6099848747253418,13.386331558227539,421,826
LOFO-Ca,1064,62.900001525878906,50.28084945678711,0.6099848747253418,13.386331558227539,421,826
LOFO-Ca,1072,23.299999237060547,42.189453125,0.6099848747253418,13.386331558227539,421,826
LOFO-Ca,1077,24.0,29.289880752563477,0.6099848747253418,13.386331558227539,421,826
LOFO-Ca,1078,24.0,25.630285263061523,0.6099848747253418,13.386331558227539,421,826
LOFO-Ca,1082,24.399999618530273,25.328250885009766,0.6099848747253418,13.386331558227539,421,826
LOFO-Ca,1090,22.600000381469727,45.92317199707031,0.6099848747253418,13.386331558227539,421,826
LOFO-Ca,1092,23.0,25.705167770385742,0.6099848747253418,13.386331558227539,421,826
LOFO-Ca,1094,23.0,56.02532958984375,0.6099848747253418,13.386331558227539,421,826
LOFO-Ca,1098,26.399999618530273,25.054126739501953,0.6099848747253418,13.386331558227539,421,826
LOFO-Ca,1101,26.799999237060547,25.230464935302734,0.6099848747253418,13.386331558227539,421,826
LOFO-Ca,1102,27.0,25.941009521484375,0.6099848747253418,13.386331558227539,421,826
LOFO-Ca,1103,27.0,32.36109161376953,0.6099848747253418,13.386331558227539,421,826
LOFO-Ca,1106,27.0,44.26218795776367,0.6099848747253418,13.386331558227539,421,826
LOFO-Ca,1108,25.799999237060547,25.1005916595459,0.6099848747253418,13.386331558227539,421,826
LOFO-Ca,1113,25.200000762939453,46.15301513671875,0.6099848747253418,13.386331558227539,421,826
LOFO-Ca,1116,25.799999237060547,25.439022064208984,0.6099848747253418,13.386331558227539,421,826
LOFO-Ca,1120,22.0,23.491680145263672,0.6099848747253418,13.386331558227539,421,826
LOFO-Ca,1149,19.5,25.786937713623047,0.6099848747253418,13.386331558227539,421,826
LOFO-Ca,1155,20.899999618530273,27.038070678710938,0.6099848747253418,13.386331558227539,421,826
LOFO-Ca,1156,21.0,27.637798309326172,0.6099848747253418,13.386331558227539,421,826
LOFO-Ca,1160,21.200000762939453,25.96150779724121,0.6099848747253418,13.386331558227539,421,826
LOFO-Ca,1162,21.399999618530273,25.97650146484375,0.6099848747253418,13.386331558227539,421,826
LOFO-Ca,1165,20.600000381469727,26.974185943603516,0.6099848747253418,13.386331558227539,421,826
LOFO-Ca,1167,19.600000381469727,26.060646057128906,0.6099848747253418,13.386331558227539,421,826
LOFO-Ca,1169,20.0,25.41707420349121,0.6099848747253418,13.386331558227539,421,826
LOFO-Ca,1170,20.0,26.90411376953125,0.6099848747253418,13.386331558227539,421,826
LOFO-Ca,1190,34.0,37.18267059326172,0.6099848747253418,13.386331558227539,421,826
LOFO-Ca,1191,34.0,41.02885437011719,0.6099848747253418,13.386331558227539,421,826
LOFO-Ca,1197,32.0,26.4490966796875,0.6099848747253418,13.386331558227539,421,826
LOFO-Ca,1209,32.0,34.14817428588867,0.6099848747253418,13.386331558227539,421,826
LOFO-Ca,1216,36.0,33.41965103149414,0.6099848747253418,13.386331558227539,421,826
LOFO-Ca,1217,36.0,38.945430755615234,0.6099848747253418,13.386331558227539,421,826
LOFO-Ca,1235,35.0,34.49987030029297,0.6099848747253418,13.386331558227539,421,826
LOFO-Ca,1237,35.20000076293945,35.489810943603516,0.6099848747253418,13.386331558227539,421,826
LOFO-Ca,1244,28.200000762939453,25.22247314453125,0.6099848747253418,13.386331558227539,421,826
LOFO-Ca,1250,29.600000381469727,41.08652877807617,0.6099848747253418,13.386331558227539,421,826
LOFO-Ca,1257,27.200000762939453,25.22940444946289,0.6099848747253418,13.386331558227539,421,826
LOFO-Ca,1264,29.899999618530273,53.04151916503906,0.6099848747253418,13.386331558227539,421,826
LOFO-Ca,1269,28.0,30.758533477783203,0.6099848747253418,13.386331558227539,421,826
LOFO-Ca,1271,28.0,25.22247314453125,0.6099848747253418,13.386331558227539,421,826
LOFO-Ca,1273,28.0,46.17682647705078,0.6099848747253418,13.386331558227539,421,826
LOFO-Ca,1275,30.0,25.17792510986328,0.6099848747253418,13.386331558227539,421,826
LOFO-Ca,1279,31.0,34.4271240234375,0.6099848747253418,13.386331558227539,421,826
LOFO-Ca,1280,31.0,33.613922119140625,0.6099848747253418,13.386331558227539,421,826
LOFO-Ca,1281,31.0,33.58106994628906,0.6099848747253418,13.386331558227539,421,826
LOFO-Ca,1285,31.100000381469727,48.03630065917969,0.6099848747253418,13.386331558227539,421,826
LOFO-Ca,1293,30.0,43.781463623046875,0.6099848747253418,13.386331558227539,421,826
LOFO-Ca,1299,30.100000381469727,51.51645278930664,0.6099848747253418,13.386331558227539,421,826
LOFO-Sr,26,41.0,42.81182098388672,0.4338180422782898,9.022783279418945,180,1035
LOFO-Sr,27,39.0,40.0980224609375,0.4338180422782898,9.022783279418945,180,1035
LOFO-Sr,31,35.79999923706055,34.587791442871094,0.4338180422782898,9.022783279418945,180,1035
LOFO-Sr,51,36.0,34.30521774291992,0.4338180422782898,9.022783279418945,180,1035
LOFO-Sr,103,43.70000076293945,49.41600036621094,0.4338180422782898,9.022783279418945,180,1035
LOFO-Sr,122,43.5,37.92747497558594,0.4338180422782898,9.022783279418945,180,1035
LOFO-Sr,127,34.29999923706055,41.97643280029297,0.4338180422782898,9.022783279418945,180,1035
LOFO-Sr,128,38.20000076293945,44.773494720458984,0.4338180422782898,9.022783279418945,180,1035
LOFO-Sr,138,46.20000076293945,40.94805145263672,0.4338180422782898,9.022783279418945,180,1035
LOFO-Sr,144,45.20000076293945,48.82167434692383,0.4338180422782898,9.022783279418945,180,1035
LOFO-Sr,148,34.900001525878906,32.612022399902344,0.4338180422782898,9.022783279418945,180,1035
LOFO-Sr,151,33.70000076293945,34.39253234863281,0.4338180422782898,9.022783279418945,180,1035
LOFO-Sr,239,46.099998474121094,44.256195068359375,0.4338180422782898,9.022783279418945,180,1035
LOFO-Sr,274,48.29999923706055,36.37725830078125,0.4338180422782898,9.022783279418945,180,1035
LOFO-Sr,291,50.0,57.45836639404297,0.4338180422782898,9.022783279418945,180,1035
LOFO-Sr,302,113.0,87.58938598632812,0.4338180422782898,9.022783279418945,180,1035
LOFO-Sr,304,123.0,70.63214111328125,0.4338180422782898,9.022783279418945,180,1035
LOFO-Sr,305,143.0,74.30659484863281,0.4338180422782898,9.022783279418945,180,1035
LOFO-Sr,309,136.0,72.79145812988281,0.4338180422782898,9.022783279418945,180,1035
LOFO-Sr,311,53.5,60.414451599121094,0.4338180422782898,9.022783279418945,180,1035
LOFO-Sr,312,60.79999923706055,50.48919677734375,0.4338180422782898,9.022783279418945,180,1035
LOFO-Sr,339,45.099998474121094,46.10063171386719,0.4338180422782898,9.022783279418945,180,1035
LOFO-Sr,356,41.099998474121094,54.88818359375,0.4338180422782898,9.022783279418945,180,1035
LOFO-Sr,357,42.20000076293945,54.85628890991211,0.4338180422782898,9.022783279418945,180,1035
LOFO-Sr,358,43.29999923706055,54.824378967285156,0.4338180422782898,9.022783279418945,180,1035
LOFO-Sr,359,43.099998474121094,54.79242706298828,0.4338180422782898,9.022783279418945,180,1035
LOFO-Sr,365,68.69999694824219,49.28089904785156,0.4338180422782898,9.022783279418945,180,1035
LOFO-Sr,366,57.5,41.72631072998047,0.4338180422782898,9.022783279418945,180,1035
LOFO-Sr,376,80.0999984741211,60.52899932861328,0.4338180422782898,9.022783279418945,180,1035
LOFO-Sr,390,57.0,60.57682418823242,0.4338180422782898,9.022783279418945,180,1035
LOFO-Sr,409,33.400001525878906,32.731719970703125,0.4338180422782898,9.022783279418945,180,1035
LOFO-Sr,410,36.599998474121094,34.72468566894531,0.4338180422782898,9.022783279418945,180,1035
LOFO-Sr,411,40.400001525878906,37.79137420654297,0.4338180422782898,9.022783279418945,180,1035
LOFO-Sr,412,46.599998474121094,41.63507843017578,0.4338180422782898,9.022783279418945,180,1035
LOFO-Sr,418,48.0,45.06730651855469,0.4338180422782898,9.022783279418945,180,1035
LOFO-Sr,461,23.5,28.564903259277344,0.4338180422782898,9.022783279418945,180,1035
LOFO-Sr,483,34.900001525878906,38.691993713378906,0.4338180422782898,9.022783279418945,180,1035
LOFO-Sr,484,34.29999923706055,39.15871047973633,0.4338180422782898,9.022783279418945,180,1035
LOFO-Sr,485,33.20000076293945,39.66059875488281,0.4338180422782898,9.022783279418945,180,1035
LOFO-Sr,486,34.5,33.05473709106445,0.4338180422782898,9.022783279418945,180,1035
LOFO-Sr,501,33.0,38.9949951171875,0.4338180422782898,9.022783279418945,180,1035
LOFO-Sr,502,40.0,44.56242370605469,0.4338180422782898,9.022783279418945,180,1035
LOFO-Sr,522,16.0,9.408577919006348,0.4338180422782898,9.022783279418945,180,1035
LOFO-Sr,528,21.200000762939453,23.381969451904297,0.4338180422782898,9.022783279418945,180,1035
LOFO-Sr,529,18.299999237060547,24.16027069091797,0.4338180422782898,9.022783279418945,180,1035
LOFO-Sr,530,27.5,25.256702423095703,0.4338180422782898,9.022783279418945,180,1035
LOFO-Sr,566,20.690000534057617,36.918251037597656,0.4338180422782898,9.022783279418945,180,1035
LOFO-Sr,567,19.959999084472656,35.90662384033203,0.4338180422782898,9.022783279418945,180,1035
LOFO-Sr,568,23.309999465942383,34.98220443725586,0.4338180422782898,9.022783279418945,180,1035
LOFO-Sr,569,21.549999237060547,34.2415657043457,0.4338180422782898,9.022783279418945,180,1035
LOFO-Sr,570,14.100000381469727,27.7393798828125,0.4338180422782898,9.022783279418945,180,1035
LOFO-Sr,585,27.700000762939453,25.584190368652344,0.4338180422782898,9.022783279418945,180,1035
LOFO-Sr,586,27.100000381469727,24.299846649169922,0.4338180422782898,9.022783279418945,180,1035
LOFO-Sr,598,27.100000381469727,24.891658782958984,0.4338180422782898,9.022783279418945,180,1035
LOFO-Sr,607,27.5,27.062763214111328,0.4338180422782898,9.022783279418945,180,1035
LOFO-Sr,608,29.700000762939453,27.542930603027344,0.4338180422782898,9.022783279418945,180,1035
LOFO-Sr,609,31.799999237060547,27.93956756591797,0.4338180422782898,9.022783279418945,180,1035
LOFO-Sr,610,29.399999618530273,28.061237335205078,0.4338180422782898,9.022783279418945,180,1035
LOFO-Sr,634,37.5,25.546493530273438,0.4338180422782898,9.022783279418945,180,1035
LOFO-Sr,635,36.900001525878906,25.201936721801758,0.4338180422782898,9.022783279418945,180,1035
LOFO-Sr,636,35.79999923706055,29.393712997436523,0.4338180422782898,9.022783279418945,180,1035
LOFO-Sr,637,34.70000076293945,29.39000701904297,0.4338180422782898,9.022783279418945,180,1035
LOFO-Sr,638,34.29999923706055,29.28612518310547,0.4338180422782898,9.022783279418945,180,1035
LOFO-Sr,639,33.70000076293945,29.73954963684082,0.4338180422782898,9.022783279418945,180,1035
LOFO-Sr,640,33.0,29.749431610107422,0.4338180422782898,9.022783279418945,180,1035
LOFO-Sr,641,32.29999923706055,29.991657257080078,0.4338180422782898,9.022783279418945,180,1035
LOFO-Sr,642,32.20000076293945,31.623069763183594,0.4338180422782898,9.022783279418945,180,1035
LOFO-Sr,643,32.20000076293945,30.562255859375,0.4338180422782898,9.022783279418945,180,1035
LOFO-Sr,644,30.700000762939453,31.09076690673828,0.4338180422782898,9.022783279418945,180,1035
LOFO-Sr,645,26.0,32.48671340942383,0.4338180422782898,9.022783279418945,180,1035
LOFO-Sr,646,44.900001525878906,38.287513732910156,0.4338180422782898,9.022783279418945,180,1035
LOFO-Sr,647,35.29999923706055,29.536867141723633,0.4338180422782898,9.022783279418945,180,1035
LOFO-Sr,648,30.5,28.127948760986328,0.4338180422782898,9.022783279418945,180,1035
LOFO-Sr,649,36.599998474121094,24.682960510253906,0.4338180422782898,9.022783279418945,180,1035
LOFO-Sr,657,23.0,32.2542724609375,0.4338180422782898,9.022783279418945,180,1035
LOFO-Sr,658,23.0,32.88554763793945,0.4338180422782898,9.022783279418945,180,1035
LOFO-Sr,659,22.0,31.164566040039062,0.4338180422782898,9.022783279418945,180,1035
LOFO-Sr,660,28.0,33.69276428222656,0.4338180422782898,9.022783279418945,180,1035
LOFO-Sr,661,22.0,31.740219116210938,0.4338180422782898,9.022783279418945,180,1035
LOFO-Sr,664,30.5,26.920696258544922,0.4338180422782898,9.022783279418945,180,1035
LOFO-Sr,665,31.600000381469727,26.920696258544922,0.4338180422782898,9.022783279418945,180,1035
LOFO-Sr,666,32.099998474121094,26.92220115661621,0.4338180422782898,9.022783279418945,180,1035
LOFO-Sr,667,36.0,26.92354965209961,0.4338180422782898,9.022783279418945,180,1035
LOFO-Sr,668,39.0,26.925777435302734,0.4338180422782898,9.022783279418945,180,1035
LOFO-Sr,669,42.0,26.927379608154297,0.4338180422782898,9.022783279418945,180,1035
LOFO-Sr,670,45.0,26.927947998046875,0.4338180422782898,9.022783279418945,180,1035
LOFO-Sr,671,48.5,26.928367614746094,0.4338180422782898,9.022783279418945,180,1035
LOFO-Sr,673,49.599998474121094,26.928743362426758,0.4338180422782898,9.022783279418945,180,1035
LOFO-Sr,702,35.099998474121094,29.641271591186523,0.4338180422782898,9.022783279418945,180,1035
LOFO-Sr,704,30.0,28.214893341064453,0.4338180422782898,9.022783279418945,180,1035
LOFO-Sr,733,27.0,30.979625701904297,0.4338180422782898,9.022783279418945,180,1035
LOFO-Sr,734,44.900001525878906,38.24299621582031,0.4338180422782898,9.022783279418945,180,1035
LOFO-Sr,758,32.0,24.48611068725586,0.4338180422782898,9.022783279418945,180,1035
LOFO-Sr,759,31.5,26.170522689819336,0.4338180422782898,9.022783279418945,180,1035
LOFO-Sr,760,30.0,27.03139877319336,0.4338180422782898,9.022783279418945,180,1035
LOFO-Sr,761,29.5,26.97161102294922,0.4338180422782898,9.022783279418945,180,1035
LOFO-Sr,762,28.799999237060547,27.527069091796875,0.4338180422782898,9.022783279418945,180,1035
LOFO-Sr,763,28.200000762939453,27.67615509033203,0.4338180422782898,9.022783279418945,180,1035
LOFO-Sr,764,27.700000762939453,28.034717559814453,0.4338180422782898,9.022783279418945,180,1035
LOFO-Sr,765,27.5,26.616188049316406,0.4338180422782898,9.022783279418945,180,1035
LOFO-Sr,766,27.100000381469727,28.16958999633789,0.4338180422782898,9.022783279418945,180,1035
LOFO-Sr,767,25.899999618530273,29.336971282958984,0.4338180422782898,9.022783279418945,180,1035
LOFO-Sr,768,31.200000762939453,24.452049255371094,0.4338180422782898,9.022783279418945,180,1035
LOFO-Sr,769,36.70000076293945,25.542327880859375,0.4338180422782898,9.022783279418945,180,1035
LOFO-Sr,770,35.5,29.53101921081543,0.4338180422782898,9.022783279418945,180,1035
LOFO-Sr,771,34.29999923706055,29.538555145263672,0.4338180422782898,9.022783279418945,180,1035
LOFO-Sr,772,33.5,29.42530059814453,0.4338180422782898,9.022783279418945,180,1035
LOFO-Sr,773,32.29999923706055,29.894372940063477,0.4338180422782898,9.022783279418945,180,1035
LOFO-Sr,774,31.200000762939453,29.908470153808594,0.4338180422782898,9.022783279418945,180,1035
LOFO-Sr,775,30.600000381469727,30.175922393798828,0.4338180422782898,9.022783279418945,180,1035
LOFO-Sr,776,30.700000762939453,31.820911407470703,0.4338180422782898,9.022783279418945,180,1035
LOFO-Sr,777,25.0,32.314796447753906,0.4338180422782898,9.022783279418945,180,1035
LOFO-Sr,779,31.100000381469727,30.67357063293457,0.4338180422782898,9.022783279418945,180,1035
LOFO-Sr,780,29.299999237060547,31.23427963256836,0.4338180422782898,9.022783279418945,180,1035
LOFO-Sr,781,36.5,25.204341888427734,0.4338180422782898,9.022783279418945,180,1035
LOFO-Sr,783,36.0,24.684972763061523,0.4338180422782898,9.022783279418945,180,1035
LOFO-Sr,811,44.900001525878906,38.241798400878906,0.4338180422782898,9.022783279418945,180,1035
LOFO-Sr,820,45.0,38.178138732910156,0.4338180422782898,9.022783279418945,180,1035
LOFO-Sr,823,43.5,37.166847229003906,0.4338180422782898,9.022783279418945,180,1035
LOFO-Sr,826,43.0,50.642547607421875,0.4338180422782898,9.022783279418945,180,1035
LOFO-Sr,829,43.0,46.65809631347656,0.4338180422782898,9.022783279418945,180,1035
LOFO-Sr,868,46.599998474121094,41.889892578125,0.4338180422782898,9.022783279418945,180,1035
LOFO-Sr,874,38.0,27.27176284790039,0.4338180422782898,9.022783279418945,180,1035
LOFO-Sr,883,39.0,40.21881866455078,0.4338180422782898,9.022783279418945,180,1035
LOFO-Sr,895,39.20000076293945,47.0609130859375,0.4338180422782898,9.022783279418945,180,1035
LOFO-Sr,902,42.29999923706055,45.72293472290039,0.4338180422782898,9.022783279418945,180,1035
LOFO-Sr,919,41.0,37.20057678222656,0.4338180422782898,9.022783279418945,180,1035
LOFO-Sr,929,40.0,48.4000244140625,0.4338180422782898,9.022783279418945,180,1035
LOFO-Sr,972,133.0,30.56905746459961,0.4338180422782898,9.022783279418945,180,1035
LOFO-Sr,973,133.89999389648438,73.34673309326172,0.4338180422782898,9.022783279418945,180,1035
LOFO-Sr,974,136.0,71.98757934570312,0.4338180422782898,9.022783279418945,180,1035
LOFO-Sr,983,37.0,26.92437744140625,0.4338180422782898,9.022783279418945,180,1035
LOFO-Sr,984,142.0,31.16730308532715,0.4338180422782898,9.022783279418945,180,1035
LOFO-Sr,1071,37.0,26.314708709716797,0.4338180422782898,9.022783279418945,180,1035
LOFO-Sr,1086,23.5,29.151935577392578,0.4338180422782898,9.022783279418945,180,1035
LOFO-Sr,1087,22.299999237060547,34.863059997558594,0.4338180422782898,9.022783279418945,180,1035
LOFO-Sr,1109,25.0,25.164535522460938,0.4338180422782898,9.022783279418945,180,1035
LOFO-Sr,1127,18.299999237060547,27.341590881347656,0.4338180422782898,9.022783279418945,180,1035
LOFO-Sr,1129,19.0,25.17230987548828,0.4338180422782898,9.022783279418945,180,1035
LOFO-Sr,1146,16.0,15.901561737060547,0.4338180422782898,9.022783279418945,180,1035
LOFO-Sr,1151,20.700000762939453,20.95623779296875,0.4338180422782898,9.022783279418945,180,1035
LOFO-Sr,1153,20.799999237060547,29.42837905883789,0.4338180422782898,9.022783279418945,180,1035
LOFO-Sr,1161,21.200000762939453,26.263320922851562,0.4338180422782898,9.022783279418945,180,1035
LOFO-Sr,1164,20.700000762939453,36.64360046386719,0.4338180422782898,9.022783279418945,180,1035
LOFO-Sr,1172,20.0,35.83172607421875,0.4338180422782898,9.022783279418945,180,1035
LOFO-Sr,1179,27.100000381469727,22.12842559814453,0.4338180422782898,9.022783279418945,180,1035
LOFO-Sr,1180,27.100000381469727,22.50650405883789,0.4338180422782898,9.022783279418945,180,1035
LOFO-Sr,1181,33.20000076293945,41.29404067993164,0.4338180422782898,9.022783279418945,180,1035
LOFO-Sr,1186,33.79999923706055,36.87317657470703,0.4338180422782898,9.022783279418945,180,1035
LOFO-Sr,1192,34.0,27.50531768798828,0.4338180422782898,9.022783279418945,180,1035
LOFO-Sr,1194,33.0,35.67252731323242,0.4338180422782898,9.022783279418945,180,1035
LOFO-Sr,1198,32.0,24.355945587158203,0.4338180422782898,9.022783279418945,180,1035
LOFO-Sr,1199,32.0,28.409189224243164,0.4338180422782898,9.022783279418945,180,1035
LOFO-Sr,1200,32.0,29.52373504638672,0.4338180422782898,9.022783279418945,180,1035
LOFO-Sr,1202,32.0,28.49429702758789,0.4338180422782898,9.022783279418945,180,1035
LOFO-Sr,1206,32.5,35.87995147705078,0.4338180422782898,9.022783279418945,180,1035
LOFO-Sr,1215,36.0,27.56276512145996,0.4338180422782898,9.022783279418945,180,1035
LOFO-Sr,1219,36.0,34.587791442871094,0.4338180422782898,9.022783279418945,180,1035
LOFO-Sr,1220,36.20000076293945,38.91778564453125,0.4338180422782898,9.022783279418945,180,1035
LOFO-Sr,1222,36.29999923706055,36.856658935546875,0.4338180422782898,9.022783279418945,180,1035
LOFO-Sr,1231,34.0,28.017940521240234,0.4338180422782898,9.022783279418945,180,1035
LOFO-Sr,1233,35.0,29.455780029296875,0.4338180422782898,9.022783279418945,180,1035
LOFO-Sr,1248,29.0,25.669254302978516,0.4338180422782898,9.022783279418945,180,1035
LOFO-Sr,1251,29.700000762939453,26.937938690185547,0.4338180422782898,9.022783279418945,180,1035
LOFO-Sr,1255,28.0,30.291057586669922,0.4338180422782898,9.022783279418945,180,1035
LOFO-Sr,1256,28.0,26.229204177856445,0.4338180422782898,9.022783279418945,180,1035
LOFO-Sr,1258,27.5,24.47481346130371,0.4338180422782898,9.022783279418945,180,1035
LOFO-Sr,1259,27.5,26.697952270507812,0.4338180422782898,9.022783279418945,180,1035
LOFO-Sr,1261,27.700000762939453,25.02172088623047,0.4338180422782898,9.022783279418945,180,1035
LOFO-Sr,1267,28.0,38.900604248046875,0.4338180422782898,9.022783279418945,180,1035
LOFO-Sr,1272,28.0,25.86180877685547,0.4338180422782898,9.022783279418945,180,1035
LOFO-Sr,1274,31.799999237060547,30.580028533935547,0.4338180422782898,9.022783279418945,180,1035
LOFO-Sr,1277,31.0,28.67272186279297,0.4338180422782898,9.022783279418945,180,1035
LOFO-Sr,1278,31.0,29.356454849243164,0.4338180422782898,9.022783279418945,180,1035
LOFO-Sr,1289,31.0,25.05849838256836,0.4338180422782898,9.022783279418945,180,1035
LOFO-Sr,1290,31.0,23.764442443847656,0.4338180422782898,9.022783279418945,180,1035
LOFO-Sr,1297,30.0,44.91610336303711,0.4338180422782898,9.022783279418945,180,1035
LOFO-Sr,1301,31.0,32.00874710083008,0.4338180422782898,9.022783279418945,180,1035
LOFO-Sr,1302,31.0,34.21358871459961,0.4338180422782898,9.022783279418945,180,1035
LOFO-Sr,1303,143.0,73.4058609008789,0.4338180422782898,9.022783279418945,180,1035
LOFO-La,107,22.0,25.32405662536621,0.8486471176147461,5.192737102508545,125,1080
LOFO-La,108,26.0,31.688867568969727,0.8486471176147461,5.192737102508545,125,1080
LOFO-La,109,29.0,35.47669219970703,0.8486471176147461,5.192737102508545,125,1080
LOFO-La,110,33.0,37.10502624511719,0.8486471176147461,5.192737102508545,125,1080
LOFO-La,111,34.0,38.9622802734375,0.8486471176147461,5.192737102508545,125,1080
LOFO-La,112,39.0,45.28089141845703,0.8486471176147461,5.192737102508545,125,1080
LOFO-La,113,46.0,71.22755432128906,0.8486471176147461,5.192737102508545,125,1080
LOFO-La,116,34.0,35.873165130615234,0.8486471176147461,5.192737102508545,125,1080
LOFO-La,158,71.9000015258789,77.24717712402344,0.8486471176147461,5.192737102508545,125,1080
LOFO-La,159,67.5999984741211,72.22796630859375,0.8486471176147461,5.192737102508545,125,1080
LOFO-La,160,66.9000015258789,66.64344787597656,0.8486471176147461,5.192737102508545,125,1080
LOFO-La,186,38.70000076293945,35.60239791870117,0.8486471176147461,5.192737102508545,125,1080
LOFO-La,187,62.599998474121094,61.97602081298828,0.8486471176147461,5.192737102508545,125,1080
LOFO-La,188,60.70000076293945,57.170875549316406,0.8486471176147461,5.192737102508545,125,1080
LOFO-La,189,57.70000076293945,53.24365234375,0.8486471176147461,5.192737102508545,125,1080
LOFO-La,190,53.900001525878906,47.38958740234375,0.8486471176147461,5.192737102508545,125,1080
LOFO-La,191,44.900001525878906,39.307247161865234,0.8486471176147461,5.192737102508545,125,1080
LOFO-La,192,39.599998474121094,35.661476135253906,0.8486471176147461,5.192737102508545,125,1080
LOFO-La,193,34.400001525878906,31.807113647460938,0.8486471176147461,5.192737102508545,125,1080
LOFO-La,194,70.4000015258789,77.20530700683594,0.8486471176147461,5.192737102508545,125,1080
LOFO-La,195,68.0,72.22796630859375,0.8486471176147461,5.192737102508545,125,1080
LOFO-La,196,66.69999694824219,66.53599548339844,0.8486471176147461,5.192737102508545,125,1080
LOFO-La,197,65.30000305175781,61.97602081298828,0.8486471176147461,5.192737102508545,125,1080
LOFO-La,199,60.79999923706055,57.170875549316406,0.8486471176147461,5.192737102508545,125,1080
LOFO-La,200,53.099998474121094,47.38958740234375,0.8486471176147461,5.192737102508545,125,1080
LOFO-La,201,46.29999923706055,39.37419128417969,0.8486471176147461,5.192737102508545,125,1080
LOFO-La,202,40.0,35.661476135253906,0.8486471176147461,5.192737102508545,125,1080
LOFO-La,203,36.599998474121094,31.807113647460938,0.8486471176147461,5.192737102508545,125,1080
LOFO-La,204,29.399999618530273,35.77983093261719,0.8486471176147461,5.192737102508545,125,1080
LOFO-La,205,34.20000076293945,35.77983093261719,0.8486471176147461,5.192737102508545,125,1080
LOFO-La,206,35.099998474121094,35.720619201660156,0.8486471176147461,5.192737102508545,125,1080
LOFO-La,207,38.70000076293945,35.720619201660156,0.8486471176147461,5.192737102508545,125,1080
LOFO-La,208,39.599998474121094,35.661476135253906,0.8486471176147461,5.192737102508545,125,1080
LOFO-La,209,40.0,35.661476135253906,0.8486471176147461,5.192737102508545,125,1080
LOFO-La,210,38.29999923706055,35.60239791870117,0.8486471176147461,5.192737102508545,125,1080
LOFO-La,211,54.400001525878906,53.24365234375,0.8486471176147461,5.192737102508545,125,1080
LOFO-La,306,45.0,46.98356628417969,0.8486471176147461,5.192737102508545,125,1080
LOFO-La,370,51.400001525878906,80.9979248046875,0.8486471176147461,5.192737102508545,125,1080
LOFO-La,371,63.29999923706055,79.63539123535156,0.8486471176147461,5.192737102508545,125,1080
LOFO-La,372,69.4000015258789,77.12675476074219,0.8486471176147461,5.192737102508545,125,1080
LOFO-La,373,59.599998474121094,70.34011840820312,0.8486471176147461,5.192737102508545,125,1080
LOFO-La,374,58.0,62.46577835083008,0.8486471176147461,5.192737102508545,125,1080
LOFO-La,375,53.29999923706055,50.25770568847656,0.8486471176147461,5.192737102508545,125,1080
LOFO-La,377,50.70000076293945,46.22211456298828,0.8486471176147461,5.192737102508545,125,1080
LOFO-La,378,37.0,44.01988983154297,0.8486471176147461,5.192737102508545,125,1080
LOFO-La,389,47.0,36.854103088378906,0.8486471176147461,5.192737102508545,125,1080
LOFO-La,417,40.79999923706055,47.09913635253906,0.8486471176147461,5.192737102508545,125,1080
LOFO-La,446,20.760000228881836,27.52477264404297,0.8486471176147461,5.192737102508545,125,1080
LOFO-La,447,18.600000381469727,27.50786781311035,0.8486471176147461,5.192737102508545,125,1080
LOFO-La,464,22.5,46.995208740234375,0.8486471176147461,5.192737102508545,125,1080
LOFO-La,476,30.0,32.27378463745117,0.8486471176147461,5.192737102508545,125,1080
LOFO-La,478,25.0,32.18901062011719,0.8486471176147461,5.192737102508545,125,1080
LOFO-La,479,25.100000381469727,23.579280853271484,0.8486471176147461,5.192737102508545,125,1080
LOFO-La,487,20.350000381469727,26.77213478088379,0.8486471176147461,5.192737102508545,125,1080
LOFO-La,489,25.100000381469727,21.6060791015625,0.8486471176147461,5.192737102508545,125,1080
LOFO-La,499,24.700000762939453,21.605728149414062,0.8486471176147461,5.192737102508545,125,1080
LOFO-La,513,21.100000381469727,26.724407196044922,0.8486471176147461,5.192737102508545,125,1080
LOFO-La,514,20.899999618530273,25.95568084716797,0.8486471176147461,5.192737102508545,125,1080
LOFO-La,533,23.399999618530273,24.514854431152344,0.8486471176147461,5.192737102508545,125,1080
LOFO-La,537,40.20000076293945,43.589664459228516,0.8486471176147461,5.192737102508545,125,1080
LOFO-La,572,19.5,21.913619995117188,0.8486471176147461,5.192737102508545,125,1080
LOFO-La,573,19.700000762939453,21.910871505737305,0.8486471176147461,5.192737102508545,125,1080
LOFO-La,574,20.100000381469727,21.906593322753906,0.8486471176147461,5.192737102508545,125,1080
LOFO-La,575,20.100000381469727,18.065532684326172,0.8486471176147461,5.192737102508545,125,1080
LOFO-La,576,20.200000762939453,26.615262985229492,0.8486471176147461,5.192737102508545,125,1080
LOFO-La,577,23.600000381469727,18.547121047973633,0.8486471176147461,5.192737102508545,125,1080
LOFO-La,578,22.600000381469727,20.334144592285156,0.8486471176147461,5.192737102508545,125,1080
LOFO-La,579,21.899999618530273,20.26944351196289,0.8486471176147461,5.192737102508545,125,1080
LOFO-La,580,22.600000381469727,21.323646545410156,0.8486471176147461,5.192737102508545,125,1080
LOFO-La,581,22.8799991607666,25.925142288208008,0.8486471176147461,5.192737102508545,125,1080
LOFO-La,582,20.959999084472656,25.89316749572754,0.8486471176147461,5.192737102508545,125,1080
LOFO-La,584,22.059999465942383,26.74892807006836,0.8486471176147461,5.192737102508545,125,1080
LOFO-La,732,26.799999237060547,21.89373779296875,0.8486471176147461,5.192737102508545,125,1080
LOFO-La,747,27.600000381469727,27.989398956298828,0.8486471176147461,5.192737102508545,125,1080
LOFO-La,748,29.799999237060547,29.51021385192871,0.8486471176147461,5.192737102508545,125,1080
LOFO-La,749,37.20000076293945,34.602569580078125,0.8486471176147461,5.192737102508545,125,1080
LOFO-La,750,51.20000076293945,60.428802490234375,0.8486471176147461,5.192737102508545,125,1080
LOFO-La,751,58.79999923706055,60.428802490234375,0.8486471176147461,5.192737102508545,125,1080
LOFO-La,752,90.4000015258789,94.67129516601562,0.8486471176147461,5.192737102508545,125,1080
LOFO-La,753,102.5,94.67129516601562,0.8486471176147461,5.192737102508545,125,1080
LOFO-La,756,43.20000076293945,42.73622131347656,0.8486471176147461,5.192737102508545,125,1080
LOFO-La,785,36.20000076293945,39.42526626586914,0.8486471176147461,5.192737102508545,125,1080
LOFO-La,786,37.709999084472656,41.353424072265625,0.8486471176147461,5.192737102508545,125,1080
LOFO-La,787,32.97999954223633,34.836795806884766,0.8486471176147461,5.192737102508545,125,1080
LOFO-La,796,29.0,31.442232131958008,0.8486471176147461,5.192737102508545,125,1080
LOFO-La,797,72.41000366210938,65.22673034667969,0.8486471176147461,5.192737102508545,125,1080
LOFO-La,799,47.83000183105469,45.950199127197266,0.8486471176147461,5.192737102508545,125,1080
LOFO-La,800,40.04999923706055,39.327049255371094,0.8486471176147461,5.192737102508545,125,1080
LOFO-La,802,33.560001373291016,34.486328125,0.8486471176147461,5.192737102508545,125,1080
LOFO-La,806,50.58000183105469,46.3227653503418,0.8486471176147461,5.192737102508545,125,1080
LOFO-La,807,30.0,36.06863784790039,0.8486471176147461,5.192737102508545,125,1080
LOFO-La,812,44.900001525878906,36.61113739013672,0.8486471176147461,5.192737102508545,125,1080
LOFO-La,841,45.0,50.45658874511719,0.8486471176147461,5.192737102508545,125,1080
LOFO-La,885,37.70000076293945,36.84912109375,0.8486471176147461,5.192737102508545,125,1080
LOFO-La,915,42.099998474121094,44.162330627441406,0.8486471176147461,5.192737102508545,125,1080
LOFO-La,1003,122.0,113.82585144042969,0.8486471176147461,5.192737102508545,125,1080
LOFO-La,1008,52.29999923706055,52.66954803466797,0.8486471176147461,5.192737102508545,125,1080
LOFO-La,1012,54.0,42.71913146972656,0.8486471176147461,5.192737102508545,125,1080
LOFO-La,1026,50.0,38.45479202270508,0.8486471176147461,5.192737102508545,125,1080
LOFO-La,1031,50.70000076293945,47.75347900390625,0.8486471176147461,5.192737102508545,125,1080
LOFO-La,1035,51.400001525878906,81.45768737792969,0.8486471176147461,5.192737102508545,125,1080
LOFO-La,1036,52.0,55.45259475708008,0.8486471176147461,5.192737102508545,125,1080
LOFO-La,1040,57.70000076293945,47.3430290222168,0.8486471176147461,5.192737102508545,125,1080
LOFO-La,1041,58.0,64.69230651855469,0.8486471176147461,5.192737102508545,125,1080
LOFO-La,1043,66.9000015258789,60.80733871459961,0.8486471176147461,5.192737102508545,125,1080
LOFO-La,1047,69.4000015258789,78.216796875,0.8486471176147461,5.192737102508545,125,1080
LOFO-La,1049,71.9000015258789,73.12744140625,0.8486471176147461,5.192737102508545,125,1080
LOFO-La,1051,72.0,73.90972900390625,0.8486471176147461,5.192737102508545,125,1080
LOFO-La,1056,58.79999923706055,54.72636795043945,0.8486471176147461,5.192737102508545,125,1080
LOFO-La,1058,59.599998474121094,72.08393096923828,0.8486471176147461,5.192737102508545,125,1080
LOFO-La,1066,63.0,56.57317352294922,0.8486471176147461,5.192737102508545,125,1080
LOFO-La,1067,63.29999923706055,80.41656494140625,0.8486471176147461,5.192737102508545,125,1080
LOFO-La,1070,62.599998474121094,56.01515197753906,0.8486471176147461,5.192737102508545,125,1080
LOFO-La,1088,22.600000381469727,26.080047607421875,0.8486471176147461,5.192737102508545,125,1080
LOFO-La,1089,22.600000381469727,26.013423919677734,0.8486471176147461,5.192737102508545,125,1080
LOFO-La,1095,23.399999618530273,24.634429931640625,0.8486471176147461,5.192737102508545,125,1080
LOFO-La,1119,22.100000381469727,27.19328498840332,0.8486471176147461,5.192737102508545,125,1080
LOFO-La,1154,20.799999237060547,23.935405731201172,0.8486471176147461,5.192737102508545,125,1080
LOFO-La,1221,36.29999923706055,34.80322265625,0.8486471176147461,5.192737102508545,125,1080
LOFO-La,1224,35.900001525878906,34.015769958496094,0.8486471176147461,5.192737102508545,125,1080
LOFO-La,1228,34.400001525878906,31.192424774169922,0.8486471176147461,5.192737102508545,125,1080
LOFO-La,1242,28.100000381469727,34.61132049560547,0.8486471176147461,5.192737102508545,125,1080
LOFO-La,1245,29.0,31.092445373535156,0.8486471176147461,5.192737102508545,125,1080
LOFO-La,1260,27.600000381469727,31.128013610839844,0.8486471176147461,5.192737102508545,125,1080
LOFO-La,1276,30.0,32.862945556640625,0.8486471176147461,5.192737102508545,125,1080
LOFO-Ia,107,22.0,29.74278450012207,-7.377993583679199,11.14255142211914,60,1128
LOFO-Ia,186,38.70000076293945,42.36273193359375,-7.377993583679199,11.14255142211914,60,1128
LOFO-Ia,192,39.599998474121094,42.45849609375,-7.377993583679199,11.14255142211914,60,1128
LOFO-Ia,193,34.400001525878906,35.18799591064453,-7.377993583679199,11.14255142211914,60,1128
LOFO-Ia,202,40.0,42.45849609375,-7.377993583679199,11.14255142211914,60,1128
LOFO-Ia,203,36.599998474121094,35.18799591064453,-7.377993583679199,11.14255142211914,60,1128
LOFO-Ia,204,29.399999618530273,42.64928436279297,-7.377993583679199,11.14255142211914,60,1128
LOFO-Ia,205,34.20000076293945,42.64928436279297,-7.377993583679199,11.14255142211914,60,1128
LOFO-Ia,206,35.099998474121094,42.554012298583984,-7.377993583679199,11.14255142211914,60,1128
LOFO-Ia,207,38.70000076293945,42.554012298583984,-7.377993583679199,11.14255142211914,60,1128
LOFO-Ia,208,39.599998474121094,42.45849609375,-7.377993583679199,11.14255142211914,60,1128
LOFO-Ia,209,40.0,42.45849609375,-7.377993583679199,11.14255142211914,60,1128
LOFO-Ia,210,38.29999923706055,42.36273193359375,-7.377993583679199,11.14255142211914,60,1128
LOFO-Ia,440,22.799999237060547,69.6585922241211,-7.377993583679199,11.14255142211914,60,1128
LOFO-Ia,441,23.899999618530273,79.976318359375,-7.377993583679199,11.14255142211914,60,1128
LOFO-Ia,457,24.0,113.12223052978516,-7.377993583679199,11.14255142211914,60,1128
LOFO-Ia,460,24.100000381469727,24.591724395751953,-7.377993583679199,11.14255142211914,60,1128
LOFO-Ia,471,23.5,49.37548828125,-7.377993583679199,11.14255142211914,60,1128
LOFO-Ia,472,23.399999618530273,49.46455001831055,-7.377993583679199,11.14255142211914,60,1128
LOFO-Ia,473,23.299999237060547,49.620025634765625,-7.377993583679199,11.14255142211914,60,1128
LOFO-Ia,490,23.700000762939453,49.77727508544922,-7.377993583679199,11.14255142211914,60,1128
LOFO-Ia,491,23.299999237060547,84.108642578125,-7.377993583679199,11.14255142211914,60,1128
LOFO-Ia,492,23.5,45.35795593261719,-7.377993583679199,11.14255142211914,60,1128
LOFO-Ia,515,23.200000762939453,21.896289825439453,-7.377993583679199,11.14255142211914,60,1128
LOFO-Ia,521,16.0,57.66061019897461,-7.377993583679199,11.14255142211914,60,1128
LOFO-Ia,523,20.700000762939453,50.896339416503906,-7.377993583679199,11.14255142211914,60,1128
LOFO-Ia,525,19.299999237060547,18.515987396240234,-7.377993583679199,11.14255142211914,60,1128
LOFO-Ia,526,18.100000381469727,18.698719024658203,-7.377993583679199,11.14255142211914,60,1128
LOFO-Ia,527,29.100000381469727,19.049848556518555,-7.377993583679199,11.14255142211914,60,1128
LOFO-Ia,531,19.0,19.398284912109375,-7.377993583679199,11.14255142211914,60,1128
LOFO-Ia,532,23.0,18.871915817260742,-7.377993583679199,11.14255142211914,60,1128
LOFO-Ia,533,23.399999618530273,27.402446746826172,-7.377993583679199,11.14255142211914,60,1128
LOFO-Ia,538,16.700000762939453,17.710960388183594,-7.377993583679199,11.14255142211914,60,1128
LOFO-Ia,548,24.0,18.377105712890625,-7.377993583679199,11.14255142211914,60,1128
LOFO-Ia,561,21.0,17.055526733398438,-7.377993583679199,11.14255142211914,60,1128
LOFO-Ia,562,20.0,19.178422927856445,-7.377993583679199,11.14255142211914,60,1128
LOFO-Ia,563,22.5,18.670551300048828,-7.377993583679199,11.14255142211914,60,1128
LOFO-Ia,571,20.0,17.641056060791016,-7.377993583679199,11.14255142211914,60,1128
LOFO-Ia,583,20.0,18.681697845458984,-7.377993583679199,11.14255142211914,60,1128
LOFO-Ia,588,20.0,18.919403076171875,-7.377993583679199,11.14255142211914,60,1128
LOFO-Ia,889,37.0,29.575233459472656,-7.377993583679199,11.14255142211914,60,1128
LOFO-Ia,1075,24.0,18.69089126586914,-7.377993583679199,11.14255142211914,60,1128
LOFO-Ia,1081,24.200000762939453,23.478435516357422,-7.377993583679199,11.14255142211914,60,1128
LOFO-Ia,1091,23.0,19.175640106201172,-7.377993583679199,11.14255142211914,60,1128
LOFO-Ia,1095,23.399999618530273,27.142547607421875,-7.377993583679199,11.14255142211914,60,1128
LOFO-Ia,1121,17.0,17.649169921875,-7.377993583679199,11.14255142211914,60,1128
LOFO-Ia,1123,17.100000381469727,19.603004455566406,-7.377993583679199,11.14255142211914,60,1128
LOFO-Ia,1126,18.100000381469727,19.603004455566406,-7.377993583679199,11.14255142211914,60,1128
LOFO-Ia,1130,19.0,40.786415100097656,-7.377993583679199,11.14255142211914,60,1128
LOFO-Ia,1131,19.0,19.690834045410156,-7.377993583679199,11.14255142211914,60,1128
LOFO-Ia,1150,20.700000762939453,48.83281707763672,-7.377993583679199,11.14255142211914,60,1128
LOFO-Ia,1152,20.799999237060547,25.242267608642578,-7.377993583679199,11.14255142211914,60,1128
LOFO-Ia,1157,21.0,17.393972396850586,-7.377993583679199,11.14255142211914,60,1128
LOFO-Ia,1171,19.299999237060547,19.104963302612305,-7.377993583679199,11.14255142211914,60,1128
LOFO-Ia,1176,20.0,18.166751861572266,-7.377993583679199,11.14255142211914,60,1128
LOFO-Ia,1177,20.0,18.43085479736328,-7.377993583679199,11.14255142211914,60,1128
LOFO-Ia,1228,34.400001525878906,35.00328826904297,-7.377993583679199,11.14255142211914,60,1128
LOFO-Ia,1243,28.100000381469727,19.584217071533203,-7.377993583679199,11.14255142211914,60,1128
LOFO-Ia,1249,29.100000381469727,23.478435516357422,-7.377993583679199,11.14255142211914,60,1128
LOFO-Ia,1287,31.399999618530273,19.492090225219727,-7.377993583679199,11.14255142211914,60,1128
LOFO-Ib,18,37.20000076293945,24.160518646240234,-0.1576526165008545,12.636470794677734,354,846
LOFO-Ib,29,38.95000076293945,45.14087677001953,-0.1576526165008545,12.636470794677734,354,846
LOFO-Ib,42,36.0,15.465529441833496,-0.1576526165008545,12.636470794677734,354,846
LOFO-Ib,43,40.0,28.03174591064453,-0.1576526165008545,12.636470794677734,354,846
LOFO-Ib,44,36.0,27.85692024230957,-0.1576526165008545,12.636470794677734,354,846
LOFO-Ib,45,44.0,27.677759170532227,-0.1576526165008545,12.636470794677734,354,846
LOFO-Ib,46,35.0,26.88034439086914,-0.1576526165008545,12.636470794677734,354,846
LOFO-Ib,47,35.0,27.878787994384766,-0.1576526165008545,12.636470794677734,354,846
LOFO-Ib,48,34.0,27.75371551513672,-0.1576526165008545,12.636470794677734,354,846
LOFO-Ib,49,28.0,27.607526779174805,-0.1576526165008545,12.636470794677734,354,846
LOFO-Ib,50,27.0,35.365962982177734,-0.1576526165008545,12.636470794677734,354,846
LOFO-Ib,77,41.86000061035156,40.821842193603516,-0.1576526165008545,12.636470794677734,354,846
LOFO-Ib,80,38.0,21.018972396850586,-0.1576526165008545,12.636470794677734,354,846
LOFO-Ib,81,42.0,26.66187286376953,-0.1576526165008545,12.636470794677734,354,846
LOFO-Ib,82,40.0,26.840534210205078,-0.1576526165008545,12.636470794677734,354,846
LOFO-Ib,83,52.0,14.953184127807617,-0.1576526165008545,12.636470794677734,354,846
LOFO-Ib,84,39.0,14.441381454467773,-0.1576526165008545,12.636470794677734,354,846
LOFO-Ib,97,41.400001525878906,20.957027435302734,-0.1576526165008545,12.636470794677734,354,846
LOFO-Ib,98,40.099998474121094,20.981107711791992,-0.1576526165008545,12.636470794677734,354,846
LOFO-Ib,99,38.20000076293945,20.977890014648438,-0.1576526165008545,12.636470794677734,354,846
LOFO-Ib,100,35.79999923706055,20.986919403076172,-0.1576526165008545,12.636470794677734,354,846
LOFO-Ib,101,33.900001525878906,21.009017944335938,-0.1576526165008545,12.636470794677734,354,846
LOFO-Ib,102,44.400001525878906,33.849403381347656,-0.1576526165008545,12.636470794677734,354,846
LOFO-Ib,105,44.79999923706055,39.348365783691406,-0.1576526165008545,12.636470794677734,354,846
LOFO-Ib,108,26.0,23.01198959350586,-0.1576526165008545,12.636470794677734,354,846
LOFO-Ib,109,29.0,26.707706451416016,-0.1576526165008545,12.636470794677734,354,846
LOFO-Ib,110,33.0,27.80103302001953,-0.1576526165008545,12.636470794677734,354,846
LOFO-Ib,111,34.0,28.970401763916016,-0.1576526165008545,12.636470794677734,354,846
LOFO-Ib,112,39.0,30.255929946899414,-0.1576526165008545,12.636470794677734,354,846
LOFO-Ib,113,46.0,34.618492126464844,-0.1576526165008545,12.636470794677734,354,846
LOFO-Ib,114,33.70000076293945,20.480815887451172,-0.1576526165008545,12.636470794677734,354,846
LOFO-Ib,115,34.0,21.05445098876953,-0.1576526165008545,12.636470794677734,354,846
LOFO-Ib,117,30.200000762939453,27.42711639404297,-0.1576526165008545,12.636470794677734,354,846
LOFO-Ib,118,32.900001525878906,28.425281524658203,-0.1576526165008545,12.636470794677734,354,846
LOFO-Ib,119,34.29999923706055,29.256916046142578,-0.1576526165008545,12.636470794677734,354,846
LOFO-Ib,120,35.20000076293945,30.18472671508789,-0.1576526165008545,12.636470794677734,354,846
LOFO-Ib,121,33.20000076293945,30.97344207763672,-0.1576526165008545,12.636470794677734,354,846
LOFO-Ib,123,31.700000762939453,25.573204040527344,-0.1576526165008545,12.636470794677734,354,846
LOFO-Ib,124,34.20000076293945,23.93899917602539,-0.1576526165008545,12.636470794677734,354,846
LOFO-Ib,125,37.20000076293945,22.526134490966797,-0.1576526165008545,12.636470794677734,354,846
LOFO-Ib,126,42.0,21.27906036376953,-0.1576526165008545,12.636470794677734,354,846
LOFO-Ib,133,32.400001525878906,21.564132690429688,-0.1576526165008545,12.636470794677734,354,846
LOFO-Ib,134,29.299999237060547,28.776384353637695,-0.1576526165008545,12.636470794677734,354,846
LOFO-Ib,135,50.79999923706055,24.27286148071289,-0.1576526165008545,12.636470794677734,354,846
LOFO-Ib,136,39.5,22.2338809967041,-0.1576526165008545,12.636470794677734,354,846
LOFO-Ib,137,34.900001525878906,29.70711898803711,-0.1576526165008545,12.636470794677734,354,846
LOFO-Ib,138,46.20000076293945,25.86913299560547,-0.1576526165008545,12.636470794677734,354,846
LOFO-Ib,139,29.5,25.420013427734375,-0.1576526165008545,12.636470794677734,354,846
LOFO-Ib,140,29.600000381469727,25.449581146240234,-0.1576526165008545,12.636470794677734,354,846
LOFO-Ib,141,28.399999618530273,25.447696685791016,-0.1576526165008545,12.636470794677734,354,846
LOFO-Ib,142,30.200000762939453,25.45232391357422,-0.1576526165008545,12.636470794677734,354,846
LOFO-Ib,146,34.099998474121094,38.62620544433594,-0.1576526165008545,12.636470794677734,354,846
LOFO-Ib,149,29.100000381469727,25.593746185302734,-0.1576526165008545,12.636470794677734,354,846
LOFO-Ib,150,30.399999618530273,25.593746185302734,-0.1576526165008545,12.636470794677734,354,846
LOFO-Ib,151,33.70000076293945,26.666006088256836,-0.1576526165008545,12.636470794677734,354,846
LOFO-Ib,152,31.200000762939453,19.25466537475586,-0.1576526165008545,12.636470794677734,354,846
LOFO-Ib,153,31.5,19.247440338134766,-0.1576526165008545,12.636470794677734,354,846
LOFO-Ib,154,31.0,19.25466537475586,-0.1576526165008545,12.636470794677734,354,846
LOFO-Ib,155,31.5,32.953529357910156,-0.1576526165008545,12.636470794677734,354,846
LOFO-Ib,156,32.0,20.78799819946289,-0.1576526165008545,12.636470794677734,354,846
LOFO-Ib,157,29.899999618530273,35.506492614746094,-0.1576526165008545,12.636470794677734,354,846
LOFO-Ib,184,35.5,20.98571014404297,-0.1576526165008545,12.636470794677734,354,846
LOFO-Ib,185,34.5,20.95508575439453,-0.1576526165008545,12.636470794677734,354,846
LOFO-Ib,198,32.0,20.827743530273438,-0.1576526165008545,12.636470794677734,354,846
LOFO-Ib,212,46.20000076293945,23.520484924316406,-0.1576526165008545,12.636470794677734,354,846
LOFO-Ib,269,86.0,26.542503356933594,-0.1576526165008545,12.636470794677734,354,846
LOFO-Ib,270,66.0,25.174942016601562,-0.1576526165008545,12.636470794677734,354,846
LOFO-Ib,271,47.0,23.943193435668945,-0.1576526165008545,12.636470794677734,354,846
LOFO-Ib,273,47.439998626708984,45.90541076660156,-0.1576526165008545,12.636470794677734,354,846
LOFO-Ib,278,43.5,38.70846939086914,-0.1576526165008545,12.636470794677734,354,846
LOFO-Ib,292,43.599998474121094,38.83382797241211,-0.1576526165008545,12.636470794677734,354,846
LOFO-Ib,293,43.79999923706055,38.96491622924805,-0.1576526165008545,12.636470794677734,354,846
LOFO-Ib,303,43.5,38.89863586425781,-0.1576526165008545,12.636470794677734,354,846
LOFO-Ib,304,123.0,29.490692138671875,-0.1576526165008545,12.636470794677734,354,846
LOFO-Ib,305,143.0,32.0670166015625,-0.1576526165008545,12.636470794677734,354,846
LOFO-Ib,308,43.900001525878906,39.032691955566406,-0.1576526165008545,12.636470794677734,354,846
LOFO-Ib,309,136.0,30.89093589782715,-0.1576526165008545,12.636470794677734,354,846
LOFO-Ib,313,66.0,42.779998779296875,-0.1576526165008545,12.636470794677734,354,846
LOFO-Ib,314,75.0,24.580303192138672,-0.1576526165008545,12.636470794677734,354,846
LOFO-Ib,315,83.0,24.98752212524414,-0.1576526165008545,12.636470794677734,354,846
LOFO-Ib,316,48.0,43.79537582397461,-0.1576526165008545,12.636470794677734,354,846
LOFO-Ib,317,61.0,25.87877082824707,-0.1576526165008545,12.636470794677734,354,846
LOFO-Ib,318,64.0,26.201168060302734,-0.1576526165008545,12.636470794677734,354,846
LOFO-Ib,319,48.29999923706055,40.21327590942383,-0.1576526165008545,12.636470794677734,354,846
LOFO-Ib,320,44.20000076293945,40.21327590942383,-0.1576526165008545,12.636470794677734,354,846
LOFO-Ib,321,42.79999923706055,38.05964660644531,-0.1576526165008545,12.636470794677734,354,846
LOFO-Ib,322,45.0,33.74430465698242,-0.1576526165008545,12.636470794677734,354,846
LOFO-Ib,323,44.0,40.66238784790039,-0.1576526165008545,12.636470794677734,354,846
LOFO-Ib,328,44.599998474121094,22.35512924194336,-0.1576526165008545,12.636470794677734,354,846
LOFO-Ib,329,46.099998474121094,22.765350341796875,-0.1576526165008545,12.636470794677734,354,846
LOFO-Ib,331,38.150001525878906,14.734907150268555,-0.1576526165008545,12.636470794677734,354,846
LOFO-Ib,332,46.83000183105469,44.495811462402344,-0.1576526165008545,12.636470794677734,354,846
LOFO-Ib,335,46.31999969482422,48.00102615356445,-0.1576526165008545,12.636470794677734,354,846
LOFO-Ib,336,47.0099983215332,47.30195617675781,-0.1576526165008545,12.636470794677734,354,846
LOFO-Ib,340,49.099998474121094,33.664215087890625,-0.1576526165008545,12.636470794677734,354,846
LOFO-Ib,344,42.0,20.984163284301758,-0.1576526165008545,12.636470794677734,354,846
LOFO-Ib,350,41.099998474121094,16.83041000366211,-0.1576526165008545,12.636470794677734,354,846
LOFO-Ib,351,41.400001525878906,16.82708740234375,-0.1576526165008545,12.636470794677734,354,846
LOFO-Ib,352,42.29999923706055,16.823760986328125,-0.1576526165008545,12.636470794677734,354,846
LOFO-Ib,353,42.099998474121094,16.8204345703125,-0.1576526165008545,12.636470794677734,354,846
LOFO-Ib,355,49.369998931884766,44.36322021484375,-0.1576526165008545,12.636470794677734,354,846
LOFO-Ib,367,49.400001525878906,43.272769927978516,-0.1576526165008545,12.636470794677734,354,846
LOFO-Ib,368,54.900001525878906,41.061744689941406,-0.1576526165008545,12.636470794677734,354,846
LOFO-Ib,399,46.79999923706055,34.02983856201172,-0.1576526165008545,12.636470794677734,354,846
LOFO-Ib,400,45.70000076293945,34.20045852661133,-0.1576526165008545,12.636470794677734,354,846
LOFO-Ib,403,47.70000076293945,33.56351852416992,-0.1576526165008545,12.636470794677734,354,846
LOFO-Ib,409,33.400001525878906,22.510234832763672,-0.1576526165008545,12.636470794677734,354,846
LOFO-Ib,410,36.599998474121094,23.687305450439453,-0.1576526165008545,12.636470794677734,354,846
LOFO-Ib,411,40.400001525878906,24.984914779663086,-0.1576526165008545,12.636470794677734,354,846
LOFO-Ib,412,46.599998474121094,26.435482025146484,-0.1576526165008545,12.636470794677734,354,846
LOFO-Ib,452,71.19999694824219,26.584083557128906,-0.1576526165008545,12.636470794677734,354,846
LOFO-Ib,453,25.399999618530273,24.884471893310547,-0.1576526165008545,12.636470794677734,354,846
LOFO-Ib,454,22.899999618530273,24.102876663208008,-0.1576526165008545,12.636470794677734,354,846
LOFO-Ib,455,21.200000762939453,23.35694122314453,-0.1576526165008545,12.636470794677734,354,846
LOFO-Ib,456,22.100000381469727,22.642581939697266,-0.1576526165008545,12.636470794677734,354,846
LOFO-Ib,458,26.399999618530273,21.951236724853516,-0.1576526165008545,12.636470794677734,354,846
LOFO-Ib,459,33.0,19.279890060424805,-0.1576526165008545,12.636470794677734,354,846
LOFO-Ib,470,31.399999618530273,20.61148452758789,-0.1576526165008545,12.636470794677734,354,846
LOFO-Ib,474,24.899999618530273,18.19213104248047,-0.1576526165008545,12.636470794677734,354,846
LOFO-Ib,475,26.299999237060547,18.795879364013672,-0.1576526165008545,12.636470794677734,354,846
LOFO-Ib,479,25.100000381469727,20.601242065429688,-0.1576526165008545,12.636470794677734,354,846
LOFO-Ib,480,25.100000381469727,33.34613800048828,-0.1576526165008545,12.636470794677734,354,846
LOFO-Ib,482,34.20000076293945,22.984102249145508,-0.1576526165008545,12.636470794677734,354,846
LOFO-Ib,488,29.799999237060547,25.453155517578125,-0.1576526165008545,12.636470794677734,354,846
LOFO-Ib,494,18.0,21.914501190185547,-0.1576526165008545,12.636470794677734,354,846
LOFO-Ib,495,32.0,19.32464027404785,-0.1576526165008545,12.636470794677734,354,846
LOFO-Ib,496,25.0,23.130451202392578,-0.1576526165008545,12.636470794677734,354,846
LOFO-Ib,497,41.0,20.929828643798828,-0.1576526165008545,12.636470794677734,354,846
LOFO-Ib,498,30.0,25.43252182006836,-0.1576526165008545,12.636470794677734,354,846
LOFO-Ib,500,39.0,26.9375,-0.1576526165008545,12.636470794677734,354,846
LOFO-Ib,503,24.0,23.09968376159668,-0.1576526165008545,12.636470794677734,354,846
LOFO-Ib,504,24.399999618530273,23.030820846557617,-0.1576526165008545,12.636470794677734,354,846
LOFO-Ib,505,24.299999237060547,22.89543342590332,-0.1576526165008545,12.636470794677734,354,846
LOFO-Ib,506,24.0,22.75433349609375,-0.1576526165008545,12.636470794677734,354,846
LOFO-Ib,507,29.799999237060547,26.47042465209961,-0.1576526165008545,12.636470794677734,354,846
LOFO-Ib,508,26.5,25.405689239501953,-0.1576526165008545,12.636470794677734,354,846
LOFO-Ib,509,24.200000762939453,24.36343765258789,-0.1576526165008545,12.636470794677734,354,846
LOFO-Ib,510,21.600000381469727,23.349285125732422,-0.1576526165008545,12.636470794677734,354,846
LOFO-Ib,511,20.0,22.369651794433594,-0.1576526165008545,12.636470794677734,354,846
LOFO-Ib,512,22.0,35.944419860839844,-0.1576526165008545,12.636470794677734,354,846
LOFO-Ib,535,15.399999618530273,20.381107330322266,-0.1576526165008545,12.636470794677734,354,846
LOFO-Ib,536,18.0,21.909473419189453,-0.1576526165008545,12.636470794677734,354,846
LOFO-Ib,539,19.600000381469727,16.39261817932129,-0.1576526165008545,12.636470794677734,354,846
LOFO-Ib,540,16.600000381469727,17.50400733947754,-0.1576526165008545,12.636470794677734,354,846
LOFO-Ib,541,12.300000190734863,19.035293579101562,-0.1576526165008545,12.636470794677734,354,846
LOFO-Ib,542,13.100000381469727,20.378456115722656,-0.1576526165008545,12.636470794677734,354,846
LOFO-Ib,543,13.5,20.153087615966797,-0.1576526165008545,12.636470794677734,354,846
LOFO-Ib,544,16.700000762939453,20.74883270263672,-0.1576526165008545,12.636470794677734,354,846
LOFO-Ib,545,21.799999237060547,21.173763275146484,-0.1576526165008545,12.636470794677734,354,846
LOFO-Ib,546,31.200000762939453,22.171905517578125,-0.1576526165008545,12.636470794677734,354,846
LOFO-Ib,547,63.900001525878906,24.03240203857422,-0.1576526165008545,12.636470794677734,354,846
LOFO-Ib,549,16.299999237060547,20.822734832763672,-0.1576526165008545,12.636470794677734,354,846
LOFO-Ib,550,17.100000381469727,20.360912322998047,-0.1576526165008545,12.636470794677734,354,846
LOFO-Ib,551,14.399999618530273,19.8997802734375,-0.1576526165008545,12.636470794677734,354,846
LOFO-Ib,552,15.100000381469727,20.04828643798828,-0.1576526165008545,12.636470794677734,354,846
LOFO-Ib,553,15.399999618530273,19.78023910522461,-0.1576526165008545,12.636470794677734,354,846
LOFO-Ib,554,14.399999618530273,19.63812255859375,-0.1576526165008545,12.636470794677734,354,846
LOFO-Ib,555,14.5,19.894367218017578,-0.1576526165008545,12.636470794677734,354,846
LOFO-Ib,556,14.800000190734863,19.889068603515625,-0.1576526165008545,12.636470794677734,354,846
LOFO-Ib,557,18.100000381469727,20.90316390991211,-0.1576526165008545,12.636470794677734,354,846
LOFO-Ib,558,21.5,20.948253631591797,-0.1576526165008545,12.636470794677734,354,846
LOFO-Ib,559,24.0,20.59691619873047,-0.1576526165008545,12.636470794677734,354,846
LOFO-Ib,560,15.600000381469727,20.648067474365234,-0.1576526165008545,12.636470794677734,354,846
LOFO-Ib,595,28.299999237060547,15.38050651550293,-0.1576526165008545,12.636470794677734,354,846
LOFO-Ib,611,22.100000381469727,17.053037643432617,-0.1576526165008545,12.636470794677734,354,846
LOFO-Ib,614,26.299999237060547,24.056716918945312,-0.1576526165008545,12.636470794677734,354,846
LOFO-Ib,647,35.29999923706055,22.422330856323242,-0.1576526165008545,12.636470794677734,354,846
LOFO-Ib,648,30.5,22.922719955444336,-0.1576526165008545,12.636470794677734,354,846
LOFO-Ib,652,23.0,21.58829116821289,-0.1576526165008545,12.636470794677734,354,846
LOFO-Ib,653,25.0,20.499103546142578,-0.1576526165008545,12.636470794677734,354,846
LOFO-Ib,654,25.0,18.27920913696289,-0.1576526165008545,12.636470794677734,354,846
LOFO-Ib,655,29.0,20.530147552490234,-0.1576526165008545,12.636470794677734,354,846
LOFO-Ib,656,30.0,21.95949935913086,-0.1576526165008545,12.636470794677734,354,846
LOFO-Ib,672,26.0,20.83660888671875,-0.1576526165008545,12.636470794677734,354,846
LOFO-Ib,683,36.20000076293945,21.189804077148438,-0.1576526165008545,12.636470794677734,354,846
LOFO-Ib,684,33.599998474121094,20.66980743408203,-0.1576526165008545,12.636470794677734,354,846
LOFO-Ib,685,33.599998474121094,19.969520568847656,-0.1576526165008545,12.636470794677734,354,846
LOFO-Ib,686,31.0,19.314613342285156,-0.1576526165008545,12.636470794677734,354,846
LOFO-Ib,687,29.399999618530273,18.500638961791992,-0.1576526165008545,12.636470794677734,354,846
LOFO-Ib,689,25.899999618530273,17.659534454345703,-0.1576526165008545,12.636470794677734,354,846
LOFO-Ib,690,17.399999618530273,16.578800201416016,-0.1576526165008545,12.636470794677734,354,846
LOFO-Ib,701,19.899999618530273,16.888851165771484,-0.1576526165008545,12.636470794677734,354,846
LOFO-Ib,702,35.099998474121094,22.422218322753906,-0.1576526165008545,12.636470794677734,354,846
LOFO-Ib,704,30.0,22.92288589477539,-0.1576526165008545,12.636470794677734,354,846
LOFO-Ib,713,60.900001525878906,27.634428024291992,-0.1576526165008545,12.636470794677734,354,846
LOFO-Ib,714,105.80000305175781,30.745712280273438,-0.1576526165008545,12.636470794677734,354,846
LOFO-Ib,715,37.0,31.623783111572266,-0.1576526165008545,12.636470794677734,354,846
LOFO-Ib,717,34.0,35.29209518432617,-0.1576526165008545,12.636470794677734,354,846
LOFO-Ib,718,28.0,33.81468200683594,-0.1576526165008545,12.636470794677734,354,846
LOFO-Ib,728,32.0,17.057437896728516,-0.1576526165008545,12.636470794677734,354,846
LOFO-Ib,729,30.0,35.725067138671875,-0.1576526165008545,12.636470794677734,354,846
LOFO-Ib,730,28.299999237060547,25.635360717773438,-0.1576526165008545,12.636470794677734,354,846
LOFO-Ib,733,27.0,26.808164596557617,-0.1576526165008545,12.636470794677734,354,846
LOFO-Ib,735,27.0,36.00126647949219,-0.1576526165008545,12.636470794677734,354,846
LOFO-Ib,736,27.0,35.99240493774414,-0.1576526165008545,12.636470794677734,354,846
LOFO-Ib,737,27.0,22.518882751464844,-0.1576526165008545,12.636470794677734,354,846
LOFO-Ib,755,28.399999618530273,25.55146598815918,-0.1576526165008545,12.636470794677734,354,846
LOFO-Ib,757,30.200000762939453,25.341957092285156,-0.1576526165008545,12.636470794677734,354,846
LOFO-Ib,778,29.600000381469727,25.469337463378906,-0.1576526165008545,12.636470794677734,354,846
LOFO-Ib,788,31.0,35.96787643432617,-0.1576526165008545,12.636470794677734,354,846
LOFO-Ib,789,30.100000381469727,25.264150619506836,-0.1576526165008545,12.636470794677734,354,846
LOFO-Ib,791,29.0,29.309566497802734,-0.1576526165008545,12.636470794677734,354,846
LOFO-Ib,792,28.200000762939453,25.698734283447266,-0.1576526165008545,12.636470794677734,354,846
LOFO-Ib,793,28.700000762939453,25.618667602539062,-0.1576526165008545,12.636470794677734,354,846
LOFO-Ib,794,29.299999237060547,25.81243133544922,-0.1576526165008545,12.636470794677734,354,846
LOFO-Ib,795,30.700000762939453,25.616840362548828,-0.1576526165008545,12.636470794677734,354,846
LOFO-Ib,798,29.700000762939453,25.67269515991211,-0.1576526165008545,12.636470794677734,354,846
LOFO-Ib,803,30.0,25.14747428894043,-0.1576526165008545,12.636470794677734,354,846
LOFO-Ib,809,44.70000076293945,20.81146240234375,-0.1576526165008545,12.636470794677734,354,846
LOFO-Ib,818,45.0,23.017478942871094,-0.1576526165008545,12.636470794677734,354,846
LOFO-Ib,819,44.599998474121094,22.283336639404297,-0.1576526165008545,12.636470794677734,354,846
LOFO-Ib,825,43.0,22.830936431884766,-0.1576526165008545,12.636470794677734,354,846
LOFO-Ib,829,43.0,25.483423233032227,-0.1576526165008545,12.636470794677734,354,846
LOFO-Ib,830,44.400001525878906,33.5487060546875,-0.1576526165008545,12.636470794677734,354,846
LOFO-Ib,834,43.79999923706055,20.770668029785156,-0.1576526165008545,12.636470794677734,354,846
LOFO-Ib,839,43.5,37.262691497802734,-0.1576526165008545,12.636470794677734,354,846
LOFO-Ib,843,47.900001525878906,23.57443618774414,-0.1576526165008545,12.636470794677734,354,846
LOFO-Ib,845,48.0,21.766326904296875,-0.1576526165008545,12.636470794677734,354,846
LOFO-Ib,853,47.400001525878906,50.516536712646484,-0.1576526165008545,12.636470794677734,354,846
LOFO-Ib,856,45.0,28.277164459228516,-0.1576526165008545,12.636470794677734,354,846
LOFO-Ib,859,46.099998474121094,22.70526123046875,-0.1576526165008545,12.636470794677734,354,846
LOFO-Ib,860,46.29999923706055,33.556034088134766,-0.1576526165008545,12.636470794677734,354,846
LOFO-Ib,867,47.0,41.3881721496582,-0.1576526165008545,12.636470794677734,354,846
LOFO-Ib,868,46.599998474121094,26.428985595703125,-0.1576526165008545,12.636470794677734,354,846
LOFO-Ib,869,42.400001525878906,20.95354461669922,-0.1576526165008545,12.636470794677734,354,846
LOFO-Ib,870,42.29999923706055,16.679826736450195,-0.1576526165008545,12.636470794677734,354,846
LOFO-Ib,879,38.900001525878906,43.453338623046875,-0.1576526165008545,12.636470794677734,354,846
LOFO-Ib,880,39.0,30.690998077392578,-0.1576526165008545,12.636470794677734,354,846
LOFO-Ib,886,37.599998474121094,22.124370574951172,-0.1576526165008545,12.636470794677734,354,846
LOFO-Ib,888,37.0,22.83535385131836,-0.1576526165008545,12.636470794677734,354,846
LOFO-Ib,897,37.20000076293945,20.434438705444336,-0.1576526165008545,12.636470794677734,354,846
LOFO-Ib,899,37.29999923706055,25.597991943359375,-0.1576526165008545,12.636470794677734,354,846
LOFO-Ib,901,37.0,33.40553283691406,-0.1576526165008545,12.636470794677734,354,846
LOFO-Ib,903,39.400001525878906,39.20552062988281,-0.1576526165008545,12.636470794677734,354,846
LOFO-Ib,904,39.599998474121094,27.492530822753906,-0.1576526165008545,12.636470794677734,354,846
LOFO-Ib,905,41.099998474121094,20.916288375854492,-0.1576526165008545,12.636470794677734,354,846
LOFO-Ib,910,42.0,20.96837615966797,-0.1576526165008545,12.636470794677734,354,846
LOFO-Ib,912,42.0,26.713830947875977,-0.1576526165008545,12.636470794677734,354,846
LOFO-Ib,915,42.099998474121094,30.157135009765625,-0.1576526165008545,12.636470794677734,354,846
LOFO-Ib,921,40.0,26.893394470214844,-0.1576526165008545,12.636470794677734,354,846
LOFO-Ib,924,39.70000076293945,17.053939819335938,-0.1576526165008545,12.636470794677734,354,846
LOFO-Ib,931,40.0,20.946027755737305,-0.1576526165008545,12.636470794677734,354,846
LOFO-Ib,932,40.0,20.916288375854492,-0.1576526165008545,12.636470794677734,354,846
LOFO-Ib,933,40.0,22.327903747558594,-0.1576526165008545,12.636470794677734,354,846
LOFO-Ib,934,40.0,30.428539276123047,-0.1576526165008545,12.636470794677734,354,846
LOFO-Ib,936,49.400001525878906,45.216121673583984,-0.1576526165008545,12.636470794677734,354,846
LOFO-Ib,957,86.0,26.527297973632812,-0.1576526165008545,12.636470794677734,354,846
LOFO-Ib,972,133.0,41.868751525878906,-0.1576526165008545,12.636470794677734,354,846
LOFO-Ib,973,133.89999389648438,41.20074462890625,-0.1576526165008545,12.636470794677734,354,846
LOFO-Ib,974,136.0,31.132709503173828,-0.1576526165008545,12.636470794677734,354,846
LOFO-Ib,984,142.0,42.17176055908203,-0.1576526165008545,12.636470794677734,354,846
LOFO-Ib,1006,76.5999984741211,27.95775032043457,-0.1576526165008545,12.636470794677734,354,846
LOFO-Ib,1013,54.79999923706055,23.364330291748047,-0.1576526165008545,12.636470794677734,354,846
LOFO-Ib,1017,55.099998474121094,43.61644744873047,-0.1576526165008545,12.636470794677734,354,846
LOFO-Ib,1020,57.29999923706055,28.520221710205078,-0.1576526165008545,12.636470794677734,354,846
LOFO-Ib,1024,49.79999923706055,44.47678756713867,-0.1576526165008545,12.636470794677734,354,846
LOFO-Ib,1028,50.0,22.685779571533203,-0.1576526165008545,12.636470794677734,354,846
LOFO-Ib,1033,51.0,22.197580337524414,-0.1576526165008545,12.636470794677734,354,846
LOFO-Ib,1036,52.0,32.94915771484375,-0.1576526165008545,12.636470794677734,354,846
LOFO-Ib,1042,66.0,25.161685943603516,-0.1576526165008545,12.636470794677734,354,846
LOFO-Ib,1059,60.0,33.468711853027344,-0.1576526165008545,12.636470794677734,354,846
LOFO-Ib,1062,61.0,28.271408081054688,-0.1576526165008545,12.636470794677734,354,846
LOFO-Ib,1068,63.900001525878906,24.768871307373047,-0.1576526165008545,12.636470794677734,354,846
LOFO-Ib,1074,24.0,16.907089233398438,-0.1576526165008545,12.636470794677734,354,846
LOFO-Ib,1076,24.0,23.158199310302734,-0.1576526165008545,12.636470794677734,354,846
LOFO-Ib,1079,24.0,22.74224853515625,-0.1576526165008545,12.636470794677734,354,846
LOFO-Ib,1080,24.200000762939453,24.379392623901367,-0.1576526165008545,12.636470794677734,354,846
LOFO-Ib,1083,24.5,22.824750900268555,-0.1576526165008545,12.636470794677734,354,846
LOFO-Ib,1084,24.700000762939453,22.73320770263672,-0.1576526165008545,12.636470794677734,354,846
LOFO-Ib,1085,23.600000381469727,22.517791748046875,-0.1576526165008545,12.636470794677734,354,846
LOFO-Ib,1096,24.899999618530273,18.19503402709961,-0.1576526165008545,12.636470794677734,354,846
LOFO-Ib,1097,25.0,25.39401626586914,-0.1576526165008545,12.636470794677734,354,846
LOFO-Ib,1099,26.399999618530273,22.144847869873047,-0.1576526165008545,12.636470794677734,354,846
LOFO-Ib,1100,26.5,25.411014556884766,-0.1576526165008545,12.636470794677734,354,846
LOFO-Ib,1104,27.0,23.789573669433594,-0.1576526165008545,12.636470794677734,354,846
LOFO-Ib,1105,27.0,24.48100471496582,-0.1576526165008545,12.636470794677734,354,846
LOFO-Ib,1107,26.299999237060547,24.0302734375,-0.1576526165008545,12.636470794677734,354,846
LOFO-Ib,1109,25.0,22.80014419555664,-0.1576526165008545,12.636470794677734,354,846
LOFO-Ib,1112,25.100000381469727,35.509212493896484,-0.1576526165008545,12.636470794677734,354,846
LOFO-Ib,1114,25.399999618530273,24.886531829833984,-0.1576526165008545,12.636470794677734,354,846
LOFO-Ib,1115,25.700000762939453,22.362838745117188,-0.1576526165008545,12.636470794677734,354,846
LOFO-Ib,1117,25.100000381469727,23.087081909179688,-0.1576526165008545,12.636470794677734,354,846
LOFO-Ib,1118,22.100000381469727,17.025920867919922,-0.1576526165008545,12.636470794677734,354,846
LOFO-Ib,1122,17.100000381469727,20.11354637145996,-0.1576526165008545,12.636470794677734,354,846
LOFO-Ib,1124,17.399999618530273,20.904308319091797,-0.1576526165008545,12.636470794677734,354,846
LOFO-Ib,1129,19.0,22.799652099609375,-0.1576526165008545,12.636470794677734,354,846
LOFO-Ib,1133,16.299999237060547,20.364545822143555,-0.1576526165008545,12.636470794677734,354,846
LOFO-Ib,1136,13.100000381469727,20.375606536865234,-0.1576526165008545,12.636470794677734,354,846
LOFO-Ib,1137,14.0,21.933212280273438,-0.1576526165008545,12.636470794677734,354,846
LOFO-Ib,1138,14.399999618530273,19.963459014892578,-0.1576526165008545,12.636470794677734,354,846
LOFO-Ib,1140,14.399999618530273,20.234882354736328,-0.1576526165008545,12.636470794677734,354,846
LOFO-Ib,1141,15.100000381469727,20.192615509033203,-0.1576526165008545,12.636470794677734,354,846
LOFO-Ib,1142,15.399999618530273,19.919357299804688,-0.1576526165008545,12.636470794677734,354,846
LOFO-Ib,1143,15.399999618530273,20.09800910949707,-0.1576526165008545,12.636470794677734,354,846
LOFO-Ib,1144,15.600000381469727,20.39615821838379,-0.1576526165008545,12.636470794677734,354,846
LOFO-Ib,1147,14.5,20.234882354736328,-0.1576526165008545,12.636470794677734,354,846
LOFO-Ib,1148,27.0,18.79828643798828,-0.1576526165008545,12.636470794677734,354,846
LOFO-Ib,1159,21.200000762939453,23.34676742553711,-0.1576526165008545,12.636470794677734,354,846
LOFO-Ib,1163,21.600000381469727,23.364864349365234,-0.1576526165008545,12.636470794677734,354,846
LOFO-Ib,1168,19.700000762939453,21.94379234313965,-0.1576526165008545,12.636470794677734,354,846
LOFO-Ib,1173,20.0,17.126060485839844,-0.1576526165008545,12.636470794677734,354,846
LOFO-Ib,1174,20.0,22.936664581298828,-0.1576526165008545,12.636470794677734,354,846
LOFO-Ib,1175,20.0,22.286672592163086,-0.1576526165008545,12.636470794677734,354,846
LOFO-Ib,1183,33.599998474121094,20.11328887939453,-0.1576526165008545,12.636470794677734,354,846
LOFO-Ib,1184,33.70000076293945,20.436840057373047,-0.1576526165008545,12.636470794677734,354,846
LOFO-Ib,1185,33.70000076293945,30.085460662841797,-0.1576526165008545,12.636470794677734,354,846
LOFO-Ib,1187,34.0,20.93193244934082,-0.1576526165008545,12.636470794677734,354,846
LOFO-Ib,1188,34.0,38.10980987548828,-0.1576526165008545,12.636470794677734,354,846
LOFO-Ib,1189,34.0,27.228931427001953,-0.1576526165008545,12.636470794677734,354,846
LOFO-Ib,1193,33.20000076293945,29.116500854492188,-0.1576526165008545,12.636470794677734,354,846
LOFO-Ib,1194,33.0,27.68826675415039,-0.1576526165008545,12.636470794677734,354,846
LOFO-Ib,1196,32.0,17.053939819335938,-0.1576526165008545,12.636470794677734,354,846
LOFO-Ib,1201,34.0,21.054790496826172,-0.1576526165008545,12.636470794677734,354,846
LOFO-Ib,1203,32.0,20.85348129272461,-0.1576526165008545,12.636470794677734,354,846
LOFO-Ib,1204,32.20000076293945,22.37660026550293,-0.1576526165008545,12.636470794677734,354,846
LOFO-Ib,1205,32.400001525878906,21.435195922851562,-0.1576526165008545,12.636470794677734,354,846
LOFO-Ib,1207,33.0,19.646808624267578,-0.1576526165008545,12.636470794677734,354,846
LOFO-Ib,1211,36.0,15.414502143859863,-0.1576526165008545,12.636470794677734,354,846
LOFO-Ib,1214,36.0,20.898601531982422,-0.1576526165008545,12.636470794677734,354,846
LOFO-Ib,1218,36.0,30.00896644592285,-0.1576526165008545,12.636470794677734,354,846
LOFO-Ib,1224,35.900001525878906,27.713237762451172,-0.1576526165008545,12.636470794677734,354,846
LOFO-Ib,1225,35.70000076293945,21.089847564697266,-0.1576526165008545,12.636470794677734,354,846
LOFO-Ib,1226,34.0,19.679502487182617,-0.1576526165008545,12.636470794677734,354,846
LOFO-Ib,1227,34.099998474121094,38.198787689208984,-0.1576526165008545,12.636470794677734,354,846
LOFO-Ib,1229,34.5,20.937467575073242,-0.1576526165008545,12.636470794677734,354,846
LOFO-Ib,1232,35.0,27.228778839111328,-0.1576526165008545,12.636470794677734,354,846
LOFO-Ib,1233,35.0,22.393295288085938,-0.1576526165008545,12.636470794677734,354,846
LOFO-Ib,1234,35.0,21.181621551513672,-0.1576526165008545,12.636470794677734,354,846
LOFO-Ib,1236,35.20000076293945,30.086200714111328,-0.1576526165008545,12.636470794677734,354,846
LOFO-Ib,1238,35.5,20.985675811767578,-0.1576526165008545,12.636470794677734,354,846
LOFO-Ib,1240,31.799999237060547,21.61794662475586,-0.1576526165008545,12.636470794677734,354,846
LOFO-Ib,1241,31.700000762939453,30.871166229248047,-0.1576526165008545,12.636470794677734,354,846
LOFO-Ib,1246,29.0,29.31774139404297,-0.1576526165008545,12.636470794677734,354,846
LOFO-Ib,1247,29.0,25.558643341064453,-0.1576526165008545,12.636470794677734,354,846
LOFO-Ib,1252,29.799999237060547,26.408889770507812,-0.1576526165008545,12.636470794677734,354,846
LOFO-Ib,1253,28.0,27.285614013671875,-0.1576526165008545,12.636470794677734,354,846
LOFO-Ib,1262,27.700000762939453,24.481645584106445,-0.1576526165008545,12.636470794677734,354,846
LOFO-Ib,1265,28.0,36.258419036865234,-0.1576526165008545,12.636470794677734,354,846
LOFO-Ib,1268,28.0,25.431209564208984,-0.1576526165008545,12.636470794677734,354,846
LOFO-Ib,1270,28.0,25.558420181274414,-0.1576526165008545,12.636470794677734,354,846
LOFO-Ib,1277,31.0,22.92593765258789,-0.1576526165008545,12.636470794677734,354,846
LOFO-Ib,1282,31.0,21.39566993713379,-0.1576526165008545,12.636470794677734,354,846
LOFO-Ib,1283,31.0,19.215999603271484,-0.1576526165008545,12.636470794677734,354,846
LOFO-Ib,1284,31.100000381469727,28.284332275390625,-0.1576526165008545,12.636470794677734,354,846
LOFO-Ib,1286,31.200000762939453,22.922142028808594,-0.1576526165008545,12.636470794677734,354,846
LOFO-Ib,1288,31.5,25.20452117919922,-0.1576526165008545,12.636470794677734,354,846
LOFO-Ib,1291,31.0,29.135662078857422,-0.1576526165008545,12.636470794677734,354,846
LOFO-Ib,1292,31.0,25.505687713623047,-0.1576526165008545,12.636470794677734,354,846
LOFO-Ib,1294,30.0,27.285614013671875,-0.1576526165008545,12.636470794677734,354,846
LOFO-Ib,1295,30.0,25.476186752319336,-0.1576526165008545,12.636470794677734,354,846
LOFO-Ib,1296,30.0,25.09569549560547,-0.1576526165008545,12.636470794677734,354,846
LOFO-Ib,1298,30.0,15.394129753112793,-0.1576526165008545,12.636470794677734,354,846
LOFO-Ib,1300,30.5,26.53489112854004,-0.1576526165008545,12.636470794677734,354,846
LOFO-Ib,1303,143.0,32.30121994018555,-0.1576526165008545,12.636470794677734,354,846
LOFO-II,1,49.79999923706055,54.629798889160156,0.6536393165588379,10.321593284606934,331,887
LOFO-II,2,48.0,53.15718078613281,0.6536393165588379,10.321593284606934,331,887
LOFO-II,3,41.29999923706055,48.69419479370117,0.6536393165588379,10.321593284606934,331,887
LOFO-II,4,36.79999923706055,44.74687194824219,0.6536393165588379,10.321593284606934,331,887
LOFO-II,5,65.4000015258789,65.36709594726562,0.6536393165588379,10.321593284606934,331,887
LOFO-II,6,54.29999923706055,58.516944885253906,0.6536393165588379,10.321593284606934,331,887
LOFO-II,7,48.5,54.696990966796875,0.6536393165588379,10.321593284606934,331,887
LOFO-II,8,48.099998474121094,53.209930419921875,0.6536393165588379,10.321593284606934,331,887
LOFO-II,9,41.20000076293945,48.713722229003906,0.6536393165588379,10.321593284606934,331,887
LOFO-II,10,36.400001525878906,44.74829864501953,0.6536393165588379,10.321593284606934,331,887
LOFO-II,11,69.0,66.12629699707031,0.6536393165588379,10.321593284606934,331,887
LOFO-II,12,56.599998474121094,58.884883880615234,0.6536393165588379,10.321593284606934,331,887
LOFO-II,13,49.400001525878906,54.91458511352539,0.6536393165588379,10.321593284606934,331,887
LOFO-II,14,48.0,53.381004333496094,0.6536393165588379,10.321593284606934,331,887
LOFO-II,15,41.099998474121094,48.779022216796875,0.6536393165588379,10.321593284606934,331,887
LOFO-II,16,36.400001525878906,44.75716018676758,0.6536393165588379,10.321593284606934,331,887
LOFO-II,24,55.70000076293945,58.40335464477539,0.6536393165588379,10.321593284606934,331,887
LOFO-II,25,67.80000305175781,65.13262176513672,0.6536393165588379,10.321593284606934,331,887
LOFO-II,28,39.5,42.64276885986328,0.6536393165588379,10.321593284606934,331,887
LOFO-II,35,43.0,45.210269927978516,0.6536393165588379,10.321593284606934,331,887
LOFO-II,36,40.0,43.230560302734375,0.6536393165588379,10.321593284606934,331,887
LOFO-II,37,40.0,41.943260192871094,0.6536393165588379,10.321593284606934,331,887
LOFO-II,38,39.0,44.67493438720703,0.6536393165588379,10.321593284606934,331,887
LOFO-II,40,38.900001525878906,44.68021011352539,0.6536393165588379,10.321593284606934,331,887
LOFO-II,41,37.0,44.42426300048828,0.6536393165588379,10.321593284606934,331,887
LOFO-II,52,38.0,45.1750602722168,0.6536393165588379,10.321593284606934,331,887
LOFO-II,54,65.4000015258789,64.1688232421875,0.6536393165588379,10.321593284606934,331,887
LOFO-II,55,52.20000076293945,57.103126525878906,0.6536393165588379,10.321593284606934,331,887
LOFO-II,56,52.29999923706055,57.06007385253906,0.6536393165588379,10.321593284606934,331,887
LOFO-II,57,52.400001525878906,56.956878662109375,0.6536393165588379,10.321593284606934,331,887
LOFO-II,58,52.0,56.860984802246094,0.6536393165588379,10.321593284606934,331,887
LOFO-II,59,46.599998474121094,53.625511169433594,0.6536393165588379,10.321593284606934,331,887
LOFO-II,60,46.70000076293945,53.57509994506836,0.6536393165588379,10.321593284606934,331,887
LOFO-II,61,46.79999923706055,53.45397186279297,0.6536393165588379,10.321593284606934,331,887
LOFO-II,62,46.5,53.34062194824219,0.6536393165588379,10.321593284606934,331,887
LOFO-II,63,41.400001525878906,51.5,0.6536393165588379,10.321593284606934,331,887
LOFO-II,64,65.69999694824219,64.15392303466797,0.6536393165588379,10.321593284606934,331,887
LOFO-II,65,41.5,51.32238006591797,0.6536393165588379,10.321593284606934,331,887
LOFO-II,66,43.5,54.51329803466797,0.6536393165588379,10.321593284606934,331,887
LOFO-II,67,41.5,53.29867935180664,0.6536393165588379,10.321593284606934,331,887
LOFO-II,68,49.400001525878906,56.57065200805664,0.6536393165588379,10.321593284606934,331,887
LOFO-II,70,45.20000076293945,54.57593536376953,0.6536393165588379,10.321593284606934,331,887
LOFO-II,71,45.20000076293945,56.59949493408203,0.6536393165588379,10.321593284606934,331,887
LOFO-II,75,47.5,53.83880615234375,0.6536393165588379,10.321593284606934,331,887
LOFO-II,76,46.5,52.60171127319336,0.6536393165588379,10.321593284606934,331,887
LOFO-II,78,65.5999984741211,64.14924621582031,0.6536393165588379,10.321593284606934,331,887
LOFO-II,79,41.099998474121094,50.16350555419922,0.6536393165588379,10.321593284606934,331,887
LOFO-II,85,39.70000076293945,51.68450164794922,0.6536393165588379,10.321593284606934,331,887
LOFO-II,86,22.739999771118164,32.616310119628906,0.6536393165588379,10.321593284606934,331,887
LOFO-II,87,25.84000015258789,35.87275695800781,0.6536393165588379,10.321593284606934,331,887
LOFO-II,88,29.3799991607666,40.703609466552734,0.6536393165588379,10.321593284606934,331,887
LOFO-II,89,32.849998474121094,44.76531982421875,0.6536393165588379,10.321593284606934,331,887
LOFO-II,90,50.209999084472656,57.583213806152344,0.6536393165588379,10.321593284606934,331,887
LOFO-II,91,65.5,64.14994812011719,0.6536393165588379,10.321593284606934,331,887
LOFO-II,92,69.19999694824219,66.14156341552734,0.6536393165588379,10.321593284606934,331,887
LOFO-II,103,43.70000076293945,49.76963806152344,0.6536393165588379,10.321593284606934,331,887
LOFO-II,106,68.4000015258789,58.86109924316406,0.6536393165588379,10.321593284606934,331,887
LOFO-II,122,43.5,31.90444564819336,0.6536393165588379,10.321593284606934,331,887
LOFO-II,127,34.29999923706055,34.31675720214844,0.6536393165588379,10.321593284606934,331,887
LOFO-II,128,38.20000076293945,39.387184143066406,0.6536393165588379,10.321593284606934,331,887
LOFO-II,144,45.20000076293945,49.73683166503906,0.6536393165588379,10.321593284606934,331,887
LOFO-II,147,34.70000076293945,49.69080352783203,0.6536393165588379,10.321593284606934,331,887
LOFO-II,158,71.9000015258789,68.93377685546875,0.6536393165588379,10.321593284606934,331,887
LOFO-II,159,67.5999984741211,62.923065185546875,0.6536393165588379,10.321593284606934,331,887
LOFO-II,160,66.9000015258789,58.93364715576172,0.6536393165588379,10.321593284606934,331,887
LOFO-II,166,108.5,73.56961059570312,0.6536393165588379,10.321593284606934,331,887
LOFO-II,167,94.30000305175781,68.47640991210938,0.6536393165588379,10.321593284606934,331,887
LOFO-II,168,81.19999694824219,64.13287353515625,0.6536393165588379,10.321593284606934,331,887
LOFO-II,169,67.19999694824219,60.59809875488281,0.6536393165588379,10.321593284606934,331,887
LOFO-II,170,71.86000061035156,70.16737365722656,0.6536393165588379,10.321593284606934,331,887
LOFO-II,171,100.0999984741211,73.3954086303711,0.6536393165588379,10.321593284606934,331,887
LOFO-II,172,86.80000305175781,64.00581359863281,0.6536393165588379,10.321593284606934,331,887
LOFO-II,173,70.0999984741211,60.490264892578125,0.6536393165588379,10.321593284606934,331,887
LOFO-II,174,126.69999694824219,82.66886901855469,0.6536393165588379,10.321593284606934,331,887
LOFO-II,175,90.5999984741211,71.03242492675781,0.6536393165588379,10.321593284606934,331,887
LOFO-II,176,86.30000305175781,66.39373779296875,0.6536393165588379,10.321593284606934,331,887
LOFO-II,177,82.5,62.32298278808594,0.6536393165588379,10.321593284606934,331,887
LOFO-II,178,68.69999694824219,58.94918441772461,0.6536393165588379,10.321593284606934,331,887
LOFO-II,179,128.39999389648438,82.4393310546875,0.6536393165588379,10.321593284606934,331,887
LOFO-II,180,97.0999984741211,70.89553833007812,0.6536393165588379,10.321593284606934,331,887
LOFO-II,181,89.19999694824219,66.27983856201172,0.6536393165588379,10.321593284606934,331,887
LOFO-II,182,85.30000305175781,62.22340393066406,0.6536393165588379,10.321593284606934,331,887
LOFO-II,183,96.5,68.32707214355469,0.6536393165588379,10.321593284606934,331,887
LOFO-II,187,62.599998474121094,67.21209716796875,0.6536393165588379,10.321593284606934,331,887
LOFO-II,188,60.70000076293945,63.76276397705078,0.6536393165588379,10.321593284606934,331,887
LOFO-II,189,57.70000076293945,60.91726303100586,0.6536393165588379,10.321593284606934,331,887
LOFO-II,190,53.900001525878906,53.02568817138672,0.6536393165588379,10.321593284606934,331,887
LOFO-II,191,44.900001525878906,48.43418884277344,0.6536393165588379,10.321593284606934,331,887
LOFO-II,194,70.4000015258789,68.82603454589844,0.6536393165588379,10.321593284606934,331,887
LOFO-II,195,68.0,62.923065185546875,0.6536393165588379,10.321593284606934,331,887
LOFO-II,196,66.69999694824219,58.830631256103516,0.6536393165588379,10.321593284606934,331,887
LOFO-II,197,65.30000305175781,67.21209716796875,0.6536393165588379,10.321593284606934,331,887
LOFO-II,199,60.79999923706055,63.76276397705078,0.6536393165588379,10.321593284606934,331,887
LOFO-II,200,53.099998474121094,53.02568817138672,0.6536393165588379,10.321593284606934,331,887
LOFO-II,201,46.29999923706055,48.48872375488281,0.6536393165588379,10.321593284606934,331,887
LOFO-II,211,54.400001525878906,60.91726303100586,0.6536393165588379,10.321593284606934,331,887
LOFO-II,222,73.0,93.606201171875,0.6536393165588379,10.321593284606934,331,887
LOFO-II,224,67.9000015258789,70.18238830566406,0.6536393165588379,10.321593284606934,331,887
LOFO-II,225,79.5999984741211,70.0855484008789,0.6536393165588379,10.321593284606934,331,887
LOFO-II,226,84.0,69.98509216308594,0.6536393165588379,10.321593284606934,331,887
LOFO-II,227,83.9000015258789,69.88096618652344,0.6536393165588379,10.321593284606934,331,887
LOFO-II,229,135.0,136.58950805664062,0.6536393165588379,10.321593284606934,331,887
LOFO-II,243,62.0,58.184471130371094,0.6536393165588379,10.321593284606934,331,887
LOFO-II,244,140.39999389648438,85.82672119140625,0.6536393165588379,10.321593284606934,331,887
LOFO-II,245,102.80000305175781,61.92063903808594,0.6536393165588379,10.321593284606934,331,887
LOFO-II,246,95.0,60.54730224609375,0.6536393165588379,10.321593284606934,331,887
LOFO-II,247,90.5999984741211,59.26953125,0.6536393165588379,10.321593284606934,331,887
LOFO-II,248,88.9000015258789,58.66586685180664,0.6536393165588379,10.321593284606934,331,887
LOFO-II,249,81.0,61.91506576538086,0.6536393165588379,10.321593284606934,331,887
LOFO-II,251,138.0,82.58056640625,0.6536393165588379,10.321593284606934,331,887
LOFO-II,252,92.4000015258789,58.78007507324219,0.6536393165588379,10.321593284606934,331,887
LOFO-II,253,86.69999694824219,57.62232971191406,0.6536393165588379,10.321593284606934,331,887
LOFO-II,254,85.30000305175781,57.077674865722656,0.6536393165588379,10.321593284606934,331,887
LOFO-II,255,71.0999984741211,60.337772369384766,0.6536393165588379,10.321593284606934,331,887
LOFO-II,263,96.80000305175781,60.02886199951172,0.6536393165588379,10.321593284606934,331,887
LOFO-II,267,45.0,47.639503479003906,0.6536393165588379,10.321593284606934,331,887
LOFO-II,268,44.0,52.718414306640625,0.6536393165588379,10.321593284606934,331,887
LOFO-II,272,47.0,46.62200164794922,0.6536393165588379,10.321593284606934,331,887
LOFO-II,274,48.29999923706055,46.21263885498047,0.6536393165588379,10.321593284606934,331,887
LOFO-II,275,62.0,58.184471130371094,0.6536393165588379,10.321593284606934,331,887
LOFO-II,291,50.0,53.12675476074219,0.6536393165588379,10.321593284606934,331,887
LOFO-II,302,113.0,123.65399169921875,0.6536393165588379,10.321593284606934,331,887
LOFO-II,311,53.5,55.68061065673828,0.6536393165588379,10.321593284606934,331,887
LOFO-II,312,60.79999923706055,45.53119659423828,0.6536393165588379,10.321593284606934,331,887
LOFO-II,324,60.70000076293945,61.73755645751953,0.6536393165588379,10.321593284606934,331,887
LOFO-II,325,50.79999923706055,58.19310760498047,0.6536393165588379,10.321593284606934,331,887
LOFO-II,326,47.900001525878906,58.03685760498047,0.6536393165588379,10.321593284606934,331,887
LOFO-II,327,48.599998474121094,59.087162017822266,0.6536393165588379,10.321593284606934,331,887
LOFO-II,338,44.70000076293945,53.15436553955078,0.6536393165588379,10.321593284606934,331,887
LOFO-II,339,45.099998474121094,49.405860900878906,0.6536393165588379,10.321593284606934,331,887
LOFO-II,341,49.29999923706055,53.01856231689453,0.6536393165588379,10.321593284606934,331,887
LOFO-II,342,55.20000076293945,55.71576690673828,0.6536393165588379,10.321593284606934,331,887
LOFO-II,343,54.900001525878906,70.40296936035156,0.6536393165588379,10.321593284606934,331,887
LOFO-II,346,43.61000061035156,49.61017990112305,0.6536393165588379,10.321593284606934,331,887
LOFO-II,347,43.36000061035156,51.84043884277344,0.6536393165588379,10.321593284606934,331,887
LOFO-II,349,43.099998474121094,55.063392639160156,0.6536393165588379,10.321593284606934,331,887
LOFO-II,354,42.83000183105469,49.85755157470703,0.6536393165588379,10.321593284606934,331,887
LOFO-II,360,48.34000015258789,48.483978271484375,0.6536393165588379,10.321593284606934,331,887
LOFO-II,365,68.69999694824219,52.742576599121094,0.6536393165588379,10.321593284606934,331,887
LOFO-II,366,57.5,49.03057098388672,0.6536393165588379,10.321593284606934,331,887
LOFO-II,370,51.400001525878906,71.40570068359375,0.6536393165588379,10.321593284606934,331,887
LOFO-II,371,63.29999923706055,73.8679428100586,0.6536393165588379,10.321593284606934,331,887
LOFO-II,372,69.4000015258789,73.5213623046875,0.6536393165588379,10.321593284606934,331,887
LOFO-II,373,59.599998474121094,68.77330780029297,0.6536393165588379,10.321593284606934,331,887
LOFO-II,374,58.0,63.59764862060547,0.6536393165588379,10.321593284606934,331,887
LOFO-II,375,53.29999923706055,56.207244873046875,0.6536393165588379,10.321593284606934,331,887
LOFO-II,376,80.0999984741211,57.79305648803711,0.6536393165588379,10.321593284606934,331,887
LOFO-II,377,50.70000076293945,53.58256530761719,0.6536393165588379,10.321593284606934,331,887
LOFO-II,378,37.0,42.97264099121094,0.6536393165588379,10.321593284606934,331,887
LOFO-II,384,47.0,55.912376403808594,0.6536393165588379,10.321593284606934,331,887
LOFO-II,389,47.0,31.85245704650879,0.6536393165588379,10.321593284606934,331,887
LOFO-II,390,57.0,55.4561653137207,0.6536393165588379,10.321593284606934,331,887
LOFO-II,401,45.400001525878906,53.50572204589844,0.6536393165588379,10.321593284606934,331,887
LOFO-II,402,46.099998474121094,50.99093246459961,0.6536393165588379,10.321593284606934,331,887
LOFO-II,405,48.900001525878906,53.7232666015625,0.6536393165588379,10.321593284606934,331,887
LOFO-II,406,49.5,49.4299430847168,0.6536393165588379,10.321593284606934,331,887
LOFO-II,407,40.79999923706055,51.653358459472656,0.6536393165588379,10.321593284606934,331,887
LOFO-II,408,46.400001525878906,48.98248291015625,0.6536393165588379,10.321593284606934,331,887
LOFO-II,416,48.900001525878906,51.221866607666016,0.6536393165588379,10.321593284606934,331,887
LOFO-II,418,48.0,50.11762237548828,0.6536393165588379,10.321593284606934,331,887
LOFO-II,483,34.900001525878906,31.9326171875,0.6536393165588379,10.321593284606934,331,887
LOFO-II,484,34.29999923706055,31.63348388671875,0.6536393165588379,10.321593284606934,331,887
LOFO-II,485,33.20000076293945,31.75324058532715,0.6536393165588379,10.321593284606934,331,887
LOFO-II,486,34.5,44.39632034301758,0.6536393165588379,10.321593284606934,331,887
LOFO-II,501,33.0,38.82685470581055,0.6536393165588379,10.321593284606934,331,887
LOFO-II,502,40.0,40.73938751220703,0.6536393165588379,10.321593284606934,331,887
LOFO-II,522,16.0,45.93451690673828,0.6536393165588379,10.321593284606934,331,887
LOFO-II,528,21.200000762939453,26.329883575439453,0.6536393165588379,10.321593284606934,331,887
LOFO-II,529,18.299999237060547,27.240291595458984,0.6536393165588379,10.321593284606934,331,887
LOFO-II,530,27.5,26.7332763671875,0.6536393165588379,10.321593284606934,331,887
LOFO-II,534,22.299999237060547,24.30548667907715,0.6536393165588379,10.321593284606934,331,887
LOFO-II,566,20.690000534057617,32.29075622558594,0.6536393165588379,10.321593284606934,331,887
LOFO-II,567,19.959999084472656,32.847312927246094,0.6536393165588379,10.321593284606934,331,887
LOFO-II,568,23.309999465942383,32.586769104003906,0.6536393165588379,10.321593284606934,331,887
LOFO-II,569,21.549999237060547,32.221946716308594,0.6536393165588379,10.321593284606934,331,887
LOFO-II,594,39.70000076293945,42.558143615722656,0.6536393165588379,10.321593284606934,331,887
LOFO-II,599,34.29999923706055,36.41549301147461,0.6536393165588379,10.321593284606934,331,887
LOFO-II,646,44.900001525878906,40.84134292602539,0.6536393165588379,10.321593284606934,331,887
LOFO-II,657,23.0,29.605628967285156,0.6536393165588379,10.321593284606934,331,887
LOFO-II,659,22.0,30.35605239868164,0.6536393165588379,10.321593284606934,331,887
LOFO-II,661,22.0,39.51093673706055,0.6536393165588379,10.321593284606934,331,887
LOFO-II,677,22.0,40.32453155517578,0.6536393165588379,10.321593284606934,331,887
LOFO-II,691,25.0,36.188316345214844,0.6536393165588379,10.321593284606934,331,887
LOFO-II,693,28.0,45.89712905883789,0.6536393165588379,10.321593284606934,331,887
LOFO-II,698,20.0,32.543113708496094,0.6536393165588379,10.321593284606934,331,887
LOFO-II,705,29.100000381469727,40.00835418701172,0.6536393165588379,10.321593284606934,331,887
LOFO-II,706,32.20000076293945,43.12318420410156,0.6536393165588379,10.321593284606934,331,887
LOFO-II,707,35.099998474121094,46.129676818847656,0.6536393165588379,10.321593284606934,331,887
LOFO-II,708,45.29999923706055,53.829429626464844,0.6536393165588379,10.321593284606934,331,887
LOFO-II,709,44.900001525878906,55.42570495605469,0.6536393165588379,10.321593284606934,331,887
LOFO-II,710,75.4000015258789,73.56378936767578,0.6536393165588379,10.321593284606934,331,887
LOFO-II,712,42.5,52.730804443359375,0.6536393165588379,10.321593284606934,331,887
LOFO-II,716,27.0,38.19325256347656,0.6536393165588379,10.321593284606934,331,887
LOFO-II,721,37.599998474121094,38.70195770263672,0.6536393165588379,10.321593284606934,331,887
LOFO-II,722,36.5,39.91438293457031,0.6536393165588379,10.321593284606934,331,887
LOFO-II,723,36.0,39.12403869628906,0.6536393165588379,10.321593284606934,331,887
LOFO-II,724,35.5,37.730690002441406,0.6536393165588379,10.321593284606934,331,887
LOFO-II,725,34.0,37.90576934814453,0.6536393165588379,10.321593284606934,331,887
LOFO-II,726,33.5,34.955711364746094,0.6536393165588379,10.321593284606934,331,887
LOFO-II,727,33.0,36.27021789550781,0.6536393165588379,10.321593284606934,331,887
LOFO-II,731,23.799999237060547,36.88763427734375,0.6536393165588379,10.321593284606934,331,887
LOFO-II,734,44.900001525878906,41.048095703125,0.6536393165588379,10.321593284606934,331,887
LOFO-II,741,23.600000381469727,35.54817199707031,0.6536393165588379,10.321593284606934,331,887
LOFO-II,785,36.20000076293945,45.525970458984375,0.6536393165588379,10.321593284606934,331,887
LOFO-II,786,37.709999084472656,46.214332580566406,0.6536393165588379,10.321593284606934,331,887
LOFO-II,787,32.97999954223633,39.809120178222656,0.6536393165588379,10.321593284606934,331,887
LOFO-II,808,45.0,54.9754753112793,0.6536393165588379,10.321593284606934,331,887
LOFO-II,811,44.900001525878906,41.59428787231445,0.6536393165588379,10.321593284606934,331,887
LOFO-II,812,44.900001525878906,47.08027267456055,0.6536393165588379,10.321593284606934,331,887
LOFO-II,813,45.0,53.4678955078125,0.6536393165588379,10.321593284606934,331,887
LOFO-II,814,45.0,55.005218505859375,0.6536393165588379,10.321593284606934,331,887
LOFO-II,816,45.0,53.175323486328125,0.6536393165588379,10.321593284606934,331,887
LOFO-II,817,45.0,50.21198272705078,0.6536393165588379,10.321593284606934,331,887
LOFO-II,820,45.0,41.92368698120117,0.6536393165588379,10.321593284606934,331,887
LOFO-II,821,45.0,55.48857116699219,0.6536393165588379,10.321593284606934,331,887
LOFO-II,823,43.5,31.55368423461914,0.6536393165588379,10.321593284606934,331,887
LOFO-II,824,44.20000076293945,48.78418731689453,0.6536393165588379,10.321593284606934,331,887
LOFO-II,828,42.79999923706055,50.93714141845703,0.6536393165588379,10.321593284606934,331,887
LOFO-II,831,43.400001525878906,51.71611404418945,0.6536393165588379,10.321593284606934,331,887
LOFO-II,832,43.599998474121094,49.487998962402344,0.6536393165588379,10.321593284606934,331,887
LOFO-II,833,43.70000076293945,53.58404541015625,0.6536393165588379,10.321593284606934,331,887
LOFO-II,835,44.0,55.910457611083984,0.6536393165588379,10.321593284606934,331,887
LOFO-II,837,44.0,51.73065185546875,0.6536393165588379,10.321593284606934,331,887
LOFO-II,840,47.900001525878906,58.419246673583984,0.6536393165588379,10.321593284606934,331,887
LOFO-II,842,47.70000076293945,53.84121322631836,0.6536393165588379,10.321593284606934,331,887
LOFO-II,844,48.0,52.38996887207031,0.6536393165588379,10.321593284606934,331,887
LOFO-II,847,48.599998474121094,62.75758743286133,0.6536393165588379,10.321593284606934,331,887
LOFO-II,848,48.599998474121094,59.415924072265625,0.6536393165588379,10.321593284606934,331,887
LOFO-II,849,48.70000076293945,55.94078826904297,0.6536393165588379,10.321593284606934,331,887
LOFO-II,857,45.099998474121094,54.09822082519531,0.6536393165588379,10.321593284606934,331,887
LOFO-II,861,46.400001525878906,48.33790588378906,0.6536393165588379,10.321593284606934,331,887
LOFO-II,862,47.400001525878906,53.34067916870117,0.6536393165588379,10.321593284606934,331,887
LOFO-II,864,46.900001525878906,48.388710021972656,0.6536393165588379,10.321593284606934,331,887
LOFO-II,865,47.0,52.2701416015625,0.6536393165588379,10.321593284606934,331,887
LOFO-II,872,38.0,41.83141326904297,0.6536393165588379,10.321593284606934,331,887
LOFO-II,873,38.0,43.12928771972656,0.6536393165588379,10.321593284606934,331,887
LOFO-II,877,38.79999923706055,39.58595275878906,0.6536393165588379,10.321593284606934,331,887
LOFO-II,878,38.900001525878906,42.347259521484375,0.6536393165588379,10.321593284606934,331,887
LOFO-II,881,39.0,42.0493049621582,0.6536393165588379,10.321593284606934,331,887
LOFO-II,884,39.099998474121094,37.59111022949219,0.6536393165588379,10.321593284606934,331,887
LOFO-II,887,37.599998474121094,41.92653274536133,0.6536393165588379,10.321593284606934,331,887
LOFO-II,891,37.0,44.06237030029297,0.6536393165588379,10.321593284606934,331,887
LOFO-II,895,39.20000076293945,53.61155700683594,0.6536393165588379,10.321593284606934,331,887
LOFO-II,896,37.20000076293945,47.821964263916016,0.6536393165588379,10.321593284606934,331,887
LOFO-II,898,37.29999923706055,39.6907958984375,0.6536393165588379,10.321593284606934,331,887
LOFO-II,906,41.400001525878906,52.619503021240234,0.6536393165588379,10.321593284606934,331,887
LOFO-II,908,42.0,51.661521911621094,0.6536393165588379,10.321593284606934,331,887
LOFO-II,911,42.0,50.73106384277344,0.6536393165588379,10.321593284606934,331,887
LOFO-II,918,41.099998474121094,49.487998962402344,0.6536393165588379,10.321593284606934,331,887
LOFO-II,919,41.0,31.525760650634766,0.6536393165588379,10.321593284606934,331,887
LOFO-II,920,41.0,52.176185607910156,0.6536393165588379,10.321593284606934,331,887
LOFO-II,922,39.599998474121094,38.46196365356445,0.6536393165588379,10.321593284606934,331,887
LOFO-II,923,39.70000076293945,46.772361755371094,0.6536393165588379,10.321593284606934,331,887
LOFO-II,925,39.70000076293945,52.331573486328125,0.6536393165588379,10.321593284606934,331,887
LOFO-II,926,40.0,43.46708679199219,0.6536393165588379,10.321593284606934,331,887
LOFO-II,927,39.5,38.02125930786133,0.6536393165588379,10.321593284606934,331,887
LOFO-II,928,40.0,44.29290771484375,0.6536393165588379,10.321593284606934,331,887
LOFO-II,929,40.0,49.939456939697266,0.6536393165588379,10.321593284606934,331,887
LOFO-II,939,94.30000305175781,62.10643768310547,0.6536393165588379,10.321593284606934,331,887
LOFO-II,945,99.5999984741211,61.56782531738281,0.6536393165588379,10.321593284606934,331,887
LOFO-II,947,102.0,63.591949462890625,0.6536393165588379,10.321593284606934,331,887
LOFO-II,952,93.5999984741211,60.224266052246094,0.6536393165588379,10.321593284606934,331,887
LOFO-II,953,92.5999984741211,69.83032989501953,0.6536393165588379,10.321593284606934,331,887
LOFO-II,954,83.9000015258789,72.2254638671875,0.6536393165588379,10.321593284606934,331,887
LOFO-II,955,85.0,65.96785736083984,0.6536393165588379,10.321593284606934,331,887
LOFO-II,956,85.0,79.39814758300781,0.6536393165588379,10.321593284606934,331,887
LOFO-II,958,86.30000305175781,60.08015441894531,0.6536393165588379,10.321593284606934,331,887
LOFO-II,959,109.0,130.505126953125,0.6536393165588379,10.321593284606934,331,887
LOFO-II,960,86.30000305175781,68.57705688476562,0.6536393165588379,10.321593284606934,331,887
LOFO-II,962,87.0,65.86473083496094,0.6536393165588379,10.321593284606934,331,887
LOFO-II,963,87.80000305175781,58.982200622558594,0.6536393165588379,10.321593284606934,331,887
LOFO-II,964,88.19999694824219,60.729217529296875,0.6536393165588379,10.321593284606934,331,887
LOFO-II,966,90.80000305175781,71.76083374023438,0.6536393165588379,10.321593284606934,331,887
LOFO-II,967,86.69999694824219,58.39893341064453,0.6536393165588379,10.321593284606934,331,887
LOFO-II,968,82.0,77.49419403076172,0.6536393165588379,10.321593284606934,331,887
LOFO-II,977,139.39999389648438,88.51823425292969,0.6536393165588379,10.321593284606934,331,887
LOFO-II,987,127.19999694824219,72.41688537597656,0.6536393165588379,10.321593284606934,331,887
LOFO-II,988,126.69999694824219,103.09983825683594,0.6536393165588379,10.321593284606934,331,887
LOFO-II,991,112.19999694824219,78.6558837890625,0.6536393165588379,10.321593284606934,331,887
LOFO-II,994,116.5999984741211,73.01370239257812,0.6536393165588379,10.321593284606934,331,887
LOFO-II,1003,122.0,120.11080932617188,0.6536393165588379,10.321593284606934,331,887
LOFO-II,1010,53.70000076293945,47.73780822753906,0.6536393165588379,10.321593284606934,331,887
LOFO-II,1012,54.0,52.47630310058594,0.6536393165588379,10.321593284606934,331,887
LOFO-II,1019,57.0,47.98968505859375,0.6536393165588379,10.321593284606934,331,887
LOFO-II,1022,52.0,59.84489440917969,0.6536393165588379,10.321593284606934,331,887
LOFO-II,1023,52.0,58.21824645996094,0.6536393165588379,10.321593284606934,331,887
LOFO-II,1031,50.70000076293945,58.839263916015625,0.6536393165588379,10.321593284606934,331,887
LOFO-II,1032,51.0,58.21278381347656,0.6536393165588379,10.321593284606934,331,887
LOFO-II,1035,51.400001525878906,71.83843231201172,0.6536393165588379,10.321593284606934,331,887
LOFO-II,1038,50.79999923706055,58.529815673828125,0.6536393165588379,10.321593284606934,331,887
LOFO-II,1039,78.0,57.22840118408203,0.6536393165588379,10.321593284606934,331,887
LOFO-II,1040,57.70000076293945,50.96442413330078,0.6536393165588379,10.321593284606934,331,887
LOFO-II,1041,58.0,69.08674621582031,0.6536393165588379,10.321593284606934,331,887
LOFO-II,1043,66.9000015258789,58.230857849121094,0.6536393165588379,10.321593284606934,331,887
LOFO-II,1046,68.69999694824219,68.4462661743164,0.6536393165588379,10.321593284606934,331,887
LOFO-II,1047,69.4000015258789,75.81770324707031,0.6536393165588379,10.321593284606934,331,887
LOFO-II,1048,70.30000305175781,55.872108459472656,0.6536393165588379,10.321593284606934,331,887
LOFO-II,1049,71.9000015258789,67.80216979980469,0.6536393165588379,10.321593284606934,331,887
LOFO-II,1051,72.0,71.90036010742188,0.6536393165588379,10.321593284606934,331,887
LOFO-II,1053,65.4000015258789,65.06852722167969,0.6536393165588379,10.321593284606934,331,887
LOFO-II,1058,59.599998474121094,73.01714324951172,0.6536393165588379,10.321593284606934,331,887
LOFO-II,1061,60.70000076293945,51.37827682495117,0.6536393165588379,10.321593284606934,331,887
LOFO-II,1066,63.0,61.73542785644531,0.6536393165588379,10.321593284606934,331,887
LOFO-II,1067,63.29999923706055,75.16049194335938,0.6536393165588379,10.321593284606934,331,887
LOFO-II,1070,62.599998474121094,55.59796142578125,0.6536393165588379,10.321593284606934,331,887
LOFO-II,1087,22.299999237060547,32.915985107421875,0.6536393165588379,10.321593284606934,331,887
LOFO-II,1111,22.299999237060547,24.41255760192871,0.6536393165588379,10.321593284606934,331,887
LOFO-II,1127,18.299999237060547,31.379091262817383,0.6536393165588379,10.321593284606934,331,887
LOFO-II,1135,142.60000610351562,85.159423828125,0.6536393165588379,10.321593284606934,331,887
LOFO-II,1146,16.0,38.410064697265625,0.6536393165588379,10.321593284606934,331,887
LOFO-II,1151,20.700000762939453,28.229450225830078,0.6536393165588379,10.321593284606934,331,887
LOFO-II,1153,20.799999237060547,27.14990997314453,0.6536393165588379,10.321593284606934,331,887
LOFO-II,1161,21.200000762939453,30.402687072753906,0.6536393165588379,10.321593284606934,331,887
LOFO-II,1164,20.700000762939453,34.926231384277344,0.6536393165588379,10.321593284606934,331,887
LOFO-II,1172,20.0,33.24079132080078,0.6536393165588379,10.321593284606934,331,887
LOFO-II,1181,33.20000076293945,33.85155487060547,0.6536393165588379,10.321593284606934,331,887
LOFO-II,1182,33.5,38.77235794067383,0.6536393165588379,10.321593284606934,331,887
LOFO-II,1206,32.5,39.273162841796875,0.6536393165588379,10.321593284606934,331,887
LOFO-II,1208,33.0,39.273162841796875,0.6536393165588379,10.321593284606934,331,887
LOFO-II,1210,34.0,43.843505859375,0.6536393165588379,10.321593284606934,331,887
LOFO-II,1212,36.0,37.75901794433594,0.6536393165588379,10.321593284606934,331,887
LOFO-II,1220,36.20000076293945,31.210872650146484,0.6536393165588379,10.321593284606934,331,887
LOFO-II,1222,36.29999923706055,42.957237243652344,0.6536393165588379,10.321593284606934,331,887
LOFO-II,1230,34.70000076293945,47.42378234863281,0.6536393165588379,10.321593284606934,331,887
LOFO-II,1237,35.20000076293945,42.84098815917969,0.6536393165588379,10.321593284606934,331,887
LOFO-II,1239,37.0,39.58595275878906,0.6536393165588379,10.321593284606934,331,887
LOFO-II,1242,28.100000381469727,40.016868591308594,0.6536393165588379,10.321593284606934,331,887
LOFO-II,1259,27.5,29.854759216308594,0.6536393165588379,10.321593284606934,331,887
LOFO-II,1266,28.0,37.217071533203125,0.6536393165588379,10.321593284606934,331,887
LOFO-II,1267,28.0,36.74030685424805,0.6536393165588379,10.321593284606934,331,887
LOFO-II,1302,31.0,38.809783935546875,0.6536393165588379,10.321593284606934,331,887
LOFO-III,0,8.5,24.08047866821289,0.4900623559951782,14.569382667541504,559,703
LOFO-III,17,37.0,34.554359436035156,0.4900623559951782,14.569382667541504,559,703
LOFO-III,19,45.599998474121094,42.94342803955078,0.4900623559951782,14.569382667541504,559,703
LOFO-III,20,40.29999923706055,46.727108001708984,0.4900623559951782,14.569382667541504,559,703
LOFO-III,21,37.900001525878906,46.79517364501953,0.4900623559951782,14.569382667541504,559,703
LOFO-III,22,45.79999923706055,46.9620246887207,0.4900623559951782,14.569382667541504,559,703
LOFO-III,23,52.0,47.14845657348633,0.4900623559951782,14.569382667541504,559,703
LOFO-III,26,41.0,87.6903305053711,0.4900623559951782,14.569382667541504,559,703
LOFO-III,27,39.0,49.74464416503906,0.4900623559951782,14.569382667541504,559,703
LOFO-III,30,37.099998474121094,51.456031799316406,0.4900623559951782,14.569382667541504,559,703
LOFO-III,31,35.79999923706055,48.746849060058594,0.4900623559951782,14.569382667541504,559,703
LOFO-III,32,45.0,40.25726318359375,0.4900623559951782,14.569382667541504,559,703
LOFO-III,33,44.5,35.6166877746582,0.4900623559951782,14.569382667541504,559,703
LOFO-III,34,44.0,34.05724334716797,0.4900623559951782,14.569382667541504,559,703
LOFO-III,39,48.0,37.02830505371094,0.4900623559951782,14.569382667541504,559,703
LOFO-III,51,36.0,44.31929016113281,0.4900623559951782,14.569382667541504,559,703
LOFO-III,53,38.0,38.80974578857422,0.4900623559951782,14.569382667541504,559,703
LOFO-III,69,45.29999923706055,37.53729248046875,0.4900623559951782,14.569382667541504,559,703
LOFO-III,72,44.70000076293945,36.69476318359375,0.4900623559951782,14.569382667541504,559,703
LOFO-III,73,44.099998474121094,36.27302169799805,0.4900623559951782,14.569382667541504,559,703
LOFO-III,74,43.599998474121094,35.478206634521484,0.4900623559951782,14.569382667541504,559,703
LOFO-III,93,46.0,47.466880798339844,0.4900623559951782,14.569382667541504,559,703
LOFO-III,94,43.0,50.728797912597656,0.4900623559951782,14.569382667541504,559,703
LOFO-III,95,40.0,47.848297119140625,0.4900623559951782,14.569382667541504,559,703
LOFO-III,96,38.0,38.968223571777344,0.4900623559951782,14.569382667541504,559,703
LOFO-III,104,62.970001220703125,53.06178283691406,0.4900623559951782,14.569382667541504,559,703
LOFO-III,116,34.0,32.446022033691406,0.4900623559951782,14.569382667541504,559,703
LOFO-III,129,30.969999313354492,21.025333404541016,0.4900623559951782,14.569382667541504,559,703
LOFO-III,130,38.65999984741211,21.025333404541016,0.4900623559951782,14.569382667541504,559,703
LOFO-III,131,27.75,20.878009796142578,0.4900623559951782,14.569382667541504,559,703
LOFO-III,132,33.0099983215332,21.025333404541016,0.4900623559951782,14.569382667541504,559,703
LOFO-III,143,27.0,25.994659423828125,0.4900623559951782,14.569382667541504,559,703
LOFO-III,145,29.31999969482422,31.286924362182617,0.4900623559951782,14.569382667541504,559,703
LOFO-III,148,34.900001525878906,41.91674041748047,0.4900623559951782,14.569382667541504,559,703
LOFO-III,161,59.29999923706055,55.394256591796875,0.4900623559951782,14.569382667541504,559,703
LOFO-III,162,49.209999084472656,40.13123321533203,0.4900623559951782,14.569382667541504,559,703
LOFO-III,163,44.36000061035156,62.88346862792969,0.4900623559951782,14.569382667541504,559,703
LOFO-III,164,40.45000076293945,57.05003356933594,0.4900623559951782,14.569382667541504,559,703
LOFO-III,165,35.22999954223633,55.844482421875,0.4900623559951782,14.569382667541504,559,703
LOFO-III,213,54.310001373291016,47.54743576049805,0.4900623559951782,14.569382667541504,559,703
LOFO-III,214,44.2400016784668,40.14703369140625,0.4900623559951782,14.569382667541504,559,703
LOFO-III,215,100.0999984741211,61.627098083496094,0.4900623559951782,14.569382667541504,559,703
LOFO-III,216,105.0999984741211,60.649627685546875,0.4900623559951782,14.569382667541504,559,703
LOFO-III,217,97.5999984741211,46.36717987060547,0.4900623559951782,14.569382667541504,559,703
LOFO-III,218,89.4000015258789,48.9080810546875,0.4900623559951782,14.569382667541504,559,703
LOFO-III,219,103.0,58.728485107421875,0.4900623559951782,14.569382667541504,559,703
LOFO-III,220,70.5999984741211,47.34479522705078,0.4900623559951782,14.569382667541504,559,703
LOFO-III,221,72.0,72.50128173828125,0.4900623559951782,14.569382667541504,559,703
LOFO-III,223,95.5,45.22877502441406,0.4900623559951782,14.569382667541504,559,703
LOFO-III,228,129.0,107.11873626708984,0.4900623559951782,14.569382667541504,559,703
LOFO-III,230,127.0,104.11640930175781,0.4900623559951782,14.569382667541504,559,703
LOFO-III,231,101.0,92.27531433105469,0.4900623559951782,14.569382667541504,559,703
LOFO-III,232,73.0,88.18364715576172,0.4900623559951782,14.569382667541504,559,703
LOFO-III,233,112.0,104.74769592285156,0.4900623559951782,14.569382667541504,559,703
LOFO-III,234,132.0,90.9090576171875,0.4900623559951782,14.569382667541504,559,703
LOFO-III,235,121.30000305175781,62.747798919677734,0.4900623559951782,14.569382667541504,559,703
LOFO-III,236,110.4000015258789,51.85275650024414,0.4900623559951782,14.569382667541504,559,703
LOFO-III,237,116.0,48.98614501953125,0.4900623559951782,14.569382667541504,559,703
LOFO-III,238,117.0,65.83872985839844,0.4900623559951782,14.569382667541504,559,703
LOFO-III,239,46.099998474121094,45.56962585449219,0.4900623559951782,14.569382667541504,559,703
LOFO-III,240,58.849998474121094,45.89516067504883,0.4900623559951782,14.569382667541504,559,703
LOFO-III,241,112.5999984741211,53.32073974609375,0.4900623559951782,14.569382667541504,559,703
LOFO-III,242,60.20000076293945,33.14186096191406,0.4900623559951782,14.569382667541504,559,703
LOFO-III,250,118.0,87.87422180175781,0.4900623559951782,14.569382667541504,559,703
LOFO-III,256,132.60000610351562,49.3118782043457,0.4900623559951782,14.569382667541504,559,703
LOFO-III,257,136.39999389648438,60.74549102783203,0.4900623559951782,14.569382667541504,559,703
LOFO-III,258,142.0,69.52392578125,0.4900623559951782,14.569382667541504,559,703
LOFO-III,259,128.1999969482422,68.92481994628906,0.4900623559951782,14.569382667541504,559,703
LOFO-III,260,123.0,64.39875030517578,0.4900623559951782,14.569382667541504,559,703
LOFO-III,261,121.30000305175781,60.2489013671875,0.4900623559951782,14.569382667541504,559,703
LOFO-III,262,117.0,74.67719268798828,0.4900623559951782,14.569382667541504,559,703
LOFO-III,264,110.0,86.57678985595703,0.4900623559951782,14.569382667541504,559,703
LOFO-III,265,94.0,84.52460479736328,0.4900623559951782,14.569382667541504,559,703
LOFO-III,266,74.0,75.7992172241211,0.4900623559951782,14.569382667541504,559,703
LOFO-III,276,119.0,81.91377258300781,0.4900623559951782,14.569382667541504,559,703
LOFO-III,277,107.0,79.49200439453125,0.4900623559951782,14.569382667541504,559,703
LOFO-III,279,98.0,77.1638412475586,0.4900623559951782,14.569382667541504,559,703
LOFO-III,280,98.0,48.203834533691406,0.4900623559951782,14.569382667541504,559,703
LOFO-III,281,141.0,83.04014587402344,0.4900623559951782,14.569382667541504,559,703
LOFO-III,282,117.0,80.24030303955078,0.4900623559951782,14.569382667541504,559,703
LOFO-III,283,108.0,77.1638412475586,0.4900623559951782,14.569382667541504,559,703
LOFO-III,284,100.0,74.2017822265625,0.4900623559951782,14.569382667541504,559,703
LOFO-III,285,99.0,58.70044708251953,0.4900623559951782,14.569382667541504,559,703
LOFO-III,286,98.0,57.127967834472656,0.4900623559951782,14.569382667541504,559,703
LOFO-III,287,102.0,52.41584014892578,0.4900623559951782,14.569382667541504,559,703
LOFO-III,288,94.0,51.06833267211914,0.4900623559951782,14.569382667541504,559,703
LOFO-III,289,82.0,49.532470703125,0.4900623559951782,14.569382667541504,559,703
LOFO-III,290,93.0,76.36634826660156,0.4900623559951782,14.569382667541504,559,703
LOFO-III,294,119.0,85.20550537109375,0.4900623559951782,14.569382667541504,559,703
LOFO-III,295,101.0,72.49359130859375,0.4900623559951782,14.569382667541504,559,703
LOFO-III,296,94.5,61.73194885253906,0.4900623559951782,14.569382667541504,559,703
LOFO-III,297,112.95999908447266,79.51084899902344,0.4900623559951782,14.569382667541504,559,703
LOFO-III,298,103.3499984741211,77.17634582519531,0.4900623559951782,14.569382667541504,559,703
LOFO-III,299,100.08000183105469,74.75446319580078,0.4900623559951782,14.569382667541504,559,703
LOFO-III,300,114.0,52.05854034423828,0.4900623559951782,14.569382667541504,559,703
LOFO-III,301,130.5,61.32063293457031,0.4900623559951782,14.569382667541504,559,703
LOFO-III,306,45.0,40.45244598388672,0.4900623559951782,14.569382667541504,559,703
LOFO-III,307,43.0,38.505340576171875,0.4900623559951782,14.569382667541504,559,703
LOFO-III,310,47.25,42.434898376464844,0.4900623559951782,14.569382667541504,559,703
LOFO-III,330,45.0,40.180545806884766,0.4900623559951782,14.569382667541504,559,703
LOFO-III,333,43.029998779296875,63.66902160644531,0.4900623559951782,14.569382667541504,559,703
LOFO-III,334,46.86000061035156,69.13451385498047,0.4900623559951782,14.569382667541504,559,703
LOFO-III,337,41.560001373291016,38.05237579345703,0.4900623559951782,14.569382667541504,559,703
LOFO-III,345,42.0,27.11101531982422,0.4900623559951782,14.569382667541504,559,703
LOFO-III,348,25.399999618530273,25.335298538208008,0.4900623559951782,14.569382667541504,559,703
LOFO-III,356,41.099998474121094,43.91399383544922,0.4900623559951782,14.569382667541504,559,703
LOFO-III,357,42.20000076293945,43.92673873901367,0.4900623559951782,14.569382667541504,559,703
LOFO-III,358,43.29999923706055,43.939414978027344,0.4900623559951782,14.569382667541504,559,703
LOFO-III,359,43.099998474121094,43.95201110839844,0.4900623559951782,14.569382667541504,559,703
LOFO-III,361,42.29999923706055,39.036659240722656,0.4900623559951782,14.569382667541504,559,703
LOFO-III,362,28.700000762939453,27.840126037597656,0.4900623559951782,14.569382667541504,559,703
LOFO-III,363,33.599998474121094,30.86124038696289,0.4900623559951782,14.569382667541504,559,703
LOFO-III,364,39.400001525878906,34.37281036376953,0.4900623559951782,14.569382667541504,559,703
LOFO-III,369,50.0,29.265865325927734,0.4900623559951782,14.569382667541504,559,703
LOFO-III,379,36.0,51.184181213378906,0.4900623559951782,14.569382667541504,559,703
LOFO-III,380,37.5,67.02135467529297,0.4900623559951782,14.569382667541504,559,703
LOFO-III,381,51.66999816894531,64.9741439819336,0.4900623559951782,14.569382667541504,559,703
LOFO-III,382,117.0,50.44587326049805,0.4900623559951782,14.569382667541504,559,703
LOFO-III,383,60.0,37.83331298828125,0.4900623559951782,14.569382667541504,559,703
LOFO-III,385,51.0,38.05410385131836,0.4900623559951782,14.569382667541504,559,703
LOFO-III,386,58.900001525878906,36.655052185058594,0.4900623559951782,14.569382667541504,559,703
LOFO-III,387,43.900001525878906,37.04981994628906,0.4900623559951782,14.569382667541504,559,703
LOFO-III,388,52.29999923706055,38.982421875,0.4900623559951782,14.569382667541504,559,703
LOFO-III,391,28.0,25.209184646606445,0.4900623559951782,14.569382667541504,559,703
LOFO-III,392,48.0,39.64842987060547,0.4900623559951782,14.569382667541504,559,703
LOFO-III,393,45.099998474121094,36.41645050048828,0.4900623559951782,14.569382667541504,559,703
LOFO-III,394,47.79999923706055,38.64499282836914,0.4900623559951782,14.569382667541504,559,703
LOFO-III,395,59.900001525878906,44.06349182128906,0.4900623559951782,14.569382667541504,559,703
LOFO-III,396,73.0999984741211,51.183937072753906,0.4900623559951782,14.569382667541504,559,703
LOFO-III,397,95.0,58.63158416748047,0.4900623559951782,14.569382667541504,559,703
LOFO-III,398,121.69999694824219,65.07318878173828,0.4900623559951782,14.569382667541504,559,703
LOFO-III,404,36.0,30.89757537841797,0.4900623559951782,14.569382667541504,559,703
LOFO-III,413,109.0,60.44114685058594,0.4900623559951782,14.569382667541504,559,703
LOFO-III,414,68.0,47.873634338378906,0.4900623559951782,14.569382667541504,559,703
LOFO-III,415,54.0,37.84967803955078,0.4900623559951782,14.569382667541504,559,703
LOFO-III,417,40.79999923706055,46.81129837036133,0.4900623559951782,14.569382667541504,559,703
LOFO-III,419,25.200000762939453,51.66197204589844,0.4900623559951782,14.569382667541504,559,703
LOFO-III,420,24.799999237060547,50.73978805541992,0.4900623559951782,14.569382667541504,559,703
LOFO-III,421,23.299999237060547,53.434059143066406,0.4900623559951782,14.569382667541504,559,703
LOFO-III,422,22.600000381469727,51.06824493408203,0.4900623559951782,14.569382667541504,559,703
LOFO-III,423,25.399999618530273,51.072967529296875,0.4900623559951782,14.569382667541504,559,703
LOFO-III,424,24.899999618530273,50.139930725097656,0.4900623559951782,14.569382667541504,559,703
LOFO-III,425,23.899999618530273,52.8690071105957,0.4900623559951782,14.569382667541504,559,703
LOFO-III,426,23.5,50.49665451049805,0.4900623559951782,14.569382667541504,559,703
LOFO-III,427,23.299999237060547,20.96310806274414,0.4900623559951782,14.569382667541504,559,703
LOFO-III,428,24.200000762939453,20.831851959228516,0.4900623559951782,14.569382667541504,559,703
LOFO-III,429,24.5,20.19889259338379,0.4900623559951782,14.569382667541504,559,703
LOFO-III,430,24.700000762939453,20.016929626464844,0.4900623559951782,14.569382667541504,559,703
LOFO-III,431,25.0,19.758207321166992,0.4900623559951782,14.569382667541504,559,703
LOFO-III,432,25.5,19.42778778076172,0.4900623559951782,14.569382667541504,559,703
LOFO-III,433,26.5,19.467945098876953,0.4900623559951782,14.569382667541504,559,703
LOFO-III,434,32.0,20.10680389404297,0.4900623559951782,14.569382667541504,559,703
LOFO-III,435,31.399999618530273,20.076509475708008,0.4900623559951782,14.569382667541504,559,703
LOFO-III,436,31.0,21.281635284423828,0.4900623559951782,14.569382667541504,559,703
LOFO-III,437,30.5,19.851362228393555,0.4900623559951782,14.569382667541504,559,703
LOFO-III,438,30.0,20.15576934814453,0.4900623559951782,14.569382667541504,559,703
LOFO-III,439,29.600000381469727,23.46371078491211,0.4900623559951782,14.569382667541504,559,703
LOFO-III,442,29.600000381469727,43.248741149902344,0.4900623559951782,14.569382667541504,559,703
LOFO-III,443,55.20000076293945,49.576507568359375,0.4900623559951782,14.569382667541504,559,703
LOFO-III,444,44.70000076293945,52.0313720703125,0.4900623559951782,14.569382667541504,559,703
LOFO-III,445,38.599998474121094,56.491729736328125,0.4900623559951782,14.569382667541504,559,703
LOFO-III,446,20.760000228881836,15.170659065246582,0.4900623559951782,14.569382667541504,559,703
LOFO-III,447,18.600000381469727,15.170658111572266,0.4900623559951782,14.569382667541504,559,703
LOFO-III,448,34.0,45.02339172363281,0.4900623559951782,14.569382667541504,559,703
LOFO-III,449,36.0,49.193817138671875,0.4900623559951782,14.569382667541504,559,703
LOFO-III,450,17.0,28.72713279724121,0.4900623559951782,14.569382667541504,559,703
LOFO-III,451,21.100000381469727,16.419235229492188,0.4900623559951782,14.569382667541504,559,703
LOFO-III,461,23.5,28.07372283935547,0.4900623559951782,14.569382667541504,559,703
LOFO-III,462,21.399999618530273,24.360910415649414,0.4900623559951782,14.569382667541504,559,703
LOFO-III,463,22.0,23.511646270751953,0.4900623559951782,14.569382667541504,559,703
LOFO-III,464,22.5,98.63157653808594,0.4900623559951782,14.569382667541504,559,703
LOFO-III,465,22.600000381469727,58.136077880859375,0.4900623559951782,14.569382667541504,559,703
LOFO-III,466,23.0,19.582565307617188,0.4900623559951782,14.569382667541504,559,703
LOFO-III,467,29.600000381469727,46.66557312011719,0.4900623559951782,14.569382667541504,559,703
LOFO-III,468,32.400001525878906,51.96857452392578,0.4900623559951782,14.569382667541504,559,703
LOFO-III,469,34.599998474121094,52.36798095703125,0.4900623559951782,14.569382667541504,559,703
LOFO-III,476,30.0,28.671783447265625,0.4900623559951782,14.569382667541504,559,703
LOFO-III,477,25.0,24.39807891845703,0.4900623559951782,14.569382667541504,559,703
LOFO-III,478,25.0,28.737754821777344,0.4900623559951782,14.569382667541504,559,703
LOFO-III,481,25.5,27.01885223388672,0.4900623559951782,14.569382667541504,559,703
LOFO-III,487,20.350000381469727,14.899298667907715,0.4900623559951782,14.569382667541504,559,703
LOFO-III,489,25.100000381469727,17.672016143798828,0.4900623559951782,14.569382667541504,559,703
LOFO-III,493,23.799999237060547,44.226226806640625,0.4900623559951782,14.569382667541504,559,703
LOFO-III,499,24.700000762939453,17.655807495117188,0.4900623559951782,14.569382667541504,559,703
LOFO-III,513,21.100000381469727,14.89691162109375,0.4900623559951782,14.569382667541504,559,703
LOFO-III,514,20.899999618530273,14.626459121704102,0.4900623559951782,14.569382667541504,559,703
LOFO-III,516,16.299999237060547,15.627923965454102,0.4900623559951782,14.569382667541504,559,703
LOFO-III,517,17.600000381469727,16.727066040039062,0.4900623559951782,14.569382667541504,559,703
LOFO-III,518,18.399999618530273,16.99509620666504,0.4900623559951782,14.569382667541504,559,703
LOFO-III,519,20.399999618530273,18.675296783447266,0.4900623559951782,14.569382667541504,559,703
LOFO-III,520,15.699999809265137,15.432178497314453,0.4900623559951782,14.569382667541504,559,703
LOFO-III,524,17.0,37.81931686401367,0.4900623559951782,14.569382667541504,559,703
LOFO-III,537,40.20000076293945,42.67365646362305,0.4900623559951782,14.569382667541504,559,703
LOFO-III,564,19.5,15.130134582519531,0.4900623559951782,14.569382667541504,559,703
LOFO-III,565,19.299999237060547,15.133585929870605,0.4900623559951782,14.569382667541504,559,703
LOFO-III,570,14.100000381469727,23.62732696533203,0.4900623559951782,14.569382667541504,559,703
LOFO-III,572,19.5,16.17637062072754,0.4900623559951782,14.569382667541504,559,703
LOFO-III,573,19.700000762939453,16.181537628173828,0.4900623559951782,14.569382667541504,559,703
LOFO-III,574,20.100000381469727,16.186796188354492,0.4900623559951782,14.569382667541504,559,703
LOFO-III,575,20.100000381469727,14.014233589172363,0.4900623559951782,14.569382667541504,559,703
LOFO-III,576,20.200000762939453,28.711380004882812,0.4900623559951782,14.569382667541504,559,703
LOFO-III,577,23.600000381469727,13.036334991455078,0.4900623559951782,14.569382667541504,559,703
LOFO-III,578,22.600000381469727,13.470466613769531,0.4900623559951782,14.569382667541504,559,703
LOFO-III,579,21.899999618530273,13.465771675109863,0.4900623559951782,14.569382667541504,559,703
LOFO-III,580,22.600000381469727,13.812411308288574,0.4900623559951782,14.569382667541504,559,703
LOFO-III,581,22.8799991607666,14.624005317687988,0.4900623559951782,14.569382667541504,559,703
LOFO-III,582,20.959999084472656,14.621698379516602,0.4900623559951782,14.569382667541504,559,703
LOFO-III,584,22.059999465942383,14.898025512695312,0.4900623559951782,14.569382667541504,559,703
LOFO-III,585,27.700000762939453,25.493846893310547,0.4900623559951782,14.569382667541504,559,703
LOFO-III,586,27.100000381469727,28.564062118530273,0.4900623559951782,14.569382667541504,559,703
LOFO-III,587,19.0,14.135732650756836,0.4900623559951782,14.569382667541504,559,703
LOFO-III,589,19.399999618530273,15.573644638061523,0.4900623559951782,14.569382667541504,559,703
LOFO-III,590,19.200000762939453,15.275500297546387,0.4900623559951782,14.569382667541504,559,703
LOFO-III,591,19.299999237060547,15.083639144897461,0.4900623559951782,14.569382667541504,559,703
LOFO-III,592,37.400001525878906,38.14723205566406,0.4900623559951782,14.569382667541504,559,703
LOFO-III,593,41.900001525878906,31.825984954833984,0.4900623559951782,14.569382667541504,559,703
LOFO-III,596,27.100000381469727,34.18911361694336,0.4900623559951782,14.569382667541504,559,703
LOFO-III,597,36.0,29.562450408935547,0.4900623559951782,14.569382667541504,559,703
LOFO-III,598,27.100000381469727,26.185855865478516,0.4900623559951782,14.569382667541504,559,703
LOFO-III,600,20.0,20.768596649169922,0.4900623559951782,14.569382667541504,559,703
LOFO-III,601,20.899999618530273,20.633522033691406,0.4900623559951782,14.569382667541504,559,703
LOFO-III,602,27.0,19.811134338378906,0.4900623559951782,14.569382667541504,559,703
LOFO-III,603,19.5,20.4776554107666,0.4900623559951782,14.569382667541504,559,703
LOFO-III,604,20.0,19.621315002441406,0.4900623559951782,14.569382667541504,559,703
LOFO-III,605,19.600000381469727,19.561203002929688,0.4900623559951782,14.569382667541504,559,703
LOFO-III,606,21.100000381469727,19.025867462158203,0.4900623559951782,14.569382667541504,559,703
LOFO-III,607,27.5,30.224702835083008,0.4900623559951782,14.569382667541504,559,703
LOFO-III,608,29.700000762939453,28.330039978027344,0.4900623559951782,14.569382667541504,559,703
LOFO-III,609,31.799999237060547,27.829395294189453,0.4900623559951782,14.569382667541504,559,703
LOFO-III,610,29.399999618530273,26.322341918945312,0.4900623559951782,14.569382667541504,559,703
LOFO-III,612,26.0,24.090694427490234,0.4900623559951782,14.569382667541504,559,703
LOFO-III,613,20.600000381469727,21.424253463745117,0.4900623559951782,14.569382667541504,559,703
LOFO-III,615,38.0,29.87148666381836,0.4900623559951782,14.569382667541504,559,703
LOFO-III,616,31.0,26.324918746948242,0.4900623559951782,14.569382667541504,559,703
LOFO-III,617,23.0,24.358030319213867,0.4900623559951782,14.569382667541504,559,703
LOFO-III,618,26.0,29.862262725830078,0.4900623559951782,14.569382667541504,559,703
LOFO-III,619,23.0,26.257617950439453,0.4900623559951782,14.569382667541504,559,703
LOFO-III,620,20.0,24.360244750976562,0.4900623559951782,14.569382667541504,559,703
LOFO-III,621,35.0,27.046398162841797,0.4900623559951782,14.569382667541504,559,703
LOFO-III,622,30.0,23.91425895690918,0.4900623559951782,14.569382667541504,559,703
LOFO-III,623,26.0,23.414306640625,0.4900623559951782,14.569382667541504,559,703
LOFO-III,624,29.0,23.339221954345703,0.4900623559951782,14.569382667541504,559,703
LOFO-III,625,12.0,22.589101791381836,0.4900623559951782,14.569382667541504,559,703
LOFO-III,626,30.0,26.826004028320312,0.4900623559951782,14.569382667541504,559,703
LOFO-III,627,26.0,24.158336639404297,0.4900623559951782,14.569382667541504,559,703
LOFO-III,628,20.0,23.028411865234375,0.4900623559951782,14.569382667541504,559,703
LOFO-III,629,17.0,27.938140869140625,0.4900623559951782,14.569382667541504,559,703
LOFO-III,630,13.0,25.0074462890625,0.4900623559951782,14.569382667541504,559,703
LOFO-III,631,10.0,23.76934051513672,0.4900623559951782,14.569382667541504,559,703
LOFO-III,632,32.0,26.689958572387695,0.4900623559951782,14.569382667541504,559,703
LOFO-III,633,29.0,24.647708892822266,0.4900623559951782,14.569382667541504,559,703
LOFO-III,634,37.5,31.9995059967041,0.4900623559951782,14.569382667541504,559,703
LOFO-III,635,36.900001525878906,30.677841186523438,0.4900623559951782,14.569382667541504,559,703
LOFO-III,636,35.79999923706055,33.290184020996094,0.4900623559951782,14.569382667541504,559,703
LOFO-III,637,34.70000076293945,32.992218017578125,0.4900623559951782,14.569382667541504,559,703
LOFO-III,638,34.29999923706055,32.589927673339844,0.4900623559951782,14.569382667541504,559,703
LOFO-III,639,33.70000076293945,32.672306060791016,0.4900623559951782,14.569382667541504,559,703
LOFO-III,640,33.0,32.037662506103516,0.4900623559951782,14.569382667541504,559,703
LOFO-III,641,32.29999923706055,31.676891326904297,0.4900623559951782,14.569382667541504,559,703
LOFO-III,642,32.20000076293945,29.73674201965332,0.4900623559951782,14.569382667541504,559,703
LOFO-III,643,32.20000076293945,26.612773895263672,0.4900623559951782,14.569382667541504,559,703
LOFO-III,644,30.700000762939453,26.580020904541016,0.4900623559951782,14.569382667541504,559,703
LOFO-III,645,26.0,28.26263427734375,0.4900623559951782,14.569382667541504,559,703
LOFO-III,649,36.599998474121094,32.179664611816406,0.4900623559951782,14.569382667541504,559,703
LOFO-III,650,26.0,22.422462463378906,0.4900623559951782,14.569382667541504,559,703
LOFO-III,651,25.0,25.737239837646484,0.4900623559951782,14.569382667541504,559,703
LOFO-III,658,23.0,28.550857543945312,0.4900623559951782,14.569382667541504,559,703
LOFO-III,660,28.0,29.90347671508789,0.4900623559951782,14.569382667541504,559,703
LOFO-III,662,23.0,25.65247344970703,0.4900623559951782,14.569382667541504,559,703
LOFO-III,663,22.149999618530273,34.020225524902344,0.4900623559951782,14.569382667541504,559,703
LOFO-III,664,30.5,30.25630760192871,0.4900623559951782,14.569382667541504,559,703
LOFO-III,665,31.600000381469727,30.25630760192871,0.4900623559951782,14.569382667541504,559,703
LOFO-III,666,32.099998474121094,30.237138748168945,0.4900623559951782,14.569382667541504,559,703
LOFO-III,667,36.0,30.217853546142578,0.4900623559951782,14.569382667541504,559,703
LOFO-III,668,39.0,30.17894744873047,0.4900623559951782,14.569382667541504,559,703
LOFO-III,669,42.0,30.139591217041016,0.4900623559951782,14.569382667541504,559,703
LOFO-III,670,45.0,30.11974334716797,0.4900623559951782,14.569382667541504,559,703
LOFO-III,671,48.5,30.099788665771484,0.4900623559951782,14.569382667541504,559,703
LOFO-III,673,49.599998474121094,30.059547424316406,0.4900623559951782,14.569382667541504,559,703
LOFO-III,674,92.12000274658203,48.52143859863281,0.4900623559951782,14.569382667541504,559,703
LOFO-III,675,23.0,22.44986343383789,0.4900623559951782,14.569382667541504,559,703
LOFO-III,676,22.0,22.30885887145996,0.4900623559951782,14.569382667541504,559,703
LOFO-III,678,28.0,24.278919219970703,0.4900623559951782,14.569382667541504,559,703
LOFO-III,679,24.0,21.832529067993164,0.4900623559951782,14.569382667541504,559,703
LOFO-III,680,20.0,21.61438751220703,0.4900623559951782,14.569382667541504,559,703
LOFO-III,681,32.0,46.959678649902344,0.4900623559951782,14.569382667541504,559,703
LOFO-III,682,34.0,49.07769775390625,0.4900623559951782,14.569382667541504,559,703
LOFO-III,688,23.0,22.84202003479004,0.4900623559951782,14.569382667541504,559,703
LOFO-III,692,40.0,21.2828369140625,0.4900623559951782,14.569382667541504,559,703
LOFO-III,694,29.0,23.598670959472656,0.4900623559951782,14.569382667541504,559,703
LOFO-III,695,26.0,22.71693992614746,0.4900623559951782,14.569382667541504,559,703
LOFO-III,696,27.0,26.923912048339844,0.4900623559951782,14.569382667541504,559,703
LOFO-III,697,35.0,27.43787384033203,0.4900623559951782,14.569382667541504,559,703
LOFO-III,699,32.0,22.3176212310791,0.4900623559951782,14.569382667541504,559,703
LOFO-III,700,21.0,21.720365524291992,0.4900623559951782,14.569382667541504,559,703
LOFO-III,703,28.0,24.346118927001953,0.4900623559951782,14.569382667541504,559,703
LOFO-III,711,30.899999618530273,33.67063522338867,0.4900623559951782,14.569382667541504,559,703
LOFO-III,719,37.099998474121094,36.12739944458008,0.4900623559951782,14.569382667541504,559,703
LOFO-III,720,38.70000076293945,31.344257354736328,0.4900623559951782,14.569382667541504,559,703
LOFO-III,732,26.799999237060547,18.811365127563477,0.4900623559951782,14.569382667541504,559,703
LOFO-III,738,141.0,66.85380554199219,0.4900623559951782,14.569382667541504,559,703
LOFO-III,739,138.0,42.530521392822266,0.4900623559951782,14.569382667541504,559,703
LOFO-III,740,98.0,41.22209930419922,0.4900623559951782,14.569382667541504,559,703
LOFO-III,742,59.0,40.135833740234375,0.4900623559951782,14.569382667541504,559,703
LOFO-III,743,38.0,38.26200866699219,0.4900623559951782,14.569382667541504,559,703
LOFO-III,744,28.0,37.36854553222656,0.4900623559951782,14.569382667541504,559,703
LOFO-III,745,42.0,46.178123474121094,0.4900623559951782,14.569382667541504,559,703
LOFO-III,746,27.0,44.37123489379883,0.4900623559951782,14.569382667541504,559,703
LOFO-III,747,27.600000381469727,27.60113525390625,0.4900623559951782,14.569382667541504,559,703
LOFO-III,748,29.799999237060547,28.713485717773438,0.4900623559951782,14.569382667541504,559,703
LOFO-III,749,37.20000076293945,32.801849365234375,0.4900623559951782,14.569382667541504,559,703
LOFO-III,750,51.20000076293945,60.324588775634766,0.4900623559951782,14.569382667541504,559,703
LOFO-III,751,58.79999923706055,60.324588775634766,0.4900623559951782,14.569382667541504,559,703
LOFO-III,752,90.4000015258789,67.97200012207031,0.4900623559951782,14.569382667541504,559,703
LOFO-III,753,102.5,67.97200012207031,0.4900623559951782,14.569382667541504,559,703
LOFO-III,754,50.0,39.147743225097656,0.4900623559951782,14.569382667541504,559,703
LOFO-III,756,43.20000076293945,40.56840515136719,0.4900623559951782,14.569382667541504,559,703
LOFO-III,758,32.0,26.433137893676758,0.4900623559951782,14.569382667541504,559,703
LOFO-III,759,31.5,30.875362396240234,0.4900623559951782,14.569382667541504,559,703
LOFO-III,760,30.0,29.784915924072266,0.4900623559951782,14.569382667541504,559,703
LOFO-III,761,29.5,29.27390480041504,0.4900623559951782,14.569382667541504,559,703
LOFO-III,762,28.799999237060547,29.174386978149414,0.4900623559951782,14.569382667541504,559,703
LOFO-III,763,28.200000762939453,28.480804443359375,0.4900623559951782,14.569382667541504,559,703
LOFO-III,764,27.700000762939453,28.102664947509766,0.4900623559951782,14.569382667541504,559,703
LOFO-III,765,27.5,24.134498596191406,0.4900623559951782,14.569382667541504,559,703
LOFO-III,766,27.100000381469727,27.444791793823242,0.4900623559951782,14.569382667541504,559,703
LOFO-III,767,25.899999618530273,24.285747528076172,0.4900623559951782,14.569382667541504,559,703
LOFO-III,768,31.200000762939453,28.547687530517578,0.4900623559951782,14.569382667541504,559,703
LOFO-III,769,36.70000076293945,31.81913948059082,0.4900623559951782,14.569382667541504,559,703
LOFO-III,770,35.5,33.105621337890625,0.4900623559951782,14.569382667541504,559,703
LOFO-III,771,34.29999923706055,32.773921966552734,0.4900623559951782,14.569382667541504,559,703
LOFO-III,772,33.5,32.38714599609375,0.4900623559951782,14.569382667541504,559,703
LOFO-III,773,32.29999923706055,32.42951202392578,0.4900623559951782,14.569382667541504,559,703
LOFO-III,774,31.200000762939453,31.788806915283203,0.4900623559951782,14.569382667541504,559,703
LOFO-III,775,30.600000381469727,31.396141052246094,0.4900623559951782,14.569382667541504,559,703
LOFO-III,776,30.700000762939453,29.455001831054688,0.4900623559951782,14.569382667541504,559,703
LOFO-III,777,25.0,28.101810455322266,0.4900623559951782,14.569382667541504,559,703
LOFO-III,779,31.100000381469727,26.40015411376953,0.4900623559951782,14.569382667541504,559,703
LOFO-III,780,29.299999237060547,26.37337875366211,0.4900623559951782,14.569382667541504,559,703
LOFO-III,781,36.5,30.521282196044922,0.4900623559951782,14.569382667541504,559,703
LOFO-III,782,31.0,28.041786193847656,0.4900623559951782,14.569382667541504,559,703
LOFO-III,783,36.0,32.048099517822266,0.4900623559951782,14.569382667541504,559,703
LOFO-III,784,26.600000381469727,28.749576568603516,0.4900623559951782,14.569382667541504,559,703
LOFO-III,790,28.700000762939453,17.876651763916016,0.4900623559951782,14.569382667541504,559,703
LOFO-III,796,29.0,30.476303100585938,0.4900623559951782,14.569382667541504,559,703
LOFO-III,797,72.41000366210938,53.479190826416016,0.4900623559951782,14.569382667541504,559,703
LOFO-III,799,47.83000183105469,39.26750183105469,0.4900623559951782,14.569382667541504,559,703
LOFO-III,800,40.04999923706055,33.98261260986328,0.4900623559951782,14.569382667541504,559,703
LOFO-III,801,30.100000381469727,32.43138122558594,0.4900623559951782,14.569382667541504,559,703
LOFO-III,802,33.560001373291016,30.284881591796875,0.4900623559951782,14.569382667541504,559,703
LOFO-III,804,31.399999618530273,36.458587646484375,0.4900623559951782,14.569382667541504,559,703
LOFO-III,805,38.70000076293945,40.517372131347656,0.4900623559951782,14.569382667541504,559,703
LOFO-III,806,50.58000183105469,40.4571418762207,0.4900623559951782,14.569382667541504,559,703
LOFO-III,807,30.0,30.549118041992188,0.4900623559951782,14.569382667541504,559,703
LOFO-III,810,44.70000076293945,53.54417419433594,0.4900623559951782,14.569382667541504,559,703
LOFO-III,815,45.0,36.381290435791016,0.4900623559951782,14.569382667541504,559,703
LOFO-III,822,44.5,36.384056091308594,0.4900623559951782,14.569382667541504,559,703
LOFO-III,826,43.0,43.388099670410156,0.4900623559951782,14.569382667541504,559,703
LOFO-III,827,45.0,37.32301712036133,0.4900623559951782,14.569382667541504,559,703
LOFO-III,836,44.0,34.164085388183594,0.4900623559951782,14.569382667541504,559,703
LOFO-III,838,44.0,34.82060241699219,0.4900623559951782,14.569382667541504,559,703
LOFO-III,841,45.0,39.182613372802734,0.4900623559951782,14.569382667541504,559,703
LOFO-III,846,48.0,38.80219268798828,0.4900623559951782,14.569382667541504,559,703
LOFO-III,850,42.400001525878906,61.9599609375,0.4900623559951782,14.569382667541504,559,703
LOFO-III,851,49.0,40.81333923339844,0.4900623559951782,14.569382667541504,559,703
LOFO-III,852,45.0,37.157928466796875,0.4900623559951782,14.569382667541504,559,703
LOFO-III,854,47.29999923706055,41.28062057495117,0.4900623559951782,14.569382667541504,559,703
LOFO-III,855,45.0,38.792327880859375,0.4900623559951782,14.569382667541504,559,703
LOFO-III,858,45.099998474121094,40.026973724365234,0.4900623559951782,14.569382667541504,559,703
LOFO-III,863,46.79999923706055,61.14619445800781,0.4900623559951782,14.569382667541504,559,703
LOFO-III,866,47.0,61.14619445800781,0.4900623559951782,14.569382667541504,559,703
LOFO-III,871,38.0,49.51661682128906,0.4900623559951782,14.569382667541504,559,703
LOFO-III,874,38.0,30.522401809692383,0.4900623559951782,14.569382667541504,559,703
LOFO-III,875,38.599998474121094,54.07785415649414,0.4900623559951782,14.569382667541504,559,703
LOFO-III,876,38.599998474121094,23.373767852783203,0.4900623559951782,14.569382667541504,559,703
LOFO-III,882,39.0,50.16410827636719,0.4900623559951782,14.569382667541504,559,703
LOFO-III,883,39.0,54.2802619934082,0.4900623559951782,14.569382667541504,559,703
LOFO-III,885,37.70000076293945,32.49920654296875,0.4900623559951782,14.569382667541504,559,703
LOFO-III,890,49.0,38.2551383972168,0.4900623559951782,14.569382667541504,559,703
LOFO-III,892,37.0,33.839054107666016,0.4900623559951782,14.569382667541504,559,703
LOFO-III,893,37.0,50.73162078857422,0.4900623559951782,14.569382667541504,559,703
LOFO-III,894,37.0,49.50813293457031,0.4900623559951782,14.569382667541504,559,703
LOFO-III,900,37.400001525878906,40.247344970703125,0.4900623559951782,14.569382667541504,559,703
LOFO-III,902,42.29999923706055,52.09956741333008,0.4900623559951782,14.569382667541504,559,703
LOFO-III,907,41.900001525878906,34.25324630737305,0.4900623559951782,14.569382667541504,559,703
LOFO-III,909,42.0,50.02975082397461,0.4900623559951782,14.569382667541504,559,703
LOFO-III,913,42.0,26.734230041503906,0.4900623559951782,14.569382667541504,559,703
LOFO-III,914,42.0,45.68859100341797,0.4900623559951782,14.569382667541504,559,703
LOFO-III,916,42.29999923706055,38.54920196533203,0.4900623559951782,14.569382667541504,559,703
LOFO-III,917,42.29999923706055,79.99122619628906,0.4900623559951782,14.569382667541504,559,703
LOFO-III,930,40.0,25.182384490966797,0.4900623559951782,14.569382667541504,559,703
LOFO-III,935,40.0,31.128765106201172,0.4900623559951782,14.569382667541504,559,703
LOFO-III,937,101.0,50.85381317138672,0.4900623559951782,14.569382667541504,559,703
LOFO-III,938,94.0,86.75401306152344,0.4900623559951782,14.569382667541504,559,703
LOFO-III,940,94.5,55.42801284790039,0.4900623559951782,14.569382667541504,559,703
LOFO-III,941,95.5,45.41830825805664,0.4900623559951782,14.569382667541504,559,703
LOFO-III,942,98.0,52.40333557128906,0.4900623559951782,14.569382667541504,559,703
LOFO-III,943,99.0,45.74374771118164,0.4900623559951782,14.569382667541504,559,703
LOFO-III,944,99.0,54.722869873046875,0.4900623559951782,14.569382667541504,559,703
LOFO-III,946,101.0,75.09451293945312,0.4900623559951782,14.569382667541504,559,703
LOFO-III,948,102.5,62.98399353027344,0.4900623559951782,14.569382667541504,559,703
LOFO-III,949,103.0,77.85540771484375,0.4900623559951782,14.569382667541504,559,703
LOFO-III,950,105.0,51.10234451293945,0.4900623559951782,14.569382667541504,559,703
LOFO-III,951,108.0,79.19193267822266,0.4900623559951782,14.569382667541504,559,703
LOFO-III,961,87.0,62.941837310791016,0.4900623559951782,14.569382667541504,559,703
LOFO-III,965,90.4000015258789,67.4227294921875,0.4900623559951782,14.569382667541504,559,703
LOFO-III,969,110.0,88.75027465820312,0.4900623559951782,14.569382667541504,559,703
LOFO-III,970,110.0,43.507999420166016,0.4900623559951782,14.569382667541504,559,703
LOFO-III,971,132.60000610351562,49.73405456542969,0.4900623559951782,14.569382667541504,559,703
LOFO-III,975,136.39999389648438,61.56620407104492,0.4900623559951782,14.569382667541504,559,703
LOFO-III,976,138.0,59.81568908691406,0.4900623559951782,14.569382667541504,559,703
LOFO-III,978,140.6999969482422,84.55304718017578,0.4900623559951782,14.569382667541504,559,703
LOFO-III,979,141.0,86.05125427246094,0.4900623559951782,14.569382667541504,559,703
LOFO-III,980,141.0,63.16285705566406,0.4900623559951782,14.569382667541504,559,703
LOFO-III,981,141.0,83.04905700683594,0.4900623559951782,14.569382667541504,559,703
LOFO-III,982,142.0,71.42791748046875,0.4900623559951782,14.569382667541504,559,703
LOFO-III,983,37.0,29.168415069580078,0.4900623559951782,14.569382667541504,559,703
LOFO-III,985,132.0,93.13943481445312,0.4900623559951782,14.569382667541504,559,703
LOFO-III,986,128.1999969482422,69.95091247558594,0.4900623559951782,14.569382667541504,559,703
LOFO-III,989,110.4000015258789,46.426429748535156,0.4900623559951782,14.569382667541504,559,703
LOFO-III,990,112.0,105.30657958984375,0.4900623559951782,14.569382667541504,559,703
LOFO-III,992,112.5999984741211,54.40309143066406,0.4900623559951782,14.569382667541504,559,703
LOFO-III,993,114.0,51.66412353515625,0.4900623559951782,14.569382667541504,559,703
LOFO-III,995,117.0,46.208465576171875,0.4900623559951782,14.569382667541504,559,703
LOFO-III,996,110.0,50.472877502441406,0.4900623559951782,14.569382667541504,559,703
LOFO-III,997,117.0,75.37518310546875,0.4900623559951782,14.569382667541504,559,703
LOFO-III,998,118.0,90.03521728515625,0.4900623559951782,14.569382667541504,559,703
LOFO-III,999,119.0,82.56065368652344,0.4900623559951782,14.569382667541504,559,703
LOFO-III,1000,119.30000305175781,81.67184448242188,0.4900623559951782,14.569382667541504,559,703
LOFO-III,1001,121.30000305175781,61.05586242675781,0.4900623559951782,14.569382667541504,559,703
LOFO-III,1002,121.30000305175781,63.566680908203125,0.4900623559951782,14.569382667541504,559,703
LOFO-III,1004,123.0,65.35041809082031,0.4900623559951782,14.569382667541504,559,703
LOFO-III,1005,117.0,66.72151184082031,0.4900623559951782,14.569382667541504,559,703
LOFO-III,1007,52.20000076293945,63.6846923828125,0.4900623559951782,14.569382667541504,559,703
LOFO-III,1008,52.29999923706055,40.98170852661133,0.4900623559951782,14.569382667541504,559,703
LOFO-III,1009,52.400001525878906,40.552886962890625,0.4900623559951782,14.569382667541504,559,703
LOFO-III,1011,54.0,41.28062057495117,0.4900623559951782,14.569382667541504,559,703
LOFO-III,1014,55.0,39.00654602050781,0.4900623559951782,14.569382667541504,559,703
LOFO-III,1015,55.0,51.11286544799805,0.4900623559951782,14.569382667541504,559,703
LOFO-III,1016,55.099998474121094,45.99104309082031,0.4900623559951782,14.569382667541504,559,703
LOFO-III,1018,55.20000076293945,51.11286544799805,0.4900623559951782,14.569382667541504,559,703
LOFO-III,1021,52.0,68.36772155761719,0.4900623559951782,14.569382667541504,559,703
LOFO-III,1025,50.0,99.0186767578125,0.4900623559951782,14.569382667541504,559,703
LOFO-III,1026,50.0,36.75282669067383,0.4900623559951782,14.569382667541504,559,703
LOFO-III,1027,50.0,41.79631805419922,0.4900623559951782,14.569382667541504,559,703
LOFO-III,1029,50.0,53.14043426513672,0.4900623559951782,14.569382667541504,559,703
LOFO-III,1030,57.400001525878906,49.9129524230957,0.4900623559951782,14.569382667541504,559,703
LOFO-III,1034,51.20000076293945,59.269046783447266,0.4900623559951782,14.569382667541504,559,703
LOFO-III,1037,52.0,39.635746002197266,0.4900623559951782,14.569382667541504,559,703
LOFO-III,1044,68.0,58.276859283447266,0.4900623559951782,14.569382667541504,559,703
LOFO-III,1045,68.0,50.949180603027344,0.4900623559951782,14.569382667541504,559,703
LOFO-III,1050,72.0,72.54731750488281,0.4900623559951782,14.569382667541504,559,703
LOFO-III,1052,74.0,77.87979125976562,0.4900623559951782,14.569382667541504,559,703
LOFO-III,1054,65.30000305175781,41.419593811035156,0.4900623559951782,14.569382667541504,559,703
LOFO-III,1055,65.0,50.77482986450195,0.4900623559951782,14.569382667541504,559,703
LOFO-III,1056,58.79999923706055,59.269046783447266,0.4900623559951782,14.569382667541504,559,703
LOFO-III,1057,59.0,56.06904602050781,0.4900623559951782,14.569382667541504,559,703
LOFO-III,1060,60.20000076293945,37.090538024902344,0.4900623559951782,14.569382667541504,559,703
LOFO-III,1063,58.0,42.668487548828125,0.4900623559951782,14.569382667541504,559,703
LOFO-III,1064,62.900001525878906,50.949180603027344,0.4900623559951782,14.569382667541504,559,703
LOFO-III,1065,63.0,65.3973617553711,0.4900623559951782,14.569382667541504,559,703
LOFO-III,1069,64.69999694824219,66.35916900634766,0.4900623559951782,14.569382667541504,559,703
LOFO-III,1071,37.0,30.86910057067871,0.4900623559951782,14.569382667541504,559,703
LOFO-III,1072,23.299999237060547,51.311614990234375,0.4900623559951782,14.569382667541504,559,703
LOFO-III,1073,37.0,36.502288818359375,0.4900623559951782,14.569382667541504,559,703
LOFO-III,1077,24.0,21.729877471923828,0.4900623559951782,14.569382667541504,559,703
LOFO-III,1078,24.0,19.598026275634766,0.4900623559951782,14.569382667541504,559,703
LOFO-III,1082,24.399999618530273,18.96141242980957,0.4900623559951782,14.569382667541504,559,703
LOFO-III,1086,23.5,27.699119567871094,0.4900623559951782,14.569382667541504,559,703
LOFO-III,1088,22.600000381469727,20.508888244628906,0.4900623559951782,14.569382667541504,559,703
LOFO-III,1089,22.600000381469727,19.605060577392578,0.4900623559951782,14.569382667541504,559,703
LOFO-III,1090,22.600000381469727,51.51518249511719,0.4900623559951782,14.569382667541504,559,703
LOFO-III,1092,23.0,19.914077758789062,0.4900623559951782,14.569382667541504,559,703
LOFO-III,1093,23.0,25.21407699584961,0.4900623559951782,14.569382667541504,559,703
LOFO-III,1094,23.0,48.303688049316406,0.4900623559951782,14.569382667541504,559,703
LOFO-III,1098,26.399999618530273,18.118770599365234,0.4900623559951782,14.569382667541504,559,703
LOFO-III,1101,26.799999237060547,18.700382232666016,0.4900623559951782,14.569382667541504,559,703
LOFO-III,1102,27.0,19.019060134887695,0.4900623559951782,14.569382667541504,559,703
LOFO-III,1103,27.0,27.42737579345703,0.4900623559951782,14.569382667541504,559,703
LOFO-III,1106,27.0,43.86090087890625,0.4900623559951782,14.569382667541504,559,703
LOFO-III,1108,25.799999237060547,18.202341079711914,0.4900623559951782,14.569382667541504,559,703
LOFO-III,1110,25.0,24.794849395751953,0.4900623559951782,14.569382667541504,559,703
LOFO-III,1113,25.200000762939453,53.10847473144531,0.4900623559951782,14.569382667541504,559,703
LOFO-III,1116,25.799999237060547,18.86605453491211,0.4900623559951782,14.569382667541504,559,703
LOFO-III,1119,22.100000381469727,18.811046600341797,0.4900623559951782,14.569382667541504,559,703
LOFO-III,1120,22.0,35.469749450683594,0.4900623559951782,14.569382667541504,559,703
LOFO-III,1125,17.600000381469727,16.484704971313477,0.4900623559951782,14.569382667541504,559,703
LOFO-III,1128,18.399999618530273,16.73883056640625,0.4900623559951782,14.569382667541504,559,703
LOFO-III,1132,19.100000381469727,15.405384063720703,0.4900623559951782,14.569382667541504,559,703
LOFO-III,1134,16.299999237060547,15.393033981323242,0.4900623559951782,14.569382667541504,559,703
LOFO-III,1139,19.200000762939453,15.038790702819824,0.4900623559951782,14.569382667541504,559,703
LOFO-III,1145,15.699999809265137,15.119546890258789,0.4900623559951782,14.569382667541504,559,703
LOFO-III,1149,19.5,19.89694595336914,0.4900623559951782,14.569382667541504,559,703
LOFO-III,1154,20.799999237060547,16.9674015045166,0.4900623559951782,14.569382667541504,559,703
LOFO-III,1155,20.899999618530273,20.518997192382812,0.4900623559951782,14.569382667541504,559,703
LOFO-III,1156,21.0,39.21375274658203,0.4900623559951782,14.569382667541504,559,703
LOFO-III,1158,21.100000381469727,16.089632034301758,0.4900623559951782,14.569382667541504,559,703
LOFO-III,1160,21.200000762939453,19.167495727539062,0.4900623559951782,14.569382667541504,559,703
LOFO-III,1162,21.399999618530273,24.124908447265625,0.4900623559951782,14.569382667541504,559,703
LOFO-III,1165,20.600000381469727,21.25416374206543,0.4900623559951782,14.569382667541504,559,703
LOFO-III,1166,19.5,11.727947235107422,0.4900623559951782,14.569382667541504,559,703
LOFO-III,1167,19.600000381469727,19.53820037841797,0.4900623559951782,14.569382667541504,559,703
LOFO-III,1169,20.0,18.94192123413086,0.4900623559951782,14.569382667541504,559,703
LOFO-III,1170,20.0,20.62765121459961,0.4900623559951782,14.569382667541504,559,703
LOFO-III,1178,27.100000381469727,35.3580322265625,0.4900623559951782,14.569382667541504,559,703
LOFO-III,1179,27.100000381469727,29.91593360900879,0.4900623559951782,14.569382667541504,559,703
LOFO-III,1180,27.100000381469727,27.701751708984375,0.4900623559951782,14.569382667541504,559,703
LOFO-III,1186,33.79999923706055,29.74270248413086,0.4900623559951782,14.569382667541504,559,703
LOFO-III,1190,34.0,49.12699508666992,0.4900623559951782,14.569382667541504,559,703
LOFO-III,1191,34.0,37.989776611328125,0.4900623559951782,14.569382667541504,559,703
LOFO-III,1192,34.0,27.777667999267578,0.4900623559951782,14.569382667541504,559,703
LOFO-III,1195,33.0,20.87167739868164,0.4900623559951782,14.569382667541504,559,703
LOFO-III,1197,32.0,19.601364135742188,0.4900623559951782,14.569382667541504,559,703
LOFO-III,1198,32.0,27.022621154785156,0.4900623559951782,14.569382667541504,559,703
LOFO-III,1199,32.0,26.869293212890625,0.4900623559951782,14.569382667541504,559,703
LOFO-III,1200,32.0,29.195518493652344,0.4900623559951782,14.569382667541504,559,703
LOFO-III,1202,32.0,26.22998809814453,0.4900623559951782,14.569382667541504,559,703
LOFO-III,1209,32.0,46.97941589355469,0.4900623559951782,14.569382667541504,559,703
LOFO-III,1213,36.0,41.25193405151367,0.4900623559951782,14.569382667541504,559,703
LOFO-III,1215,36.0,28.64501190185547,0.4900623559951782,14.569382667541504,559,703
LOFO-III,1216,36.0,27.26209831237793,0.4900623559951782,14.569382667541504,559,703
LOFO-III,1217,36.0,49.059226989746094,0.4900623559951782,14.569382667541504,559,703
LOFO-III,1219,36.0,48.746849060058594,0.4900623559951782,14.569382667541504,559,703
LOFO-III,1221,36.29999923706055,30.788930892944336,0.4900623559951782,14.569382667541504,559,703
LOFO-III,1223,36.0,32.125953674316406,0.4900623559951782,14.569382667541504,559,703
LOFO-III,1231,34.0,27.785476684570312,0.4900623559951782,14.569382667541504,559,703
LOFO-III,1235,35.0,49.255523681640625,0.4900623559951782,14.569382667541504,559,703
LOFO-III,1244,28.200000762939453,18.37131118774414,0.4900623559951782,14.569382667541504,559,703
LOFO-III,1245,29.0,27.131134033203125,0.4900623559951782,14.569382667541504,559,703
LOFO-III,1248,29.0,25.377700805664062,0.4900623559951782,14.569382667541504,559,703
LOFO-III,1250,29.600000381469727,45.346736907958984,0.4900623559951782,14.569382667541504,559,703
LOFO-III,1251,29.700000762939453,29.115129470825195,0.4900623559951782,14.569382667541504,559,703
LOFO-III,1254,28.0,26.53430938720703,0.4900623559951782,14.569382667541504,559,703
LOFO-III,1255,28.0,24.47439956665039,0.4900623559951782,14.569382667541504,559,703
LOFO-III,1256,28.0,24.639713287353516,0.4900623559951782,14.569382667541504,559,703
LOFO-III,1257,27.200000762939453,18.473785400390625,0.4900623559951782,14.569382667541504,559,703
LOFO-III,1258,27.5,31.848743438720703,0.4900623559951782,14.569382667541504,559,703
LOFO-III,1260,27.600000381469727,27.109628677368164,0.4900623559951782,14.569382667541504,559,703
LOFO-III,1261,27.700000762939453,26.325759887695312,0.4900623559951782,14.569382667541504,559,703
LOFO-III,1263,28.0,23.779014587402344,0.4900623559951782,14.569382667541504,559,703
LOFO-III,1264,29.899999618530273,57.78382873535156,0.4900623559951782,14.569382667541504,559,703
LOFO-III,1269,28.0,25.803983688354492,0.4900623559951782,14.569382667541504,559,703
LOFO-III,1271,28.0,18.37131118774414,0.4900623559951782,14.569382667541504,559,703
LOFO-III,1272,28.0,24.853487014770508,0.4900623559951782,14.569382667541504,559,703
LOFO-III,1273,28.0,48.78253936767578,0.4900623559951782,14.569382667541504,559,703
LOFO-III,1274,31.799999237060547,26.627527236938477,0.4900623559951782,14.569382667541504,559,703
LOFO-III,1275,30.0,18.38933753967285,0.4900623559951782,14.569382667541504,559,703
LOFO-III,1276,30.0,28.133312225341797,0.4900623559951782,14.569382667541504,559,703
LOFO-III,1278,31.0,26.24637222290039,0.4900623559951782,14.569382667541504,559,703
LOFO-III,1279,31.0,33.246917724609375,0.4900623559951782,14.569382667541504,559,703
LOFO-III,1280,31.0,27.12542724609375,0.4900623559951782,14.569382667541504,559,703
LOFO-III,1281,31.0,26.20138931274414,0.4900623559951782,14.569382667541504,559,703
LOFO-III,1285,31.100000381469727,57.07128143310547,0.4900623559951782,14.569382667541504,559,703
LOFO-III,1289,31.0,26.390830993652344,0.4900623559951782,14.569382667541504,559,703
LOFO-III,1290,31.0,29.23293685913086,0.4900623559951782,14.569382667541504,559,703
LOFO-III,1293,30.0,54.90660858154297,0.4900623559951782,14.569382667541504,559,703
LOFO-III,1297,30.0,48.972900390625,0.4900623559951782,14.569382667541504,559,703
LOFO-III,1299,30.100000381469727,57.93083190917969,0.4900623559951782,14.569382667541504,559,703
LOFO-III,1301,31.0,41.26698684692383,0.4900623559951782,14.569382667541504,559,703
