idx,formula,a_site,regime,er_measured,pred_original,perm_mean,perm_std,perm_delta
0,Ca0.8Sr0.2SnO3,Ca,III,8.5,18.425823,18.42072425842285,0.03854363672223899,-0.005098953247070881
1,CaTi0.53Al0.235Nb0.235O3,Ca,II,49.8,48.21366,47.17023971557617,1.7773776003762405,-1.0434214782714832
2,CaTi0.5Al0.25Nb0.25O3,Ca,II,48.0,45.933407,44.90684196472168,1.5211016405470872,-1.0265648651123058
3,CaTi0.4Al0.3Nb0.3O3,Ca,II,41.3,39.77038,39.080523376464846,1.0186678948334087,-0.6898547363281224
4,CaTi0.3Al0.35Nb0.35O3,Ca,II,36.8,35.044006,34.152418518066405,0.8915911887369434,-0.8915878295898452
5,CaTi0.7Al0.15Nb0.15O3,Ca,II,65.4,66.03942,64.29987457275391,2.741799094433272,-1.7395465087890614
6,CaTi0.6Al0.2Nb0.2O3,Ca,II,54.3,54.737343,53.32276039123535,2.148824551526328,-1.4145824432373075
7,CaTi0.53Al0.235Nb0.235O3,Ca,II,48.5,48.266804,47.06307151794434,1.7375098747067548,-1.203732223510741
8,CaTi0.5Al0.25Nb0.25O3,Ca,II,48.1,45.953957,44.778778610229494,1.6499160201466394,-1.1751779937744118
9,CaTi0.4Al0.3Nb0.3O3,Ca,II,41.2,39.71387,39.3053840637207,0.8290797886798268,-0.4084869384765639
10,CaTi0.3Al0.35Nb0.35O3,Ca,II,36.4,34.944263,34.355799522399906,0.8311058924589854,-0.5884639358520474
11,CaTi0.7Al0.15Nb0.15O3,Ca,II,69.0,66.80379,64.67962120056153,2.8549614798977223,-2.124166030883785
12,CaTi0.6Al0.2Nb0.2O3,Ca,II,56.6,55.123066,53.72855522155762,2.3264599939396886,-1.3945107269287078
13,CaTi0.53Al0.235Nb0.235O3,Ca,II,49.4,48.374016,47.21389274597168,1.7403259660907633,-1.160123062133792
14,CaTi0.5Al0.25Nb0.25O3,Ca,II,48.0,45.96589,44.878538284301754,1.6569791401919776,-1.0873506927490268
15,CaTi0.4Al0.3Nb0.3O3,Ca,II,41.1,39.499073,38.52581787109375,1.092845242826999,-0.9732551574707031
16,CaTi0.3Al0.35Nb0.35O3,Ca,II,36.4,34.6034,34.02339317321778,0.8430350660820267,-0.5800080108642547
17,Sm0.6Ca0.4Co0.3Ti0.7O3,Other,III,37.0,36.104156,38.094947509765625,1.1850003317375952,1.9907910156249997
18,Ca0.6Sr0.4Al0.3Nb0.3Ti0.4O3,Ca,Ib,37.2,37.792976,37.36325614929199,0.7442516566972103,-0.42972023010253935
19,Ca5Nb4TiO17,Ca,III,45.6,37.05191,38.7795442199707,1.5838606002540019,1.7276338195800776
20,Ca4.9Zn0.1Nb4TiO17,Ca,III,40.3,44.450775,46.77991744995117,2.953145371114184,2.3291423034667957
21,Ca4.8Zn0.2Nb4TiO17,Ca,III,37.9,44.048428,46.34205627441406,2.8444988874508996,2.293628692626953
22,Ca4.7Zn0.3Nb4TiO17,Ca,III,45.8,43.748714,45.60958236694336,2.9786899767539032,1.8608679199218727
23,Ca4.6Zn0.4Nb4TiO17,Ca,III,52.0,43.48935,45.7268798828125,2.577956156937875,2.237530517578122
24,CaTi0.6Al0.2Nb0.2O3,Ca,II,55.7,54.589134,53.35085174560547,2.103785336165929,-1.2382824707031261
25,CaTi0.7Al0.15Nb0.15O3,Ca,II,67.8,65.767136,62.607731628417966,3.2945150782516244,-3.1594039916992216
26,SrLa3Ti2NbO12,Sr,III,41.0,43.067047,38.304715385437014,4.688165029895314,-4.762331733703611
27,Sr2La2TiNb2O12,Sr,III,39.0,40.875904,36.79883827209473,4.7949032579448065,-4.077065811157226
28,Ba2SrLaNb3O12,Ba,II,39.5,41.546608,32.58249156951904,6.807276059541171,-8.964116401672364
29,Ba.5Sr.5LaNb3O12,Other,Ib,38.95,37.53063,37.8490531539917,7.4765833136733795,0.3184249496459941
30,BaSr2LaNb3O12,Sr,III,37.1,36.658295,29.790149536132812,5.485948713972673,-6.868145141601563
31,Sr3LaNb3O12,Sr,III,35.8,36.590313,33.46459930419922,4.470216052202326,-3.1257136535644534
32,BaLa0.5Nb0.5O3,Ba,III,45.0,44.30557,44.31629905700684,0.5282813278271649,0.010730361938477984
33,BaPr0.5Nb0.5O3,Ba,III,44.5,43.21682,43.15119804382324,0.37889799823360754,-0.065621719360351
34,BaNd0.5Nb0.5O3,Ba,III,44.0,41.635216,41.312944412231445,0.24016972423998367,-0.32227134704589844
35,BaSm0.5Nb0.5O3,Ba,II,43.0,40.138355,39.45393501281738,0.4759008540520092,-0.6844202423095709
36,BaEu0.5Nb0.5O3,Ba,II,40.0,38.919624,38.524155883789064,0.4806573206584425,-0.3954684448242176
37,BaGd0.5Nb0.5O3,Ba,II,40.0,38.158325,37.587595825195315,0.5912537205303241,-0.5707293701171849
38,BaTb0.5Nb0.5O3,Ba,II,39.0,37.385796,36.93129646301269,0.6565687448428424,-0.454499130249026
39,Ca5Nb2TiO12,Ca,III,48.0,37.467678,35.72897510528564,2.8327381650138723,-1.7387029647827177
40,BaDy0.5Nb0.5O3,Ba,II,38.9,36.74372,36.27918830871582,0.6628124364929523,-0.46453269958496435
41,BaY0.5Nb0.5O3,Ba,II,37.0,36.02114,35.670682678222654,0.5353545295190982,-0.3504583740234395
42,BaYb0.5Nb0.5O3,Ba,Ib,36.0,35.020798,34.53600708007812,0.4050188606009878,-0.4847906494140659
43,Ba8Ta4Ti3O23.5,Ba,Ib,40.0,40.510113,39.95993576049805,0.8363585987817221,-0.5501770019531236
44,Ba8Ta4.32Ti2.6O23.54,Ba,Ib,36.0,39.223656,38.80982864379883,0.7047399973857388,-0.41382705688476307
45,Ba8Ta4.64Ti2.2O23.58,Ba,Ib,44.0,37.987045,37.56737892150879,0.6785630973470068,-0.41966636657714673
46,Ba10Ta7.04Ti.2O29.88,Ba,Ib,35.0,34.958748,34.69889633178711,0.35665685834337696,-0.25985153198242017
47,Ba10Ta7.28Ti0.9O29.91,Ba,Ib,35.0,35.202633,34.81779144287109,0.3786468887487726,-0.38484146118164375
48,Ba10Ta7.52Ti0.6O29.94,Ba,Ib,34.0,34.456932,34.14507667541504,0.32960952772285396,-0.311855392456053
49,Ba5Ta4O15,Ba,Ib,28.0,29.43873,29.327183609008788,0.09665124927776683,-0.111546630859376
50,Ba5Sr2Ta4ZrO21,Ba,Ib,27.0,27.49909,25.993553466796875,3.4191716065277764,-1.5055367279052732
51,Sr3LaNb3O12,Sr,III,36.0,36.338505,34.208807106018064,4.068795296965359,-2.1296976852417018
52,BaHo0.5Nb0.5O3,Ba,II,38.0,36.6307,36.15934181213379,0.6122241201985597,-0.4713573455810547
53,Ca5Ta2TiO12,Ca,III,38.0,37.296345,35.497632637023926,2.555298399158758,-1.7987121200561518
54,CaTi0.70Al0.15Ta0.15O3,Ca,II,65.4,64.32998,61.85677642822266,3.5791884578360564,-2.4732025146484347
55,CaTi0.60Al0.20Ta0.20O3,Ca,II,52.2,50.84762,49.860963668823246,1.738911732629121,-0.9866544342040982
56,CaTi0.60Al0.20Ta0.20O3,Ca,II,52.3,50.808613,49.267525329589844,2.219175255482883,-1.5410874938964838
57,CaTi0.60Al0.20Ta0.20O3,Ca,II,52.4,50.731434,49.40384811401367,2.2305529035337246,-1.3275857543945335
58,CaTi0.60Al0.20Ta0.20O3,Ca,II,52.0,50.682304,49.075213775634765,2.5209488372864373,-1.6070906066894537
59,CaTi0.54Al0.23Ta0.23O3,Ca,II,46.6,45.076775,44.01343879699707,1.570834437024395,-1.063335800170897
60,CaTi0.54Al0.23Ta0.23O3,Ca,II,46.7,44.953197,43.917644271850584,1.4085533623702104,-1.035553207397463
61,CaTi0.54Al0.23Ta0.23O3,Ca,II,46.8,44.66717,43.443877334594724,1.6570406883078999,-1.2232941436767604
62,CaTi0.54Al0.23Ta0.23O3,Ca,II,46.5,44.41604,43.40398979187012,1.582634809635249,-1.0120487213134766
63,CaTi0.50Al0.25Ta0.25O3,Ca,II,41.4,41.861633,40.20717849731445,1.437840952725665,-1.6544548034667983
64,CaTi0.70Al0.15Ta0.15O3,Ca,II,65.7,63.99767,61.76524429321289,3.293161812348594,-2.2324249267578153
65,CaTi0.50Al0.25Ta0.25O3,Ca,II,41.5,41.318798,40.55546531677246,1.1953194850793818,-0.7633327484130845
66,Ca0.70Nd0.30Ti0.70Al0.30O3,Ca,II,43.5,39.98851,39.0962866973877,1.0537009157316186,-0.8922234344482405
67,Ca0.70La0.15Nd0.15Ti0.70Al0.30O3,Ca,II,41.5,40.131096,38.80435531616211,1.1955446134202028,-1.3267405700683597
68,Ca0.70La0.30Ti0.70Ga0.30O3,Ca,II,49.4,47.335857,46.55318977355957,1.013709167990717,-0.7826676177978484
69,Ca0.70Nd0.30Ti0.70Ga0.15Al0.15O3,Ca,III,45.3,47.20302,46.17599258422852,1.0301048174986303,-1.0270256042480455
70,Ca0.70La0.30Ti0.70Ga0.15Al0.15O3,Ca,II,45.2,44.57718,43.650426330566404,1.0504200231587264,-0.926752624511721
71,Ca0.70La0.15Nd0.15Ti0.70Ga0.15Al0.15O3,Ca,II,45.2,43.04156,42.1903214263916,0.8859438327944281,-0.8512397003173859
72,Ca0.67La0.165Nd0.165Ti0.67Ga0.33O3,Ca,III,44.7,44.423065,43.55906387329102,0.7687287081512745,-0.8640013122558585
73,Ca0.66La0.17Nd0.17Ti0.66Ga0.34O3,Ca,III,44.1,43.80479,43.30501541137696,0.6196002790249825,-0.49977508544921534
74,Ca0.64La0.18Nd0.18Ti0.64Ga0.36O3,Ca,III,43.6,42.662144,41.84260391235352,0.8833300402812919,-0.819539794921873
75,Ca0.66La0.34Ti0.66Ga0.34O3,Ca,II,47.5,44.78599,44.33038688659668,0.8014456552107468,-0.4556047821044942
76,Ca0.64La0.36Ti0.64Ga0.36O3,Ca,II,46.5,43.653904,42.973117904663084,0.9184131033871051,-0.6807860565185564
77,Ba2.5Sr0.5LaNb3O12,Ba,Ib,41.86,42.298412,35.227587852478024,6.21860730173044,-7.070824470520023
78,CaTi0.70Al0.15Ta0.15O3,Ca,II,65.6,63.651917,61.253856048583984,3.1390387848919086,-2.398060455322266
79,CaLa4Ti4O15,Other,II,41.1,41.04837,42.19777740478516,0.6785465290541863,1.1494070434570318
80,BaZn0.300Nb0.600Zr0.100O3,Ba,Ib,38.0,40.09371,39.330096588134765,0.9712988444671875,-0.7636152648925787
81,Ba0.80Sr0.20Zn0.313Ta0.627Ti0.060O3,Ba,Ib,42.0,38.80298,37.550748596191404,1.3059836605804083,-1.2522299194335957
82,Ba0.75Sr0.25Zn0.313Ta0.627Ti0.060O3,Ba,Ib,40.0,39.994595,38.76736122131348,1.3955602023726357,-1.2272333526611305
83,Ba4LaTiNb3O15,Ba,Ib,52.0,47.268463,46.6936784362793,1.2763699915684201,-0.5747846984863259
84,Ba4LaSnNb3O15,Ba,Ib,39.0,38.28408,37.73692092895508,0.8772544144671942,-0.5471595764160142
85,Ca0.65Sm0.315Nd0.035Ti0.65Al0.35O3,Ca,II,39.7,39.71641,38.52784332275391,1.1545917308767228,-1.1885682678222622
86,Ca0.25Sm0.675Nd0.075Ti0.25Al0.75O3,Other,II,22.74,22.646872,22.92421844482422,0.42434982490623974,0.27734687805175895
87,Ca0.35Sm0.585Nd0.065Ti0.35Al0.65O3,Other,II,25.84,24.872242,25.224340515136717,0.4599199937475225,0.3520985412597639
88,Ca0.45Sm0.495Nd0.055Ti0.45Al0.55O3,Ca,II,29.38,28.540304,28.30592735290527,0.5693362519032908,-0.2343768310546892
89,Ca0.55Sm0.405Nd0.045Ti0.55Al0.45O3,Ca,II,32.85,31.829056,31.805908584594725,0.7196107459953256,-0.02314720153808736
90,Ca0.75Sm0.225Nd0.025Ti0.75Al0.25O3,Ca,II,50.21,49.11571,47.109926071166996,2.088014135425762,-2.0057851409912075
91,CaTi0.70Al0.15Ta0.15O3,Ca,II,65.5,63.511208,60.94424407958984,3.272907645612958,-2.566963500976563
92,Ca0.85Sm0.135Nd0.015Ti0.85Al0.15O3,Ca,II,69.2,68.54199,64.30842323303223,4.010989346069474,-4.233568954467771
93,Ca5Nb.5Ta0.5TiO12,Ca,III,46.0,39.58573,37.845923233032224,2.7090436158342426,-1.7398082733154325
94,Ca5NbTaTiO12,Ca,III,43.0,40.103462,38.552522888183596,2.6257363644106744,-1.5509393310546855
95,Ca5Nb0.5Ta.5TiO12,Ca,III,40.0,39.058186,37.79004699707031,2.734206544352323,-1.2681385803222653
96,Ca5Ta2TiO12,Ca,III,38.0,37.60357,36.46761856079102,2.0627530542379,-1.1359504699707017
97,BaZn0.333Co0.000Nb0.667O3,Ba,Ib,41.4,39.752705,38.97498573303223,1.107891920199287,-0.777718887329101
98,BaZn0.267Co0.067Nb0.667O3,Ba,Ib,40.1,37.743977,37.10441841125488,1.0215156547881015,-0.6395581817626947
99,BaZn0.200Co0.133Nb0.667O3,Ba,Ib,38.2,36.284668,35.65042572021484,1.1191762930392393,-0.6342422485351591
100,BaZn0.133Co0.200Nb0.667O3,Ba,Ib,35.8,35.06587,34.79319267272949,1.0526342664330202,-0.27267570495605753
101,BaZn0.067Co0.267Nb0.667O3,Ba,Ib,33.9,34.244884,34.05290309906006,1.205414206822317,-0.19198139190673658
102,BaLa4Ti4O15,Other,Ib,44.4,44.747925,45.85774620056152,0.6095684233074642,1.1098213958740217
103,SrLa4Ti4O15,Other,II,43.7,42.511314,43.86288017272949,0.6242955726269203,1.3515657806396462
104,CaTi0.60Mg0.1333Nb0.2667O3,Ca,III,62.97,60.994007,60.355229415893554,1.6257393303540497,-0.6387776947021493
105,Ba3LaNb3O12,Ba,Ib,44.8,44.04253,36.75462341308594,6.0564525292413185,-7.287906646728516
106,Pb0.40Ca0.60Fe0.495Nb0.495Zr0.01O3,Ca,II,68.4,70.14016,68.93603424072266,1.2768482316612924,-1.2041253662109312
107,LaAlO3,Other,Ia,22.0,22.417439,22.51793487548828,0.3121123682309822,0.10049636840820142
108,La0.75Sr0.25Al0.75Ti0.25O3,Other,Ib,26.0,26.358042,26.453782806396486,0.25049776535823093,0.09574104309082188
109,La0.55Sr0.45Al0.55Ti0.45O3,Sr,Ib,29.0,30.68867,31.521296081542967,0.22528572305270314,0.8326268768310534
110,La0.50Sr0.50Al0.50Ti0.50O3,Sr,Ib,33.0,32.294834,33.14264785766601,0.264964575550669,0.8478137207031224
111,La0.45Sr0.55Al0.45Ti0.55O3,Sr,Ib,34.0,34.075817,35.04690849304199,0.2681093772002937,0.9710913848876928
112,La0.40Sr0.60Al0.40Ti0.60O3,Sr,Ib,39.0,37.255383,37.663190078735354,0.3747751792432422,0.40780754089355753
113,La0.25Sr0.75Al0.25Ti0.75O3,Sr,Ib,46.0,46.18876,46.90634490966797,0.7987827456364757,0.7175860595703156
114,Ba0.99Zn0.10Co0.2333Nb0.6667O3,Ba,Ib,33.7,33.896706,33.64510200500488,1.1080216553788953,-0.25160362243652656
115,Ba0.993La0.0067Zn0.10Co0.2333Nb0.6667O3,Ba,Ib,34.0,33.95157,33.99880233764648,1.3963339393769127,0.047233734130855964
116,LaZn0.5Ti0.5O3,Other,III,34.0,32.11527,32.84700607299805,0.4359854298723719,0.7317373657226582
117,Ba5Ta4O15,Ba,Ib,30.2,30.69804,30.485183334350587,0.2175803167608325,-0.21285667419433452
118,Ba4SrTa4O15,Ba,Ib,32.9,32.6702,32.407469482421874,0.3865905767586635,-0.26273086547851676
119,Ba3Sr2Ta4O15,Ba,Ib,34.3,34.527405,34.089583206176755,0.6097052417744397,-0.43782157897949503
120,Ba2Sr3Ta4O15,Sr,Ib,35.2,34.081627,34.90995765686035,0.627105295677075,0.8283307647705058
121,BaSr4Ta4O15,Sr,Ib,33.2,34.393074,35.10290939331055,0.5981006417140652,0.7098353576660159
122,Sr5Ta4O15,Sr,II,43.5,40.83866,41.85531036376953,0.8572049413188285,1.0166491699218767
123,Ba5NbTa3O15,Ba,Ib,31.7,29.644245,29.327186470031737,0.2990649638667465,-0.31705867767334084
124,Ba5Nb2Ta2O15,Ba,Ib,34.2,31.508905,30.847976722717284,0.6150853412215435,-0.6609286880493173
125,Ba5Nb3TaO15,Ba,Ib,37.2,35.598946,34.72472145080567,0.9554009711835956,-0.8742241668701141
126,Ba5Nb4O15,Ba,Ib,42.0,42.427025,41.819056091308596,0.8996953886096145,-0.6079687499999977
127,Sr5Nb2Ta2O15,Sr,II,34.3,40.494614,41.39735206604004,1.1634164952927621,0.902738418579105
128,Sr5Nb3TaO15,Sr,II,38.2,42.987133,43.64501106262207,1.3771841873400394,0.6578780364990209
129,Li0.774Zr0.057NbO3,Other,III,30.97,31.604961,31.530877151489257,0.05865606783075696,-0.07408424377441492
130,Li0.774Zr0.057NbO3,Other,III,38.66,31.604961,31.525496673583984,0.05706129383877329,-0.07946472167968821
131,Li0.774Zr0.057NbO3,Other,III,27.75,30.755304,30.66860595703125,0.040780416421165824,-0.08669837951660142
132,Li0.774Zr0.057NbO3,Other,III,33.01,31.604961,31.52004066467285,0.05911291214127722,-0.08492073059082017
133,Ba6Nb4ZrO18,Ba,Ib,32.4,34.559544,33.95497905731201,1.225719238661758,-0.6045645523071315
134,Ba6Ta4TiO18,Ba,Ib,29.3,33.301033,33.03431137084961,0.4173843886913987,-0.2667216491699236
135,Ba5SrNb4TiO18,Ba,Ib,50.8,49.837082,48.69150260925293,2.815488472709605,-1.1455792999267587
136,Ba5SrNb4ZrO18,Ba,Ib,39.5,38.891106,38.52431190490723,1.4350989453575111,-0.36679374694823963
137,Ba5SrTa4TiO18,Ba,Ib,34.9,35.691692,35.38663146972656,0.5567508217047107,-0.3050608825683625
138,Sr6Nb4TiO18,Sr,Ib,46.2,40.67746,41.33145385742188,1.2188364147520683,0.6539941406250023
139,BaZn0.333Ta0.667O3,Ba,Ib,29.5,29.490362,28.955904808044433,0.3582501994327781,-0.534457359313965
140,BaZn0.333Ta0.667O3,Ba,Ib,29.6,28.979437,28.56180633544922,0.5524123809533706,-0.4176305389404291
141,BaZn0.333Ta0.667O3,Ba,Ib,28.4,28.843939,28.526581916809082,0.4396625487579365,-0.31735691070556626
142,BaZn0.333Ta0.667O3,Ba,Ib,30.2,29.20927,28.737532653808593,0.624004074056856,-0.471737823486329
143,NdCo0.5Ti0.5O3,Other,III,27.0,26.298111,27.001525230407715,0.5626722853783066,0.7034142684936526
144,Sr5Nb4O15,Sr,II,45.2,49.750526,50.58919715881348,1.042681030216316,0.8386707305908203
145,Nd0.9Sr0.1Co0.45Ti0.55O3,Other,III,29.32,29.056131,30.291010513305665,1.0089370553318724,1.2348791503906256
146,Ba2SrYNb3O12,Ba,Ib,34.1,38.79484,28.99096881866455,6.256473999189261,-9.80387294769287
147,BaSr2YNb3O12,Sr,II,34.7,35.314716,29.52253364562988,4.193505005815945,-5.792182693481447
148,Sr3YNb3O12,Sr,III,34.9,34.715363,33.4934351348877,4.417177520206561,-1.2219274139404277
149,BaZn0.33Ta0.67O3,Ba,Ib,29.1,28.669687,28.29799877166748,0.3391882340618388,-0.37168849945068416
150,BaZn0.33Ta0.67O3,Ba,Ib,30.4,28.669687,28.36565502166748,0.2595350101194895,-0.3040322494506853
151,Sr0.1Ba0.9Ti0.1Zn0.3Ta0.6O3,Ba,Ib,33.7,32.9255,32.06031280517578,0.550756217100302,-0.8651861572265602
152,BaMg0.333Nb0.667O3,Ba,Ib,31.2,30.641293,30.35121883392334,0.770675783289767,-0.29007373809814396
153,BaMg0.333Nb0.667O3,Ba,Ib,31.5,30.456997,30.27879249572754,0.6429277335830161,-0.17820442199706932
154,BaMg0.333Nb0.667O3,Ba,Ib,31.0,30.641293,30.343911247253416,0.7843945982459467,-0.2973813247680681
155,BaZn0.25Ta0.50Ti0.33O3,Ba,Ib,31.5,32.139206,32.44990348815918,1.2830350970742606,0.3106975555419922
156,BaSn0.226Zn0.255Nb0.515O3,Ba,Ib,32.0,32.97569,31.915313529968262,0.827690322930512,-1.0603754043579094
157,Ba3YNb3O12,Ba,Ib,29.9,37.08304,30.8813858795166,5.346158021231653,-6.201652450561525
158,La0.680Al0.04Ti0.96O3,Other,II,71.9,69.90773,71.39990173339844,1.2049983894343919,1.4921716308593744
159,La0.687Al0.06Ti0.94O3,Other,II,67.6,67.530594,69.26423446655274,1.0879488684970837,1.7336405944824236
160,La0.693Al0.08Ti0.92O3,Other,II,66.9,65.3323,67.4176335144043,1.112944674784453,2.085335235595707
161,Ca4La2Ti4Mg0.333Nb0.667O17,Ca,III,59.3,49.120533,49.78492492675781,3.1196168233750603,0.6643919372558571
162,Ca4La2Ti3Mg0.667Nb.333O17,Ca,III,49.21,46.78518,43.50288116455078,3.093502493758497,-3.282297973632815
163,Ca4La2Ti2.5Mg0.833Nb.667O17,Ca,III,44.36,43.660492,43.891101303100584,2.206956290199521,0.23060935974120866
164,Ca4La2Ti2MgNb2O17,Ca,III,40.45,40.976086,40.86581935882568,4.685065941397169,-0.1102663040161147
165,Ca4La2TiMg.333Nb2.667O17,Ca,III,35.23,41.682556,42.676326217651365,3.6891987668743442,0.9937700653076149
166,Pb0.55Ca0.45Fe0.475Nb0.475Zr0.05O3,Ca,II,108.5,101.9993,109.62741012573242,6.684026887142559,7.6281120300293
167,Pb0.50Ca0.50Fe0.475Nb0.475Zr0.05O3,Ca,II,94.3,92.868675,98.01978759765625,3.9983456769681434,5.151112365722653
168,Pb0.45Ca0.55Fe0.475Nb0.475Zr0.05O3,Ca,II,81.2,82.80629,84.2159245300293,1.5576862537755087,1.4096348571777355
169,Pb0.40Ca0.60Fe0.475Nb0.475Zr0.05O3,Ca,II,67.2,69.3427,67.52996948242188,1.5905611176048144,-1.8127276611328114
170,Ca4La2Ti5O17,Ca,II,71.86,70.467094,67.57732925415038,3.3349482484426183,-2.889765167236334
171,Pb0.55Ca0.45Fe0.475Nb0.475Zr0.05O3,Ca,II,100.1,102.45421,110.66785781860352,5.873038559719047,8.213649444580085
172,Pb0.45Ca0.55Fe0.475Nb0.475Zr0.05O3,Ca,II,86.8,83.3338,84.73060256958007,1.4658648210659668,1.3968013000488213
173,Pb0.40Ca0.60Fe0.475Nb0.475Zr0.05O3,Ca,II,70.1,69.816986,67.94338821411132,1.9106630216889309,-1.873597869873052
174,Pb0.60Ca0.40Fe0.495Nb0.495Zr0.01O3,Other,II,126.7,128.1025,125.37053649902344,3.022343469693498,-2.731956787109368
175,Pb0.55Ca0.45Fe0.495Nb0.495Zr0.01O3,Ca,II,90.6,98.04759,105.41730590820312,6.044126271082897,7.369713745117181
176,Pb0.50Ca0.50Fe0.495Nb0.495Zr0.01O3,Ca,II,86.3,91.00729,95.24458984375,3.628763840971422,4.237296142578131
177,Pb0.45Ca0.55Fe0.495Nb0.495Zr0.01O3,Ca,II,82.5,81.809044,83.14425903320313,1.2740485047816696,1.3352151489257835
178,Pb0.40Ca0.60Fe0.495Nb0.495Zr0.01O3,Ca,II,68.7,69.61998,68.1113362121582,1.7494716610290875,-1.5086436462402304
179,Pb0.60Ca0.40Fe0.495Nb0.495Zr0.01O3,Other,II,128.4,128.22171,124.74434692382812,3.244368543025262,-3.477363281250007
180,Pb0.55Ca0.45Fe0.495Nb0.495Zr0.01O3,Ca,II,97.1,98.455185,107.51436126708984,5.671726032099286,9.059176330566402
181,Pb0.50Ca0.50Fe0.495Nb0.495Zr0.01O3,Ca,II,89.2,91.41054,96.13420227050781,3.8384127923351294,4.723664550781251
182,Pb0.45Ca0.55Fe0.495Nb0.495Zr0.01O3,Ca,II,85.3,82.332886,83.95291748046876,1.4944433240116308,1.6200317382812557
183,Pb0.50Ca0.50Fe0.475Nb0.475Zr0.05O3,Ca,II,96.5,93.291504,97.39261413574219,4.248429319734448,4.101110229492193
184,BaZn0.20Co0.133Nb0.667O3,Ba,Ib,35.5,34.897152,34.02442710876465,0.6473474798528258,-0.8727248382568362
185,BaCo0.233Zn0.100Nb0.667O3,Ba,Ib,34.5,33.27021,32.335669136047365,1.0904151541952944,-0.9345411300659165
186,La0.8Ti0.6Al0.4O3,Other,Ia,38.7,35.823246,36.407475814819335,0.41924620872096163,0.5842298126220697
187,La0.700Al0.10Ti0.90O3,Other,II,62.6,61.39907,63.62368339538574,1.0819741956006346,2.224612655639646
188,La0.708Al0.125Ti0.875O3,Other,II,60.7,59.048523,61.36195739746094,1.3494578356932694,2.313434448242191
189,La0.717Al0.15Ti0.85O3,Other,II,57.7,56.721302,58.974588012695314,1.3072168613574466,2.253285980224611
190,La0.733Al0.20Ti0.80O3,Other,II,53.9,51.75072,55.16243156433106,1.7648830343379054,3.411710586547855
191,La0.767Al0.30Ti0.70O3,Other,II,44.9,42.895737,45.5810334777832,1.4576254589725728,2.6852967834472636
192,La0.800Al0.40Ti0.60O3,Other,Ia,39.6,35.84801,36.40377632141113,0.42512538569948705,0.5557653045654263
193,La0.833Al0.50Ti0.50O3,Other,Ia,34.4,32.409176,32.741659011840824,0.3544333675054916,0.33248313903808935
194,La0.680Al0.04Ti0.96O3,Other,II,70.4,69.90575,71.63734405517579,1.0703554010798788,1.7315975952148506
195,La0.687Al0.06Ti0.94O3,Other,II,68.0,67.530594,69.40989379882812,0.9510516042475664,1.8792999267578097
196,La0.693Al0.08Ti0.92O3,Other,II,66.7,65.31752,67.16807922363282,1.2450666842739033,1.8505590820312534
197,La0.700Al0.10Ti0.90O3,Other,II,65.3,61.39907,63.76019386291504,1.2117020070824756,2.3611231231689445
198,BaCo0.333Nb0.667O3,Ba,Ib,32.0,32.890842,32.979708938598634,0.7548078741651372,0.08886650085449332
199,La0.708Al0.125Ti0.875O3,Other,II,60.8,59.048523,61.016957168579104,1.228559451092196,1.9684342193603541
200,La0.733Al0.20Ti0.80O3,Other,II,53.1,51.75072,55.03638252258301,1.742268865492971,3.285661544799808
201,La0.767Al0.30Ti0.70O3,Other,II,46.3,42.963554,45.87645462036133,1.210513578024671,2.9129002380371105
202,La0.800Al0.40Ti0.60O3,Other,Ia,40.0,35.84801,36.45153884887695,0.38224173195722544,0.6035278320312472
203,La0.833Al0.50Ti0.50O3,Other,Ia,36.6,32.409176,32.78579811096191,0.3215188962435312,0.37662223815917883
204,La0.8Ti0.6Al0.4O3,Other,Ia,29.4,35.897263,36.42911392211914,0.3883418635379938,0.5318513488769554
205,La0.8Ti0.6Al0.4O3,Other,Ia,34.2,35.897263,36.39046485900879,0.39156402722708894,0.49320228576659986
206,La0.8Ti0.6Al0.4O3,Other,Ia,35.1,35.87268,36.44708694458008,0.40258078306611333,0.5744062805175787
207,La0.8Ti0.6Al0.4O3,Other,Ia,38.7,35.87268,36.46342979431152,0.3634891546307449,0.5907491302490229
208,La0.8Ti0.6Al0.4O3,Other,Ia,39.6,35.84801,36.29764015197754,0.3872108838353683,0.4496291351318362
209,La0.8Ti0.6Al0.4O3,Other,Ia,40.0,35.84801,36.473839874267576,0.3620783312609027,0.6258288574218724
210,La0.8Ti0.6Al0.4O3,Other,Ia,38.3,35.823246,36.39015930175781,0.3958261577477387,0.5669132995605466
211,La0.717Al0.15Ti0.85O3,Other,II,54.4,56.721302,59.01355690002441,1.4197862868761795,2.2922548675537087
212,Ba6Nb4TiO18,Ba,Ib,46.2,44.831776,44.203963088989255,1.3190611342180885,-0.6278125762939482
213,CaTi0.50Mg0.1667Nb0.3333O3,Ca,III,54.31,53.16439,51.945773696899415,1.5833861918714203,-1.2186168670654283
214,CaTi0.35Mg0.2167Nb0.4333O3,Ca,III,44.24,45.392418,44.24357841491699,1.2587674586732835,-1.1488394927978547
215,Ca0.45Li0.175Dy0.0667Nd0.2417TiO3,Ca,III,100.1,115.903305,116.25202072143554,0.38368967550564687,0.3487156677246048
216,Ca0.45Li0.225Dy0.0333Nd0.2583TiO3,Ca,III,105.1,117.8371,118.53532989501953,0.7605075879846479,0.6982327270507795
217,Ca0.30Li0.20Dy0.10Nd0.30TiO3,Other,III,97.6,104.25017,105.05980087280274,0.8072901426348047,0.809633026123052
218,Ca0.20Li0.25Dy0.10Nd0.35TiO3,Other,III,89.4,97.61637,98.64052551269532,1.4372478241020819,1.024154357910163
219,Ca0.40Li0.25Dy0.0333Nd0.2833TiO3,Ca,III,103.0,113.67246,115.65266525268555,1.4407949431662805,1.9802027893066452
220,Ca0.10Li0.25Dy0.1333Nd0.3833TiO3,Other,III,70.6,78.949905,79.52039520263672,1.859057297879071,0.570489807128908
221,Ca0.5Pb0.5Zr0.95Ti0.05O3,Ca,III,72.0,71.91089,72.40201354980469,0.5389247980303412,0.4911248779296926
222,Ca4La2Ti5O17,Ca,II,73.0,70.800156,68.38567749023437,3.2936497475318567,-2.414478149414066
223,Ca0.268Li0.165Sm0.433TiO3,Other,III,95.5,96.308655,96.72163558959961,0.30828175913989486,0.4129808044433645
224,Ca0.5Pb0.5Fe0.5Ta0.5O3,Ca,II,67.9,78.00876,78.65295959472657,1.0573314044759656,0.6442010498046926
225,Ca0.5Pb0.5Fe0.5Ta0.5O3,Ca,II,79.6,78.45308,79.0399819946289,1.2365340264050309,0.5869027709960903
226,Ca0.5Pb0.5Fe0.5Ta0.5O3,Ca,II,84.0,78.89281,79.41000823974609,1.0088927440398312,0.5172012329101534
227,Ca0.5Pb0.5Fe0.5Ta0.5O3,Ca,II,83.9,79.32523,80.04018600463867,1.3371574022070687,0.7149525451660139
228,Pb.0ZrO3,Other,III,129.0,124.026535,123.94079895019532,0.20886272467722042,-0.08573608398437216
229,Ba0.05Pb0.95ZrO3,Other,II,135.0,136.64108,135.99826904296876,0.25704353533171737,-0.642813720703117
230,Pb0.90Sr0.10ZrO3,Other,III,127.0,122.762184,122.73516632080079,0.2364389405899765,-0.027017822265619884
231,Pb0.50Sr0.50ZrO3,Sr,III,101.0,101.04602,103.53363006591798,1.9600151627059472,2.4876095581054756
232,Pb0.40Sr0.60ZrO3,Sr,III,73.0,75.19652,79.21747665405273,2.168445604431158,4.020958709716794
233,Pb0.95Ca0.05ZrO3,Other,III,112.0,121.22898,121.19596878051757,0.24100317637640065,-0.033012237548831536
234,Pb0.70Ca0.30ZrO3,Other,III,132.0,123.70681,120.57006591796875,4.299334117310677,-3.136744079589846
235,Ca0.45Li0.125Dy0.10Nd0.225TiO3,Ca,III,121.3,114.1841,114.03029678344727,0.3800772341466181,-0.1538005065917929
236,Ca0.20Li0.25La0.10Nd0.35TiO3,Other,III,110.4,114.308914,115.12435424804687,1.5355520306974104,0.815440063476558
237,Ca0.30Li0.20La0.10Nd0.30TiO3,Other,III,116.0,113.025314,113.5006103515625,0.4937847861390055,0.4752960205078125
238,Ca0.40Li0.15La0.10Nd0.25TiO3,Ca,III,117.0,119.00315,118.16105895996094,0.7281129533882419,-0.8420919799804665
239,SrPr4Ti5O17,Other,III,46.1,44.56174,34.01924362182617,4.556704477165819,-10.54249725341797
240,Ca0.68Nd0.08Sm0.20Ti0.80Al0.20O3,Ca,III,58.85,51.386177,49.982553482055664,1.3881630918047374,-1.4036235809326172
241,Ca0.4Li0.3Nd0.3TiO3,Other,III,112.6,115.35305,115.37182815551758,0.47763341517596286,0.01877792358398267
242,CaMg0.2Ta0.4Ti0.4O3,Ca,III,60.2,52.986717,52.05894691467285,1.7416319737655535,-0.9277703094482419
243,Ca0.6Pb0.4Fe0.5Ta0.5O3,Ca,II,62.0,60.583595,57.58837707519531,3.370746994594284,-2.9952182006835955
244,Pb0.6Ca0.4Fe0.475Nb0.475Sn0.05O3,Other,II,140.4,138.74318,136.9760287475586,1.8069460487861375,-1.7671505737304756
245,Pb0.5Ca0.5Fe0.475Nb0.475Sn0.05O3,Ca,II,102.8,99.79582,107.13669830322266,5.352040267898999,7.340876159667971
246,Pb0.48Ca0.52Fe0.475Nb0.475Sn0.05O3,Ca,II,95.0,95.50685,100.76502090454102,4.610110311689011,5.258169708251955
247,Pb0.46Ca0.54Fe0.475Nb0.475Sn0.05O3,Ca,II,90.6,91.380226,95.22927688598632,2.9918199911605754,3.8490507507324168
248,Pb0.45Ca0.55Fe0.475Nb0.475Sn0.05O3,Ca,II,88.9,89.29931,92.5140251159668,2.504614149586861,3.214716339111334
249,Pb0.4Ca0.6Fe0.475Nb0.475Sn0.05O3,Ca,II,81.0,76.97383,77.07990417480468,1.589316591719767,0.10607299804686932
250,Pb0.65Ca0.35ZrO3,Other,III,118.0,115.00429,112.39081268310547,5.902326043285915,-2.6134750366210966
251,Pb0.6Ca0.4Fe0.45Nb0.45Sn0.1O3,Other,II,138.0,138.51408,135.9734893798828,2.330721499305462,-2.5405944824218807
252,Pb0.48Ca0.52Fe0.45Nb0.45Sn0.1O3,Ca,II,92.4,92.50621,97.38136962890626,3.5839916503377136,4.875159301757819
253,Pb0.46Ca0.54Fe0.45Nb0.45Sn0.1O3,Ca,II,86.7,88.01515,90.48246368408203,2.0173595359014826,2.467311706542972
254,Pb0.45Ca0.55Fe0.45Nb0.45Sn0.1O3,Ca,II,85.3,85.6025,86.85696792602539,1.7820896913150748,1.2544670104980469
255,Pb0.4Ca0.6Fe0.45Nb0.45Sn0.1O3,Ca,II,71.1,72.39279,71.58937149047851,1.3247288648637563,-0.8034202575683622
256,Ca0.20Li0.34La0.04Nd0.38TiO3,Other,III,132.6,127.2312,124.73801712036133,1.4729724469176946,-2.4931840515136656
257,Ca0.40Li0.24La0.04Nd0.28TiO3,Ca,III,136.4,118.291115,118.85085372924804,0.6989384591025081,0.5597389221191378
258,Ca0.60Li0.14La0.04Nd0.18TiO3,Ca,III,142.0,129.35269,127.8649803161621,1.0469605422536132,-1.4877113342285213
259,Ca0.60Li0.15La0.0333Nd0.1833TiO3,Ca,III,128.2,129.33633,127.78815536499023,0.9328772320027513,-1.5481788635253935
260,Ca0.50Li0.20La0.0333Nd0.2333TiO3,Ca,III,123.0,124.661255,124.0669189453125,0.6145738416261404,-0.5943359375000057
261,Ca0.40Li0.25La0.0333Nd0.2833TiO3,Ca,III,121.3,117.930435,118.92931686401367,0.8438152800042302,0.9988816833496088
262,Ca0.60Li0.05La0.10Nd0.15TiO3,Ca,III,117.0,118.252464,116.88310775756835,0.9610522428355214,-1.36935653686524
263,Pb0.5Ca0.5Fe0.45Nb0.45Sn0.1O3,Ca,II,96.8,96.97424,103.12028106689453,5.252746868488637,6.146037902832035
264,Pb0.63Ca0.37ZrO3,Other,III,110.0,109.58415,103.5218733215332,6.502857077093819,-6.062278900146481
265,Pb0.60Ca0.40ZrO3,Other,III,94.0,100.57918,96.60705322265625,4.916960398026564,-3.9721246337890648
266,Pb0.50Ca0.50ZrO3,Ca,III,74.0,72.66372,73.9620440673828,1.0761621552991179,1.298324890136712
267,Ca0.20Sr0.80Ti0.20Mg0.2667Nb0.5333O3,Sr,II,45.0,43.66632,44.825481491088865,1.539066365919026,1.1591606903076155
268,Ca0.7Nd0.3Ti0.7Al0.3O3,Ca,II,44.0,45.148796,42.997955322265625,1.6055763704598014,-2.1508407592773438
269,BaTi0.50Ga0.25Nb0.25O3,Ba,Ib,86.0,82.45335,80.2113981628418,1.8366061508848797,-2.241948089599603
270,BaTi0.40Ga0.30Nb0.30O3,Ba,Ib,66.0,65.41738,62.47135414123535,2.232132757842079,-2.9460271453857416
271,BaTi0.30Ga0.35Nb0.35O3,Ba,Ib,47.0,45.597008,44.212881622314455,1.9817126650839494,-1.3841261291503884
272,Ba2La3Ti3NbO15,Ba,II,47.0,47.416534,40.16950584411621,4.943184744342127,-7.247028579711916
273,Ba3La3Ti4Nb2O18,Ba,Ib,47.44,47.952164,48.690223922729494,0.44411709380124326,0.7380602264404317
274,Sr0.2Ca0.488Nd0.208Ti0.6Al0.5333O3,Ca,II,48.3,45.68516,43.09830810546875,2.1880116469376554,-2.5868534851074187
275,Pb0.4Ca0.6Fe0.5Ta0.5O3,Ca,II,62.0,60.583595,56.439629287719725,3.5254039545336964,-4.143965988159181
276,Ca0.80Nd0.1333TiO3,Ca,III,119.0,118.56636,116.98567016601562,1.3459888426613689,-1.5806903076171892
277,Ca0.70Nd0.20TiO3,Ca,III,107.0,112.52335,111.15500381469727,1.2565287343293978,-1.3683497619628895
278,Ba3LaNb3O12,Ba,Ib,43.5,44.09649,36.047692489624026,4.781249366495732,-8.048796463012692
279,Ca0.61Nd0.26TiO3,Ca,III,98.0,106.65071,105.53714584350585,1.1131503196019108,-1.1135652160644582
280,Ca0.28Sm0.28Li0.15Nd0.15TiO3,Other,III,98.0,101.80992,103.99548263549805,1.166933726310086,2.185561370849612
281,Ca0.85Nd0.10TiO3,Ca,III,141.0,121.04042,119.41861434936523,1.4706050892330513,-1.6218061828613344
282,Ca0.73Nd0.18TiO3,Ca,III,117.0,114.46061,112.8880419921875,1.2103342170500841,-1.5725674438476602
283,Ca0.61Nd0.26TiO3,Ca,III,108.0,106.65071,105.52901489257812,1.1660020831463909,-1.1216961669921943
284,Ca0.50Nd0.3333TiO3,Ca,III,100.0,100.45786,99.65571670532226,0.986976305633837,-0.8021461486816435
285,Ca0.40Nd0.40TiO3,Ca,III,99.0,95.919556,96.5691781616211,1.0129397371705462,0.649622497558596
286,Ca0.31Nd0.46TiO3,Ca,III,98.0,92.21831,92.37552703857422,0.9700449895722812,0.15721954345703182
287,Ca0.22Nd0.52TiO3,Other,III,102.0,86.62566,87.82183990478515,1.2573071062534549,1.1961761474609318
288,Ca0.15Nd0.5667TiO3,Other,III,94.0,83.04742,84.41054840087891,1.3871889666341486,1.3631317138671903
289,Ca0.07Nd0.62TiO3,Other,III,82.0,78.2658,79.27659133911133,1.2726862097454075,1.0107908630371156
290,Ca0.58Nd0.28TiO3,Ca,III,93.0,104.82051,103.82202453613282,0.9848676538122115,-0.9984863281249972
291,SrLaPr3Ti5O17,Other,II,50.0,55.146202,41.56300968170166,8.779021892262376,-13.583192405700686
292,Ba3LaNb3O12,Ba,Ib,43.6,44.171482,37.15126327514648,5.302659974873772,-7.020218811035157
293,Ba3LaNb3O12,Ba,Ib,43.8,44.250687,36.454230575561525,4.84005137221928,-7.796456069946288
294,Ca0.8Sm0.1333TiO3,Ca,III,119.0,122.89586,122.26489685058594,0.7829713395820169,-0.630961914062496
295,Ca0.6Sm0.2667TiO3,Ca,III,101.0,102.456314,101.67629852294922,0.7227724453310906,-0.7800155639648381
296,Ca0.4Sm0.4TiO3,Ca,III,94.5,95.3983,95.53435684204102,0.833778461830019,0.13605667114258324
297,Ca0.70Nd0.20TiO3,Ca,III,112.96,112.60176,111.17882583618164,1.1641125204507037,-1.422935028076168
298,Ca0.61Nd0.26TiO3,Ca,III,103.35,106.733505,105.65063690185546,1.2033592342405448,-1.0828683471679739
299,Ca0.52Nd0.32TiO3,Ca,III,100.08,101.52028,100.7184031677246,1.014768606970441,-0.80187576293946
300,Ca0.3Li0.35Sm0.35TiO3,Other,III,114.0,114.08335,113.25981002807617,1.0161897490132097,-0.8235411071777321
301,Ca0.5Li0.25Sm0.25TiO3,Ca,III,130.5,127.93034,126.09686172485351,1.2551148108268169,-1.8334819030761764
302,Sr0.4Ce0.4TiO3,Sr,II,113.0,113.87594,114.95202453613281,0.7914859084071624,1.076086120605467
303,Ba3LaNb3O12,Ba,Ib,43.5,44.21055,37.69163101196289,4.923204102260159,-6.518917388916016
304,Sr0.5Ce0.3333TiO3,Sr,Ib,123.0,127.71926,123.54443908691407,2.0490353067809894,-4.174822082519526
305,Sr0.625Ce0.25TiO3,Sr,Ib,143.0,135.69829,132.21112426757813,1.29343740219236,-3.487163696289059
306,La0.48Ca0.52Co0.24Ti0.76O3,Ca,III,45.0,45.779697,46.40439926147461,1.759433455224812,0.6247018432617182
307,Nd0.52Ca0.48Co0.26Ti0.74O3,Ca,III,43.0,41.61156,40.50444976806641,1.800071296484124,-1.1071110534667952
308,Ba3LaNb3O12,Ba,Ib,43.9,44.29194,37.009849548339844,5.009228321930962,-7.2820892333984375
309,Sr0.5714Ce0.2857TiO3,Sr,Ib,136.0,132.86832,128.86615127563476,1.688640624312486,-4.002165374755862
310,CaTi0.40Mg0.20Nb0.40O3,Ca,III,47.25,47.617012,46.58621711730957,1.2674572016303487,-1.030794906616208
311,SrLa2Pr2Ti5O17,Other,II,53.5,57.256878,44.09582004547119,7.923862756985051,-13.161057853698729
312,SrLa4Ti5O17,Other,II,60.8,51.853546,42.58458976745605,5.142496558757378,-9.268956375122073
313,Ca3Ba2Nb2TiO12,Ca,Ib,66.0,56.34081,55.195674362182615,4.1587765165749015,-1.1451345062255882
314,Ca2Ba3Nb2TiO12,Ba,Ib,75.0,65.89467,56.474117279052734,7.83908492804738,-9.420551300048828
315,CaBa4Nb2TiO12,Ba,Ib,83.0,66.66744,56.92807250976563,6.765535595086714,-9.739369812011716
316,Ca3Ba2Ta2TiO12,Ca,Ib,48.0,57.95283,57.940255355834964,4.0803228400596145,-0.012575912475583095
317,Ca2Ba3Ta2TiO12,Ba,Ib,61.0,68.092125,58.482037963867185,7.296726456050429,-9.610086975097659
318,CaBa4Ta2TiO12,Ba,Ib,64.0,68.65112,59.56138069152832,5.857490522840712,-9.08974235534668
319,Ba3LaNb3O12,Ba,Ib,48.3,46.329285,40.61291946411133,5.056924538432382,-5.716365203857421
320,Ba3LaNb3O12,Ba,Ib,44.2,46.329285,39.37142578125,4.861145379929423,-6.957858886718753
321,Ba3La2Ti2Nb2O12,Ba,Ib,42.8,45.04763,39.47283493041992,5.286005510703745,-5.574795379638672
322,BaLa4Ti4O15,Other,Ib,45.0,46.15086,47.47199584960938,0.8327803334242417,1.3211360168457063
323,BaLa3.96Al0.44Ti4O15,Other,Ib,44.0,43.60317,44.3271427154541,0.5620764164506784,0.7239742279052734
324,BaPr0.3Bi0.2Nb0.5O3,Ba,II,60.7,55.76114,56.4733504486084,0.9963558879958463,0.7122115325927751
325,BaSm0.3Bi0.2Nb0.5O3,Ba,II,50.8,50.13566,50.75954864501953,1.1171372740457224,0.6238903808593719
326,BaGd0.3Bi0.2Nb0.5O3,Ba,II,47.9,47.898643,48.538580169677736,1.0660506257233915,0.6399366760253926
327,BaDy0.3Bi0.2Nb0.5O3,Ba,II,48.6,46.244843,46.11046363830567,0.9684601659242049,-0.1343788909912078
328,BaY0.3Bi0.2Nb0.5O3,Ba,Ib,44.6,44.93818,44.715253372192386,0.4782447077663996,-0.2229256439208953
329,BaEr0.3Bi0.2Nb0.5O3,Ba,Ib,46.1,44.149563,43.842564239501954,0.5329415892705613,-0.3069985961914057
330,Ca0.5Nd0.5Zn0.25Ti0.75O3,Ca,III,45.0,41.38031,41.57800048828125,1.4690477389756669,0.19769042968749773
331,Ba4NdTiNb3O15,Ba,Ib,38.15,42.36871,42.352141876220706,1.22910578992816,-0.016567687988278124
332,Ba3Nd2Ti2Nb2O15,Ba,Ib,46.83,48.23939,39.993019638061526,5.788009643750893,-8.246371688842771
333,BaSrLa3Ti3NbO15,Ba,III,43.03,47.305405,39.2136222076416,5.860035044431061,-8.091782455444338
334,Ba.25Sr0.75La3Ti3NbO15,Ba,III,46.86,47.31301,42.09561820983887,5.792335173848469,-5.217392959594726
335,Ba.5Sr0.5La3Ti3NbO15,Other,Ib,46.32,47.642277,36.83022499084473,4.306359451199905,-10.812051773071289
336,Ba.75Sr0.25La3Ti3NbO15,Other,Ib,47.01,46.802166,36.82144828796387,4.467886848279494,-9.980717697143554
337,CaTi0.30Mg0.2333Nb0.4667O3,Ca,III,41.56,43.473484,42.17310150146484,1.2938665471576036,-1.3003825378417986
338,CaLa4Ti4O15,Other,II,44.7,42.994606,44.96659851074219,0.9496979367597874,1.9719924926757812
339,SrLa4Ti4O15,Other,II,45.1,43.635826,45.67426712036133,1.0003025824383376,2.0384410095214847
340,BaLa4Ti4O15,Other,Ib,49.1,46.571938,47.9178946685791,0.7917143332147345,1.3459571075439456
341,Ca2La4Ti5O18,Other,II,49.3,44.94877,46.595848922729495,0.836494657690673,1.6470803070068385
342,CaLa4Ti5O17,Other,II,55.2,56.17732,45.821387176513674,6.2650105897238255,-10.355931396484372
343,CaLa8Ti9O31,Other,II,54.9,52.48408,44.62510848999023,3.9866372150188187,-7.8589727783203145
344,BaZn0.3167Nb0.6333Zr0.05O3,Ba,Ib,42.0,39.47358,38.6385262298584,0.9841066064231185,-0.8350531768798817
345,Ca0.10Nd0.90Mg0.45Ti0.55O3,Other,III,42.0,27.370243,28.359011993408203,0.8464274490157955,0.9887689208984369
346,CaLa4Ti4O15,Other,II,43.61,41.05238,42.79207107543945,0.8923249265767609,1.7396914672851551
347,CaLa3.5Nd0.5Ti4O15,Other,II,43.36,41.82937,43.43156936645508,0.9996953293322153,1.6022007751464855
348,CaMg0.300Ta0.600Ti0.100O3,Ca,III,25.4,23.800045,23.327794189453126,0.6917368290257228,-0.4722508239746084
349,CaLa3NdTi4O15,Other,II,43.1,41.22718,43.39532890319824,1.0311443060055827,2.1681484222412095
350,Ba4LaTiTa3O15,Ba,Ib,41.1,41.233757,40.63780563354492,1.1048837243123555,-0.5959513854980472
351,Ba4LaTiTa3O15,Ba,Ib,41.4,41.162167,40.786843338012694,0.9098882229956333,-0.3753232574462899
352,Ba4LaTiTa3O15,Ba,Ib,42.3,41.090584,40.378573684692384,1.1075749937177912,-0.7120101165771473
353,Ba4LaTiTa3O15,Ba,Ib,42.1,41.01901,40.61379989624024,1.0309876528469062,-0.4052087402343716
354,Ba2La3Ti3NbO15,Ba,II,42.83,47.386127,40.57618362426758,5.729432100122779,-6.80994384765625
355,Ba3La2Ti2Nb2O15,Ba,Ib,49.37,47.969776,38.293987350463865,4.493187253239902,-9.675788803100588
356,Sr4LaTiNb3O15,Sr,III,41.1,41.040253,42.07604148864746,0.7556995401899145,1.035788803100587
357,Sr4LaTiNb3O15,Sr,III,42.2,40.980534,42.02227226257324,0.7407774990734022,1.0417386627197232
358,Sr4LaTiNb3O15,Sr,III,43.3,40.92129,41.72749847412109,0.7850396082101846,0.8062071228027321
359,Sr4LaTiNb3O15,Sr,III,43.1,40.862526,41.761127700805666,0.7969948393634531,0.8986017608642598
360,Ba2La3Ti3NbO15,Ba,II,48.34,46.99154,38.90803409576416,6.29493399947633,-8.083504905700686
361,CaLa2Nd2Ti4O15,Other,III,42.3,41.810047,43.43988105773926,0.9500808420520269,1.6298339080810536
362,CaMg0.267Ta0.533Ti0.200O3,Ca,III,28.7,27.312344,26.690591468811036,1.2961693605072997,-0.6217521286010737
363,CaMg0.233Ta0.467Ti0.300O3,Ca,III,33.6,32.531513,31.72933982849121,1.5901259746269745,-0.8021733856201188
364,CaMg0.200Ta0.400Ti0.400O3,Ca,III,39.4,39.797386,38.362958984375,2.1238176244458944,-1.4344271850585955
365,Sr0.2Ca0.488Nd0.208Ti0.76Al0.32O3,Ca,II,68.7,67.283104,62.518027725219724,3.9461096961652435,-4.7650762176513695
366,Sr0.2Ca0.488Nd0.208Ti0.68Al0.4267O3,Ca,II,57.5,55.158092,51.55754409790039,3.071636632688843,-3.600548400878907
367,Ba3LiTa3Ti5O21,Ba,Ib,49.4,43.781796,37.174469451904294,4.290802121197354,-6.607326049804691
368,Ba3LiNb3Ti5O21,Ba,Ib,54.9,42.311543,37.37619998931885,4.7236190010332315,-4.935342521667479
369,Pb0.2Ca0.15La0.5Mg0.5Nb0.5O3,Other,III,50.0,49.47461,49.45126586914063,0.5908209236383035,-0.023343505859372726
370,La0.66Ni0.01TiO3,Other,II,51.4,48.470398,49.36750190734863,0.661856884421351,0.8971039581298825
371,La0.6533Ni0.02TiO3,Other,II,63.3,61.085583,62.9802180480957,1.2782378450913106,1.8946353149414037
372,La0.6467Ni0.03TiO3,Other,II,69.4,64.837,66.89131530761719,1.269021337475648,2.054317321777347
373,La0.6333Ni0.05TiO3,Other,II,59.6,61.442436,63.844710998535156,1.3741839807323772,2.402274780273437
374,La0.6167Ni0.075TiO3,Other,II,58.0,57.999084,60.58770767211914,1.1721195919660226,2.588623199462887
375,La0.5667Ni0.15TiO3,Other,II,53.3,51.30893,53.78946113586426,0.9989844845276104,2.480531692504883
376,Sr0.2Ca0.488Nd0.208Ti0.84Al0.2133O3,Ca,II,80.1,80.37158,77.82706192016602,3.097202611119208,-2.5445201110839832
377,La0.5333Ni0.2TiO3,Other,II,50.7,47.926254,49.90225212097168,1.171031297763415,1.975997848510744
378,La4Ti9O24,Other,II,37.0,40.558052,34.012759323120115,2.626757939514673,-6.545292739868167
379,Nd2Ti2O7,Other,III,36.0,42.358948,33.61166179656983,2.6564768985289726,-8.747285957336423
380,Nd4Ti9O24,Other,III,37.5,40.33302,33.99235828399658,2.7969123615920943,-6.3406609725952165
381,Pb0.2Ca.0667Nb0.5333Ti0.2O3,Ca,III,51.67,48.274757,40.5335578918457,8.286895361086987,-7.741199493408203
382,Na0.15La0.15Li0.35Sm0.35TiO3,Other,III,117.0,117.640175,117.8599282836914,0.3606508790330893,0.2197534179687466
383,CaFe0.27Nb0.27Ti0.46O3,Ca,III,60.0,59.407623,57.23412773132324,2.8635561924656736,-2.173495559692384
384,CaAl0.23Ta0.23Ti0.54O3,Ca,II,47.0,46.260754,44.65396789550781,1.9167890784709123,-1.6067857360839852
385,CaZn0.2333Nb0.4667Ti0.3O3,Ca,III,51.0,49.90335,48.367149124145506,2.033114348956109,-1.5362017059326192
386,Ca0.58La0.21Na0.21Fe0.29Nb0.29Ti0.42O3,Ca,III,58.9,57.352345,55.47902931213379,2.015284439493113,-1.8733152008056635
387,CaMg0.22Nb0.44Ti0.34O3,Ca,III,43.9,45.75375,44.180015335083006,1.6680069823676875,-1.5737345123291036
388,Ca0.6La0.2Na0.2Mg0.2Nb0.4Ti0.4O3,Ca,III,52.3,53.097748,51.66097541809082,1.577005074919805,-1.4367723846435538
389,La2Ti2O7,Other,II,47.0,43.24421,36.05353317260742,4.357065927499323,-7.190676116943358
390,SrLa3PrTi5O17,Other,II,57.0,58.555836,44.426746940612794,7.132927908035244,-14.129088783264159
391,CaMg0.3333Nb0.6667O3,Ca,III,28.0,25.514542,24.956499557495118,1.110814192041247,-0.5580420684814449
392,CaTi0.34Mg0.22Nb0.44O3,Ca,III,48.0,45.095497,44.01032272338867,1.246223991143332,-1.0851744079589878
393,CaMg0.183Ta0.367Ti0.450O3,Ca,III,45.1,44.18327,43.24687065124512,1.747203486342155,-0.9363988494873041
394,CaMg0.167Ta0.333Ti0.500O3,Ca,III,47.8,48.95201,48.47869773864746,1.7418288783378895,-0.4733133697509757
395,CaMg0.133Ta0.267Ti0.600O3,Ca,III,59.9,59.711823,59.52943206787109,1.3196127338559633,-0.18239044189453324
396,CaMg0.100Ta0.200Ti0.700O3,Ca,III,73.1,71.48375,72.91095596313477,2.3377232896790194,1.4272065734863304
397,CaMg0.067Ta0.133Ti0.800O3,Ca,III,95.0,93.66245,99.15236236572265,5.132715297784789,5.489909667968746
398,CaMg0.033Ta0.067Ti0.900O3,Ca,III,121.7,118.96185,121.08713592529297,1.4262503270851847,2.1252828979492193
399,Ba0.8Sr0.2La4Ti4O15,Other,Ib,46.8,46.762806,47.840632858276365,0.7865863818562827,1.0778269195556618
400,Ba0.6Sr0.4La4Ti4O15,Other,Ib,45.7,46.34574,47.55354835510254,0.7291133033065573,1.207807083129886
401,Ba0.4Sr0.6La4Ti4O15,Other,II,45.4,44.80736,46.87764183044433,1.3777392512992432,2.0702802276611294
402,Ba0.2Sr0.8La4Ti4O15,Other,II,46.1,44.133717,44.80501754760742,0.31893053827173495,0.671300964355467
403,Ba0.8Ca0.2La4Ti4O15,Other,Ib,47.7,46.384724,47.79554397583008,0.8249944835698626,1.4108203125000003
404,CaTi0.2Mg0.2667Nb0.5333O3,Ca,III,36.0,36.9869,36.45991035461426,1.0049383773755638,-0.5269899749755851
405,Ba0.6Ca0.4La4Ti4O15,Other,II,48.9,45.086437,47.62133033752441,1.4894934259957264,2.5348931121826155
406,Ba0.2Ca0.8La4Ti4O15,Other,II,49.5,44.414196,47.378215866088865,1.769921616248682,2.9640198516845686
407,Ba0.2Sr0.8La4Ti4O15,Other,II,40.8,44.44417,46.411750411987306,1.405816868190233,1.967578506469728
408,Ba0.2Sr0.8La4Ti4.20O15,Other,II,46.4,44.56883,45.72213638305664,0.7751064538730661,1.1533078002929713
409,SrGa0.5Nb0.5O3,Sr,Ib,33.4,33.412437,34.7304564666748,0.7415818801196324,1.3180190277099584
410,SrGa0.45Nb0.45Ti0.1O3,Sr,Ib,36.6,36.586903,36.84241561889648,0.5905718155266957,0.2555130004882784
411,SrGa0.4Nb0.4Ti0.2O3,Sr,Ib,40.4,40.61205,40.76640853881836,0.5983329450596939,0.15435943603515767
412,SrGa0.35Nb0.35Ti0.3O3,Sr,Ib,46.6,45.369404,45.075646514892576,0.9036616647739159,-0.29375732421875256
413,CaTi0.8Mg0.0667Nb0.1333O3,Ca,III,109.0,106.242004,110.69296905517578,3.781055632263633,4.45096466064453
414,CaTi0.6Mg0.1333Nb0.2667O3,Ca,III,68.0,66.2987,66.07835891723633,1.649429521357202,-0.2203395080566395
415,CaTi0.4Mg0.2Nb0.4O3,Ca,III,54.0,49.471405,48.59558311462402,1.396035364073363,-0.875821914672855
416,Ba0.4Ca0.6La4Ti4O15,Other,II,48.9,44.791283,47.88085433959961,1.3102736144543048,3.0895716857910145
417,La6ZnTi5O18,Other,III,40.8,41.80642,41.99999603271485,0.11127539726879862,0.1935766601562534
418,Sr2La4Ti5O18,Other,II,48.0,43.5552,45.43067199707031,0.8347557400469512,1.875473327636719
419,CaLi0.3Nb0.6Sn0.1O3,Ca,III,25.2,23.419327,26.03074077606201,6.497158145744676,2.6114139938354484
420,CaLi0.2833Nb0.5667Sn0.15O3,Ca,III,24.8,23.651787,26.053667373657227,6.885021932837589,2.401880569458008
421,CaLi0.2667Nb0.5333Sn0.2O3,Ca,III,23.3,24.104858,26.438679637908937,7.854837009099607,2.333821239471437
422,CaLi0.2333Nb0.4667Sn0.3O3,Ca,III,22.6,23.670324,26.696645660400392,6.706785440168629,3.026321334838869
423,CaLi0.3Nb0.6Sn0.1O3,Ca,III,25.4,23.161327,26.368623695373536,6.704259682931045,3.207296333312989
424,CaLi0.2833Nb0.5667Sn0.15O3,Ca,III,24.9,23.326775,26.584180526733398,7.660840051744146,3.2574059295654294
425,CaLi0.2667Nb0.5333Sn0.2O3,Ca,III,23.9,23.876226,24.590701332092284,8.850585008199788,0.7144749069213852
426,CaLi0.2333Nb0.4667Sn0.3O3,Ca,III,23.5,23.360987,27.208442306518556,6.34547869275415,3.8474555969238295
427,CaLa0.5Nb0.5O3,Ca,III,23.3,22.96106,22.798581466674804,0.2532576472054629,-0.16247810363769588
428,CaPr0.5Nb0.5O3,Ca,III,24.2,24.237309,23.980384635925294,0.2984229191107066,-0.25692386627197195
429,CaNd0.5Nb0.5O3,Ca,III,24.5,24.275274,23.921124038696288,0.38362575901198087,-0.35415023803711065
430,CaSm0.5Nb0.5O3,Ca,III,24.7,25.311762,24.77806022644043,0.42104530752073904,-0.5337016296386707
431,CaEu0.5Nb0.5O3,Ca,III,25.0,25.637823,25.10442501068115,0.4074922589557219,-0.5333980941772474
432,CaGd0.5Nb0.5O3,Ca,III,25.5,25.64396,25.172192649841307,0.3985401184706816,-0.4717683029174822
433,CaTb0.5Nb0.5O3,Ca,III,26.5,26.243296,25.674910202026368,0.4263866707663609,-0.5683854675292963
434,CaDy0.5Nb0.5O3,Ca,III,32.0,28.065369,27.737202644348145,0.3101979950916388,-0.32816600799560547
435,CaHo0.5Nb0.5O3,Ca,III,31.4,28.53255,28.165864143371582,0.40040187192396326,-0.36668666839599595
436,CaY0.5Nb0.5O3,Ca,III,31.0,29.249887,28.61742458343506,0.4977275283068052,-0.632462882995604
437,CaEr0.5Nb0.5O3,Ca,III,30.5,28.81012,28.325627861022948,0.43247345259455233,-0.48449176788330206
438,CaYb0.5Nb0.5O3,Ca,III,30.0,29.142788,28.492466278076172,0.5121811921829567,-0.6503216552734372
439,CaIn0.5Nb0.5O3,Ca,III,29.6,23.325426,23.197355155944823,0.5126562009290977,-0.1280709457397471
440,Ba2CaWO6,Ba,Ia,22.8,30.325718,29.429210357666015,5.6169055697682655,-0.8965075683593753
441,Ba2Ca0.975Sr0.025WO6,Ba,Ia,23.9,23.865429,25.81532402038574,4.948786305241008,1.9498950958251946
442,CaLi0.3333Nb0.6667O3,Ca,III,29.6,25.12982,22.904321517944336,8.408176746246301,-2.2254983520507814
443,CaLi0.1667Nb0.3333Ti0.5O3,Ca,III,55.2,44.524113,43.721243133544924,4.8592266965501105,-0.8028695678710918
444,CaLi0.2333Nb0.4667Ti0.3O3,Ca,III,44.7,42.195568,39.75347034454346,7.302895360082586,-2.442097740173338
445,CaLi0.2667Nb0.5333Ti0.2O3,Ca,III,38.6,38.68297,39.038477935791015,6.5670299944103885,0.3555097961425773
446,La0.5Na0.5Mg0.5W0.5O3,Other,III,20.76,20.68501,21.34304084777832,1.2820771314875012,0.6580299377441392
447,La0.5Na0.5Mg0.5W0.5O3,Other,III,18.6,20.58067,20.94241024017334,1.4919560390965916,0.36174083709716953
448,Ca5Nb2Ti0.2Zr0.8O12,Ca,III,34.0,45.011555,43.186509704589845,2.3729108471031637,-1.825045013427733
449,Ca5Ta2Ti0.7Zr0.3O12,Ca,III,36.0,46.51523,44.73967071533203,2.653685838823003,-1.775557556152343
450,Nd2Sn2O7,Other,III,17.0,12.264424,10.565784931182861,1.210445192929845,-1.6986393928527832
451,NdMg0.5Sn0.4Ti0.1O3,Other,III,21.1,19.64096,19.893336181640624,0.2941222689473667,0.252375488281249
452,BaTi0.6Zn0.2W0.2O3,Ba,Ib,71.2,71.20595,68.12399436950683,4.5079784819729305,-3.0819535064697305
453,BaTi0.5Zn0.25W0.25O3,Ba,Ib,25.4,24.743359,24.648052215576172,0.17408225686194398,-0.095306396484375
454,BaTi0.45Zn0.275W0.275O3,Ba,Ib,22.9,22.61298,22.596545219421387,0.08650117486777743,-0.016434669494628906
455,BaTi0.4Zn0.3W0.3O3,Ba,Ib,21.2,21.271744,21.48439037322998,0.43732204243115214,0.21264659881591896
456,BaTi0.35Zn0.325W0.325O3,Ba,Ib,22.1,22.127987,22.12191078186035,1.201561823960792,-0.006076126098633949
457,Ba2Ca0.95Sr0.05WO6,Ba,Ia,24.0,24.173971,37.07171318054199,10.959578851230527,12.89774200439453
458,BaTi0.3Zn0.35W0.35O3,Ba,Ib,26.4,25.087551,23.912864875793456,2.1773813967684505,-1.174686241149903
459,BaTi0.1Zn0.45W0.45O3,Ba,Ib,33.0,29.36444,28.138937568664552,1.4198951695801176,-1.2255033493041978
460,BaHfO3,Ba,Ia,24.1,24.67218,24.316246261596678,0.3775732733663542,-0.3559339141845719
461,SrHfO3,Sr,III,23.5,22.283554,22.391879119873046,0.09680317007768796,0.10832504272460852
462,CaHfO3,Ca,III,21.4,19.975422,19.74820888519287,0.2448434127992355,-0.22721302032470803
463,YMg0.5Ti0.5O3,Other,III,22.0,22.231335,22.556738052368164,0.25465921288178345,0.32540336608886733
464,La.6667MgTaO6,Other,III,22.5,24.053713,31.965654335021974,7.187424406296365,7.911941490173341
465,CaLi0.2333Nb0.4667Sn0.3O3,Ca,III,22.6,17.45895,23.4979927444458,7.437421638727477,6.03904270172119
466,CaLa0.5Ta0.5O3,Ca,III,23.0,20.932682,20.873878173828125,0.08721990528292112,-0.05880386352539091
467,CaLi0.333Nb0.667O3,Ca,III,29.6,25.596695,24.50122673034668,10.148878163535018,-1.0954682159423825
468,CaLi0.3167Nb0.6333Ti0.05O3,Ca,III,32.4,35.38227,35.721404495239256,7.410387546567223,0.3391336822509743
469,CaLi0.3Nb0.6Ti0.1O3,Ca,III,34.6,36.82255,35.06589797973633,6.357427541499468,-1.7566537475585946
470,BaTi0.2Zn0.4W0.4O3,Ba,Ib,31.4,28.845242,27.435096740722656,2.165642344056989,-1.4101448059082031
471,Ba2Ca0.9Sr0.1WO6,Ba,Ia,23.5,23.42999,24.11947399139404,5.669256641090768,0.6894832229614245
472,Ba2Ca0.75Sr0.25WO6,Ba,Ia,23.4,22.698603,23.056455535888674,5.3886639470836455,0.357852859497072
473,Ba2Ca0.5Sr0.5WO6,Ba,Ia,23.3,22.40363,24.10768581390381,6.221783761389932,1.7040565109252945
474,BaZn0.1667Co0.1667Ta0.2222Nb0.2222Sb0.2222O3,Ba,Ib,24.9,23.981659,23.836274566650392,0.47233300716241877,-0.1453843688964831
475,Ba0.5Sr0.5Zn0.1667Co0.1667Ta0.2222Nb0.2222Sb0.2222O3,Ba,Ib,26.3,26.029673,26.36386085510254,0.46531590828463343,0.33418823242187656
476,LaCo0.5Ti0.5O3,Other,III,30.0,27.820215,28.803511390686037,1.1335548939385327,0.9832961654663102
477,CaGa0.5Ta0.5O3,Ca,III,25.0,23.821316,23.757496643066407,0.7954710976880593,-0.06381912231445241
478,LaCo0.5Ti0.5O3,Other,III,25.0,27.75304,28.98258602142334,1.147043466831476,1.2295457077026377
479,La0.9Al0.9Sr0.1Ti0.1O3,Other,Ib,25.1,23.298346,23.479138107299804,0.18733853902299477,0.1807925415039051
480,Ba4LiTa2SbO12,Ba,Ib,25.1,38.391014,30.470551567077635,5.456548084022541,-7.920462532043459
481,SmCo0.5Ti0.5O3,Other,III,25.5,26.720318,27.1651708984375,0.3113328784368528,0.44485305786132656
482,BaZn0.3333Ta0.3333Nb0.3333O3,Ba,Ib,34.2,32.228325,31.519083976745605,0.8097449082669993,-0.7092409133911133
483,Sr5Nb0.5Ta3.5O15,Sr,II,34.9,39.168556,40.08679824829102,1.0727585786500338,0.9182420349121116
484,Sr5Nb0.75Ta3.25O15,Sr,II,34.3,39.247833,40.354425201416014,0.962586672727262,1.1065919494628886
485,Sr5NbTa3O15,Sr,II,33.2,39.325085,40.37502388000488,1.0731849432612937,1.049939193725585
486,Sr5Nb.5Ta2.5O15,Sr,II,34.5,37.96333,34.16031230926514,3.2055114913813485,-3.8030170059204096
487,La0.5333Na0.4Mg0.5W0.5O3,Other,III,20.35,20.082336,20.340857162475587,1.3728658305778374,0.2585207366943365
488,BaZn0.3333Ta0.6667O3,Ba,Ib,29.8,29.029352,28.84753475189209,0.5108149863202884,-0.1818174362182603
489,LaMg0.667Ta0.333O3,Other,III,25.1,22.352879,22.797651748657227,0.6342867325155488,0.44477317810058636
490,Ba2Ca0.25Sr0.75WO6,Ba,Ia,23.7,23.004305,23.326913280487062,6.101398881697425,0.32260839462280444
491,Ba2Ca0.1Sr0.9WO6,Ba,Ia,23.3,20.788609,29.91332134246826,8.481003998444066,9.124712791442871
492,Ba2SrWO6,Ba,Ia,23.5,24.376017,26.488399353027344,7.696656787649029,2.1123827362060545
493,CaZrO3,Ca,III,23.8,25.338842,25.572338905334473,0.2781431513958724,0.23349651336669908
494,BaTi0.39Co0.305W0.305O3,Ba,Ib,18.0,18.47147,18.504500274658202,0.1257092660865082,0.033030395507811505
495,BaMg0.3267Nb0.6533Mn0.02O3,Ba,Ib,32.0,31.47203,31.0328031539917,0.7342327249052015,-0.43922748565673686
496,BaMg0.3299Ta0.6601Mn0.01O3,Ba,Ib,25.0,24.794811,24.69569595336914,0.3076840973117474,-0.09911529541015796
497,BaZn0.3333Nb0.6667O3,Ba,Ib,41.0,39.24016,38.34135971069336,1.035198831775541,-0.8988021850585923
498,BaZn0.3299Ta0.6601Mn0.01O3,Ba,Ib,30.0,29.135015,28.658957214355468,0.6444227955447879,-0.4760582733154308
499,LaMg0.667Ta0.333O3,Other,III,24.7,22.398838,22.77427158355713,0.5852454046827175,0.3754335403442397
500,BaMn0.3333Nb0.6667O3,Ba,Ib,39.0,38.00906,37.18693260192871,1.148759598744865,-0.8221273040771493
501,SrMg0.3267Nb0.6533Mn0.02O3,Sr,II,33.0,36.791862,38.086220245361325,1.043140028620856,1.2943577575683562
502,SrZn0.3333Nb0.6667O3,Sr,II,40.0,38.782627,41.17749488830567,1.021180546010882,2.394867782592776
503,BaMg0.3333Ta0.6667O3,Ba,Ib,24.0,24.587666,24.41741310119629,0.45442821212525913,-0.17025245666503963
504,BaMg0.3167Ta0.6333Sn0.05O3,Ba,Ib,24.4,24.848764,24.726085205078125,0.32215203975894957,-0.12267921447753949
505,BaMg0.3Ta0.6Sn0.1O3,Ba,Ib,24.3,25.013103,24.957328338623046,0.3013321947467935,-0.055775146484375426
506,BaMg0.2833Ta0.5667Sn0.15O3,Ba,Ib,24.0,24.859638,24.862668609619142,0.2826700069640961,0.003030395507813921
507,BaTi0.6Ni0.2W0.2O3,Ba,Ib,29.8,31.095758,30.291946792602538,1.2336630548648317,-0.8038116455078139
508,BaTi0.55Ni0.225W0.225O3,Ba,Ib,26.5,26.33042,26.041218070983888,0.2610604061329457,-0.2892014694213856
509,BaTi0.5Ni0.25W0.25O3,Ba,Ib,24.2,23.745987,23.536989860534668,0.2185839588066118,-0.20899707794189482
510,BaTi0.45Ni0.275W0.275O3,Ba,Ib,21.6,21.600784,21.435142478942872,0.22975772456188537,-0.16564182281494055
511,BaTi0.4Ni0.3W0.3O3,Ba,Ib,20.0,19.89465,19.846234016418457,0.21398867280098965,-0.04841548919677763
512,BaMn0.3333Ta0.6667O3,Ba,Ib,22.0,25.185535,25.54580654144287,0.292746915435841,0.36027111053466854
513,La0.5333Na0.4Mg0.5W0.5O3,Other,III,21.1,19.889471,19.85692485809326,1.607167301046331,-0.03254619598388686
514,La0.5667Na0.3Mg0.5W0.5O3,Other,III,20.9,19.618038,19.836782188415526,1.2937304163445282,0.21874401092529183
515,PrAlO3,Other,Ia,23.2,21.5941,21.720096511840822,0.2525983778698747,0.12599555969238452
516,ErAlO3,Other,III,16.3,16.525843,16.72874954223633,0.19815336923078422,0.2029068756103527
517,DyAlO3,Other,III,17.6,16.854565,17.04734935760498,0.20877092152413187,0.19278469085693217
518,GdAlO3,Other,III,18.4,17.774694,18.060603981018065,0.2631009595803741,0.285909538269042
519,SmAlO3,Other,III,20.4,19.212574,19.422755889892578,0.2858544532370331,0.21018188476562472
520,YAlO3,Other,III,15.7,15.85914,16.073981857299806,0.21966224059318115,0.21484146118164205
521,Ba.8Sr0.2SmSbO6,Ba,Ia,16.0,16.847744,8.482779026031494,7.31181994590403,-8.364964962005615
522,Sr2SmSbO6,Sr,II,16.0,16.661066,18.57942235946655,4.49311255767345,1.9183563041687002
523,Ba2SmSbO6,Ba,Ia,20.7,18.434439,15.697558364868165,5.142042213190701,-2.736880340576171
524,Ca5Ta2HfO12,Ca,III,17.0,34.57849,33.19071708679199,2.169157880576471,-1.3877741241455084
525,Ba2CoWO6,Ba,Ia,19.3,18.26173,18.035886001586913,0.6918863232605238,-0.22584419250488352
526,Ba2NiWO6,Ba,Ia,18.1,16.669287,16.542205257415773,0.5800378619465647,-0.12708147048950025
527,Ba2ZnWO6,Ba,Ia,29.1,22.749136,22.219320602416992,0.7126590394035622,-0.5298153686523435
528,Sr2CoWO6,Sr,II,21.2,19.037697,20.197152786254883,0.6274531099971463,1.1594559478759763
529,Sr2NiWO6,Sr,II,18.3,19.406464,20.554042625427247,0.3922546009783604,1.1475790023803718
530,Sr2ZnWO6,Sr,II,27.5,21.698063,23.3412650680542,0.929359714187894,1.643202171325683
531,BaZn0.5W0.5O3,Ba,Ia,19.0,22.019701,21.73652572631836,0.5316168258157857,-0.28317527770996165
532,Ba0.99Zn0.5W0.5O2.99,Ba,Ia,23.0,21.510433,21.236276092529298,0.5353895762936969,-0.2741571044921862
533,LaAlO3,Other,Ia,23.4,22.456995,22.590323066711427,0.3118145509648008,0.13332805633545064
534,NdAlO3,Other,II,22.3,20.158203,20.401765403747557,0.31002172233149455,0.24356227874755731
535,BaMg0.3333W0.3333Ti0.3333O3,Ba,Ib,15.4,15.297651,15.45060749053955,0.11770121452525845,0.15295619964599538
536,BaTi0.39Co0.305W0.305O3,Ba,Ib,18.0,18.470005,18.534999351501465,0.15052262265489097,0.06499431610107465
537,La6MgTi5O18,Other,III,40.2,39.237617,39.69075538635254,0.28360672577479906,0.45313789367676094
538,BaMg0.5W0.5O3,Ba,Ia,16.7,17.168709,16.920942153930664,0.5822342237190197,-0.24776664733886733
539,BaMg0.46W0.46Ti0.08O3,Ba,Ib,19.6,19.057133,18.783334980010988,1.246194872732236,-0.27379774093627773
540,BaMg0.42W0.42Ti0.16O3,Ba,Ib,16.6,14.158478,14.554872608184814,1.0593872995512437,0.3963948249816891
541,BaMg0.36W0.36Ti0.28O3,Ba,Ib,12.3,13.696561,14.256835060119629,0.5438788268842731,0.5602742004394532
542,BaMg0.3333W0.3333Ti0.3333O3,Ba,Ib,13.1,15.29133,15.409982414245606,0.11230676285220352,0.11865207672119205
543,BaMg0.32W0.32Ti0.36O3,Ba,Ib,13.5,15.16239,15.3749001121521,0.13805385180918428,0.21251035690307596
544,BaMg0.30W0.30Ti0.40O3,Ba,Ib,16.7,16.64935,16.65670207977295,0.1664744699809685,0.007352867126463991
545,BaMg0.28W0.28Ti0.44O3,Ba,Ib,21.8,21.431713,21.587385292053224,0.8478519101370865,0.15567218780517678
546,BaMg0.25W0.25Ti0.50O3,Ba,Ib,31.2,29.791616,28.757156372070312,1.6755547299230467,-1.0344600677490234
547,BaMg0.20W0.20Ti0.60O3,Ba,Ib,63.9,62.49587,59.78628158569336,3.611641104102555,-2.7095870971679688
548,Ba0.98Zn0.5W0.5O2.98,Ba,Ia,24.0,21.028946,20.76450984954834,0.5150448056254967,-0.26443607330322294
549,BaMg0.33W0.35Ti0.32O3.02,Ba,Ib,16.3,15.580315,15.708159446716309,0.15915189948260294,0.12784481048583984
550,BaMg0.34W0.35Ti0.31O3.01,Ba,Ib,17.1,14.962013,15.095228080749513,0.11711925449605128,0.13321483612060625
551,BaMg0.34W0.32Ti0.34O2.98,Ba,Ib,14.4,14.9624,15.136043376922608,0.10363347581637854,0.17364294052124052
552,BaMg0.34W0.33Ti0.33O2.99,Ba,Ib,15.1,14.901685,15.08470365524292,0.11444127725978559,0.18301889419555728
553,BaMg0.35W0.34Ti0.31O2.99,Ba,Ib,15.4,14.372091,14.615431938171387,0.1423626298507082,0.24334064483642592
554,BaMg0.35W0.33Ti0.32O2.98,Ba,Ib,14.4,14.367371,14.613199214935303,0.1550483514133106,0.24582860946655316
555,BaMg0.34W0.32Ti0.34O2.98,Ba,Ib,14.5,15.031817,15.117030696868897,0.1114581204560147,0.08521326065063484
556,BaMg0.34W0.32Ti0.34O2.98,Ba,Ib,14.8,15.132063,15.174247341156006,0.13419821925267056,0.04218442916870124
557,BaMg0.32W0.28Ti0.40O3,Ba,Ib,18.1,18.689716,18.49062168121338,0.28836074298677905,-0.19909465789794822
558,BaMg0.32W0.26Ti0.42O3,Ba,Ib,21.5,21.348309,20.85971492767334,0.6271349480334264,-0.48859363555908075
559,BaMg0.32W0.25Ti0.43O3,Ba,Ib,24.0,22.18722,21.453121643066407,0.6821193321797638,-0.7340979766845699
560,BaMg0.33W0.34Ti0.33O3.01,Ba,Ib,15.6,15.525545,15.60078784942627,0.13954960925141985,0.07524272918701236
561,Ba0.95Zn0.5W0.5O2.95,Ba,Ia,21.0,19.730324,19.55974578857422,0.44182943617359416,-0.1705780029296875
562,BaZn0.49W0.5O2.995,Ba,Ia,20.0,21.809307,21.63454200744629,0.41825573344486927,-0.17476509094238324
563,BaZn0.45W0.5O2.9975,Ba,Ia,22.5,21.317411,21.075578804016114,0.43888771030182244,-0.2418326187133779
564,NdMg0.4Zn0.1Sn0.5O3,Other,III,19.5,18.361685,18.492520484924317,0.20326364808022618,0.1308356857299806
565,NdMg0.4Zn0.1Sn0.5O3,Other,III,19.3,18.34335,18.442107734680175,0.23248306635550997,0.09875827789306513
566,Sr3ZnNb2O9,Sr,II,20.69,33.140873,34.9334281539917,1.2046372948527604,1.792555198669433
567,Sr3Zn0.75Mg0.25Nb2O9,Sr,II,19.96,31.975946,33.42760597229004,1.1673426547053543,1.451659545898437
568,Sr3Zn0.5Mg0.5Nb2O9,Sr,II,23.31,31.215464,32.192033233642576,1.0656974360611753,0.9765695953369118
569,Sr3Zn0.25Mg0.75Nb2O9,Sr,II,21.55,30.708752,31.950092010498047,0.8319606074408179,1.2413403320312497
570,SrYb0.5Ta0.5O3,Sr,III,14.1,20.702095,22.189405364990236,0.44279509833086655,1.4873103332519548
571,BaMg0.5W0.5O3,Ba,Ia,20.0,17.856176,17.713556632995605,0.5137516311965289,-0.14261974334716854
572,LaMg0.5Sn0.5O3,Other,III,19.5,19.433445,19.548690147399903,0.4427228710591189,0.115245170593262
573,LaMg0.5Sn0.5O3,Other,III,19.7,19.387629,19.51958793640137,0.4218894833234129,0.1319593811035169
574,LaMg0.5Sn0.5O3,Other,III,20.1,19.342464,19.56986701965332,0.3909948788262197,0.22740257263183494
575,LaMg0.43Ba0.07Sn0.5O3,Other,III,20.1,18.992298,19.32850112915039,0.5786880654357449,0.3362030029296861
576,LaMg0.4Ca0.1Sn0.5O3,Other,III,20.2,23.890015,22.872044830322267,3.424525003003307,-1.0179698181152332
577,La0.6667Mg0.5W0.5O3,Other,III,23.6,20.890892,21.013070335388182,0.6284805100085126,0.12217830657958828
578,La0.6333Na0.1Mg0.5W0.5O3,Other,III,22.6,21.26384,21.221888999938965,1.1166251080535232,-0.04195072174072223
579,La0.6333Na0.1Mg0.5W0.5O3,Other,III,21.9,21.217093,21.199877281188964,1.1209135003346153,-0.01721523284912152
580,La0.6Na0.2Mg0.5W0.5O3,Other,III,22.6,21.783733,21.567655448913573,1.581872773386932,-0.21607791900634865
581,La0.5667Na0.3Mg0.5W0.5O3,Other,III,22.88,19.527973,19.412422752380373,1.5597397963582345,-0.11555042266845561
582,La0.5667Na0.3Mg0.5W0.5O3,Other,III,20.96,19.437366,19.599415016174316,1.3407076704789398,0.16204853057861257
583,BaMg0.49Y0.0133W0.4967O3,Ba,Ia,20.0,18.25444,17.977916412353515,0.6794519144565869,-0.27652389526367216
584,La0.5333Na0.4Mg0.5W0.5O3,Other,III,22.06,19.98595,19.764673156738283,1.7222972968043904,-0.22127731323242017
585,SrSm0.5Ta0.5O3,Sr,III,27.7,25.482037,26.108768043518065,0.34587665989615796,0.6267314529418933
586,SrLa0.5Ta0.5O3,Sr,III,27.1,27.027248,26.229015350341797,0.40721868950829826,-0.7982330322265625
587,Ca0.97La0.02Mg0.5W0.5O3,Ca,III,19.0,18.451763,17.84645622253418,0.7265606112241769,-0.6053069305419925
588,Ba0.94La0.04Mg0.5W0.5O3,Ba,Ia,20.0,17.90437,17.791176147460938,0.5126677694364901,-0.11319320678710909
589,NdMg0.47Ba0.03Sn0.5O3,Other,III,19.4,18.859573,18.855567207336424,0.23234588884661872,-0.004006156921388282
590,NdMg0.45Co0.05Sn0.5O3,Other,III,19.2,18.367489,18.401549415588377,0.21129208832958984,0.034060554504392826
591,NdMg0.5Sn0.5O3,Other,III,19.3,18.02799,18.021864738464355,0.1256482212026587,-0.006125602722168111
592,BaLa0.5Nb0.5O3,Ba,III,37.4,36.52415,36.06945877075195,0.5767312003972943,-0.4546920776367216
593,BaNd0.5Nb0.5O3,Ba,III,41.9,40.306892,39.41764320373535,0.7396106628892136,-0.8892491912841791
594,BaSm0.5Nb0.5O3,Ba,II,39.7,37.548595,36.68105857849121,0.8351759764023705,-0.8675368499755862
595,BaYb0.5Nb0.5O3,Ba,Ib,28.3,28.961819,28.235844650268554,0.6479259517452108,-0.7259740447998055
596,BaLa0.5Ta0.5O3,Ba,III,27.1,27.58161,26.83405170440674,0.6962435114462753,-0.7475580215454087
597,BaNd0.5Ta0.5O3,Ba,III,36.0,33.979023,33.1362068939209,0.8872268348561337,-0.8428160858154286
598,SrNd0.5Ta0.5O3,Sr,III,27.1,26.22231,26.213415489196777,0.13867606210362957,-0.00889362335205135
599,BaSm0.5Ta0.5O3,Ba,II,34.3,32.656242,31.255761337280273,0.8100217212479744,-1.400481033325196
600,CaNd0.5Nb0.5O3,Ca,III,20.0,19.869503,19.941186676025392,0.25787474735405097,0.07168365478515781
601,CaSm0.5Nb0.5O3,Ca,III,20.9,20.74372,20.710418395996093,0.15011384163443936,-0.03330070495605497
602,CaYb0.5Nb0.5O3,Ca,III,27.0,23.719336,23.458222160339357,0.23800488560849525,-0.2611133956909164
603,CaLa0.5Ta0.5O3,Ca,III,19.5,18.07854,18.098189430236815,0.10576023738547838,0.019648628234861576
604,CaNd0.5Ta0.5O3,Ca,III,20.0,18.248789,18.280706520080567,0.10339029362050384,0.03191768646240334
605,CaSm0.5Ta0.5O3,Ca,III,19.6,18.822393,18.856801986694336,0.09081401003948408,0.0344085693359375
606,CaYb0.5Ta0.5O3,Ca,III,21.1,20.771383,20.733957405090333,0.1744275755427621,-0.03742588043212791
607,SrLa0.5Nb0.5O3,Sr,III,27.5,32.13138,30.856307678222656,0.6692499155042712,-1.275070495605469
608,SrNd0.5Nb0.5O3,Sr,III,29.7,31.653458,31.3188224029541,0.5504947861433218,-0.33463523864746136
609,SrSm0.5Nb0.5O3,Sr,III,31.8,30.725042,31.04001926422119,0.6766895538274764,0.3149769210815414
610,SrYb0.5Nb0.5O3,Sr,III,29.4,27.084728,27.34946388244629,0.483675993301693,0.26473564147949347
611,BaYb0.5Ta0.5O3,Ba,Ib,22.1,26.946335,25.90433708190918,0.8429497861882991,-1.0419977569580077
612,NdMg0.5Ti0.5O3,Other,III,26.0,25.210295,25.796906547546385,0.40914245016685047,0.5866118240356428
613,CaLa0.5Nb0.5O3,Ca,III,20.6,19.06253,19.03934112548828,0.10289585865104113,-0.023189392089843608
614,BaMg0.3Ta0.6Ti0.1O3,Ba,Ib,26.3,26.531963,26.385080223083495,0.22042010804359313,-0.14688312530517678
615,Ca0.375Mg0.25Nb0.25Ti0.125O3,Ca,III,38.0,31.598095,30.945438308715822,0.6499872667481869,-0.6526566314697249
616,Ca0.25Mg0.375Nb0.25Ti0.125O3,Ca,III,31.0,26.048529,25.53514087677002,0.42758591549294733,-0.5133877944946299
617,Ca0.125Mg0.5Nb0.25Ti0.125O3,Ca,III,23.0,20.146517,20.07518196105957,0.11559540146462806,-0.0713348388671875
618,Ca0.375Mg0.25Nb0.25Ti0.125O3,Ca,III,26.0,31.611347,30.88977352142334,0.706387550768942,-0.7215736770629881
619,Ca0.25Mg0.375Nb0.25Ti0.125O3,Ca,III,23.0,25.916245,25.5083483505249,0.321206085864038,-0.40789615631103615
620,Ca0.125Mg0.5Nb0.25Ti0.125O3,Ca,III,20.0,19.944351,19.859826850891114,0.15273016970115072,-0.08452434539794851
621,Ca0.375Ni0.25Nb0.25Ti0.125O3,Ca,III,35.0,32.951824,32.2454833984375,0.6811655737350903,-0.7063407897949219
622,Ca0.25Ni0.375Nb0.25Ti0.125O3,Ca,III,30.0,27.797638,27.412421264648437,0.3839030411806893,-0.38521667480468835
623,Ca0.125Ni0.5Nb0.25Ti0.125O3,Ca,III,26.0,21.838036,21.66310775756836,0.22220251212547257,-0.17492782592773537
624,Ca0.25Co0.375Nb0.25Ti0.125O3,Ca,III,29.0,24.600273,24.364614067077635,0.20687486495822835,-0.2356590652465833
625,Ca0.125Co0.5Nb0.25Ti0.125O3,Ca,III,12.0,18.22012,18.30823657989502,0.08185372002633948,0.08811710357666058
626,Ca0.375Mg0.25Ta0.25Ti0.125O3,Ca,III,30.0,28.011353,27.64154197692871,0.5161524645280501,-0.3698105621337895
627,Ca0.25Mg0.375Ta0.25Ti0.125O3,Ca,III,26.0,23.207874,22.902464065551758,0.35901175526532914,-0.30541023254394517
628,Ca0.125Mg0.5Ta0.25Ti0.125O3,Ca,III,20.0,17.834423,17.805717315673828,0.07837303127438322,-0.028705749511718892
629,Ca0.375Zn0.25Ta0.25Ti0.125O3,Ca,III,17.0,15.429201,15.67424554824829,0.8316317154964719,0.2450444221496575
630,Ca0.25Zn0.375Ta0.25Ti0.125O3,Ca,III,13.0,11.123032,11.468794288635253,0.5675794938462433,0.3457626724243159
631,Ca0.125Zn0.5Ta0.25Ti0.125O3,Ca,III,10.0,9.224735,9.614749984741211,0.3836626195519904,0.3900147247314454
632,Ca0.375Co0.25Nb0.25Ti0.125O3,Ca,III,32.0,30.846813,30.181447944641114,0.5022714929185133,-0.6653652572631827
633,Ca0.375Ni0.25Ta0.25Ti0.125O3,Ca,III,29.0,28.998455,28.617747497558593,0.6665025386634708,-0.38070755004882884
634,SrPr0.5Nb0.5O3,Sr,III,37.5,33.701317,32.04313266754151,0.8938420220232937,-1.6581841659545873
635,SrNd0.5Nb0.5O3,Sr,III,36.9,33.33494,31.87043399810791,0.9013987590366553,-1.4645078659057624
636,SrSm0.5Nb0.5O3,Sr,III,35.8,34.32311,35.16184852600097,1.1298043207017836,0.8387398529052703
637,SrEu0.5Nb0.5O3,Sr,III,34.7,32.546467,33.71004631042481,1.0672760913812274,1.1635794830322297
638,SrGd0.5Nb0.5O3,Sr,III,34.3,32.603485,33.885184860229494,0.9658991509377965,1.2816997528076186
639,SrTb0.5Nb0.5O3,Sr,III,33.7,31.266224,32.392176971435546,0.9523478008932516,1.1259530639648432
640,SrDy0.5Nb0.5O3,Sr,III,33.0,30.333094,31.5778035736084,0.8508058474209707,1.2447099304199227
641,SrHo0.5Nb0.5O3,Sr,III,32.3,29.764187,30.67869747161865,0.8740680800079417,0.914510612487792
642,SrY0.5Nb0.5O3,Sr,III,32.2,30.591412,31.56028091430664,0.8141176818413137,0.9688693237304697
643,SrEr0.5Nb0.5O3,Sr,III,32.2,28.746948,30.21655258178711,0.8935476273787888,1.4696043395996092
644,SrYb0.5Nb0.5O3,Sr,III,30.7,27.293743,28.456666793823242,0.8685604379765232,1.1629236602783202
645,SrIn0.5Nb0.5O3,Sr,III,26.0,24.27262,25.986230697631836,0.6496812105183585,1.7136114501953124
646,SrFe0.5Nb0.5O3,Sr,II,44.9,43.014946,43.82273498535156,1.4143060570265653,0.8077890014648403
647,SrCr0.5Nb0.5O3,Sr,Ib,35.3,33.814053,33.74071266174317,0.4898614136450874,-0.07333992004394219
648,SrAl0.5Nb0.5O3,Sr,Ib,30.5,30.596142,30.689578285217284,0.38729642274668685,0.09343647003173672
649,SrLa0.5Nb0.5O3,Sr,III,36.6,32.984943,30.767496185302733,0.7429877405363995,-2.2174472045898455
650,Ca0.25Ni0.375Ta0.25Ti0.125O3,Ca,III,26.0,24.887827,24.70837390899658,0.42962215276865157,-0.17945301055908303
651,CaZn0.333Ta0.667O3,Ca,III,25.0,23.190317,23.047531547546388,0.43884215474786276,-0.14278560638427606
652,BaNi0.5Ta0.5O3,Ba,Ib,23.0,23.778265,22.738761405944825,1.3761588132582239,-1.0395035934448238
653,BaCo0.5Ta0.5O3,Ba,Ib,25.0,25.520401,24.920210609436037,0.7488815017816182,-0.6001903915405258
654,BaMg0.5Ta0.5O3,Ba,Ib,25.0,22.706793,22.47575252532959,0.3654437743473683,-0.23104030609130888
655,BaZn0.5Ta0.5O3,Ba,Ib,29.0,28.335484,27.079908828735352,0.9611505009461402,-1.2555747222900386
656,BaCa0.5Ta0.5O3,Ba,Ib,30.0,32.21786,29.309070625305175,9.105979099268701,-2.9087905502319344
657,SrNi0.5Ta0.5O3,Sr,II,23.0,23.83251,25.19326549530029,0.6114350986378505,1.3607555007934558
658,SrCo0.5Ta0.5O3,Sr,III,23.0,22.908854,25.103388252258302,1.1324716665649586,2.194534721374513
659,SrMg0.5Ta0.5O3,Sr,II,22.0,25.64954,28.21600051879883,0.7534969808075619,2.5664605712890634
660,SrZn0.5Ta0.5O3,Sr,III,28.0,22.8633,24.273204307556153,0.8797975578529604,1.4099039840698246
661,SrCa0.5Ta0.5O3,Sr,II,22.0,25.12191,24.95985092163086,6.984034405282544,-0.1620591735839838
662,CaCu0.333Ta0.667O3,Ca,III,23.0,23.622751,23.525618324279787,0.348075345207456,-0.09713291168212734
663,Mg0.93Ca0.07TiO3,Ca,III,22.15,22.52589,22.740465240478514,0.25724142936818417,0.21457489013671704
664,SrSm0.5Ta0.5O3,Sr,III,30.5,34.535248,35.596422271728514,0.938164421469531,1.061174468994139
665,SrSm0.5Ta0.5O3,Sr,III,31.6,34.535248,35.94075477600098,0.8374859903654465,1.4055069732666041
666,SrSm0.5Ta0.5O3,Sr,III,32.1,34.70989,35.99195755004883,0.8342815849749561,1.2820690917968776
667,SrSm0.5Ta0.5O3,Sr,III,36.0,34.883224,36.099269256591796,0.9316503512165333,1.2160447692871088
668,SrSm0.5Ta0.5O3,Sr,III,39.0,35.224636,36.12009895324707,0.919434723144095,0.8954628753662135
669,SrSm0.5Ta0.5O3,Sr,III,42.0,35.556904,36.582087707519534,0.8956701895464704,1.025183868408206
670,SrSm0.5Ta0.5O3,Sr,III,45.0,35.71885,36.710059814453125,0.870583380647162,0.9912106323242185
671,SrSm0.5Ta0.5O3,Sr,III,48.5,35.87762,36.78781349182129,0.7603074815702523,0.910192794799805
672,Ba3Co.07Nb2O9.07,Ba,Ib,26.0,25.571426,25.745574340820312,1.3412287708780894,0.17414794921874943
673,SrSm0.5Ta0.5O3,Sr,III,49.6,36.184654,36.948622665405274,0.734470421906067,0.7639684295654305
674,Ca0.3Li0.14Sm0.42TiO3,Other,III,92.12,97.01454,98.4864421081543,0.6744685335934183,1.4719004821777304
675,Ca0.125Ni0.5Ta0.25Ti0.125O3,Ca,III,23.0,19.680084,19.620152893066408,0.2539325982954953,-0.05993133544921747
676,CaNi0.333Ta0.667O3,Ca,III,22.0,23.633327,23.424343986511232,0.31286714656186354,-0.2089834976196272
677,CaAl0.333Ta0.667O3,Ca,II,22.0,25.159937,25.05393005371094,0.2955338791432218,-0.1060068511962875
678,Ca0.375Co0.25Ta0.25Ti0.125O3,Ca,III,28.0,26.30575,26.13294193267822,0.4841797453347168,-0.17280796051025504
679,Ca0.25Co0.375Ta0.25Ti0.125O3,Ca,III,24.0,21.23608,21.249124450683595,0.3849838504756099,0.01304428100586108
680,Ca0.125Co0.5Ta0.25Ti0.125O3,Ca,III,20.0,15.995732,16.109211483001708,0.19138865806147057,0.1134791755676261
681,Ca5Nb2Ti0.4Hf0.6O12,Ca,III,32.0,44.13131,42.35628204345703,2.6453954573994567,-1.7750274658203153
682,Ca5Ta2Ti0.6Hf0.4O12,Ca,III,34.0,44.91452,43.178644027709964,2.4359422829088064,-1.7358762359619107
683,Ba8ZnNb6O24,Ba,Ib,36.2,36.25266,35.801125106811526,0.8381132694958727,-0.4515337371826149
684,Ba8ZnNb5.7Sb0.3O24,Ba,Ib,33.6,33.29201,32.98523216247558,0.4855878937762708,-0.30677909851074503
685,Ba8ZnNb5.4Sb0.6O24,Ba,Ib,33.6,30.784903,30.38585563659668,0.5421379207231213,-0.3990469360351554
686,Ba8ZnNb5.1Sb0.9O24,Ba,Ib,31.0,28.333591,28.149740524291992,0.41741387688030723,-0.18385093688964815
687,Ba8ZnNb4.8Sb.2O24,Ba,Ib,29.4,26.879812,26.601582794189454,0.46572037247502557,-0.2782294464111317
688,CaCo0.333Ta0.667O3,Ca,III,23.0,23.078451,22.850496826171874,0.32446205845205683,-0.22795433044433722
689,Ba8ZnNb4.5Sb.5O24,Ba,Ib,25.9,25.886637,25.664634971618653,0.4419808396739659,-0.22200176239013558
690,Ba8ZnNb3.6Sb2.4O24,Ba,Ib,17.4,19.83662,19.83830581665039,0.2160282063443362,0.0016854858398431816
691,CaAl0.5Nb0.5O3,Ca,II,25.0,22.549398,21.99501754760742,1.0005089633465023,-0.5543808746337895
692,CaFe0.5Nb0.5O3,Ca,III,40.0,34.876877,34.19000953674316,1.4610096440193425,-0.6868672943115257
693,CaAl0.333Nb0.667O3,Ca,II,28.0,26.68447,26.68724308013916,1.4034688312224928,0.00277385711670064
694,CaCo0.333Nb0.667O3,Ca,III,29.0,27.547604,26.767502784729004,1.2855112524591072,-0.7801008224487305
695,CaNi0.333Nb0.667O3,Ca,III,26.0,28.381659,27.561912536621094,1.5125590762983516,-0.8197460174560547
696,CaCu0.333Nb0.667O3,Ca,III,27.0,28.644308,28.650334434509276,1.1069633063344269,0.006026344299314701
697,CaZn0.333Nb0.667O3,Ca,III,35.0,28.485025,28.31957996368408,1.037361786849211,-0.16544544219970803
698,CaAl0.5Ta0.5O3,Ca,II,20.0,20.779171,20.671064453125,0.2389081687925404,-0.10810653686523608
699,CaFe0.5Ta0.5O3,Ca,III,32.0,28.104364,27.630365524291992,1.123629627836427,-0.47399887084960923
700,CaMg0.333Ta0.667O3,Ca,III,21.0,21.348167,21.076076126098634,0.4376294513817139,-0.2720912933349595
701,Ba8ZnNb4.2Sb.8O24,Ba,Ib,19.9,24.883663,24.753003616333007,0.4101615320550244,-0.130659561157227
702,SrCr0.5Nb0.5O3,Sr,Ib,35.1,34.10926,33.93305618286133,0.49993094206366384,-0.17620437622070284
703,CaMg0.333Nb0.667O3,Ca,III,28.0,27.263464,26.54817481994629,1.2444274417284906,-0.7152891540527335
704,SrAl0.5Nb0.5O3,Sr,Ib,30.0,30.650274,30.893493881225584,0.37904188545182377,0.24321960449218594
705,CaAl0.421Nb0.421Ti0.158O3,Ca,II,29.1,26.678211,26.520599365234375,0.5329989572654749,-0.15761184692382812
706,CaAl0.375Nb0.375Ti0.25O3,Ca,II,32.2,29.935373,29.784716529846193,0.6403790233732229,-0.15065677642822095
707,CaAl0.335Nb0.335Ti0.33O3,Ca,II,35.1,33.27204,32.89897850036621,0.8728769524219055,-0.3730628204345692
708,CaAl0.25Nb0.25Ti0.5O3,Ca,II,45.3,42.709625,41.64087333679199,1.7434721574595713,-1.0687519073486342
709,CaAl0.2355Nb0.2355Ti0.529O3,Ca,II,44.9,44.87426,44.23711273193359,1.7108763191042422,-0.6371472167968761
710,CaAl0.125Nb0.125Ti0.75O3,Ca,II,75.4,73.720825,71.15414779663087,3.2219874681344742,-2.566677398681634
711,Ba0.1La0.9Mg0.45Ti0.55O3,Other,III,30.9,32.167267,33.27950019836426,0.7295195451304777,1.1122333526611357
712,Ba0.3La0.7Mg0.35Ti0.65O3,Other,II,42.5,41.985676,44.966075057983396,2.021612477496007,2.9803992462158178
713,Ba0.5La0.5Mg0.25Ti0.75O3,Ba,Ib,60.9,60.132862,63.108179626464846,1.6620435916054137,2.975317535400393
714,Ba0.7La0.3Mg0.15Ti0.85O3,Ba,Ib,105.8,102.98558,102.01922958374024,1.9591656571546823,-0.9663508605956963
715,LiBa4Nb3O12,Ba,Ib,37.0,28.616146,24.33862949371338,7.007696438040918,-4.277516593933104
716,CaAl0.4505Nb0.4505Ti0.099O3,Ca,II,27.0,24.895538,24.63411808013916,0.6079819189127604,-0.26142024993896484
717,LiBa4Nb2TaO12,Ba,Ib,34.0,38.750343,31.33464859008789,5.717438631699648,-7.415694732666015
718,LiBa4Ta3O12,Ba,Ib,28.0,31.08012,26.312048263549805,6.030826764646301,-4.768071823120117
719,BaLa0.5Ta0.5O3,Ba,III,37.1,34.54196,34.16616119384766,0.3565873204404341,-0.3758004760742182
720,BaNd0.5Ta0.5O3,Ba,III,38.7,36.318756,35.60016738891601,0.6081735421618369,-0.7185887145996119
721,BaSm0.5Ta0.5O3,Ba,II,37.6,35.56245,34.4798664855957,0.8740037378575317,-1.0825839233398469
722,BaEu0.5Ta0.5O3,Ba,II,36.5,34.7719,33.96749992370606,0.9984442286661124,-0.8044002532958956
723,BaGd0.5Ta0.5O3,Ba,II,36.0,34.39811,33.691335372924804,0.9407232576181932,-0.7067740631103518
724,BaTb0.5Ta0.5O3,Ba,II,35.5,33.333675,32.41999134063721,1.047047736119765,-0.9136840438842739
725,BaDy0.5Ta0.5O3,Ba,II,34.0,32.83525,32.17630592346191,0.9395617183452226,-0.6589449310302768
726,BaHo0.5Ta0.5O3,Ba,II,33.5,31.06314,30.276774139404296,0.8291440730077854,-0.7863667297363293
727,BaY0.5Ta0.5O3,Ba,II,33.0,31.950205,31.149579162597657,0.8670421866975605,-0.8006256866455068
728,BaYb0.5Ta0.5O3,Ba,Ib,32.0,27.837805,26.804454154968262,0.6607256684332702,-1.0333506393432614
729,LiBa4NbTa2O12,Ba,Ib,30.0,39.16741,33.03952953338623,5.707953723720287,-6.127882270812989
730,BaNi0.0658Zr0.0125Zn0.2633Ta0.6583O3,Ba,Ib,28.3,28.367283,27.92453826904297,0.49786469930342425,-0.4427445983886713
731,CaAl0.4735Nb0.4735Ti0.053O3,Ca,II,23.8,23.67497,23.468995513916017,0.5899964603055408,-0.20597511291503778
732,LaMg0.667Nb0.333O3,Other,III,26.8,24.118727,24.395042686462403,0.6553621346399282,0.2763159561157238
733,SrGa0.5Ta0.5O3,Sr,Ib,27.0,29.829105,31.167606086730956,0.649252356913925,1.3385007095336903
734,SrFe0.5Nb0.5O3,Sr,II,44.9,43.235573,44.327950897216795,1.349743059724909,1.0923780822753884
735,BaMn0.333Ta0.667O3,Ba,Ib,27.0,26.564672,26.745009841918947,0.1387435181848592,0.18033737182617315
736,BaMn0.3333Ta0.6667O3,Ba,Ib,27.0,26.557384,26.715901679992676,0.13369407247904821,0.1585171890258792
737,BaMg0.2333Ta0.4667Co0.1Nb0.2O3,Ba,Ib,27.0,26.29675,26.08410629272461,0.2701757200278187,-0.21264282226562514
738,CaZr0.2Ti0.8O3,Ca,III,141.0,138.43138,137.77899658203125,0.47982561680648356,-0.652384643554683
739,CaZr0.3Ti0.7O3,Ca,III,138.0,136.86967,135.27206176757812,1.4721715656583254,-1.5976129150390648
740,CaZr0.4Ti0.6O3,Ca,III,98.0,96.99478,110.45253677368164,7.958217358250268,13.457755279541018
741,CaAl0.5Nb0.5O3,Ca,II,23.6,22.317942,22.104830169677733,0.6539413370156396,-0.2131114959716811
742,CaZr0.5Ti0.5O3,Ca,III,59.0,62.165375,64.02691184997559,2.2301545434401726,1.8615370941162155
743,CaZr0.7Ti0.3O3,Ca,III,38.0,37.295044,38.31084358215332,0.890259999513192,1.0157996368408178
744,CaZr0.8Ti0.2O3,Ca,III,28.0,30.91625,31.580494537353516,0.7024291404191938,0.6642443084716803
745,CaZr0.9Ti0.1O3,Ca,III,42.0,38.111427,38.03136085510254,0.2315845488498583,-0.0800664520263652
746,CaZrO3,Ca,III,27.0,24.931477,25.14882293701172,0.2987416914234818,0.21734634399414077
747,LaMg0.5Ti0.5O3,Other,III,27.6,27.283009,27.77521556854248,0.27078222477135766,0.4922069931030286
748,La0.9Ca0.1Mg0.45Ti0.55O3,Other,III,29.8,29.181238,29.750811882019043,0.3291596795921297,0.5695737075805667
749,La0.7Ca0.3Mg0.35Ti0.65O3,Other,III,37.2,34.763405,35.64658828735352,0.5965804600540594,0.8831834411621102
750,La0.3Ca0.7Mg0.15Ti0.85O3,Ca,III,51.2,55.66465,54.560869216918945,1.8669730275391687,-1.103780746459961
751,La0.3Ca0.7Mg0.15Ti0.85O3,Ca,III,58.8,55.66465,55.020634231567385,1.59255703032476,-0.6440157318115212
752,La0.1Ca0.9Mg0.05Ti0.95O3,Ca,III,90.4,95.3149,97.16541137695313,2.790373832927356,1.850508117675787
753,La0.1Ca0.9Mg0.05Ti0.95O3,Ca,III,102.5,95.3149,97.6728012084961,2.7794498988425898,2.357897949218753
754,CaZr0.6Ti0.4O3,Ca,III,50.0,46.976326,48.03969879150391,1.097343852128497,1.0633728027343778
755,BaNi0.0542Zr0.0215Zn0.2720Ta0.6523O3,Ba,Ib,28.4,28.583567,27.997149887084962,0.5014513552520792,-0.5864167785644518
756,La0.5Ca0.5Mg0.25Ti0.75O3,Ca,III,43.2,41.94828,42.20194221496582,0.8365837170904477,0.2536618804931621
757,BaNi0.0242Zr0.0425Zn0.2950Ta0.6383O3,Ba,Ib,30.2,29.239864,28.67071502685547,0.4476244243755755,-0.5691493225097659
758,SrPr0.5Ta0.5O3,Sr,III,32.0,29.06684,29.67350498199463,0.40591084493258595,0.6066657638549806
759,SrNd0.5Ta0.5O3,Sr,III,31.5,36.10797,36.48836570739746,0.8204539480061477,0.3803945159912132
760,SrEu0.5Ta0.5O3,Sr,III,30.0,32.489952,34.2062686920166,1.1000546845141244,1.7163166046142564
761,SrGd0.5Ta0.5O3,Sr,III,29.5,32.59511,34.2487142944336,1.2003999427816325,1.653602447509769
762,SrTb0.5Ta0.5O3,Sr,III,28.8,30.674297,32.60099754333496,1.1804301646246433,1.9267002105712905
763,SrDy0.5Ta0.5O3,Sr,III,28.2,29.386297,31.600030822753908,1.1717192457833514,2.2137335968017595
764,SrHo0.5Ta0.5O3,Sr,III,27.7,28.596848,30.71805912017822,1.1535207872228312,2.121211585998534
765,SrY0.5Ta0.5O3,Sr,III,27.5,25.953781,28.03928447723389,1.2923368501918844,2.085503349304201
766,SrEr0.5Ta0.5O3,Sr,III,27.1,27.658718,29.579702491760255,1.2297989854422806,1.9209843826293955
767,SrYb0.5Ta0.5O3,Sr,III,25.9,23.03384,24.92558578491211,0.927544887506919,1.8917456054687491
768,SrLa0.5Ta0.5O3,Sr,III,31.2,27.36756,26.555359649658204,0.4388193330975685,-0.8121997833251946
769,SrPr0.5Nb0.5O3,Sr,III,36.7,34.033527,32.125449600219724,0.7797557235534803,-1.9080777740478538
770,SrSm0.5Nb0.5O3,Sr,III,35.5,35.694496,37.11127647399903,0.9338597966159232,1.4167803192138706
771,SrEu0.5Nb0.5O3,Sr,III,34.3,33.809593,34.852791442871094,1.1058096527042598,1.0431982421875006
772,SrGd0.5Nb0.5O3,Sr,III,33.5,33.836357,35.22937385559082,1.0250650490001096,1.3930167388916033
773,SrTb0.5Nb0.5O3,Sr,III,32.3,32.342663,33.41776916503906,1.0796212292556302,1.0751063537597645
774,SrDy0.5Nb0.5O3,Sr,III,31.2,31.300283,32.6201314163208,1.0110909891508084,1.3198479843139665
775,SrHo0.5Nb0.5O3,Sr,III,30.6,30.75056,31.853913078308107,0.9963478367147159,1.1033523178100602
776,SrY0.5Nb0.5O3,Sr,III,30.7,31.40092,32.385073852539065,0.8813217928564159,0.9841529846191435
777,SrIn0.5Nb0.5O3,Sr,III,25.0,23.987074,25.809932785034178,0.844544561833393,1.8228588867187483
778,BaNi0.0417Zr0.0300Zn0.2817Ta0.6467O3,Ba,Ib,29.6,28.835978,28.43419803619385,0.46379662942448685,-0.40177951812744084
779,SrEr0.5Nb0.5O3,Sr,III,31.1,29.444519,31.353321380615235,0.8166943116167563,1.9088023376464847
780,SrYb0.5Nb0.5O3,Sr,III,29.3,28.04566,29.523139457702637,0.8759700500306744,1.4774794387817387
781,SrNd0.5Nb0.5O3,Sr,III,36.5,33.70249,32.20002323150635,0.8017311623664042,-1.5024685287475563
782,SmZn0.5Ti0.5O3,Other,III,31.0,29.06347,29.530195655822755,0.37919561525991596,0.4667248153686536
783,SrLa0.5Nb0.5O3,Sr,III,36.0,33.077484,30.774655265808107,0.8675847619807604,-2.302828865051268
784,Sm0.95Ca0.04Sr0.01Mg0.475Ti0.525O3,Other,III,26.6,26.173239,26.990501899719238,0.6080876129381099,0.8172631454467769
785,La5Mg0.5Ti3.5O15,Other,II,36.2,34.857925,36.14133514404297,0.656394911133882,1.2834097290039068
786,La5Zn0.5Ti3.5O15,Other,II,37.71,35.80564,36.78974258422851,0.6194020623417689,0.9841014099121068
787,La5AlTi3O15,Other,II,32.98,30.597317,31.4717586517334,0.5586651346319524,0.8744419097900398
788,BaLi0.3889Nb0.5W0.2O3,Ba,Ib,31.0,46.72455,36.35493301391602,7.790582762488965,-10.369615325927732
789,BaNi0.0125Zr0.0500Zn0.3042Ta0.6333O3,Ba,Ib,30.1,29.531338,28.98019973754883,0.520850717141813,-0.5511380004882795
790,Pb0.16La0.56Mg0.5W0.5O3,Other,III,28.7,27.616825,28.161012840270995,0.6187218349379874,0.5441877365112298
791,Ba0.95Sr0.05Zn0.475Ga0.025Ta0.6583O3,Ba,Ib,29.0,31.95487,31.668099822998048,0.2963972719472046,-0.2867704010009753
792,BaZr0.0125Zn0.2633Ni0.0658Ta0.6583O3,Ba,Ib,28.2,28.11506,27.861084175109863,0.185557178694434,-0.2539766311645515
793,BaZr0.0215Zn0.2720Ni0.0542Ta0.6523O3,Ba,Ib,28.7,28.483753,28.216847343444826,0.2304288099491578,-0.2669058609008772
794,BaZr0.0300Zn0.2817Ni0.0417Ta0.6467O3,Ba,Ib,29.3,29.28363,29.173538665771485,0.500504909179494,-0.1100917053222652
795,BaZr0.0500Zn0.3042Ni0.0125Ta0.6333O3,Ba,Ib,30.7,29.813839,29.489977569580077,0.5985667457038895,-0.3238613891601574
796,LaMg0.35Zn0.15Ti0.5O3,Other,III,29.0,29.402658,30.365119400024415,0.5402733389219684,0.9624609375000013
797,La0.2Ca0.64Sm0.1067Mg0.1Ti0.9O3,Ca,III,72.41,72.33281,70.47455856323242,2.7666037174583265,-1.8582508850097668
798,BaZr0.0425Zn0.2950Ni0.0242Ta0.6383O3,Ba,Ib,29.7,28.28682,27.968304557800295,0.5505078651484987,-0.3185149002075178
799,La0.45Ca0.44Sm0.0733Mg0.225Ti0.775O3,Ca,III,47.83,47.747986,49.53690277099609,2.0197856208864784,1.7889169311523432
800,La0.6Ca0.32Sm0.0533Mg0.3Ti0.7O3,Other,III,40.05,39.044243,41.30815040588379,1.0981762058662978,2.2639075469970678
801,Sm0.8Ca0.16Sr0.04Mg0.4Ti0.6O3,Other,III,30.1,28.968287,30.58777572631836,1.133508489177638,1.6194892120361324
802,La0.8Ca0.16Sm0.0267Mg0.4Ti0.6O3,Other,III,33.56,32.917175,34.27542251586914,0.6859984379627164,1.3582472229003884
803,BaZr0.05Zn0.32Ta0.63O3,Ba,Ib,30.0,29.202871,28.744504547119142,0.4118491909593717,-0.4583667755126939
804,Sm0.65Ca0.28Sr0.07Mg0.325Ti0.675O3,Other,III,31.4,32.508244,34.69641166687012,1.4015514144677867,2.188168106079104
805,Sm0.5Ca0.4Sr0.1Mg0.25Ti0.75O3,Other,III,38.7,38.307953,41.442940673828126,1.9790588864929528,3.134987792968751
806,La0.4Ca0.48Sm0.0800Mg0.2Ti0.8O3,Ca,III,50.58,50.14251,52.214828643798825,2.2789987602278723,2.072319183349606
807,LaZn0.5Ti0.5O3,Other,III,30.0,31.164001,31.9757213973999,0.6113442313968418,0.8117199325561515
808,CaSr4Ta2TiO12,Sr,II,45.0,44.256683,38.72563262939453,3.270750381043868,-5.531050720214843
809,Ba0.7La0.3Zn0.4333Nb0.5667O3,Ba,Ib,44.7,43.691395,42.15347877502441,1.2385373240070277,-1.5379160308837925
810,CaLi0.2333Nb0.4667Ti0.3O3,Ca,III,44.7,43.365044,41.11271175384522,6.623796368839765,-2.2523318862915005
811,SrFe0.5Nb0.5O3,Sr,II,44.9,42.910812,43.610531616210935,1.3853011601022196,0.6997192382812472
812,La0.7667Ti0.7Al0.3O3,Other,II,44.9,43.410614,45.82388534545898,1.6833191745251244,2.413271331787108
813,Ca0.7Ti0.7Nd0.3Al0.3O3,Ca,II,45.0,43.661915,42.40341453552246,1.3040188182740378,-1.258500289916995
814,Ca0.7Ti0.7Sm0.3Al0.3O3,Ca,II,45.0,43.151634,41.807194213867184,1.310386631823995,-1.3444400024414094
815,BaLa0.5Nb0.5O3,Ba,III,45.0,42.60857,41.74582397460937,0.729904418759876,-0.8627461242675807
816,Ca0.6Ti0.6La0.4Ga0.4O3,Ca,II,45.0,44.00793,43.5779515838623,0.732388294799708,-0.4299791717529331
817,Ca0.2Ti0.2Sr0.8Mg0.2667Nb0.5333O3,Sr,II,45.0,43.773075,45.298764114379885,1.4025213428574932,1.5256890106201197
818,BaSr4Nb4O15,Sr,Ib,45.0,45.73526,46.32546768188477,1.5328739347513418,0.590207672119142
819,BaY0.3Bi0.2Nb0.5O3,Ba,Ib,44.6,45.40822,45.1299398803711,0.6928838940887699,-0.27827850341796534
820,SrFe0.5Nb0.5O3,Sr,II,45.0,43.364464,43.99648651123047,1.3045605421489987,0.6320227050781284
821,Ca0.73Ti0.73Nd0.27Al0.27O3,Ca,II,45.0,44.563225,43.964237213134766,0.6302496193109592,-0.5989875793457031
822,BaPr0.5Nb0.5O3,Ba,III,44.5,42.10162,41.439801406860354,0.5306977838297994,-0.66181831359863
823,Sr5Ta4O15,Sr,II,43.5,40.16647,41.18546371459961,0.8749376532428705,1.0189941406249972
824,Ba2La2TiNb2O12,Ba,II,44.2,47.32473,39.090982627868655,6.168635643523042,-8.233747291564939
825,Ba6Nb4TiO18,Ba,Ib,43.0,43.31753,43.14326789855957,1.0017360625233955,-0.17426368713378793
826,Sr4LaTiNb3O15,Sr,III,43.0,42.503876,43.90391395568847,1.365959825667321,1.4000382232665984
827,Ca0.65Ti0.65Sm0.35Ga0.35O3,Ca,III,45.0,45.37408,44.518877792358396,0.9740383850682565,-0.8552028656005888
828,Ba2La3Ti3NbO15,Ba,II,42.8,47.047535,39.61919281005859,6.024414550201263,-7.4283421325683605
829,Sr6Nb4TiO18,Sr,Ib,43.0,46.715218,46.41738487243652,1.561959272322499,-0.2978327178955098
830,BaLa4Ti4O15,Other,Ib,44.4,45.88216,47.46276062011719,0.7611068561085736,1.580600433349609
831,CaLa3.5Nd0.5Ti4O15,Other,II,43.4,40.62137,41.99347480773926,0.902861717364351,1.3721063995361362
832,CaLa4Ti4O15,Other,II,43.6,39.883656,41.47272331237793,0.7098085876982922,1.5890677642822268
833,Ca0.7Nd0.3Ti0.7Al0.3O3,Ca,II,43.7,42.953922,42.296308517456055,0.7145534366373876,-0.6576137542724609
834,Ba0.65La0.35Zn0.45Nb0.55O3,Ba,Ib,43.8,42.98999,41.867427825927734,1.1439993528155623,-1.1225624084472656
835,Ca2Sr3Ta2TiO12,Sr,II,44.0,43.45228,37.32728469848633,3.6761053328332807,-6.124993438720701
836,BaNd0.5Nb0.5O3,Ba,III,44.0,41.26829,40.8295858001709,0.45939253295479915,-0.4387056732177754
837,Ca0.66La0.34Ti0.66Al0.34O3,Ca,II,44.0,43.532745,42.628820266723636,1.1558981070597594,-0.9039250946044888
838,Ca0.6Nd0.4Ti0.6Ga0.4O3,Ca,III,44.0,42.99068,42.18731552124024,0.8927449062408797,-0.8033651733398415
839,Ba3LaNb3O12,Ba,Ib,43.5,38.93165,31.54690773010254,5.903333151757872,-7.384740524291992
840,BaGd0.3Bi0.2Nb0.5O3,Ba,II,47.9,48.191135,47.94227691650391,0.9502756252401869,-0.24885848999023352
841,La0.48Co0.24Ti0.76Ca0.52O3,Ca,III,45.0,45.44146,47.10347480773926,1.4354335928448982,1.662015151977542
842,Ba0.6Ca0.4La4Ti4O15,Other,II,47.7,43.957253,46.23191215515137,1.5353008226232878,2.274659652709964
843,Ba5SrNb4TiO18,Ba,Ib,47.9,48.443626,48.72144317626953,1.5659899235645505,0.2778167724609375
844,Ca0.65Ti0.65La0.35Ga0.35O3,Ca,II,48.0,45.951447,44.88488059997559,1.1982506929948171,-1.0665659332275368
845,Ba4SrNb4O15,Ba,Ib,48.0,47.430748,46.65954360961914,1.3493081622001464,-0.7712043762207017
846,CaTi0.34Mg0.22Nb0.44O3,Ca,III,48.0,47.51464,46.42903465270996,1.4037158660693856,-1.08560615539551
847,CaLa8Ti9O31,Other,II,48.6,49.583492,42.846667709350584,3.872669675056239,-6.736824569702151
848,BaDy0.3Bi0.2Nb0.5O3,Ba,II,48.6,46.620983,46.32625366210937,0.8650794446924582,-0.29472946166992386
849,Ca0.64Ti0.64La0.36Ga0.36O3,Ca,II,48.7,46.443092,45.68211738586426,0.9967439962377065,-0.7609749603271467
850,BaLa3Ti2NbO12,Ba,III,42.4,42.232716,35.46486831665039,5.4666905224267754,-6.7678472900390645
851,Ca0.7Ti0.7Nd0.3Ga0.3O3,Ca,III,49.0,49.12937,48.43337585449219,0.9262325496399136,-0.6959957885742156
852,Ca0.65Ti0.65Nd0.35Ga0.35O3,Ca,III,45.0,43.747124,42.779098205566406,0.8057296257369476,-0.9680255126953128
853,Ba0.57Sr0.38La3.8Ti4.15O13.1,Other,Ib,47.4,52.62218,44.19464126586914,3.844607342088387,-8.427539672851566
854,CaTi0.4Mg0.2Nb0.4O3,Ca,III,47.3,50.746254,49.82418121337891,1.34794972724868,-0.9220727539062494
855,Nd0.5Zn0.25Ti0.75Ca0.5O3,Ca,III,45.0,42.974876,43.42971565246582,1.2797859302270826,0.4548392486572297
856,BaMn0.5Ti0.5O3,Ba,Ib,45.0,44.59516,43.95145401000977,0.977446716748578,-0.6437074279785122
857,Ca0.71Ti0.71Nd0.29Al0.29O3,Ca,II,45.1,44.558006,43.22714302062988,1.261668406249399,-1.330863265991212
858,CaMg0.1833Ta0.3667Ti0.45O3,Ca,III,45.1,50.694637,48.80840591430664,1.8354485595936358,-1.8862313842773446
859,BaEr0.3Bi0.2Nb0.5O3,Ba,Ib,46.1,44.968513,44.686464157104496,0.7039710408100875,-0.28204933166503565
860,BaLa4Ti4O15,Other,Ib,46.3,45.814545,47.26826187133789,0.7545697235742835,1.4537171936035165
861,Ba0.2Sr0.8La4Ti4.2O15,Other,II,46.4,44.129036,44.85282981872559,0.47190480193101714,0.7237938690185572
862,Ba3La3Ti4NbO18,Ba,II,47.4,48.670147,39.57611976623535,5.678064541369427,-9.09402717590332
863,Ba.25Sr0.75La3Ti3NbO15,Ba,III,46.8,46.480522,37.97676368713379,6.746795875663413,-8.503758468627929
864,Ba0.5Ca0.5Sc0.5Nb0.5O3,Ba,II,46.9,44.650684,42.04808555603027,1.8383267201371813,-2.6025988006591803
865,Ca0.65Ti0.65La0.35Ga0.35O3,Ca,II,47.0,45.90338,44.825195236206056,1.148230905628804,-1.0781861114501936
866,Ba.25Sr0.75La3Ti3NbO15,Ba,III,47.0,46.480522,38.58962860107422,6.760997522326728,-7.890893554687501
867,Ba.75Sr0.25La3Ti3NbO15,Other,Ib,47.0,41.717037,33.161187744140626,4.935573920574567,-8.555849456787108
868,SrGa0.35Nb0.35Ti0.3O3,Sr,Ib,46.6,45.731087,45.67838607788086,0.6951610267089479,-0.05270065307617244
869,Ba0.95La0.05Zn0.35Nb0.65O3,Ba,Ib,42.4,41.431625,39.86642692565918,1.4800363160636116,-1.565198440551761
870,Ba4LaTiTa3O15,Ba,Ib,42.3,41.65463,41.12366539001465,1.08665596822639,-0.5309633636474587
871,CaZr0.7Ti0.3O3,Ca,III,38.0,39.089294,39.86747589111328,1.3571857054789902,0.7781814575195298
872,BaSm0.5Ta0.5O3,Ba,II,38.0,36.314316,35.267154388427734,0.4946940283314344,-1.0471614074707034
873,BaHo0.5Nb0.5O3,Ba,II,38.0,36.252174,35.76684646606445,0.6841333383115618,-0.48532791137695597
874,SrPr0.5Nb0.5O3,Sr,III,38.0,33.633327,32.55268203735351,0.6165059333800723,-1.0806454467773463
875,CaLi0.2667Nb0.5333Ti0.2O3,Ca,III,38.6,40.887146,40.75427749633789,5.697386243071125,-0.13286849975585824
876,CaFe0.5Nb0.5O3,Ca,III,38.6,37.560776,35.50410690307617,1.911048323727014,-2.056668853759767
877,BaEu0.5Ta0.5O3,Ba,II,38.8,35.149605,34.12148635864258,0.6902393414404248,-1.0281184387207034
878,BaDy0.5Nb0.5O3,Ba,II,38.9,36.239098,35.39749763488769,0.8021374257786456,-0.8415999603271516
879,Ba.5Sr.5LaNb3O12,Other,Ib,38.9,37.815014,34.4688480758667,5.181374431246889,-3.3461658096313442
880,Ba3.0Zn0.993Nb.986W0.014O9,Ba,Ib,39.0,37.52757,30.395808601379393,4.239406841753288,-7.131760215759279
881,BaTb0.5Nb0.5O3,Ba,II,39.0,36.780437,36.198701248168945,0.7203118748332322,-0.5817362213134771
882,Ca4SrTa2TiO12,Ca,III,39.0,36.953117,38.510607147216795,4.128966284652891,1.5574897766113267
883,Sr2La2TiNb2O12,Sr,III,39.0,40.182617,37.98957565307617,5.42712255144818,-2.193041534423827
884,BaDy0.5Ta0.5O3,Ba,II,39.1,33.851963,32.98046028137207,0.8235540879759949,-0.8715027618408229
885,La6ZnTi4O18,Other,III,37.7,34.838314,35.40982437133789,0.5123271661135163,0.5715103149414062
886,Ba5SrNb4ZrO18,Ba,Ib,37.6,36.3862,35.96504096984863,1.4669039819058614,-0.42115898132324503
887,BaSm0.5Ta0.5O3,Ba,II,37.6,36.06992,35.393493728637694,0.9055631786027546,-0.676425857543947
888,BaCo0.3Y0.05Nb0.65O3,Ba,Ib,37.0,37.59092,36.74367179870605,1.22879560525023,-0.847247695922853
889,Ca0.35La0.65Ti0.35Al0.65O3,Other,Ia,37.0,32.805763,32.99774230957031,0.3736846716209384,0.19197906494140682
890,Ca0.66Ti0.66La0.17Nd0.17Ga0.34O3,Ca,III,49.0,47.1957,46.48726959228516,0.8157586229052339,-0.7084320068359347
891,BaY0.5Nb0.5O3,Ba,II,37.0,36.36083,35.78413612365723,0.7867645460065331,-0.5766922760009763
892,Ca4.18Co0.82Nb2TiO12,Ca,III,37.0,35.6422,32.82793113708496,1.8148036727399166,-2.8142693328857433
893,Ca4.85Zn0.15Ta2TiO12,Ca,III,37.0,38.62392,39.60605140686035,2.370325229951797,0.9821309661865243
894,Ca4.82Mg0.18Ta2TiO12,Ca,III,37.0,39.94897,40.285607986450195,1.7489445951141491,0.33663719177246065
895,Sr2La4Ti5O18,Other,II,39.2,40.522137,41.62132049560547,0.7547804641800512,1.0991838073730449
896,Ca0.6Nd0.4Ti0.6Al0.4O3,Ca,II,37.2,36.93726,35.931258544921874,0.772433175599932,-1.0060011291503912
897,BaIn0.5Ta0.5O3,Ba,Ib,37.2,37.24583,35.29804084777832,1.5606830389182917,-1.9477896881103547
898,BaY0.5Ta0.5O3,Ba,II,37.3,34.86709,34.11222274780273,0.7517849226427147,-0.7548655700683611
899,Ca0.6Sr0.5Al0.3Nb0.3Ti0.5O3.3,Sr,Ib,37.3,36.289867,35.417191619873044,1.1112275166119479,-0.8726757812500026
900,BaLa0.5Nb0.5O3,Ba,III,37.4,38.86449,38.59996543884277,0.5497822803862593,-0.26452507019043026
901,Ba4LiNb3O12,Ba,Ib,37.0,30.00005,25.970696868896486,5.972645900195439,-4.0293527221679675
902,Sr0.92Li0.23Nb0.69Ti0.08O3,Sr,III,42.3,37.350483,32.461683082580564,5.1425390140756475,-4.888799858093265
903,Ba3LaTa3O12,Ba,Ib,39.4,41.72834,36.267590026855466,5.36579399428467,-5.460750122070316
904,BaZn0.25Ti0.25Ta0.5O3,Ba,Ib,39.6,37.224678,36.28451126098633,1.4180791662778256,-0.9401667785644534
905,BaZn0.3333Nb0.6667O3,Ba,Ib,41.1,39.405308,38.43383674621582,0.9989576626093918,-0.9714710235595732
906,CaTi0.5Al0.25Ta0.25O3,Ca,II,41.4,42.173607,40.76430038452148,1.336951027179505,-1.4093064880371102
907,BaNd0.5Nb0.5O3,Ba,III,41.9,41.534187,40.88906829833984,0.37059198925828696,-0.6451190185546878
908,Ca0.67Nd0.33Ti0.67Al0.33O3,Ca,II,42.0,41.27618,39.88672103881836,1.073018937864459,-1.3894592285156264
909,Ca4.38Ni0.62Nb2TiO12,Ca,III,42.0,35.854156,35.388581619262695,2.272892978509654,-0.46557487487793026
910,BaZn0.3167Nb0.6333Zr0.05O3,Ba,Ib,42.0,39.5571,38.5579621887207,1.0481354509301137,-0.9991361999511739
911,Ca3Sr2Ta2TiO12,Ca,II,42.0,36.46095,39.02597583770752,3.944987818918717,2.5650268936157232
912,Ba0.8Sr0.2Zn0.3133Ta0.6267Ti0.06O3,Ba,Ib,42.0,39.27186,37.967218475341795,1.505714682949777,-1.304639739990236
913,Ca0.1Nd0.9Mg0.45Ti0.55O3,Other,III,42.0,27.130566,28.199461784362793,0.8406444254608241,1.068896141052246
914,CaZr0.9Ti0.1O3,Ca,III,42.0,38.2556,38.097655334472655,0.2186390610778058,-0.1579446411132821
915,La0.4Sr0.6Al0.4Ti0.6O3,Sr,Ib,42.1,43.01045,43.14669700622559,0.7122529229528071,0.13624855041503992
916,CaLa2Nd2Ti4O15,Other,III,42.3,41.08064,42.26947906494141,0.6184229592397665,1.1888401794433605
917,CaLa0.5Nd0.5Ti4O15,Ca,III,42.3,43.361485,39.0941283416748,4.664923984940583,-4.267356185913087
918,CaLa4Ti4O15,Other,II,41.1,39.883656,41.43282928466797,0.7487588385043666,1.5491737365722642
919,Sr5Ta4O15,Sr,II,41.0,40.03266,41.09128746032715,0.8605164878688786,1.0586260223388706
920,Ca0.65Sm0.35Ti0.65Al0.35O3,Ca,II,41.0,39.46561,38.50818534851074,0.9787163729345241,-0.9574251556396476
921,Ba0.75Sr0.25Zn0.3133Ta0.6267Ti0.06O3,Ba,Ib,40.0,40.81736,39.190079803466794,1.4691849269829078,-1.627280120849612
922,BaHo0.5Ta0.5O3,Ba,II,39.6,34.27412,33.324498977661136,0.7498377436343376,-0.9496213531494107
923,BaSm0.5Nb0.5O3,Ba,II,39.7,39.896034,39.32425064086914,0.672163703556407,-0.5717835998535179
924,BaYb0.5Ta0.5O3,Ba,Ib,39.7,33.653835,32.416883087158205,0.9745676261021161,-1.2369522094726548
925,Ca0.65Ti0.65Sm0.315Nd0.035Al0.35O3,Ca,II,39.7,38.603207,37.65547691345215,0.8561712846604467,-0.9477297210693365
926,BaGd0.5Nb0.5O3,Ba,II,40.0,37.76647,37.20059700012207,0.6940016037545537,-0.5658748626708956
927,Ba2SrLaNb3O12,Ba,II,39.5,37.92591,30.82298938751221,5.698079982013418,-7.1029215621948225
928,BaEu0.5Nb0.5O3,Ba,II,40.0,38.137806,37.28087928771973,0.7728593361454058,-0.8569266510009754
929,Sr5Nb4O15,Sr,II,40.0,49.238377,49.97967842102051,1.4004607829367444,0.7413018035888683
930,CaFe0.5Nb0.5O3,Ca,III,40.0,38.99082,37.23703536987305,1.802464233237641,-1.753786468505858
931,BaZn0.2667Co0.0667Nb0.6667O3,Ba,Ib,40.0,37.95698,37.06897941589355,1.05921919240755,-0.8880022430419956
932,BaZn0.3333Nb0.6667O3,Ba,Ib,40.0,39.405308,38.37468772888184,0.917173228604558,-1.0306200408935524
933,Ba0.3Sr0.7Zn0.3333Nb0.6667O3,Sr,Ib,40.0,40.514843,41.61701538085938,0.8432831537348369,1.1021723937988313
934,Ba8Ta4Ti3O24,Ba,Ib,40.0,39.166683,38.88357162475586,0.8532038672148502,-0.283111572265625
935,Ca4ZnNb2TiO12,Ca,III,40.0,38.232582,36.61021881103515,1.6421341375053369,-1.6223632812500028
936,Ba3LiTa3Ti5O21,Ba,Ib,49.4,43.550186,36.98541313171387,5.483426432482259,-6.564773025512693
937,Ca0.3355Nd0.7255Li0.225TiO3,Other,III,101.0,77.18196,56.11858596801758,12.948380352617443,-21.063375091552736
938,Pb0.6Ca0.4ZrO3,Other,III,94.0,105.82516,102.6619270324707,4.1166075832986415,-3.1632301330566435
939,Pb0.48Ca0.52Fe0.475Nb0.475Sn0.05O3,Ca,II,94.3,96.51012,103.54235473632812,6.796145191894308,7.032238159179684
940,Ca0.4Sm0.4TiO3,Ca,III,94.5,95.9004,96.26676071166992,0.3674369003198574,0.3663624572753861
941,Ca0.268Sm0.268Ti0.67Li0.165Sm0.165Ti0.33O3,Other,III,95.5,99.77687,99.75896331787109,0.2226760789516062,-0.017907409667969887
942,Ca0.56Sm0.56Ti0.7Li0.15Nd0.15Ti0.3O3,Other,III,98.0,91.766716,65.92338409423829,11.535309631061093,-25.843331909179682
943,Ca0.28Sm0.28Ti0.7Li0.15Nd0.15Ti0.3O3,Other,III,99.0,102.670265,103.36926284790039,0.45659342844578965,0.698997650146481
944,Ca0.4Nd0.4TiO3,Ca,III,99.0,97.52934,97.50232452392578,0.7401832389758448,-0.027018127441408524
945,Pb0.5Ca0.5Fe0.45Nb0.45Sn0.1O3,Ca,II,99.6,98.26573,106.61320220947266,6.4683373318359925,8.347470397949223
946,Ca0.6Sm0.2667TiO3,Ca,III,101.0,105.394714,104.59441513061523,0.880205683210172,-0.8002992248535179
947,Pb0.5Ca0.5Fe0.475Nb0.475Sn0.05O3,Ca,II,102.0,101.359505,112.10278594970703,7.568749428161266,10.743281249999995
948,Ca0.9La0.1Mg0.05Ti0.95O3,Ca,III,102.5,97.77217,100.16790008544922,2.511355147012966,2.3957290649414062
949,Ca0.61Nd0.26TiO3,Ca,III,103.0,108.253075,107.25269760131836,1.0629412446559259,-1.0003770446777338
950,Ca0.3La0.1333Li0.25Nd0.25TiO3,Other,III,105.0,109.383484,111.54474197387695,1.3529891752150318,2.1612580871582026
951,Ca0.61Nd0.26TiO3,Ca,III,108.0,107.0342,106.06359786987305,0.7640259560215468,-0.970604705810544
952,Pb0.48Ca0.52Fe0.45Nb0.45Sn0.1O3,Ca,II,93.6,93.36186,99.78358596801758,5.759918748369007,6.421723785400388
953,Pb0.45Ca0.55Fe0.5Nb0.5O3,Ca,II,92.6,92.0095,102.05176239013672,7.528962815106283,10.04226379394531
954,Pb0.5Ca0.5Fe0.5Ta0.5O3,Ca,II,83.9,81.24422,83.08919158935547,1.7173701507600676,1.8449746704101528
955,Pb0.45Ca0.55Fe0.45Nb0.45Sn0.1O3,Ca,II,85.0,86.01601,90.62248046875,4.292991153423192,4.606473999023436
956,Pb0.45Ca0.55Fe0.45Nb0.45Zr0.1O3,Ca,II,85.0,85.01967,87.69790115356446,3.2317731744928753,2.6782325744628963
957,BaTi0.5Ga0.25Nb0.25O3,Ba,Ib,86.0,82.77653,81.1282763671875,1.7835623583332825,-1.6482510375976602
958,Pb0.45Ca0.55Fe0.475Nb0.475Sn0.05O3,Ca,II,86.3,89.885254,94.2344514465332,3.705696147596512,4.3491975402832
959,Ca0.6La0.2667TiO3,Ca,II,109.0,110.51652,111.46860000610351,1.4832534625088845,0.9520823669433582
960,Pb0.5Ca0.5Fe0.495Nb0.495Zr0.01O3,Ca,II,86.3,93.23869,101.90069000244141,5.645538371660632,8.66199676513672
961,Ca0.9Sm0.1Mg0.05Ti0.95O3,Ca,III,87.0,88.904945,90.50012557983399,3.279170219438988,1.595180206298835
962,Pb0.45Ca0.55Fe0.475Nb0.475Zr0.05O3,Ca,II,87.0,85.35738,87.93848587036133,2.9677401776681633,2.5811021423339895
963,Pb0.46Ca0.54Fe0.45Nb0.45Sn0.1O3,Ca,II,87.8,88.727585,92.24515762329102,3.4706969548042865,3.517572784423834
964,Pb0.46Ca0.54Fe0.475Nb0.475Sn0.05O3,Ca,II,88.2,92.037735,97.42947891235352,4.379408956936184,5.391743927001954
965,Ca0.9La0.1Mg0.05Ti0.95O3,Ca,III,90.4,90.5045,91.68910995483398,3.045147713188378,1.1846086120605435
966,Pb0.46Ca0.46La0.08Fe0.5Nb0.5O3,Ca,II,90.8,94.781906,101.12957183837891,6.07557184095978,6.3476657104492205
967,Pb0.45Ca0.55Fe0.45Nb0.45Sn0.1O3,Ca,II,86.7,86.35791,88.89414947509766,2.75518913406974,2.536239318847663
968,Pb0.45Ca0.55Fe0.25Nb0.48Ta0.02O3,Ca,II,82.0,80.750854,84.45074691772462,3.148030636258138,3.699892425537115
969,Pb0.63Ca0.37ZrO3,Other,III,110.0,112.85317,108.70907012939453,4.20673140654413,-4.144102172851561
970,Ca0.16Sm0.16Li0.3Nd0.3TiO3,Other,III,110.0,108.89211,108.71623199462891,0.31732530288865624,-0.17588073730468068
971,Ca0.2Li0.34Nd0.38La0.04TiO3,Other,III,132.6,131.38815,130.73629699707033,0.48232004009714413,-0.6518560791015489
972,Sr4Ce2Ti7O22,Sr,Ib,133.0,134.67493,110.41610748291015,10.613485684263193,-24.25881927490235
973,Sr0.8Ca0.2TiO3,Sr,Ib,133.9,134.55037,132.12117065429686,1.5042312259093302,-2.429198608398451
974,Sr0.571Ce0.286TiO3,Sr,Ib,136.0,137.5728,134.91869354248047,1.352762175602075,-2.6541061401367188
975,Ca0.4Li0.24Nd0.28La0.04TiO3,Ca,III,136.4,126.77118,125.48200164794922,1.105373770409567,-1.2891775512695318
976,CaZr0.3Ti0.7O3,Ca,III,138.0,137.65073,137.3899072265625,0.5673981622054219,-0.26081909179686136
977,Pb0.6Ca0.4Fe0.475Nb0.475Sn0.05O3,Other,II,139.4,140.32297,139.0284066772461,1.068736334230283,-1.294560852050779
978,Pb0.6Zr0.6Ca0.4Fe0.2Nb0.2O3,Other,III,140.7,140.2779,139.7271109008789,0.6915173260683317,-0.5507821655273517
979,Ca0.85Nd0.1TiO3,Ca,III,141.0,119.311035,117.64789138793945,1.287003895483484,-1.6631437683105474
980,CaZr0.2Ti0.8O3,Ca,III,141.0,139.17607,138.4567349243164,0.5407542298372726,-0.7193362426757801
981,Ca0.73Nd0.18TiO3,Ca,III,141.0,113.82666,112.25611007690429,1.0296467972130254,-1.5705500793457077
982,Ca0.6Li0.14Nd0.21La0.04TiO3,Ca,III,142.0,133.64299,132.18371704101563,1.3192432261039753,-1.4592730712890614
983,SrNd0.5Nb0.5O3,Sr,III,37.0,33.180504,32.209436569213864,0.49778600845712395,-0.97106727600098
984,Sr5Ce2Ti8O25,Sr,Ib,142.0,137.75804,113.44819473266601,8.400734016378246,-24.309846649169927
985,Pb0.7Ca0.3ZrO3,Other,III,132.0,121.893234,120.45324401855468,1.2819969531848283,-1.4399902343750028
986,Ca0.6Li0.15Nd0.1833La0.0333TiO3,Ca,III,128.2,131.56082,130.26313598632814,0.9095541607989475,-1.2976855468749875
987,Pb0.56Ca0.44Fe0.5333W0.0667Nb0.4O3,Ca,II,127.2,124.71788,125.89212631225585,0.9028101090986221,1.1742460632324168
988,Pb0.6Ca0.4Fe0.495Nb0.495Zr0.01O3,Other,II,126.7,128.71866,128.48900665283202,0.8296106227688921,-0.2296517944336074
989,Ca0.2Li0.25Nd0.25La0.1Nd0.1TiO3,Other,III,110.4,113.59839,114.54442672729492,0.7851787908056898,0.946038055419919
990,Pb0.95Ca0.05ZrO3,Other,III,112.0,120.40294,120.45157821655273,0.3051458629583957,0.04863937377929517
991,Pb0.05Fe0.0333W0.0167Pb0.475Ca0.475Fe0.475Nb0.475O3,Ca,II,112.2,116.85315,122.96185256958007,4.59798953415777,6.108703155517574
992,Ca0.4Li0.3Nd0.3TiO3,Other,III,112.6,115.534546,116.1645278930664,1.3919033295251566,0.6299819946289062
993,Ca0.3Li0.35Sm0.35TiO3,Other,III,114.0,115.301735,114.5145639038086,0.9795649102456838,-0.7871710205078131
994,Pb0.475Ca0.475La0.05Fe0.45Nb0.45Ti0.1O3,Ca,II,116.6,116.976074,126.15153045654297,4.567439968798006,9.175456237792972
995,Na0.15La0.15Li0.35Sm0.35TiO3,Other,III,117.0,117.86781,118.45937271118164,0.9136499154564374,0.591559600830081
996,Ca0.2Li0.1Nd0.1Ti0.4O3,Ca,III,110.0,109.34609,108.17147766113281,0.8249037407863459,-1.1746145629882818
997,Ca0.6Li0.05Nd0.05La0.1Nd0.1TiO3,Ca,III,117.0,119.44385,117.54225616455078,1.6728085952980307,-1.9015914916992216
998,Pb0.65Ca0.35ZrO3,Other,III,118.0,116.37457,113.28787673950195,3.2114666387762276,-3.0866960144042963
999,Ca0.8Nd0.1333TiO3,Ca,III,119.0,120.37221,118.76117874145508,1.503608046048676,-1.6110289001464793
1000,Ca0.8Sm0.1333TiO3,Ca,III,119.3,120.2227,118.50607360839844,1.441040940477799,-1.7166284179687494
1001,Ca0.4Li0.25Nd0.2833La0.0333TiO3,Ca,III,121.3,126.84303,125.56093338012695,1.0382697371505925,-1.2820994567871082
1002,Ca0.45Li0.125Nd0.225Dy0.1TiO3,Ca,III,121.3,121.094925,119.04272247314454,1.4307590765169356,-2.052202453613276
1003,La0.5Na0.5TiO3,Other,II,122.0,125.49353,127.39460647583007,1.184944626884707,1.9010762023925736
1004,Ca0.5Li0.2Nd0.2333La0.0333TiO3,Ca,III,123.0,129.398,127.99810485839843,1.0788735890434236,-1.3998901367187528
1005,Ca0.4Li0.15Nd0.15La0.1Nd0.1TiO3,Ca,III,117.0,123.931725,122.24133590698243,1.408440308365134,-1.6903886413574156
1006,BaMg0.167Ta0.33Ti0.5O3,Ba,Ib,76.6,76.886826,75.79806991577148,1.3444704275849044,-1.0887556457519594
1007,Pb0.4Ca0.6Mg0.3Nb0.6Sn0.1O3,Ca,III,52.2,58.75181,58.13818428039551,0.84715490528366,-0.6136238861083996
1008,La0.2Na0.2Ti0.4Ca0.6Mg0.2Nb0.4O3,Ca,III,52.3,52.415264,51.1683235168457,1.2389296027371264,-1.2469406127929688
1009,Ca0.8La0.1333Ti0.5Mg0.1667Nb0.3333O3,Ca,III,52.4,52.079266,50.06393730163574,1.658504299993566,-2.0153282928466822
1010,CaLa4Ti5O17,Other,II,53.7,54.3144,44.43648208618164,5.170703964413534,-9.87791763305664
1011,CaTi0.4Mg0.2Nb0.4O3,Ca,III,54.0,50.746254,49.46149475097656,1.4376304646405158,-1.2847592163085935
1012,La0.5333Ti0.8Al0.2O3,Other,II,54.0,51.090385,52.691592636108396,0.8231346516982153,1.6012071990966774
1013,BaZn0.25Ti0.25Nb0.5O3,Ba,Ib,54.8,53.22693,50.96304016113281,2.5600175381639256,-2.2638885498046903
1014,Sm0.5Li0.5TiO3,Other,III,55.0,54.841377,56.06540061950684,2.031746316638678,1.2240233612060578
1015,CaLi0.1667Nb0.3333Ti0.5O3,Ca,III,55.0,46.263702,45.82381500244141,4.365848202970473,-0.4398873901367182
1016,Pb0.2Zr0.2Ca0.8Fe0.4Nb0.4O3,Ca,III,55.1,55.725136,54.72121475219726,1.4023751028340459,-1.0039210510253938
1017,Ba4La2Ti3Nb2O18,Ba,Ib,55.1,52.059723,44.298030586242675,6.675180795783727,-7.76169231414795
1018,CaLi0.1667Nb0.3333Ti0.5O3,Ca,III,55.2,46.263702,45.90612030029297,4.841315161984788,-0.35758209228515625
1019,CaLa4Ti5O17,Other,II,57.0,54.425636,44.30522338867188,4.725114360062725,-10.12041290283203
1020,Ba5LaTi2Nb3O15,Ba,Ib,57.3,54.862682,46.298625717163084,4.427618349429709,-8.564056625366213
1021,Ca4.6Zn0.4Nb4TiO17,Ca,III,52.0,51.127014,50.89921684265137,5.819412903863384,-0.22779731750487997
1022,Ca0.7Ti0.7La0.3Ga0.3O3,Ca,II,52.0,50.3684,49.168857955932616,1.3070940479763606,-1.199542617797853
1023,CaTi0.6Al0.2Ta0.2O3,Ca,II,52.0,50.94632,49.64795600891113,1.828768892705578,-1.2983635711669947
1024,Ba3La2Ti2Nb2O15,Ba,Ib,49.8,47.229805,38.128964004516604,6.153352129487091,-9.100840988159177
1025,Pb0.7Ca0.3La0.5Mg0.5Nb0.5O3,Other,III,50.0,53.87165,48.67873504638672,4.908471932554572,-5.192915649414061
1026,La0.8333Mg0.25Ti0.75O3,Other,III,50.0,47.93488,50.00849670410156,0.8475842358244761,2.0736174011230446
1027,Ca0.5La0.5Zn0.25Ti0.75O3,Ca,III,50.0,48.93792,49.64541526794434,1.0997519854478257,0.707495651245118
1028,Ba2Sr3Nb4O15,Sr,Ib,50.0,48.112183,48.269145736694334,1.4051804211533419,0.15696311950683395
1029,CaZr0.6Ti0.4O3,Ca,III,50.0,51.13455,50.706616439819335,0.8718347480968913,-0.4279317474365243
1030,Pb0.4Ca0.6Mg0.1667Nb0.3333Sn0.5O3,Ca,III,57.4,55.799885,55.541750259399414,0.6466630244356226,-0.2581345367431638
1031,La0.5333Ni0.2TiO3,Other,II,50.7,49.58168,51.187610168457034,0.9880833115277122,1.6059298706054719
1032,Ca0.75Ti0.75Sm0.25Al0.25O3,Ca,II,51.0,48.18032,46.77331527709961,1.5635845362747505,-1.407005462646481
1033,Ba3Sr2Nb4O15,Ba,Ib,51.0,50.249443,49.85410415649414,1.2725623582907404,-0.3953388977050807
1034,Ca0.7La0.3Mg0.15Ti0.85O3,Ca,III,51.2,54.880287,54.03758926391602,1.3784267211622088,-0.8426979064941378
1035,La0.66Ni0.01TiO3,Other,II,51.4,48.748096,49.56680778503418,0.5408191764059767,0.8187113189697257
1036,La0.3Al0.3Sr0.7Ti0.7O3,Sr,Ib,52.0,51.05224,51.350394592285156,1.281409760416124,0.29815612792968693
1037,Li0.5Sm0.5TiO3,Other,III,52.0,52.86906,54.169863357543946,1.0055899264353616,1.300802841186524
1038,BaSm0.3Bi0.2Nb0.5O3,Ba,II,50.8,49.916656,49.901925506591795,1.0034426283447875,-0.014730987548830399
1039,Pb0.4Ca0.6Fe0.475Nb0.475Sn0.05O3,Ca,II,78.0,77.74901,77.31008178710937,1.0998472744471013,-0.4389263916015693
1040,La0.5667Ti0.85Al0.15O3,Other,II,57.7,56.813812,58.67972396850586,1.0946626696218724,1.8659117126464864
1041,La0.6167Ni0.075TiO3,Other,II,58.0,59.550842,61.72039566040039,0.9004637541007573,2.169553375244142
1042,BaTi0.4Ga0.3Nb0.3O3,Ba,Ib,66.0,68.23614,64.8144367980957,2.412954320014979,-3.42170059204102
1043,La0.6133Ti0.92Al0.08O3,Other,II,66.9,64.833084,66.50767013549805,1.026043916256008,1.6745860290527332
1044,Ca0.8Ti0.8Sm0.2Mg0.1Ti0.1O3,Ca,III,68.0,67.11422,65.92533416748047,2.486529604873574,-1.1888854980468722
1045,CaTi0.6Mg0.1333Nb0.2667O3,Ca,III,68.0,64.22977,63.41294219970703,1.463213475679854,-0.8168246459960926
1046,Pb0.4Ca0.6Fe0.495Nb0.495Zr0.01O3,Ca,II,68.7,72.31615,71.74629241943359,1.488091293011084,-0.5698544311523506
1047,La0.6467Ni0.03TiO3,Other,II,69.4,66.07411,67.75082748413087,1.1345067876118864,1.6767155456543037
1048,Pb0.4Ca0.6Fe0.45Nb0.45Sn0.1O3,Ca,II,70.3,72.28696,70.475234375,1.859699461345225,-1.8117224121093756
1049,La0.64Ti0.96Al0.04O3,Other,II,71.9,70.5955,72.2417984008789,0.9745443239880074,1.64630126953125
1050,Pb0.5Ca0.5Zr0.95Ti0.05O3,Ca,III,72.0,70.69669,70.96627212524415,0.42181975684659717,0.2695787048339895
1051,La0.64Ti0.96Al0.04O3,Other,II,72.0,66.81881,68.6793701171875,1.2488193705487658,1.860560607910159
1052,Pb0.5Ca0.5ZrO3,Ca,III,74.0,73.82511,76.02469680786133,1.5000019538307647,2.199585418701176
1053,CaTi0.7Al0.15Ta0.15O3,Ca,II,65.4,63.44314,60.835981369018555,3.5443032145883366,-2.607156753540039
1054,Pb0.1Fe0.0667W0.0333Pb0.18Ca0.72Fe0.45Nb0.45O3,Ca,III,65.3,64.0794,65.20875076293946,0.6911093549071264,1.1293516540527406
1055,Pb0.4Ca0.6Mg0.255Nb0.255Sn0.01O3,Ca,III,65.0,63.31485,64.94813682556152,1.2398902139078767,1.6332869720458945
1056,La0.3Mg0.15Ti0.85Ca0.7O3,Ca,III,58.8,54.880287,54.605817794799805,1.0593639167155395,-0.27446937561035156
1057,CaZr0.5Ti0.5O3,Ca,III,59.0,57.828156,57.644014511108395,0.9202641066517426,-0.18414100646972997
1058,La0.6333Ni0.05TiO3,Other,II,59.6,63.01938,64.96771102905274,1.3041536875382602,1.9483323669433616
1059,BaTi0.85Mn0.15O3,Ba,Ib,60.0,62.251404,62.50661750793457,0.523302370078642,0.25521369934082117
1060,CaTi0.4Mg0.2Ta0.4O3,Ca,III,60.2,49.46074,47.75485717773437,1.5817291447385076,-1.705881958007815
1061,BaPr0.3Bi0.02Nb0.5O3,Ba,II,60.7,52.830055,52.174070816040036,0.6687653451628551,-0.6559844207763703
1062,Ca2Ba3Ta2TiO12,Ba,Ib,61.0,63.415577,54.164789047241214,7.55051624681589,-9.250787887573239
1063,Ca0.68Nd0.08Ti0.8Sm0.2Al0.2O3,Ca,III,58.0,54.115456,52.92871566772461,1.4443360397271117,-1.186739959716796
1064,CaTi0.6Mg0.1333Nb0.2667O3,Ca,III,62.9,64.22977,63.33218276977539,1.3833224584550423,-0.8975840759277318
1065,Pb0.4Ca0.6Mg0.3233Nb0.6467Sn0.03O3,Ca,III,63.0,60.4588,59.793362045288085,0.8255081856953093,-0.6654392242431655
1066,La0.6Ti0.9Al0.1O3,Other,II,63.0,59.65209,61.26442161560058,0.8322044202340247,1.6123334503173794
1067,La0.6533Ni0.02TiO3,Other,II,63.3,61.20144,63.16323532104492,0.9942767965305497,1.9617964172363287
1068,BaMg0.2W0.2Ti0.6O3,Ba,Ib,63.9,64.500175,61.89898147583008,3.8074998721573263,-2.601194000244142
1069,Pb0.4Ca0.6Mg0.3367Nb0.6733Sn0.01O3,Ca,III,64.7,61.588734,60.76036079406738,0.9854732670487074,-0.828372879028322
1070,La0.6Ti0.9Al0.1O3,Other,II,62.6,62.3579,64.40148361206055,1.1278780586244421,2.043584899902342
1071,SrLa0.5Nb0.5O3,Sr,III,37.0,33.229954,31.260142364501952,0.6474527684418967,-1.9698114013671884
1072,CaLi0.2667Nb0.5333Sn0.2O3,Ca,III,23.3,23.318996,27.057714500427245,6.131050920540105,3.738718070983886
1073,BaLa0.5Ta0.5O3,Ba,III,37.0,33.254524,32.982582550048825,0.5388806048551726,-0.27194168090820625
1074,BaTi0.1Co0.45W0.45O3,Ba,Ib,24.0,21.936764,21.104361114501952,1.4790742268032486,-0.8324026489257825
1075,Ba0.98Zn0.5W0.5O2.98,Ba,Ia,24.0,21.656336,21.557861976623535,0.29408914708469697,-0.09847385406494169
1076,BaMg0.333Ta0.667O3,Ba,Ib,24.0,24.529795,24.513673362731932,0.12584423079621337,-0.016121330261231748
1077,CaIn0.5Ta0.5O3,Ca,III,24.0,24.20015,24.07380828857422,0.45048578398725675,-0.12634124755859233
1078,CaPr0.5Ta0.5O3,Ca,III,24.0,22.737532,22.55360466003418,0.16332039319500705,-0.18392700195312628
1079,BaMg0.283Ta0.567Sn0.15O3,Ba,Ib,24.0,24.721195,24.642241821289062,0.30351139448325454,-0.0789533996582037
1080,BaTi0.5Ni0.25W0.25O3,Ba,Ib,24.2,23.715984,23.552622413635255,0.24157550005420575,-0.16336193084716655
1081,BaHfO3,Ba,Ia,24.2,24.78476,24.492274436950684,0.2830901652869343,-0.29248508453369126
1082,CaNd0.5Ta0.5O3,Ca,III,24.4,22.71043,22.481592712402342,0.1932390360689284,-0.2288374328613294
1083,BaMg0.33Ta0.63Ti0.017W0.017O3,Ba,Ib,24.5,24.495611,24.47287811279297,0.3645804543020718,-0.02273307800292912
1084,Ba0.9925Mg0.33Ta0.67O3,Ba,Ib,24.7,24.198765,24.164784507751463,0.3775437725189973,-0.03398029327392749
1085,BaMg0.33Ta0.53Ti0.067W0.067O3,Ba,Ib,23.6,23.841915,23.679424285888672,0.9168030492826513,-0.1624908447265625
1086,SrHfO3,Sr,III,23.5,22.961563,23.06536190032959,0.09213581695165561,0.10379878997802905
1087,Sr3Zn0.5Mg0.5Nb2O9,Sr,II,22.3,30.807495,32.02798236846924,0.9529892248314552,1.2204872512817388
1088,La0.952Na0.048Mg0.5W0.5O3,Other,III,22.6,25.910503,26.173259239196778,0.9817809748118824,0.2627558517456059
1089,La0.907Na0.0938Mg0.5W0.5O3,Other,III,22.6,25.435247,25.796692276000975,1.04545972148273,0.3614448547363267
1090,CaLi0.2333Nb0.4667Sn0.3O3,Ca,III,22.6,19.708933,24.79689136505127,7.350235507443048,5.087958488464356
1091,Ba0.99Zn0.5W0.5O2.99,Ba,Ia,23.0,22.132725,21.858082466125488,0.5267897867917801,-0.27464229583740263
1092,CaLa0.5Ta0.5O3,Ca,III,23.0,21.561203,21.44475643157959,0.14384747601726205,-0.11644657135009595
1093,NdMg0.5Ti0.5O3,Other,III,23.0,24.240843,24.830491104125976,0.33768905765428975,0.5896482849121085
1094,Ca0.07Mg0.93TiO3,Ca,III,23.0,21.472954,21.819507217407228,0.28206325360327217,0.34655342102050923
1095,LaAlO3,Other,Ia,23.4,22.428547,22.578744888305664,0.2782175009645541,0.15019798278808594
1096,BaZn0.1667Co0.1667Ta0.2222Nb0.2222Sb0.2222O3,Ba,Ib,24.9,24.140661,23.888302688598632,0.4066383648599446,-0.2523585510253916
1097,BaCo0.3333Ta0.6667O3,Ba,Ib,25.0,26.157541,25.753916282653808,1.1783537978741738,-0.4036249923706059
1098,CaEr0.5Ta0.5O3,Ca,III,26.4,25.905323,25.399670677185057,0.4542624848454941,-0.5056523513793962
1099,BaTi0.3Zn0.35W0.35O3,Ba,Ib,26.4,26.326187,24.97934600830078,2.2672160066656644,-1.3468411254882824
1100,BaTi0.55Ni0.225W0.225O3,Ba,Ib,26.5,26.50205,26.22151927947998,0.3430015296979235,-0.28053112030029226
1101,CaEu0.5Ta0.5O3,Ca,III,26.8,24.256512,23.93820388793945,0.284490492724519,-0.31830780029297046
1102,CaY0.5Ta0.5O3,Ca,III,27.0,26.11684,25.57885986328125,0.4088308249650784,-0.5379804992675794
1103,Ca0.6Ba0.4Y0.5Ta0.5O3,Ca,III,27.0,27.472824,27.259213104248047,0.2266506529175415,-0.21361099243164006
1104,Ba5Nb2Ta2O15,Ba,Ib,27.0,28.725739,28.49478199005127,0.3637499149606717,-0.2309565353393559
1105,BaMg0.1333Zn0.2Ta0.6667O3,Ba,Ib,27.0,26.8231,26.755787391662597,0.33958408088622155,-0.06731174468994183
1106,CaZrO3,Ca,III,27.0,25.413319,25.65932125091553,0.3076492666208494,0.2460026168823255
1107,BaMg0.3Ta0.6Ti0.1O3,Ba,Ib,26.3,26.124521,26.019331245422364,0.23685747370714458,-0.10519001007079964
1108,CaYb0.5Ta0.5O3,Ca,III,25.8,26.197128,25.798609085083008,0.46993494941100766,-0.3985192108154294
1109,Sr2AlNbO6,Sr,Ib,25.0,22.429592,23.673775062561035,0.6907055840115078,1.2441829299926752
1110,SmMg0.5Ti0.5O3,Other,III,25.0,25.335827,26.100098037719725,0.5498799380228144,0.7642711639404283
1111,NdAlO3,Other,II,22.3,20.020212,20.21762454986572,0.30218240758576576,0.1974123764038076
1112,Ba4LiTa2SbO12,Ba,Ib,25.1,38.44729,28.652610511779784,6.165055494997853,-9.79467800140381
1113,CaLi0.3Nb0.6Sn0.1O3,Ca,III,25.2,23.187366,25.844319458007813,5.686082481278506,2.6569529724121104
1114,BaTi0.5Zn0.25W0.25O3,Ba,Ib,25.4,25.728893,26.216226119995117,1.4718697652481856,0.4873328399658199
1115,Ba5Nb3TaO15,Ba,Ib,25.7,31.75697,31.311036796569823,0.6417732072762401,-0.4459326553344738
1116,CaSm0.5Ta0.5O3,Ca,III,25.8,23.797283,23.536133651733397,0.22923095289039255,-0.26114952087402443
1117,BaMg0.3183Ta0.67O3,Ba,Ib,25.1,24.448948,24.42971118927002,0.4318041872677351,-0.019236717224121236
1118,BaYb0.5Ta0.5O3,Ba,Ib,22.1,26.506098,25.841273956298828,0.6162876577087492,-0.6648238372802737
1119,La0.823Na0.176Mg0.5W0.5O3,Other,III,22.1,24.251211,24.66884002685547,1.2121993718429989,0.41762886047363423
1120,Ca5Nb2HfO12,Ca,III,22.0,36.213585,35.017935256958005,2.018451955728441,-1.195649642944339
1121,BaMg0.5W0.5O3,Ba,Ia,17.0,17.71764,17.31138027191162,0.7186439102319567,-0.406259651184083
1122,BaMg0.34W0.35Ti0.31O3,Ba,Ib,17.1,14.881045,15.033633556365967,0.12015431185100887,0.15258821487426744
1123,BaNi0.5W0.5O3,Ba,Ia,17.1,18.104897,18.06577674865723,0.5068149275415315,-0.03911979675292798
1124,BaMg0.33Ta0.13Ti0.267W0.267O3,Ba,Ib,17.4,16.259335,16.649510345458985,0.3276092232663915,0.39017578125000085
1125,DyAlO3,Other,III,17.6,16.95067,17.119268035888673,0.19811291372945544,0.16859779357910298
1126,BaNi0.5W0.5O3,Ba,Ia,18.1,18.104897,17.8278897857666,0.6222114675048406,-0.27700675964355526
1127,SrNi0.5W0.5O3,Sr,II,18.3,20.62994,22.049403305053712,0.47351367588970317,1.4194632720947276
1128,GdAlO3,Other,III,18.4,17.857794,18.05002063751221,0.29475412217017655,0.19222682952880987
1129,Sr2AlNbO6,Sr,Ib,19.0,22.387196,23.411295852661134,0.7179539258599019,1.0241002655029305
1130,Ba.2Sr0.8SmSbO6,Other,Ia,19.0,19.159235,19.603202476501465,8.020398884869977,0.44396747589111385
1131,BaZn0.5W0.5O3,Ba,Ia,19.0,22.636126,22.323403854370117,0.5730109589324208,-0.31272171020507855
1132,NdMg0.47Ba0.03Sn0.5O3,Other,III,19.1,18.827223,18.81048973083496,0.18869808404871138,-0.016733093261720455
1133,BaMg0.33W0.35Ti0.32O3,Ba,Ib,16.3,15.269971,15.392145557403564,0.1521192630357048,0.1221746635437011
1134,ErAlO3,Other,III,16.3,16.599703,16.810039863586425,0.18047455914987331,0.2103370285034174
1135,Pb0.6Ca0.4Fe0.45Nb0.45Sn0.1O3,Other,II,142.6,140.06923,138.56947967529297,1.2243409721925373,-1.4997494506835949
1136,BaMg0.335W0.335Ti0.33O3,Ba,Ib,13.1,14.697527,14.971810665130615,0.19116252477416312,0.2742837333679198
1137,BaTi0.39Co0.305W0.305O3,Ba,Ib,14.0,17.653849,17.925621032714844,0.25847102337236205,0.2717723846435547
1138,BaMg0.35W0.33Ti0.32O3,Ba,Ib,14.4,14.838443,15.052481327056885,0.1288361563829774,0.2140385246276857
1139,NdMg0.45Co0.05Sn0.5O3,Other,III,19.2,18.417475,18.47117832183838,0.2619751070561837,0.05370357513427848
1140,BaMg0.34W0.32Ti0.34O3,Ba,Ib,14.4,15.459429,15.585538692474366,0.09026382611956586,0.1261099052429202
1141,BaMg0.34W0.33Ti0.33O3,Ba,Ib,15.1,15.226024,15.395736465454101,0.11005807117127706,0.16971279144287088
1142,BaMg0.35W0.34Ti0.31O3,Ba,Ib,15.4,14.67175,14.875816707611085,0.15088605348077863,0.20406663894653398
1143,BaMg0.33W0.33Ti0.33O3,Ba,Ib,15.4,15.238916,15.36056282043457,0.12024902294841859,0.12164642333984332
1144,BaMg0.33W0.34Ti0.33O3,Ba,Ib,15.6,15.444183,15.52694938659668,0.1275914473279512,0.08276603698730511
1145,YAlO3,Other,III,15.7,15.777338,15.960451049804687,0.1639915280704244,0.18311302185058587
1146,Sr2SmSbO6,Sr,II,16.0,15.01183,18.974414291381837,5.972415619863625,3.9625839614868177
1147,BaMg0.34W0.32Ti0.34O3,Ba,Ib,14.5,15.459429,15.557977848052978,0.09903761692258883,0.09854906082153292
1148,Ba0.5Sr0.5Zn0.1667Co0.1667Ta0.2222Nb0.2222Sb0.2222O3,Ba,Ib,27.0,26.6018,26.826010856628418,0.4420618083084981,0.22420993804931655
1149,CaLa0.5Ta0.5O3,Ca,III,19.5,21.507126,21.35675308227539,0.14459593737215837,-0.150372772216798
1150,Ba2SmSbO6,Ba,Ia,20.7,16.750263,14.668109378814698,4.714201452267552,-2.08215383529663
1151,Sr0.985La0.01Mg0.5W0.5O3,Sr,II,20.7,19.086706,20.725670280456544,0.811473483938739,1.6389641189575208
1152,Ba2Mg0.9Ca0.1WO6,Ba,Ia,20.8,21.706387,21.866834564208986,0.5570569020680338,0.1604479980468767
1153,Sr0.036Mg0.964TiO3,Sr,II,20.8,24.999714,24.932180938720702,0.14559746604936905,-0.06753295898437628
1154,La0.786Na0.214Mg0.5W0.5O3,Other,III,20.8,23.219858,23.4359529876709,1.3794655817032966,0.21609481811523423
1155,CaSm0.5Nb0.5O3,Ca,III,20.9,22.454676,22.486586608886718,0.32214321618855574,0.031910934448241335
1156,Ca5Ta2ZrO12,Ca,III,21.0,39.352116,38.51417854309082,1.5147465187329965,-0.8379370880126942
1157,Ba0.95Zn0.5W0.5O2.95,Ba,Ia,21.0,20.369385,20.04252933502197,0.5870897191277237,-0.3268554306030289
1158,NdMg0.5Sn0.4Ti0.1O3,Other,III,21.1,19.554062,19.826658248901367,0.35586402603093764,0.2725963592529297
1159,BaTi0.4Zn0.3W0.3O3,Ba,Ib,21.2,21.10944,21.334352111816408,0.5501358244256463,0.22491226196289205
1160,CaYb0.5Ta0.5O3,Ca,III,21.2,22.693918,22.750912322998047,0.10678483916300785,0.05699409484863338
1161,SrCo0.5W0.5O3,Sr,II,21.2,20.125805,21.396854248046875,0.5237510714765241,1.271049346923828
1162,CaHfO3,Ca,III,21.4,20.907879,20.67215087890625,0.25677883278754016,-0.23572799682617074
1163,BaTi0.45Ni0.275W0.275O3,Ba,Ib,21.6,21.451927,21.406709213256836,0.21853926188963607,-0.04521797180175824
1164,Sr3ZnNb2O9,Sr,II,20.7,35.916805,37.63165168762207,1.3269647352563403,1.714846420288083
1165,CaLa0.5Nb0.5O3,Ca,III,20.6,20.180218,20.251966857910155,0.27519493165291864,0.07174911499023295
1166,NdMg0.43Ca0.07Sn0.5O3,Other,III,19.5,15.61501,15.70089506149292,0.28920575107733487,0.0858847999572756
1167,CaSm0.5Ta0.5O3,Ca,III,19.6,20.102865,20.206591987609862,0.20785999621498827,0.10372676849365092
1168,BaMg0.33Ta0.33Ti0.167W0.167O3,Ba,Ib,19.7,18.883413,19.578479080200196,1.125117524176402,0.6950657653808605
1169,CaNd0.5Ta0.5O3,Ca,III,20.0,22.64732,22.443661880493163,0.18260831012901035,-0.20365791320800852
1170,CaNd0.5Nb0.5O3,Ca,III,20.0,21.344831,21.431530532836913,0.3371270035943832,0.0866990661621081
1171,BaCo0.5W0.5O3,Ba,Ia,19.3,19.41533,19.247250366210938,0.5866044732601934,-0.1680805206298821
1172,Sr3Zn0.75Mg0.25Nb2O9,Sr,II,20.0,31.626835,32.839084701538084,1.1287658631821242,1.2122498321533186
1173,BaMg0.46W0.46Ti0.08O3,Ba,Ib,20.0,19.443707,19.268878555297853,1.1439634811596542,-0.1748279571533189
1174,BaMg0.333Ta0.567W0.05Ti0.05O3,Ba,Ib,20.0,22.467274,22.75076774597168,0.7767041246608029,0.2834940338134757
1175,BaTi0.4Ni0.3W0.3O3,Ba,Ib,20.0,19.980743,19.879068717956542,0.2086272791572921,-0.1016746902465826
1176,BaMg0.49Y0.006667W0.496667O3,Ba,Ia,20.0,17.637503,17.466167068481447,0.6912627557262512,-0.1713356018066392
1177,Ba0.97La0.02Mg0.5W0.5O3,Ba,Ia,20.0,17.641964,17.66814540863037,0.5049391265994626,0.026181449890135156
1178,BaLa0.5Ta0.5O3,Ba,III,27.1,26.759542,27.025980224609373,0.5829468964289181,0.2664377593994125
1179,SrLa0.5Ta0.5O3,Sr,III,27.1,25.589785,24.17431205749512,0.3761477853439743,-1.4154725646972643
1180,SrNd0.5Ta0.5O3,Sr,III,27.1,25.51595,24.452294807434082,0.36120174915241443,-1.0636544418334957
1181,Sr5Nb2Ta2O15,Sr,II,33.2,39.31841,39.9601929473877,1.1086909780684537,0.6417839813232433
1182,BaHo0.5Ta0.5O3,Ba,II,33.5,32.69908,32.04037746429444,0.8139472110713862,-0.6587039566040005
1183,Ba8ZnNb5.4Sb0.6O24,Ba,Ib,33.6,32.625732,32.36635242462158,0.46846607874989177,-0.25937999725341854
1184,Ba0.99Co0.2333Zn0.1Nb0.6667O3,Ba,Ib,33.7,33.457283,32.85809562683105,0.910203711757563,-0.5991873931884797
1185,Ba2Sr3Ta4O15,Sr,Ib,33.7,33.211395,34.06485160827637,0.46195687679548214,0.8534563446044956
1186,Sr0.35Ba0.65Y0.5Nb0.5O3,Ba,III,33.8,33.1829,32.557105178833005,0.5712579461371222,-0.625794296264651
1187,Ba0.99La0.0067Co0.2333Zn0.1Nb0.6667O3,Ba,Ib,34.0,33.972878,33.6551781463623,0.8925942379681964,-0.31769935607910327
1188,Ba4LiNb2TaO12,Ba,Ib,34.0,40.46939,31.85860927581787,6.707759202016666,-8.610781593322756
1189,Ba10Ta7.52Ti0.48O30,Ba,Ib,34.0,32.43023,32.225035705566405,0.2455541485984073,-0.20519348144531335
1190,Ca5Ta2Ti0.6Hf0.4O12,Ca,III,34.0,37.65497,37.25788703918457,2.3924289922316677,-0.3970812225341831
1191,Ca0.5Sm0.5Mg0.25Ti0.75O3,Ca,III,34.0,35.834488,36.16198654174805,0.8045081147945078,0.3274986267089872
1192,SrGd0.5Nb0.5O3,Sr,III,34.0,32.191643,32.142034912109374,0.4971035656404983,-0.04960784912109517
1193,Ba3Sr2Ta4O15,Ba,Ib,33.2,33.0644,32.8261799621582,0.4370911583461088,-0.23821975708008125
1194,Sr0.5La0.5Ti0.5Al0.5O3,Sr,Ib,33.0,34.06382,34.9205290222168,0.3586035506871574,0.8567091369628912
1195,Li0.774Zr0.057NbO3,Other,III,33.0,31.603662,31.515488967895507,0.050604006854807496,-0.08817352294921932
1196,BaYb0.5Ta0.5O3,Ba,Ib,32.0,33.653835,32.131822967529295,0.765290625623891,-1.522012329101564
1197,CaEr0.5Nb0.5O3,Ca,III,32.0,25.78591,25.63521713256836,0.1837883662055185,-0.15069252014160028
1198,SrNd0.5Ta0.5O3,Sr,III,32.0,28.519848,27.74681701660156,0.4833377731566048,-0.7730308532714858
1199,SrHo0.5Nb0.5O3,Sr,III,32.0,30.67218,31.090225677490235,0.4720573051791221,0.4180455017089848
1200,SrY0.5Nb0.5O3,Sr,III,32.0,31.42068,31.61035701751709,0.41130300611436155,0.18967792510986214
1201,BaCo0.33Nb0.665Y0.005O3,Ba,Ib,34.0,33.136345,32.322311630249025,1.1067265264867499,-0.8140332794189433
1202,SrEr0.5Nb0.5O3,Sr,III,32.0,30.284489,30.880462684631347,0.398729203867413,0.5959740066528312
1203,BaSn0.226Zn0.258Nb0.516O3,Ba,Ib,32.0,33.09305,32.13404029846191,0.9189062736808898,-0.9590077972412132
1204,Ba5Nb3TaO15,Ba,Ib,32.2,31.93284,31.40229663848877,0.730959297091801,-0.5305437088012681
1205,Ba6Nb4ZrO18,Ba,Ib,32.4,31.48938,31.427525291442873,0.9034088477522284,-0.06185459136962734
1206,Sr0.05Ba0.95Y0.5Ta0.5O3,Ba,II,32.5,32.408634,31.68369029998779,0.8584655275648231,-0.7249438858032242
1207,BaTi0.1Zn0.45W0.45O3,Ba,Ib,33.0,29.835928,28.704155654907225,1.0627903820824973,-1.1317723083496105
1208,Ba0.95Sr0.05Y0.5Ta0.5O3,Ba,II,33.0,32.408634,31.542712364196777,0.8200157592744821,-0.8659218215942381
1209,Ca5Nb2Ti0.4Hf0.6O12,Ca,III,32.0,36.887127,36.387949829101565,2.6103322015844945,-0.4991770935058568
1210,Ba0.95Ca0.05Yb0.475Y0.025Nb0.5O3,Ba,II,34.0,31.635025,31.041182746887205,0.7674920245754997,-0.593842277526857
1211,BaYb0.5Nb0.5O3,Ba,Ib,36.0,35.50807,34.808914489746094,0.6082861043386107,-0.6991574096679685
1212,BaTb0.5Ta0.5O3,Ba,II,36.0,33.069252,32.2227066040039,1.0205647913539528,-0.8465454101562528
1213,Pb0.2Ca.1333Nb0.6667O3,Ca,III,36.0,35.74475,33.28101711273193,6.7148309984361845,-2.4637338638305692
1214,BaZn0.3333Nb0.6667O3,Ba,Ib,36.0,36.932064,35.83910667419433,0.9403333764713017,-1.092957382202151
1215,SrSm0.5Nb0.5O3,Sr,III,36.0,32.95162,32.621474990844725,0.4583028015346369,-0.33014320373535355
1216,Ca4NiNb2TiO12,Ca,III,36.0,34.94461,32.88250396728515,1.8191424711486859,-2.062106628417972
1217,Ca4.88Co0.12Ta2TiO12,Ca,III,36.0,40.946934,40.46979072570801,2.3909836846852506,-0.4771430206298817
1218,Ba8Ta4.32Ti2.6O24,Ba,Ib,36.0,37.602303,37.26513359069824,0.755395568553597,-0.3371689605712902
1219,Sr3LaNb3O12,Sr,III,36.0,36.590313,33.686569442749025,4.774963312351795,-2.9037435150146464
1220,Sr5NbTa3O15,Sr,II,36.2,38.314987,39.18221435546875,1.051641894810978,0.8672271728515639
1221,La6MgTi4O18,Other,III,36.3,33.40243,34.098517150878905,0.4835863522188749,0.6960856628417957
1222,Sr0.05Ba0.95Y0.5Nb0.5O3,Ba,II,36.3,33.958916,33.32193733215332,0.8254425247137244,-0.6369783782959004
1223,BaNd0.5Ta0.5O3,Ba,III,36.0,36.947903,36.67720367431641,0.3820382706470234,-0.27069900512695
1224,La0.5Sr0.5Al0.5Ti0.5O3,Sr,Ib,35.9,35.110718,36.18083229064941,0.4221977524928306,1.0701145172119126
1225,BaSc0.5Nb0.5O3,Ba,Ib,35.7,36.35043,35.77583824157715,0.7421163903398205,-0.5745912933349615
1226,BaZn0.0833Mg0.25Nb0.6667O3,Ba,Ib,34.0,33.27468,32.84570869445801,0.7172357292716253,-0.4289723968505825
1227,Ba2SrYNb3O12,Ba,Ib,34.1,37.408955,28.828584899902342,6.25288302875405,-8.580369720458986
1228,La0.8333Ti0.5Al0.5O3,Other,Ia,34.4,32.604275,33.11216690063477,0.426818182645962,0.5078921508789094
1229,BaCo0.2333Zn0.1Nb0.6667O3,Ba,Ib,34.5,33.78224,33.13252330780029,0.8752171777670531,-0.6497185134887715
1230,BaSr2YNb3O12,Sr,II,34.7,36.075184,29.93006561279297,4.645265932216823,-6.145118255615234
1231,SrTb0.5Nb0.5O3,Sr,III,34.0,31.598963,31.858369178771973,0.40636531982766044,0.2594063949584964
1232,Ba10Ta7.04Ti.2O30,Ba,Ib,35.0,33.44095,33.21815437316894,0.3082185854867283,-0.22279411315918196
1233,SrCr0.5Nb0.5O3,Sr,Ib,35.0,34.143555,33.977793579101565,0.5185368844538573,-0.16576110839843494
1234,BaNi0.1167Zn0.2167Nb0.6667O3,Ba,Ib,35.0,33.894787,33.39074081420898,0.8448843256143614,-0.5040460205078148
1235,Ca4.75Ni0.25Ta2TiO12,Ca,III,35.0,44.07179,43.46250160217285,1.524579675111753,-0.609287185668947
1236,Ba2Sr3Ta4O15,Sr,Ib,35.2,33.21796,33.8081298828125,0.5757431329873338,0.5901695251464858
1237,cCa0.05Ba0.95Y0.5Nb0.5O3,Ba,II,35.2,33.7837,33.02856979370117,0.8781253002543695,-0.755129241943358
1238,BaZn0.2Co0.1333Nb0.6667O3,Ba,Ib,35.5,36.574432,35.8365983581543,1.0073305526104583,-0.7378340148925773
1239,BaEu0.5Ta0.5O3,Ba,II,37.0,35.149605,34.269985122680666,0.7662398813632821,-0.8796196746826155
1240,BaNi0.3Nb0.6Zr0.1O3,Ba,Ib,31.8,31.306849,29.977747077941896,1.6512521849170307,-1.329101448059081
1241,BaSr4Ta4O15,Sr,Ib,31.7,33.72996,34.38406478881836,0.4547486915148816,0.6541033935546849
1242,La5AlTi3O15,Other,II,28.1,29.64027,30.347568130493165,0.6269491038002467,0.7072978973388686
1243,BaZn0.5W0.5O3,Ba,Ia,28.1,22.659576,22.492608757019042,0.3894049708170368,-0.16696765899658317
1244,CaHo0.5Ta0.5O3,Ca,III,28.2,25.71102,25.246144638061523,0.36767262713666027,-0.46487487792968807
1245,LaMg0.5Ti0.5O3,Other,III,29.0,28.116226,28.753033142089844,0.27874370757240535,0.6368069458007817
1246,Ba0.95Sr0.05Zn0.475Ga0.025Ta0.6583O3,Ba,Ib,29.0,32.84619,32.31254768371582,0.555151447690069,-0.5336437225341797
1247,BaZr0.0215Zn0.272Ni0.0542Ta0.6523O3,Ba,Ib,29.0,28.754086,28.61680072784424,0.3272488433380406,-0.13728481292724481
1248,SrTb0.5Ta0.5O3,Sr,III,29.0,27.098154,27.530256385803224,0.3867667063329852,0.4321023178100596
1249,BaHfO3,Ba,Ia,29.1,24.78476,24.457974014282225,0.2291786529595318,-0.3267855072021497
1250,CaLi0.3333Nb0.6667O3,Ca,III,29.6,27.774502,31.04712635040283,9.264293047205689,3.2726245498657214
1251,SrNd0.5Nb0.5O3,Sr,III,29.7,33.314655,32.37358749389649,0.5110130240911934,-0.9410678100585912
1252,BaTi0.6Ni0.2W0.2O3,Ba,Ib,29.8,31.28092,30.604766578674315,1.2489255950553808,-0.6761534500122082
1253,Ba5Ta4O15,Ba,Ib,28.0,29.69906,29.534537544250487,0.14758351813134737,-0.16452289581298984
1254,PrMg0.5Ti0.5O3,Other,III,28.0,24.855978,25.287765464782716,0.2530170272721207,0.43178745269775476
1255,SrY0.5Ta0.5O3,Sr,III,28.0,27.363123,28.155824546813964,0.7488807462966155,0.7927016067504873
1256,SrHo0.5Ta0.5O3,Sr,III,28.0,26.119236,26.840246658325196,0.5054989797638533,0.7210106658935551
1257,CaGd0.5Ta0.5O3,Ca,III,27.2,24.209713,23.915213775634765,0.2605670310437257,-0.29449920654296946
1258,SrLa0.5Nb0.5O3,Sr,III,27.5,30.742065,28.334704055786133,0.8709420766207466,-2.4073613739013666
1259,SrZn0.5W0.5O3,Sr,II,27.5,22.0251,23.940881729125977,0.6725322501612976,1.915781021118164
1260,LaMg0.5Ti0.5O3,Other,III,27.6,28.1349,28.66514644622803,0.3666722221511544,0.5302473068237319
1261,SrSm0.5Ta0.5O3,Sr,III,27.7,28.383701,27.970839805603028,0.3104721512990334,-0.412861518859863
1262,BaMg0.1333Zn0.2Ta0.6667O3,Ba,Ib,27.7,26.830357,26.718194007873535,0.3204690434357446,-0.11216259002685547
1263,NdMg0.5Ti0.5O3,Other,III,28.0,25.119606,25.676514739990235,0.42164391688351127,0.5569087219238291
1264,CaLi0.3167Nb0.6333Zr0.05O3,Ca,III,29.9,30.313562,29.073707427978515,8.674571205634043,-1.239854965209961
1265,Ba4LiTa3O12,Ba,Ib,28.0,33.036644,30.289779777526856,6.9223910126977355,-2.7468642044067373
1266,BaTb0.5Ta0.5O3,Ba,II,28.0,33.852394,32.84302013397217,0.8668847819749699,-1.0093739700317386
1267,SrZn0.3333Ta0.6667O3,Sr,II,28.0,30.534184,31.6312731552124,0.4433030302359496,1.0970896530151357
1268,BaZn0.3333Ta0.6667O3,Ba,Ib,28.0,28.713684,28.389635810852052,0.48466527690178274,-0.32404827117919766
1269,Ca0.6Ba0.4Yb0.5Ta0.5O3,Ca,III,28.0,25.975052,25.52026222229004,0.6199097286632496,-0.454789657592773
1270,BaZr0.0215Ni0.0542Zn0.272Ta0.6523O3,Ba,Ib,28.0,28.743923,28.467103424072267,0.49589725354924913,-0.27681976318359247
1271,CaHo0.5Ta0.5O3,Ca,III,28.0,25.71102,25.178486099243162,0.4435020454011663,-0.5325334167480484
1272,SrDy0.5Ta0.5O3,Sr,III,28.0,26.480259,27.198717880249024,0.47045823056942443,0.7184589385986335
1273,CaZr0.8Ti0.2O3,Ca,III,28.0,30.21416,30.354189071655274,1.0137738812690633,0.14002815246582045
1274,SrSm0.5Nb0.5O3,Sr,III,31.8,30.801666,31.229488067626953,0.6791609740836894,0.42782180786132784
1275,CaDy0.5Ta0.5O3,Ca,III,30.0,25.299194,24.910397911071776,0.3685568468715707,-0.3887964248657241
1276,LaCo0.5Ti0.5O3,Other,III,30.0,28.786194,29.728100395202638,1.0958142428962054,0.9419065475463881
1277,SrAl0.5Nb0.5O3,Sr,Ib,31.0,30.400692,30.68740921020508,0.5598807470639632,0.28671722412109446
1278,SrYb0.5Nb0.5O3,Sr,III,31.0,28.94727,29.273992042541504,0.5762568749755136,0.3267226028442387
1279,Ca0.4Sm0.6Mg0.3Ti0.7O3,Other,III,31.0,31.02682,31.898759422302245,0.4019229770476734,0.8719401931762683
1280,Ca4MgTa2TiO12,Ca,III,31.0,30.148096,28.8010001373291,1.1177791870535119,-1.3470959472656254
1281,Ca4NiTa2TiO12,Ca,III,31.0,30.679697,28.587704734802244,1.6133319812529223,-2.0919923019409197
1282,BaNi0.3333Nb0.6667O3,Ba,Ib,31.0,30.277191,30.09668151855469,1.2840448340109212,-0.1805096435546858
1283,BaMg0.3333Nb0.6667O3,Ba,Ib,31.0,31.06522,30.76167308807373,0.5783142940458617,-0.30354679107665916
1284,Ba4SrTa4O15,Ba,Ib,31.1,31.264914,31.051871757507325,0.30205677732183167,-0.2130418014526363
1285,CaLi0.2333Nb0.4667Zr0.3O3,Ca,III,31.1,32.2248,33.768493728637694,6.804443063622982,1.5436936187744124
1286,BaMg0.25W0.25Ti0.5O3,Ba,Ib,31.2,31.122702,29.620811309814453,2.235087750136415,-1.501890335083008
1287,BaZn0.5W0.5O3,Ba,Ia,31.4,22.67828,22.373279418945312,0.5467914068010886,-0.305000457763672
1288,BaZn0.3Ta0.6Ti0.4O3.6,Ba,Ib,31.5,32.840366,28.046120376586913,4.944918485658668,-4.794245986938478
1289,SrSm0.5Ta0.5O3,Sr,III,31.0,28.363132,28.039328422546387,0.2990761554017639,-0.32380405426025405
1290,SrLa0.5Ta0.5O3,Sr,III,31.0,28.56314,27.151358909606934,0.538905594635473,-1.4117819595336911
1291,Ba0.9875Sr0.0125Zn0.475Ga0.025Ta0.6583O3,Ba,Ib,31.0,31.88895,31.596328887939453,0.3352041469454422,-0.29262145996093736
1292,Ba0.9875Sr0.0125Zn0.3167Ga0.025Ta0.6583O3,Ba,Ib,31.0,29.681585,29.20055679321289,0.5344670335694969,-0.48102851867675867
1293,CaLi0.2857Nb0.5715W0.1428O3,Ca,III,30.0,39.620274,38.62497528076172,6.510973067461675,-0.9952983093261736
1294,Ba5Ta4O15,Ba,Ib,30.0,29.69906,29.5810457611084,0.1380245488854028,-0.11801467895507756
1295,BaZr0.03Ni0.0417Zn0.2817Ta0.6467O3,Ba,Ib,30.0,29.016027,28.82866970062256,0.37934512635297185,-0.1873577499389647
1296,BaZr0.05Zn0.32Ta0.63O3,Ba,Ib,30.0,29.226536,28.69746971130371,0.589301886490661,-0.5290660858154297
1297,SrLi0.3078Nb0.4613W0.231O3,Sr,III,30.0,32.01398,31.41485595703125,2.44241489923525,-0.5991249084472656
1298,BaYb0.5Nb0.5O3,Ba,Ib,30.0,30.96456,29.980723419189452,0.6898429259789253,-0.9838361358642587
1299,CaLi0.3Nb0.6Zr0.1O3,Ca,III,30.1,29.74126,28.280823440551757,6.765734906438496,-1.4604370880126964
1300,Ba8ZnTa6O24,Ba,Ib,30.5,29.71492,29.550563049316406,0.2368099172525929,-0.16435699462890696
1301,SrLi0.3889Nb0.5W0.2O3,Sr,III,31.0,29.903896,28.16174171447754,4.846634994631193,-1.7421546173095699
1302,Sr0.15Ba0.85Yb0.5Ta0.5O3,Ba,II,31.0,29.888905,28.852183570861815,0.9478366404311018,-1.0367210006713883
1303,Sr0.625Ce0.25TiO3,Sr,Ib,143.0,139.33105,137.17436462402344,1.2651268558984923,-2.1566900634765602
