idx,formula,a_site,regime,er_measured,pred_original,perm_mean,perm_std,perm_delta
0,Ca0.8Sr0.2SnO3,Ca,III,8.5,18.425823,19.378291778564453,1.812022491868641,0.952468566894531
1,CaTi0.53Al0.235Nb0.235O3,Ca,II,49.8,48.21366,48.304569702148434,6.46921617495451,0.09090850830077812
2,CaTi0.5Al0.25Nb0.25O3,Ca,II,48.0,45.933407,44.00407028198242,6.445656710311032,-1.9293365478515625
3,CaTi0.4Al0.3Nb0.3O3,Ca,II,41.3,39.77038,38.470682067871095,5.534920988557271,-1.2996960449218733
4,CaTi0.3Al0.35Nb0.35O3,Ca,II,36.8,35.044006,34.80268413543701,4.525029263020337,-0.241322212219238
5,CaTi0.7Al0.15Nb0.15O3,Ca,II,65.4,66.03942,62.555509643554686,10.001219748691998,-3.483911437988283
6,CaTi0.6Al0.2Nb0.2O3,Ca,II,54.3,54.737343,53.5510041809082,7.347869318518765,-1.1863386535644551
7,CaTi0.53Al0.235Nb0.235O3,Ca,II,48.5,48.266804,46.356450119018554,7.0860914781401565,-1.9103536224365243
8,CaTi0.5Al0.25Nb0.25O3,Ca,II,48.1,45.953957,45.26231559753418,6.55353109049297,-0.6916410064697232
9,CaTi0.4Al0.3Nb0.3O3,Ca,II,41.2,39.71387,39.292047576904295,5.414409011935723,-0.42182342529297046
10,CaTi0.3Al0.35Nb0.35O3,Ca,II,36.4,34.944263,34.23611625671387,4.674858394847071,-0.7081472015380825
11,CaTi0.7Al0.15Nb0.15O3,Ca,II,69.0,66.80379,62.617966918945314,11.186359022217934,-4.185820312499999
12,CaTi0.6Al0.2Nb0.2O3,Ca,II,56.6,55.123066,51.68982711791992,9.165996457574115,-3.4332388305664097
13,CaTi0.53Al0.235Nb0.235O3,Ca,II,49.4,48.374016,47.86428253173828,7.035011695234156,-0.5097332763671858
14,CaTi0.5Al0.25Nb0.25O3,Ca,II,48.0,45.96589,44.57270935058594,7.146833235979161,-1.3931796264648426
15,CaTi0.4Al0.3Nb0.3O3,Ca,II,41.1,39.499073,40.12879470825195,5.02615616661877,0.6297216796874991
16,CaTi0.3Al0.35Nb0.35O3,Ca,II,36.4,34.6034,34.94280952453613,4.952270496407264,0.3394083404540993
17,Sm0.6Ca0.4Co0.3Ti0.7O3,Other,III,37.0,36.104156,34.0593355178833,1.8862124561107276,-2.044820976257327
18,Ca0.6Sr0.4Al0.3Nb0.3Ti0.4O3,Ca,Ib,37.2,37.792976,48.676846237182616,6.257252970697994,10.883869857788085
19,Ca5Nb4TiO17,Ca,III,45.6,37.05191,37.051910400390625,0.0,0.0
20,Ca4.9Zn0.1Nb4TiO17,Ca,III,40.3,44.450775,44.450775146484375,0.0,0.0
21,Ca4.8Zn0.2Nb4TiO17,Ca,III,37.9,44.048428,44.04842758178711,0.0,0.0
22,Ca4.7Zn0.3Nb4TiO17,Ca,III,45.8,43.748714,43.748714447021484,0.0,0.0
23,Ca4.6Zn0.4Nb4TiO17,Ca,III,52.0,43.48935,43.489349365234375,0.0,0.0
24,CaTi0.6Al0.2Nb0.2O3,Ca,II,55.7,54.589134,52.742795867919924,7.582116807575003,-1.8463383483886702
25,CaTi0.7Al0.15Nb0.15O3,Ca,II,67.8,65.767136,64.02583564758301,8.900976443174,-1.7412999725341791
26,SrLa3Ti2NbO12,Sr,III,41.0,43.067047,43.067047119140625,0.0,0.0
27,Sr2La2TiNb2O12,Sr,III,39.0,40.875904,40.87590408325195,0.0,0.0
28,Ba2SrLaNb3O12,Ba,II,39.5,41.546608,41.546607971191406,0.0,0.0
29,Ba.5Sr.5LaNb3O12,Other,Ib,38.95,37.53063,37.5306282043457,0.0,0.0
30,BaSr2LaNb3O12,Sr,III,37.1,36.658295,36.658294677734375,0.0,0.0
31,Sr3LaNb3O12,Sr,III,35.8,36.590313,36.59031295776367,0.0,0.0
32,BaLa0.5Nb0.5O3,Ba,III,45.0,44.30557,43.798661346435544,1.2627144967962853,-0.5069073486328151
33,BaPr0.5Nb0.5O3,Ba,III,44.5,43.21682,42.40273040771484,1.3190819891493528,-0.8140893554687523
34,BaNd0.5Nb0.5O3,Ba,III,44.0,41.635216,40.40667518615723,1.4368094292627167,-1.2285405731201138
35,BaSm0.5Nb0.5O3,Ba,II,43.0,40.138355,39.73533271789551,0.863707246900263,-0.4030225372314433
36,BaEu0.5Nb0.5O3,Ba,II,40.0,38.919624,38.57187713623047,1.0485585843251057,-0.34774719238281193
37,BaGd0.5Nb0.5O3,Ba,II,40.0,38.158325,38.08849075317383,0.7958887474786018,-0.06983444213867074
38,BaTb0.5Nb0.5O3,Ba,II,39.0,37.385796,38.05912109375,1.1261263831315833,0.6733255004882821
39,Ca5Nb2TiO12,Ca,III,48.0,37.467678,37.46767807006836,0.0,0.0
40,BaDy0.5Nb0.5O3,Ba,II,38.9,36.74372,37.25366241455078,1.1263273919220098,0.5099414062500003
41,BaY0.5Nb0.5O3,Ba,II,37.0,36.02114,36.84473495483398,0.5400047518981494,0.8235939025878878
42,BaYb0.5Nb0.5O3,Ba,Ib,36.0,35.020798,34.6486882019043,0.4898255472089586,-0.37210952758788807
43,Ba8Ta4Ti3O23.5,Ba,Ib,40.0,40.510113,37.773498916625975,1.6481866050458513,-2.7366138458251967
44,Ba8Ta4.32Ti2.6O23.54,Ba,Ib,36.0,39.223656,37.5270191192627,1.6712513657933334,-1.696636581420897
45,Ba8Ta4.64Ti2.2O23.58,Ba,Ib,44.0,37.987045,35.97509872436523,1.136564341927939,-2.0119465637207057
46,Ba10Ta7.04Ti.2O29.88,Ba,Ib,35.0,34.958748,33.33103897094727,1.0146477910328193,-1.6277088928222625
47,Ba10Ta7.28Ti0.9O29.91,Ba,Ib,35.0,35.202633,33.6685612487793,0.830574260223853,-1.5340716552734364
48,Ba10Ta7.52Ti0.6O29.94,Ba,Ib,34.0,34.456932,33.19702072143555,0.6789677722049264,-1.259911346435544
49,Ba5Ta4O15,Ba,Ib,28.0,29.43873,31.037534561157226,1.0707038562884275,1.5988043212890624
50,Ba5Sr2Ta4ZrO21,Ba,Ib,27.0,27.49909,27.49909019470215,0.0,0.0
51,Sr3LaNb3O12,Sr,III,36.0,36.338505,36.338504791259766,0.0,0.0
52,BaHo0.5Nb0.5O3,Ba,II,38.0,36.6307,37.065605087280275,1.0055592994541755,0.4349059295654314
53,Ca5Ta2TiO12,Ca,III,38.0,37.296345,37.29634475708008,0.0,0.0
54,CaTi0.70Al0.15Ta0.15O3,Ca,II,65.4,64.32998,61.1384065246582,11.120300310201346,-3.1915724182128926
55,CaTi0.60Al0.20Ta0.20O3,Ca,II,52.2,50.84762,49.187573471069335,8.1863844699904,-1.6600446319580087
56,CaTi0.60Al0.20Ta0.20O3,Ca,II,52.3,50.808613,48.73010307312012,8.625119800090776,-2.0785097503662087
57,CaTi0.60Al0.20Ta0.20O3,Ca,II,52.4,50.731434,51.27253028869629,8.004982960179321,0.5410964202880848
58,CaTi0.60Al0.20Ta0.20O3,Ca,II,52.0,50.682304,50.29467933654785,8.249455454778008,-0.38762504577636747
59,CaTi0.54Al0.23Ta0.23O3,Ca,II,46.6,45.076775,47.64772247314453,5.00516988279168,2.5709478759765645
60,CaTi0.54Al0.23Ta0.23O3,Ca,II,46.7,44.953197,45.661649017333986,7.020669567212475,0.7084515380859386
61,CaTi0.54Al0.23Ta0.23O3,Ca,II,46.8,44.66717,45.21263069152832,7.227724426216897,0.5454592132568337
62,CaTi0.54Al0.23Ta0.23O3,Ca,II,46.5,44.41604,45.41239334106445,6.712438940452423,0.9963548278808574
63,CaTi0.50Al0.25Ta0.25O3,Ca,II,41.4,41.861633,43.5885391998291,5.887809199218296,1.7269058990478499
64,CaTi0.70Al0.15Ta0.15O3,Ca,II,65.7,63.99767,61.389195098876954,10.146059481765262,-2.6084741210937494
65,CaTi0.50Al0.25Ta0.25O3,Ca,II,41.5,41.318798,43.27343940734863,5.998904812997661,1.954641342163086
66,Ca0.70Nd0.30Ti0.70Al0.30O3,Ca,II,43.5,39.98851,39.7732559967041,3.6116467689562857,-0.21525413513183622
67,Ca0.70La0.15Nd0.15Ti0.70Al0.30O3,Ca,II,41.5,40.131096,40.16901901245117,4.530036422852024,0.03792312622070426
68,Ca0.70La0.30Ti0.70Ga0.30O3,Ca,II,49.4,47.335857,45.46319190979004,4.6721985882732575,-1.872665481567381
69,Ca0.70Nd0.30Ti0.70Ga0.15Al0.15O3,Ca,III,45.3,47.20302,43.39818794250488,4.5979961085649315,-3.8048302459716794
70,Ca0.70La0.30Ti0.70Ga0.15Al0.15O3,Ca,II,45.2,44.57718,45.36375007629395,5.255537502689726,0.7865711212158217
71,Ca0.70La0.15Nd0.15Ti0.70Ga0.15Al0.15O3,Ca,II,45.2,43.04156,43.15860313415527,5.12103643046702,0.11704200744628679
72,Ca0.67La0.165Nd0.165Ti0.67Ga0.33O3,Ca,III,44.7,44.423065,41.82029258728027,3.5312406270467536,-2.602772598266604
73,Ca0.66La0.17Nd0.17Ti0.66Ga0.34O3,Ca,III,44.1,43.80479,40.54936393737793,3.690492938245684,-3.2554265594482388
74,Ca0.64La0.18Nd0.18Ti0.64Ga0.36O3,Ca,III,43.6,42.662144,40.14808723449707,3.03339889310752,-2.5140564727783214
75,Ca0.66La0.34Ti0.66Ga0.34O3,Ca,II,47.5,44.78599,42.93467559814453,3.758179551553674,-1.851316070556642
76,Ca0.64La0.36Ti0.64Ga0.36O3,Ca,II,46.5,43.653904,43.52113830566406,2.816620245276703,-0.13276565551758068
77,Ba2.5Sr0.5LaNb3O12,Ba,Ib,41.86,42.298412,42.29841232299805,0.0,0.0
78,CaTi0.70Al0.15Ta0.15O3,Ca,II,65.6,63.651917,59.333729400634766,10.596515542913407,-4.318187103271484
79,CaLa4Ti4O15,Other,II,41.1,41.04837,40.974178314208984,0.9860046876000234,-0.07419204711914062
80,BaZn0.300Nb0.600Zr0.100O3,Ba,Ib,38.0,40.09371,42.6286597442627,1.670936089987382,2.5349478912353547
81,Ba0.80Sr0.20Zn0.313Ta0.627Ti0.060O3,Ba,Ib,42.0,38.80298,39.5707551574707,1.7325820731375003,0.7677766418456997
82,Ba0.75Sr0.25Zn0.313Ta0.627Ti0.060O3,Ba,Ib,40.0,39.994595,40.736672439575194,1.6001928468165818,0.7420778656005851
83,Ba4LaTiNb3O15,Ba,Ib,52.0,47.268463,47.98746047973633,2.968722740105474,0.7189973449707026
84,Ba4LaSnNb3O15,Ba,Ib,39.0,38.28408,38.34228904724121,1.3564938201871843,0.05820854187011548
85,Ca0.65Sm0.315Nd0.035Ti0.65Al0.35O3,Ca,II,39.7,39.71641,38.08973777770996,3.6516082895017634,-1.6266738128662084
86,Ca0.25Sm0.675Nd0.075Ti0.25Al0.75O3,Other,II,22.74,22.646872,23.855126609802245,0.8660506725616139,1.2082550430297836
87,Ca0.35Sm0.585Nd0.065Ti0.35Al0.65O3,Other,II,25.84,24.872242,25.652247619628906,1.1490602024521042,0.7800056457519524
88,Ca0.45Sm0.495Nd0.055Ti0.45Al0.55O3,Ca,II,29.38,28.540304,28.45512809753418,1.6360933783015417,-0.08517608642578267
89,Ca0.55Sm0.405Nd0.045Ti0.55Al0.45O3,Ca,II,32.85,31.829056,31.54808380126953,2.36421274881736,-0.2809719848632817
90,Ca0.75Sm0.225Nd0.025Ti0.75Al0.25O3,Ca,II,50.21,49.11571,44.21414291381836,5.756750264937256,-4.901568298339846
91,CaTi0.70Al0.15Ta0.15O3,Ca,II,65.5,63.511208,59.49403350830078,10.48536701270229,-4.017174072265625
92,Ca0.85Sm0.135Nd0.015Ti0.85Al0.15O3,Ca,II,69.2,68.54199,58.88802597045898,10.013474362740912,-9.653966217041017
93,Ca5Nb.5Ta0.5TiO12,Ca,III,46.0,39.58573,39.585731506347656,0.0,0.0
94,Ca5NbTaTiO12,Ca,III,43.0,40.103462,40.10346221923828,0.0,0.0
95,Ca5Nb0.5Ta.5TiO12,Ca,III,40.0,39.058186,39.05818557739258,0.0,0.0
96,Ca5Ta2TiO12,Ca,III,38.0,37.60357,37.60356903076172,0.0,0.0
97,BaZn0.333Co0.000Nb0.667O3,Ba,Ib,41.4,39.752705,41.01689361572266,1.2908621038472516,1.2641889953613301
98,BaZn0.267Co0.067Nb0.667O3,Ba,Ib,40.1,37.743977,40.20761779785156,1.6826373429313006,2.4636412048339835
99,BaZn0.200Co0.133Nb0.667O3,Ba,Ib,38.2,36.284668,39.02602882385254,1.9317137462731881,2.741360855102542
100,BaZn0.133Co0.200Nb0.667O3,Ba,Ib,35.8,35.06587,37.84958786010742,2.2293283270198745,2.7837194824218727
101,BaZn0.067Co0.267Nb0.667O3,Ba,Ib,33.9,34.244884,37.898940353393556,2.034487112107115,3.654055862426759
102,BaLa4Ti4O15,Other,Ib,44.4,44.747925,44.862443161010745,0.4046962377116069,0.11451835632324503
103,SrLa4Ti4O15,Other,II,43.7,42.511314,43.080178833007814,0.751020143539378,0.5688644409179702
104,CaTi0.60Mg0.1333Nb0.2667O3,Ca,III,62.97,60.994007,54.74951301574707,7.988432028564365,-6.244494094848633
105,Ba3LaNb3O12,Ba,Ib,44.8,44.04253,44.04253005981445,0.0,0.0
106,Pb0.40Ca0.60Fe0.495Nb0.495Zr0.01O3,Ca,II,68.4,70.14016,66.17226219177246,10.635348217711659,-3.967897415161133
107,LaAlO3,Other,Ia,22.0,22.417439,21.80801940917969,0.5348005615565251,-0.6094190979003891
108,La0.75Sr0.25Al0.75Ti0.25O3,Other,Ib,26.0,26.358042,29.342091522216798,1.848221584765324,2.9840497589111337
109,La0.55Sr0.45Al0.55Ti0.45O3,Sr,Ib,29.0,30.68867,34.495754661560056,2.2557368616942566,3.8070854568481423
110,La0.50Sr0.50Al0.50Ti0.50O3,Sr,Ib,33.0,32.294834,35.7156209564209,2.3893824526971854,3.4207868194580087
111,La0.45Sr0.55Al0.45Ti0.55O3,Sr,Ib,34.0,34.075817,38.22266258239746,2.7169050499887963,4.146845474243165
112,La0.40Sr0.60Al0.40Ti0.60O3,Sr,Ib,39.0,37.255383,42.81266944885254,3.0599750729005177,5.557286911010742
113,La0.25Sr0.75Al0.25Ti0.75O3,Sr,Ib,46.0,46.18876,55.890981674194336,6.516009211891361,9.70222282409668
114,Ba0.99Zn0.10Co0.2333Nb0.6667O3,Ba,Ib,33.7,33.896706,37.12609550476074,2.074424113174568,3.229389877319335
115,Ba0.993La0.0067Zn0.10Co0.2333Nb0.6667O3,Ba,Ib,34.0,33.95157,39.30632049560547,3.429296406839299,5.354751892089844
116,LaZn0.5Ti0.5O3,Other,III,34.0,32.11527,31.915973625183106,0.4568066609555023,-0.1992950820922843
117,Ba5Ta4O15,Ba,Ib,30.2,30.69804,32.5764933013916,1.1310086017707044,1.8784532928466788
118,Ba4SrTa4O15,Ba,Ib,32.9,32.6702,35.560102005004886,1.5490438762838903,2.8899016571044953
119,Ba3Sr2Ta4O15,Ba,Ib,34.3,34.527405,37.62506866455078,1.7450355186994047,3.0976638793945312
120,Ba2Sr3Ta4O15,Sr,Ib,35.2,34.081627,36.31753143310547,1.3284689004962178,2.2359045410156284
121,BaSr4Ta4O15,Sr,Ib,33.2,34.393074,36.946649169921876,1.5941400791982316,2.553575134277345
122,Sr5Ta4O15,Sr,II,43.5,40.83866,39.13719917297363,2.7741321543522264,-1.7014620208740254
123,Ba5NbTa3O15,Ba,Ib,31.7,29.644245,32.662766189575194,1.9792209787359574,3.018521041870116
124,Ba5Nb2Ta2O15,Ba,Ib,34.2,31.508905,34.2125008392334,2.227576475200726,2.703595428466798
125,Ba5Nb3TaO15,Ba,Ib,37.2,35.598946,38.95921440124512,1.7325575039597938,3.360268783569339
126,Ba5Nb4O15,Ba,Ib,42.0,42.427025,45.957474060058594,1.8816860216825857,3.5304492187500003
127,Sr5Nb2Ta2O15,Sr,II,34.3,40.494614,39.5052074432373,2.2427654674197544,-0.9894062042236342
128,Sr5Nb3TaO15,Sr,II,38.2,42.987133,41.31818626403808,2.331686195607612,-1.668946762084964
129,Li0.774Zr0.057NbO3,Other,III,30.97,31.604961,28.32795135498047,5.193691025631286,-3.2770100402832014
130,Li0.774Zr0.057NbO3,Other,III,38.66,31.604961,29.066525955200195,4.819106909005067,-2.538435440063477
131,Li0.774Zr0.057NbO3,Other,III,27.75,30.755304,29.14825008392334,3.709292030183681,-1.6070542526245113
132,Li0.774Zr0.057NbO3,Other,III,33.01,31.604961,28.17348979949951,5.357470637978889,-3.4314715957641617
133,Ba6Nb4ZrO18,Ba,Ib,32.4,34.559544,36.44640281677246,1.2612321214132698,1.8868592071533214
134,Ba6Ta4TiO18,Ba,Ib,29.3,33.301033,35.073428039550784,0.7960867441835002,1.7723950195312526
135,Ba5SrNb4TiO18,Ba,Ib,50.8,49.837082,51.98325592041016,4.0037738746907,2.146174011230471
136,Ba5SrNb4ZrO18,Ba,Ib,39.5,38.891106,39.56719184875488,0.7254442764363787,0.6760861968994121
137,Ba5SrTa4TiO18,Ba,Ib,34.9,35.691692,36.69408264160156,0.540481326130969,1.0023902893066392
138,Sr6Nb4TiO18,Sr,Ib,46.2,40.67746,43.954683532714846,1.8696435646773912,3.2772238159179707
139,BaZn0.333Ta0.667O3,Ba,Ib,29.5,29.490362,27.961417999267578,1.2556818568054238,-1.5289441680908205
140,BaZn0.333Ta0.667O3,Ba,Ib,29.6,28.979437,26.978912239074706,1.6533881309174765,-2.0005246353149424
141,BaZn0.333Ta0.667O3,Ba,Ib,28.4,28.843939,26.885933380126954,1.5243522995693384,-1.9580054473876949
142,BaZn0.333Ta0.667O3,Ba,Ib,30.2,29.20927,26.509128494262697,1.6513559267137037,-2.700141983032225
143,NdCo0.5Ti0.5O3,Other,III,27.0,26.298111,26.388198585510253,0.6568301001425589,0.09008762359619027
144,Sr5Nb4O15,Sr,II,45.2,49.750526,47.73611000061035,2.5148943351694073,-2.0144164276123036
145,Nd0.9Sr0.1Co0.45Ti0.55O3,Other,III,29.32,29.056131,28.77419719696045,0.24929840907910888,-0.2819341659545884
146,Ba2SrYNb3O12,Ba,Ib,34.1,38.79484,38.79484176635742,0.0,0.0
147,BaSr2YNb3O12,Sr,II,34.7,35.314716,35.31471633911133,0.0,0.0
148,Sr3YNb3O12,Sr,III,34.9,34.715363,34.715362548828125,0.0,0.0
149,BaZn0.33Ta0.67O3,Ba,Ib,29.1,28.669687,28.760197410583498,0.7532472510556854,0.0905101394653336
150,BaZn0.33Ta0.67O3,Ba,Ib,30.4,28.669687,28.56001983642578,0.8836674244281446,-0.10966743469238338
151,Sr0.1Ba0.9Ti0.1Zn0.3Ta0.6O3,Ba,Ib,33.7,32.9255,36.35339775085449,2.071530035168127,3.427898788452147
152,BaMg0.333Nb0.667O3,Ba,Ib,31.2,30.641293,33.27301490783692,1.684502635607449,2.6317223358154322
153,BaMg0.333Nb0.667O3,Ba,Ib,31.5,30.456997,33.146572799682616,1.7514775562057148,2.6895758819580067
154,BaMg0.333Nb0.667O3,Ba,Ib,31.0,30.641293,33.534027938842776,1.6941935622634532,2.8927353668212916
155,BaZn0.25Ta0.50Ti0.33O3,Ba,Ib,31.5,32.139206,34.95084121704102,1.4209824185350501,2.8116352844238293
156,BaSn0.226Zn0.255Nb0.515O3,Ba,Ib,32.0,32.97569,32.026759490966796,1.477977442922239,-0.9489294433593756
157,Ba3YNb3O12,Ba,Ib,29.9,37.08304,37.083038330078125,0.0,0.0
158,La0.680Al0.04Ti0.96O3,Other,II,71.9,69.90773,63.23267120361328,5.944863382280029,-6.6750588989257835
159,La0.687Al0.06Ti0.94O3,Other,II,67.6,67.530594,61.88822158813477,5.460117432814802,-5.6423722839355435
160,La0.693Al0.08Ti0.92O3,Other,II,66.9,65.3323,58.93380386352539,5.327924862754508,-6.398494415283203
161,Ca4La2Ti4Mg0.333Nb0.667O17,Ca,III,59.3,49.120533,49.12053298950195,0.0,0.0
162,Ca4La2Ti3Mg0.667Nb.333O17,Ca,III,49.21,46.78518,45.476388397216795,3.9995836338812127,-1.3087907409667991
163,Ca4La2Ti2.5Mg0.833Nb.667O17,Ca,III,44.36,43.660492,43.660491943359375,0.0,0.0
164,Ca4La2Ti2MgNb2O17,Ca,III,40.45,40.976086,40.9760856628418,0.0,0.0
165,Ca4La2TiMg.333Nb2.667O17,Ca,III,35.23,41.682556,41.68255615234375,0.0,0.0
166,Pb0.55Ca0.45Fe0.475Nb0.475Zr0.05O3,Ca,II,108.5,101.9993,95.33221542358399,16.703907177521675,-6.667082672119136
167,Pb0.50Ca0.50Fe0.475Nb0.475Zr0.05O3,Ca,II,94.3,92.868675,82.62049659729004,15.936237208749162,-10.248178634643551
168,Pb0.45Ca0.55Fe0.475Nb0.475Zr0.05O3,Ca,II,81.2,82.80629,79.56796340942383,10.022711996767509,-3.238326263427737
169,Pb0.40Ca0.60Fe0.475Nb0.475Zr0.05O3,Ca,II,67.2,69.3427,66.08210189819336,10.294578297231006,-3.26059524536133
170,Ca4La2Ti5O17,Ca,II,71.86,70.467094,65.38833282470704,6.09863956160839,-5.0787615966796835
171,Pb0.55Ca0.45Fe0.475Nb0.475Zr0.05O3,Ca,II,100.1,102.45421,94.74581024169922,16.88903992040709,-7.70839813232422
172,Pb0.45Ca0.55Fe0.475Nb0.475Zr0.05O3,Ca,II,86.8,83.3338,77.42545227050782,11.806778168304325,-5.908348999023431
173,Pb0.40Ca0.60Fe0.475Nb0.475Zr0.05O3,Ca,II,70.1,69.816986,65.91681800842285,10.961837707995493,-3.900168075561524
174,Pb0.60Ca0.40Fe0.495Nb0.495Zr0.01O3,Other,II,126.7,128.1025,109.96965393066407,18.862350330646777,-18.132839355468747
175,Pb0.55Ca0.45Fe0.495Nb0.495Zr0.01O3,Ca,II,90.6,98.04759,88.63199447631835,17.0253851689441,-9.415597686767583
176,Pb0.50Ca0.50Fe0.495Nb0.495Zr0.01O3,Ca,II,86.3,91.00729,84.67829925537109,14.419264957564266,-6.328994445800788
177,Pb0.45Ca0.55Fe0.495Nb0.495Zr0.01O3,Ca,II,82.5,81.809044,78.7233447265625,10.02400537522174,-3.085699157714842
178,Pb0.40Ca0.60Fe0.495Nb0.495Zr0.01O3,Ca,II,68.7,69.61998,65.11506927490234,11.315664502672416,-4.504910583496098
179,Pb0.60Ca0.40Fe0.495Nb0.495Zr0.01O3,Other,II,128.4,128.22171,101.83444427490234,23.026007597099714,-26.387265930175786
180,Pb0.55Ca0.45Fe0.495Nb0.495Zr0.01O3,Ca,II,97.1,98.455185,95.70799041748047,14.610558523259638,-2.7471945190429636
181,Pb0.50Ca0.50Fe0.495Nb0.495Zr0.01O3,Ca,II,89.2,91.41054,85.30350387573242,14.586721535461049,-6.107033843994145
182,Pb0.45Ca0.55Fe0.495Nb0.495Zr0.01O3,Ca,II,85.3,82.332886,72.76404510498047,13.121838353784566,-9.568840637207032
183,Pb0.50Ca0.50Fe0.475Nb0.475Zr0.05O3,Ca,II,96.5,93.291504,86.86741333007812,14.265691610874892,-6.424090576171878
184,BaZn0.20Co0.133Nb0.667O3,Ba,Ib,35.5,34.897152,37.404500579833986,1.661121024988963,2.5073486328125014
185,BaCo0.233Zn0.100Nb0.667O3,Ba,Ib,34.5,33.27021,34.56281784057617,1.0374828139732426,1.2926075744628918
186,La0.8Ti0.6Al0.4O3,Other,Ia,38.7,35.823246,35.975114822387695,1.9256988831456718,0.1518688201904297
187,La0.700Al0.10Ti0.90O3,Other,II,62.6,61.39907,56.81180389404297,3.9889589024235654,-4.587266845703127
188,La0.708Al0.125Ti0.875O3,Other,II,60.7,59.048523,54.389261932373046,4.148139792407241,-4.659261016845704
189,La0.717Al0.15Ti0.85O3,Other,II,57.7,56.721302,52.67402244567871,4.0026530120448305,-4.047279586791994
190,La0.733Al0.20Ti0.80O3,Other,II,53.9,51.75072,48.849658813476566,3.6180715659187968,-2.901062164306637
191,La0.767Al0.30Ti0.70O3,Other,II,44.9,42.895737,41.366355667114256,2.6965758465756027,-1.5293810272216817
192,La0.800Al0.40Ti0.60O3,Other,Ia,39.6,35.84801,35.60268394470215,1.9096271919690437,-0.24532707214355298
193,La0.833Al0.50Ti0.50O3,Other,Ia,34.4,32.409176,31.32430938720703,1.5691501272071993,-1.084866485595704
194,La0.680Al0.04Ti0.96O3,Other,II,70.4,69.90575,62.78972541809082,5.8573938635644165,-7.11602104187012
195,La0.687Al0.06Ti0.94O3,Other,II,68.0,67.530594,60.20602523803711,5.47959001551752,-7.324568634033206
196,La0.693Al0.08Ti0.92O3,Other,II,66.7,65.31752,59.56504524230957,5.137010028681411,-5.75247489929199
197,La0.700Al0.10Ti0.90O3,Other,II,65.3,61.39907,57.69484588623047,4.368048412036842,-3.704224853515626
198,BaCo0.333Nb0.667O3,Ba,Ib,32.0,32.890842,34.726193237304685,1.0540657869540098,1.835350799560544
199,La0.708Al0.125Ti0.875O3,Other,II,60.8,59.048523,54.17778266906738,3.801094138421826,-4.870740280151367
200,La0.733Al0.20Ti0.80O3,Other,II,53.1,51.75072,49.597656173706056,3.3175162402872918,-2.1530648040771467
201,La0.767Al0.30Ti0.70O3,Other,II,46.3,42.963554,41.661379699707034,2.5784965582478048,-1.302174682617185
202,La0.800Al0.40Ti0.60O3,Other,Ia,40.0,35.84801,35.873992080688474,1.960548304229004,0.02598106384277088
203,La0.833Al0.50Ti0.50O3,Other,Ia,36.6,32.409176,31.39146255493164,1.4335819558261653,-1.0177133178710953
204,La0.8Ti0.6Al0.4O3,Other,Ia,29.4,35.897263,36.10352096557617,2.0454245977788044,0.2062583923339858
205,La0.8Ti0.6Al0.4O3,Other,Ia,34.2,35.897263,35.29166427612304,2.2466815520900836,-0.605598297119144
206,La0.8Ti0.6Al0.4O3,Other,Ia,35.1,35.87268,35.27283432006836,2.1754200938659896,-0.5998463439941375
207,La0.8Ti0.6Al0.4O3,Other,Ia,38.7,35.87268,35.89669425964355,2.1377887985947424,0.024013595581052982
208,La0.8Ti0.6Al0.4O3,Other,Ia,39.6,35.84801,35.430776290893554,2.136743484283421,-0.4172347259521487
209,La0.8Ti0.6Al0.4O3,Other,Ia,40.0,35.84801,35.680492095947265,2.123871013110878,-0.16751892089843778
210,La0.8Ti0.6Al0.4O3,Other,Ia,38.3,35.823246,35.78152450561524,1.929791214162222,-0.04172149658202784
211,La0.717Al0.15Ti0.85O3,Other,II,54.4,56.721302,53.100279846191405,3.679558444368839,-3.6210221862792977
212,Ba6Nb4TiO18,Ba,Ib,46.2,44.831776,47.118947143554685,2.3202603902086976,2.287171478271482
213,CaTi0.50Mg0.1667Nb0.3333O3,Ca,III,54.31,53.16439,47.27641822814942,7.02193675692261,-5.887972335815427
214,CaTi0.35Mg0.2167Nb0.4333O3,Ca,III,44.24,45.392418,39.94004020690918,5.929613161440781,-5.452377700805663
215,Ca0.45Li0.175Dy0.0667Nd0.2417TiO3,Ca,III,100.1,115.903305,102.54380081176758,14.23301787948042,-13.359504241943355
216,Ca0.45Li0.225Dy0.0333Nd0.2583TiO3,Ca,III,105.1,117.8371,107.31718322753906,14.710735162448417,-10.519913940429689
217,Ca0.30Li0.20Dy0.10Nd0.30TiO3,Other,III,97.6,104.25017,89.09050827026367,13.736945041674675,-15.159659576416018
218,Ca0.20Li0.25Dy0.10Nd0.35TiO3,Other,III,89.4,97.61637,83.50729400634765,13.725064335730137,-14.109077148437507
219,Ca0.40Li0.25Dy0.0333Nd0.2833TiO3,Ca,III,103.0,113.67246,96.84709213256836,17.191231205412855,-16.825370330810543
220,Ca0.10Li0.25Dy0.1333Nd0.3833TiO3,Other,III,70.6,78.949905,71.69435775756835,9.558941361221065,-7.255547637939458
221,Ca0.5Pb0.5Zr0.95Ti0.05O3,Ca,III,72.0,71.91089,70.63988410949707,6.079798531975033,-1.2710045623779251
222,Ca4La2Ti5O17,Ca,II,73.0,70.800156,67.88640991210937,5.313308996500277,-2.913745727539066
223,Ca0.268Li0.165Sm0.433TiO3,Other,III,95.5,96.308655,90.39448760986328,8.029202272367604,-5.914167175292974
224,Ca0.5Pb0.5Fe0.5Ta0.5O3,Ca,II,67.9,78.00876,69.86565109252929,11.912503409942602,-8.143107452392584
225,Ca0.5Pb0.5Fe0.5Ta0.5O3,Ca,II,79.6,78.45308,71.35016036987305,10.969696776388103,-7.1029188537597605
226,Ca0.5Pb0.5Fe0.5Ta0.5O3,Ca,II,84.0,78.89281,74.22459602355957,10.894815680970169,-4.668210983276367
227,Ca0.5Pb0.5Fe0.5Ta0.5O3,Ca,II,83.9,79.32523,75.76422348022462,10.08963258846032,-3.561009979248041
228,Pb.0ZrO3,Other,III,129.0,124.026535,119.937548828125,12.749631073761833,-4.088986206054685
229,Ba0.05Pb0.95ZrO3,Other,II,135.0,136.64108,120.02425354003907,11.925331940185844,-16.616829223632806
230,Pb0.90Sr0.10ZrO3,Other,III,127.0,122.762184,119.42753601074219,12.240518549135643,-3.3346481323242188
231,Pb0.50Sr0.50ZrO3,Sr,III,101.0,101.04602,96.2015609741211,6.687504375194656,-4.844459533691406
232,Pb0.40Sr0.60ZrO3,Sr,III,73.0,75.19652,75.03424095153808,4.047952974036183,-0.16227699279785668
233,Pb0.95Ca0.05ZrO3,Other,III,112.0,121.22898,120.57738098144532,13.028843345387754,-0.6516000366210903
234,Pb0.70Ca0.30ZrO3,Other,III,132.0,123.70681,111.75832138061523,15.827709468438057,-11.948488616943365
235,Ca0.45Li0.125Dy0.10Nd0.225TiO3,Ca,III,121.3,114.1841,97.28313430786133,14.943889861853824,-16.90096298217773
236,Ca0.20Li0.25La0.10Nd0.35TiO3,Other,III,110.4,114.308914,96.38002075195313,16.591542014912793,-17.928893432617187
237,Ca0.30Li0.20La0.10Nd0.30TiO3,Other,III,116.0,113.025314,102.9796356201172,13.111939491668435,-10.045678710937494
238,Ca0.40Li0.15La0.10Nd0.25TiO3,Ca,III,117.0,119.00315,108.26491027832031,13.281731054353376,-10.738240661621091
239,SrPr4Ti5O17,Other,III,46.1,44.56174,44.56174087524414,0.0,0.0
240,Ca0.68Nd0.08Sm0.20Ti0.80Al0.20O3,Ca,III,58.85,51.386177,50.60247619628906,5.467649640489637,-0.7837008666992205
241,Ca0.4Li0.3Nd0.3TiO3,Other,III,112.6,115.35305,106.79082305908203,13.039348248194433,-8.562227172851564
242,CaMg0.2Ta0.4Ti0.4O3,Ca,III,60.2,52.986717,43.49174163818359,8.491219780059652,-9.494975585937503
243,Ca0.6Pb0.4Fe0.5Ta0.5O3,Ca,II,62.0,60.583595,58.876288146972655,9.0611509029205,-1.7073071289062511
244,Pb0.6Ca0.4Fe0.475Nb0.475Sn0.05O3,Other,II,140.4,138.74318,110.14376373291016,23.062034309399056,-28.599415588378903
245,Pb0.5Ca0.5Fe0.475Nb0.475Sn0.05O3,Ca,II,102.8,99.79582,90.03011657714843,18.122939279536794,-9.765705566406254
246,Pb0.48Ca0.52Fe0.475Nb0.475Sn0.05O3,Ca,II,95.0,95.50685,87.09602378845214,16.38375590913432,-8.41082740783692
247,Pb0.46Ca0.54Fe0.475Nb0.475Sn0.05O3,Ca,II,90.6,91.380226,80.45382751464844,15.951567039210456,-10.926398620605468
248,Pb0.45Ca0.55Fe0.475Nb0.475Sn0.05O3,Ca,II,88.9,89.29931,80.84255599975586,14.732864842545894,-8.45675277709961
249,Pb0.4Ca0.6Fe0.475Nb0.475Sn0.05O3,Ca,II,81.0,76.97383,74.0401895904541,11.983355823946,-2.9336415863037075
250,Pb0.65Ca0.35ZrO3,Other,III,118.0,115.00429,106.25895248413086,11.843284048274183,-8.745335235595704
251,Pb0.6Ca0.4Fe0.45Nb0.45Sn0.1O3,Other,II,138.0,138.51408,113.04387176513671,23.955093768451324,-25.470212097167973
252,Pb0.48Ca0.52Fe0.45Nb0.45Sn0.1O3,Ca,II,92.4,92.50621,81.1308797454834,16.75818550214064,-11.37533058166504
253,Pb0.46Ca0.54Fe0.45Nb0.45Sn0.1O3,Ca,II,86.7,88.01515,81.91381225585937,13.621926995414102,-6.101339721679693
254,Pb0.45Ca0.55Fe0.45Nb0.45Sn0.1O3,Ca,II,85.3,85.6025,76.90067291259766,14.144000145537245,-8.701828002929688
255,Pb0.4Ca0.6Fe0.45Nb0.45Sn0.1O3,Ca,II,71.1,72.39279,69.49068580627441,10.989134373428282,-2.9021059417724615
256,Ca0.20Li0.34La0.04Nd0.38TiO3,Other,III,132.6,127.2312,106.72155990600587,18.143901510518706,-20.509641265869135
257,Ca0.40Li0.24La0.04Nd0.28TiO3,Ca,III,136.4,118.291115,105.41060394287109,16.087445557561374,-12.880510864257815
258,Ca0.60Li0.14La0.04Nd0.18TiO3,Ca,III,142.0,129.35269,118.58174926757812,13.925869247455505,-10.770942382812507
259,Ca0.60Li0.15La0.0333Nd0.1833TiO3,Ca,III,128.2,129.33633,118.80269012451171,13.92545990785399,-10.533644104003912
260,Ca0.50Li0.20La0.0333Nd0.2333TiO3,Ca,III,123.0,124.661255,113.2294613647461,15.675253582516417,-11.4317935180664
261,Ca0.40Li0.25La0.0333Nd0.2833TiO3,Ca,III,121.3,117.930435,102.28859237670899,16.848030245522047,-15.641842803955072
262,Ca0.60Li0.05La0.10Nd0.15TiO3,Ca,III,117.0,118.252464,109.3720896911621,11.045395275953846,-8.880374603271491
263,Pb0.5Ca0.5Fe0.45Nb0.45Sn0.1O3,Ca,II,96.8,96.97424,83.97004821777344,18.553462842726226,-13.004194946289061
264,Pb0.63Ca0.37ZrO3,Other,III,110.0,109.58415,96.77841079711914,14.231823328408415,-12.805741424560551
265,Pb0.60Ca0.40ZrO3,Other,III,94.0,100.57918,89.31285507202148,13.880021926952724,-11.266322784423835
266,Pb0.50Ca0.50ZrO3,Ca,III,74.0,72.66372,65.40460037231445,7.7893258084174,-7.259118804931646
267,Ca0.20Sr0.80Ti0.20Mg0.2667Nb0.5333O3,Sr,II,45.0,43.66632,42.04692687988281,2.4520453141515395,-1.619393920898439
268,Ca0.7Nd0.3Ti0.7Al0.3O3,Ca,II,44.0,45.148796,42.42109245300293,4.206464915531252,-2.7277036285400413
269,BaTi0.50Ga0.25Nb0.25O3,Ba,Ib,86.0,82.45335,92.97167434692383,11.110490082832932,10.518328094482428
270,BaTi0.40Ga0.30Nb0.30O3,Ba,Ib,66.0,65.41738,78.25819458007813,10.019055073010618,12.840813293457032
271,BaTi0.30Ga0.35Nb0.35O3,Ba,Ib,47.0,45.597008,54.796895828247074,8.816154222814838,9.19988807678223
272,Ba2La3Ti3NbO15,Ba,II,47.0,47.416534,47.416534423828125,0.0,0.0
273,Ba3La3Ti4Nb2O18,Ba,Ib,47.44,47.952164,46.157402725219725,1.2689737528617797,-1.794760971069337
274,Sr0.2Ca0.488Nd0.208Ti0.6Al0.5333O3,Ca,II,48.3,45.68516,39.255801391601565,5.7532662121761575,-6.4293601989746065
275,Pb0.4Ca0.6Fe0.5Ta0.5O3,Ca,II,62.0,60.583595,62.28151763916016,8.546133155884934,1.6979223632812506
276,Ca0.80Nd0.1333TiO3,Ca,III,119.0,118.56636,110.32801879882813,8.368933811638081,-8.238341674804687
277,Ca0.70Nd0.20TiO3,Ca,III,107.0,112.52335,106.26068664550782,7.227621319637375,-6.262666931152339
278,Ba3LaNb3O12,Ba,Ib,43.5,44.09649,44.09648895263672,0.0,0.0
279,Ca0.61Nd0.26TiO3,Ca,III,98.0,106.65071,100.2512435913086,8.302289792844357,-6.399467468261719
280,Ca0.28Sm0.28Li0.15Nd0.15TiO3,Other,III,98.0,101.80992,95.32627563476562,9.122415629973213,-6.483645629882815
281,Ca0.85Nd0.10TiO3,Ca,III,141.0,121.04042,112.37619918823242,8.890787781709255,-8.664221343994143
282,Ca0.73Nd0.18TiO3,Ca,III,117.0,114.46061,105.8485871887207,8.996454341144334,-8.612022247314457
283,Ca0.61Nd0.26TiO3,Ca,III,108.0,106.65071,99.80944641113281,7.704347590844241,-6.841264648437502
284,Ca0.50Nd0.3333TiO3,Ca,III,100.0,100.45786,95.0705648803711,7.0900115570750355,-5.387297973632812
285,Ca0.40Nd0.40TiO3,Ca,III,99.0,95.919556,89.87439102172851,6.892705406650901,-6.045164642333987
286,Ca0.31Nd0.46TiO3,Ca,III,98.0,92.21831,87.15017333984375,6.005666299906102,-5.068134155273441
287,Ca0.22Nd0.52TiO3,Other,III,102.0,86.62566,80.52755981445313,6.718220411724683,-6.0981039428710915
288,Ca0.15Nd0.5667TiO3,Other,III,94.0,83.04742,77.48757476806641,6.479688311106767,-5.55984191894531
289,Ca0.07Nd0.62TiO3,Other,III,82.0,78.2658,74.32972297668456,5.2605238828594265,-3.936077499389654
290,Ca0.58Nd0.28TiO3,Ca,III,93.0,104.82051,97.00306579589844,7.941796610188139,-7.817445068359376
291,SrLaPr3Ti5O17,Other,II,50.0,55.146202,55.146202087402344,0.0,0.0
292,Ba3LaNb3O12,Ba,Ib,43.6,44.171482,44.17148208618164,0.0,0.0
293,Ba3LaNb3O12,Ba,Ib,43.8,44.250687,44.25068664550781,0.0,0.0
294,Ca0.8Sm0.1333TiO3,Ca,III,119.0,122.89586,119.15936645507813,5.323273431821992,-3.736492309570309
295,Ca0.6Sm0.2667TiO3,Ca,III,101.0,102.456314,97.71121795654297,6.734604402831877,-4.7450961303710955
296,Ca0.4Sm0.4TiO3,Ca,III,94.5,95.3983,89.79749755859375,7.779301953463579,-5.60080261230469
297,Ca0.70Nd0.20TiO3,Ca,III,112.96,112.60176,104.8386622619629,8.076619815451664,-7.763098602294917
298,Ca0.61Nd0.26TiO3,Ca,III,103.35,106.733505,98.83843322753906,6.492896743092353,-7.895072021484381
299,Ca0.52Nd0.32TiO3,Ca,III,100.08,101.52028,94.33954803466797,9.359849800532754,-7.180730895996092
300,Ca0.3Li0.35Sm0.35TiO3,Other,III,114.0,114.08335,97.89484817504882,17.680603178701894,-16.188502960205085
301,Ca0.5Li0.25Sm0.25TiO3,Ca,III,130.5,127.93034,106.43450988769531,19.47824003099443,-21.495833740234374
302,Sr0.4Ce0.4TiO3,Sr,II,113.0,113.87594,110.59888259887695,6.5997980676669625,-3.277055816650389
303,Ba3LaNb3O12,Ba,Ib,43.5,44.21055,44.210548400878906,0.0,0.0
304,Sr0.5Ce0.3333TiO3,Sr,Ib,123.0,127.71926,118.02625686645507,6.786664584214239,-9.693004302978522
305,Sr0.625Ce0.25TiO3,Sr,Ib,143.0,135.69829,124.17176879882813,7.585675296367966,-11.526519165039062
306,La0.48Ca0.52Co0.24Ti0.76O3,Ca,III,45.0,45.779697,43.599867248535155,3.260116583474812,-2.179830169677736
307,Nd0.52Ca0.48Co0.26Ti0.74O3,Ca,III,43.0,41.61156,39.08707489013672,2.956425895061128,-2.524485931396484
308,Ba3LaNb3O12,Ba,Ib,43.9,44.29194,44.29193878173828,0.0,0.0
309,Sr0.5714Ce0.2857TiO3,Sr,Ib,136.0,132.86832,121.69592422485351,8.279434668878132,-11.172392425537112
310,CaTi0.40Mg0.20Nb0.40O3,Ca,III,47.25,47.617012,43.34200439453125,5.8366283676006425,-4.27500762939453
311,SrLa2Pr2Ti5O17,Other,II,53.5,57.256878,57.25687789916992,0.0,0.0
312,SrLa4Ti5O17,Other,II,60.8,51.853546,51.853546142578125,0.0,0.0
313,Ca3Ba2Nb2TiO12,Ca,Ib,66.0,56.34081,56.3408088684082,0.0,0.0
314,Ca2Ba3Nb2TiO12,Ba,Ib,75.0,65.89467,65.89466857910156,0.0,0.0
315,CaBa4Nb2TiO12,Ba,Ib,83.0,66.66744,66.66744232177734,0.0,0.0
316,Ca3Ba2Ta2TiO12,Ca,Ib,48.0,57.95283,57.95283126831055,0.0,0.0
317,Ca2Ba3Ta2TiO12,Ba,Ib,61.0,68.092125,68.09212493896484,0.0,0.0
318,CaBa4Ta2TiO12,Ba,Ib,64.0,68.65112,68.651123046875,0.0,0.0
319,Ba3LaNb3O12,Ba,Ib,48.3,46.329285,46.32928466796875,0.0,0.0
320,Ba3LaNb3O12,Ba,Ib,44.2,46.329285,46.32928466796875,0.0,0.0
321,Ba3La2Ti2Nb2O12,Ba,Ib,42.8,45.04763,45.047630310058594,0.0,0.0
322,BaLa4Ti4O15,Other,Ib,45.0,46.15086,46.48609046936035,0.8640635892187049,0.33523063659667685
323,BaLa3.96Al0.44Ti4O15,Other,Ib,44.0,43.60317,42.08680274963379,0.863909116016259,-1.516365737915038
324,BaPr0.3Bi0.2Nb0.5O3,Ba,II,60.7,55.76114,54.374287643432616,3.7752839317386058,-1.3868512725830087
325,BaSm0.3Bi0.2Nb0.5O3,Ba,II,50.8,50.13566,49.22961608886719,2.5124720009242387,-0.906042175292967
326,BaGd0.3Bi0.2Nb0.5O3,Ba,II,47.9,47.898643,48.18654754638672,1.828514180093809,0.28790405273437614
327,BaDy0.3Bi0.2Nb0.5O3,Ba,II,48.6,46.244843,46.60651351928711,1.639995952666564,0.3616709899902375
328,BaY0.3Bi0.2Nb0.5O3,Ba,Ib,44.6,44.93818,46.340254364013674,1.6736577290799761,1.402075347900393
329,BaEr0.3Bi0.2Nb0.5O3,Ba,Ib,46.1,44.149563,45.95039016723633,1.6521985952547373,1.800827331542969
330,Ca0.5Nd0.5Zn0.25Ti0.75O3,Ca,III,45.0,41.38031,39.073797454833986,2.6973306774643064,-2.3065126037597636
331,Ba4NdTiNb3O15,Ba,Ib,38.15,42.36871,41.8403768157959,2.468767632520895,-0.5283327484130851
332,Ba3Nd2Ti2Nb2O15,Ba,Ib,46.83,48.23939,48.2393913269043,0.0,0.0
333,BaSrLa3Ti3NbO15,Ba,III,43.03,47.305405,47.30540466308594,0.0,0.0
334,Ba.25Sr0.75La3Ti3NbO15,Ba,III,46.86,47.31301,47.313011169433594,0.0,0.0
335,Ba.5Sr0.5La3Ti3NbO15,Other,Ib,46.32,47.642277,47.642276763916016,0.0,0.0
336,Ba.75Sr0.25La3Ti3NbO15,Other,Ib,47.01,46.802166,46.80216598510742,0.0,0.0
337,CaTi0.30Mg0.2333Nb0.4667O3,Ca,III,41.56,43.473484,38.205352325439456,5.643259646846527,-5.268131713867184
338,CaLa4Ti4O15,Other,II,44.7,42.994606,43.33693321228027,0.896787302702824,0.3423271942138655
339,SrLa4Ti4O15,Other,II,45.1,43.635826,44.230207977294924,0.6572870290281401,0.5943818664550804
340,BaLa4Ti4O15,Other,Ib,49.1,46.571938,45.350608825683594,0.8747111215218436,-1.2213287353515625
341,Ca2La4Ti5O18,Other,II,49.3,44.94877,44.40529800415039,1.7078651195167696,-0.5434706115722676
342,CaLa4Ti5O17,Other,II,55.2,56.17732,56.17731857299805,0.0,0.0
343,CaLa8Ti9O31,Other,II,54.9,52.48408,52.48408126831055,0.0,0.0
344,BaZn0.3167Nb0.6333Zr0.05O3,Ba,Ib,42.0,39.47358,41.211273727416994,1.9410473982013734,1.7376943206787132
345,Ca0.10Nd0.90Mg0.45Ti0.55O3,Other,III,42.0,27.370243,26.632494201660155,0.6018954884853469,-0.7377488708496109
346,CaLa4Ti4O15,Other,II,43.61,41.05238,41.4844913482666,0.3576127344399046,0.4321117401123047
347,CaLa3.5Nd0.5Ti4O15,Other,II,43.36,41.82937,42.081188659667966,0.45020092527385247,0.2518200683593719
348,CaMg0.300Ta0.600Ti0.100O3,Ca,III,25.4,23.800045,23.32416637420654,1.104084434881548,-0.4758786392211931
349,CaLa3NdTi4O15,Other,II,43.1,41.22718,41.32221984863281,0.7702275341178334,0.09503936767578125
350,Ba4LaTiTa3O15,Ba,Ib,41.1,41.233757,40.97585708618164,1.7595513533633058,-0.25789993286132784
351,Ba4LaTiTa3O15,Ba,Ib,41.4,41.162167,41.023245620727536,2.0173398874237356,-0.13892097473144815
352,Ba4LaTiTa3O15,Ba,Ib,42.3,41.090584,40.900819091796876,1.7443128706021354,-0.1897647094726551
353,Ba4LaTiTa3O15,Ba,Ib,42.1,41.01901,40.78323532104492,1.406639090615124,-0.2357733154296895
354,Ba2La3Ti3NbO15,Ba,II,42.83,47.386127,47.38612747192383,0.0,0.0
355,Ba3La2Ti2Nb2O15,Ba,Ib,49.37,47.969776,47.96977615356445,0.0,0.0
356,Sr4LaTiNb3O15,Sr,III,41.1,41.040253,40.89915657043457,0.6074754644611655,-0.1410961151123047
357,Sr4LaTiNb3O15,Sr,III,42.2,40.980534,40.89183563232422,0.500616648437651,-0.08869796752929915
358,Sr4LaTiNb3O15,Sr,III,43.3,40.92129,40.73111625671387,0.6008547465234323,-0.19017509460449133
359,Sr4LaTiNb3O15,Sr,III,43.1,40.862526,40.901690368652346,0.4554887371701495,0.03916442871094006
360,Ba2La3Ti3NbO15,Ba,II,48.34,46.99154,46.991539001464844,0.0,0.0
361,CaLa2Nd2Ti4O15,Other,III,42.3,41.810047,41.30264610290527,0.763281167729041,-0.507401046752932
362,CaMg0.267Ta0.533Ti0.200O3,Ca,III,28.7,27.312344,25.52456340789795,1.8251193790682063,-1.7877801895141587
363,CaMg0.233Ta0.467Ti0.300O3,Ca,III,33.6,32.531513,29.23304416656494,2.7777738336055737,-3.298469047546387
364,CaMg0.200Ta0.400Ti0.400O3,Ca,III,39.4,39.797386,35.027710342407225,4.836609962389633,-4.769675827026369
365,Sr0.2Ca0.488Nd0.208Ti0.76Al0.32O3,Ca,II,68.7,67.283104,58.22133514404297,8.363299544076378,-9.061768798828126
366,Sr0.2Ca0.488Nd0.208Ti0.68Al0.4267O3,Ca,II,57.5,55.158092,48.49658393859863,6.9755218854501875,-6.661508560180664
367,Ba3LiTa3Ti5O21,Ba,Ib,49.4,43.781796,43.781795501708984,0.0,0.0
368,Ba3LiNb3Ti5O21,Ba,Ib,54.9,42.311543,42.31154251098633,0.0,0.0
369,Pb0.2Ca0.15La0.5Mg0.5Nb0.5O3,Other,III,50.0,49.47461,42.997021980285645,7.533275001594434,-6.477587394714355
370,La0.66Ni0.01TiO3,Other,II,51.4,48.470398,44.35002983093262,3.5167860414045125,-4.12036811828613
371,La0.6533Ni0.02TiO3,Other,II,63.3,61.085583,57.1211205291748,4.557879549144996,-3.964462203979494
372,La0.6467Ni0.03TiO3,Other,II,69.4,64.837,60.09300964355469,5.189867745104939,-4.7439883422851565
373,La0.6333Ni0.05TiO3,Other,II,59.6,61.442436,58.39303016662598,3.8605127619872905,-3.049406051635742
374,La0.6167Ni0.075TiO3,Other,II,58.0,57.999084,54.6678670501709,3.9208341774167357,-3.331217422485352
375,La0.5667Ni0.15TiO3,Other,II,53.3,51.30893,48.36145462036133,3.17976633177416,-2.9474748229980463
376,Sr0.2Ca0.488Nd0.208Ti0.84Al0.2133O3,Ca,II,80.1,80.37158,69.73220947265625,9.44129193999992,-10.639372558593749
377,La0.5333Ni0.2TiO3,Other,II,50.7,47.926254,45.930010299682614,2.662594765709639,-1.9962439727783234
378,La4Ti9O24,Other,II,37.0,40.558052,40.55805206298828,0.0,0.0
379,Nd2Ti2O7,Other,III,36.0,42.358948,42.35894775390625,0.0,0.0
380,Nd4Ti9O24,Other,III,37.5,40.33302,40.3330192565918,0.0,0.0
381,Pb0.2Ca.0667Nb0.5333Ti0.2O3,Ca,III,51.67,48.274757,48.274757385253906,0.0,0.0
382,Na0.15La0.15Li0.35Sm0.35TiO3,Other,III,117.0,117.640175,111.47459991455078,14.278556189656834,-6.165574951171877
383,CaFe0.27Nb0.27Ti0.46O3,Ca,III,60.0,59.407623,50.16096328735352,8.446757960312306,-9.246660003662107
384,CaAl0.23Ta0.23Ti0.54O3,Ca,II,47.0,46.260754,49.4998592376709,8.533434824615865,3.2391056060791
385,CaZn0.2333Nb0.4667Ti0.3O3,Ca,III,51.0,49.90335,43.950522384643556,6.387012685287358,-5.9528284454345695
386,Ca0.58La0.21Na0.21Fe0.29Nb0.29Ti0.42O3,Ca,III,58.9,57.352345,50.977533416748045,7.7255017953333915,-6.374811096191408
387,CaMg0.22Nb0.44Ti0.34O3,Ca,III,43.9,45.75375,39.55997108459473,5.891322021915029,-6.193778762817381
388,Ca0.6La0.2Na0.2Mg0.2Nb0.4Ti0.4O3,Ca,III,52.3,53.097748,47.40175910949707,7.415381925100523,-5.695988693237304
389,La2Ti2O7,Other,II,47.0,43.24421,43.24420928955078,0.0,0.0
390,SrLa3PrTi5O17,Other,II,57.0,58.555836,58.55583572387695,0.0,0.0
391,CaMg0.3333Nb0.6667O3,Ca,III,28.0,25.514542,23.702796783447265,1.3318030736064215,-1.811744842529297
392,CaTi0.34Mg0.22Nb0.44O3,Ca,III,48.0,45.095497,40.79524780273437,5.169262450172965,-4.300249328613283
393,CaMg0.183Ta0.367Ti0.450O3,Ca,III,45.1,44.18327,39.18334693908692,5.722930090579143,-4.999922561645505
394,CaMg0.167Ta0.333Ti0.500O3,Ca,III,47.8,48.95201,39.315059204101566,6.33079045706883,-9.636951904296872
395,CaMg0.133Ta0.267Ti0.600O3,Ca,III,59.9,59.711823,48.64514144897461,8.468320231108992,-11.066681060791012
396,CaMg0.100Ta0.200Ti0.700O3,Ca,III,73.1,71.48375,57.181119766235355,10.4012685036855,-14.302629623413083
397,CaMg0.067Ta0.133Ti0.800O3,Ca,III,95.0,93.66245,75.35384201049804,15.000657876793165,-18.308610687255864
398,CaMg0.033Ta0.067Ti0.900O3,Ca,III,121.7,118.96185,102.07626724243164,17.85581329856992,-16.88558578491211
399,Ba0.8Sr0.2La4Ti4O15,Other,Ib,46.8,46.762806,45.748835754394534,0.5914240349721875,-1.013970184326169
400,Ba0.6Sr0.4La4Ti4O15,Other,Ib,45.7,46.34574,45.661572494506835,0.6298930438484196,-0.6841687774658212
401,Ba0.4Sr0.6La4Ti4O15,Other,II,45.4,44.80736,45.48588264465332,0.627879668241996,0.6785210418701197
402,Ba0.2Sr0.8La4Ti4O15,Other,II,46.1,44.133717,46.208587188720706,1.5431308503362051,2.074870605468753
403,Ba0.8Ca0.2La4Ti4O15,Other,Ib,47.7,46.384724,45.769031066894534,0.5741229958896513,-0.6156925964355437
404,CaTi0.2Mg0.2667Nb0.5333O3,Ca,III,36.0,36.9869,32.06120178222656,3.7911645272630903,-4.925698547363282
405,Ba0.6Ca0.4La4Ti4O15,Other,II,48.9,45.086437,45.31640914916992,0.37382449518295513,0.22997192382812415
406,Ba0.2Ca0.8La4Ti4O15,Other,II,49.5,44.414196,44.52657852172852,0.47603845588532784,0.11238250732422017
407,Ba0.2Sr0.8La4Ti4O15,Other,II,40.8,44.44417,45.022598571777344,0.591351447775191,0.5784266662597659
408,Ba0.2Sr0.8La4Ti4.20O15,Other,II,46.4,44.56883,45.443786697387694,0.665924677895737,0.8749581146240217
409,SrGa0.5Nb0.5O3,Sr,Ib,33.4,33.412437,35.21248611450196,1.6089075939925381,1.8000486755371128
410,SrGa0.45Nb0.45Ti0.1O3,Sr,Ib,36.6,36.586903,39.813840789794924,2.1280446984984445,3.2269381713867205
411,SrGa0.4Nb0.4Ti0.2O3,Sr,Ib,40.4,40.61205,43.23944976806641,2.629749981880201,2.6274006652832043
412,SrGa0.35Nb0.35Ti0.3O3,Sr,Ib,46.6,45.369404,49.31295608520508,3.1515782675223374,3.943552246093752
413,CaTi0.8Mg0.0667Nb0.1333O3,Ca,III,109.0,106.242004,83.75339477539063,18.697141700154546,-22.488609619140618
414,CaTi0.6Mg0.1333Nb0.2667O3,Ca,III,68.0,66.2987,55.777673950195314,10.121027823821734,-10.521024475097654
415,CaTi0.4Mg0.2Nb0.4O3,Ca,III,54.0,49.471405,43.23941780090332,6.768492399983604,-6.231987228393557
416,Ba0.4Ca0.6La4Ti4O15,Other,II,48.9,44.791283,44.859990234375,0.11914782974041443,0.06870758056640369
417,La6ZnTi5O18,Other,III,40.8,41.80642,42.35991989135742,0.7661613035800102,0.5535005187988276
418,Sr2La4Ti5O18,Other,II,48.0,43.5552,44.376322479248046,0.9820241489028475,0.821123809814452
419,CaLi0.3Nb0.6Sn0.1O3,Ca,III,25.2,23.419327,23.419326782226562,0.0,0.0
420,CaLi0.2833Nb0.5667Sn0.15O3,Ca,III,24.8,23.651787,23.65178680419922,0.0,0.0
421,CaLi0.2667Nb0.5333Sn0.2O3,Ca,III,23.3,24.104858,24.1048583984375,0.0,0.0
422,CaLi0.2333Nb0.4667Sn0.3O3,Ca,III,22.6,23.670324,23.670324325561523,0.0,0.0
423,CaLi0.3Nb0.6Sn0.1O3,Ca,III,25.4,23.161327,23.161327362060547,0.0,0.0
424,CaLi0.2833Nb0.5667Sn0.15O3,Ca,III,24.9,23.326775,23.32677459716797,0.0,0.0
425,CaLi0.2667Nb0.5333Sn0.2O3,Ca,III,23.9,23.876226,23.8762264251709,0.0,0.0
426,CaLi0.2333Nb0.4667Sn0.3O3,Ca,III,23.5,23.360987,23.360986709594727,0.0,0.0
427,CaLa0.5Nb0.5O3,Ca,III,23.3,22.96106,21.837612991333007,1.2702229206942606,-1.1234465789794932
428,CaPr0.5Nb0.5O3,Ca,III,24.2,24.237309,22.940095901489258,1.6586430481241128,-1.2972126007080078
429,CaNd0.5Nb0.5O3,Ca,III,24.5,24.275274,22.806489562988283,1.8233374968606133,-1.4687847137451158
430,CaSm0.5Nb0.5O3,Ca,III,24.7,25.311762,22.885116539001466,2.384941625833194,-2.426645317077636
431,CaEu0.5Nb0.5O3,Ca,III,25.0,25.637823,23.857820243835448,2.4333812137723307,-1.7800028610229504
432,CaGd0.5Nb0.5O3,Ca,III,25.5,25.64396,23.246961402893067,2.5331620121325282,-2.396999549865722
433,CaTb0.5Nb0.5O3,Ca,III,26.5,26.243296,24.35804244995117,2.5342188277505318,-1.8852532196044933
434,CaDy0.5Nb0.5O3,Ca,III,32.0,28.065369,25.431199417114257,3.1021731358103475,-2.6341692352294928
435,CaHo0.5Nb0.5O3,Ca,III,31.4,28.53255,26.060339126586914,3.203767847805778,-2.472211685180664
436,CaY0.5Nb0.5O3,Ca,III,31.0,29.249887,26.495402488708496,3.5823721476149446,-2.754484977722168
437,CaEr0.5Nb0.5O3,Ca,III,30.5,28.81012,25.983750228881835,3.305649414785167,-2.826369400024415
438,CaYb0.5Nb0.5O3,Ca,III,30.0,29.142788,27.126548843383787,2.7406103518045324,-2.016239089965822
439,CaIn0.5Nb0.5O3,Ca,III,29.6,23.325426,22.492393951416016,1.1623670464581601,-0.8330321502685543
440,Ba2CaWO6,Ba,Ia,22.8,30.325718,30.32571792602539,0.0,0.0
441,Ba2Ca0.975Sr0.025WO6,Ba,Ia,23.9,23.865429,23.865428924560547,0.0,0.0
442,CaLi0.3333Nb0.6667O3,Ca,III,29.6,25.12982,25.129819869995117,0.0,0.0
443,CaLi0.1667Nb0.3333Ti0.5O3,Ca,III,55.2,44.524113,44.524112701416016,0.0,0.0
444,CaLi0.2333Nb0.4667Ti0.3O3,Ca,III,44.7,42.195568,42.1955680847168,0.0,0.0
445,CaLi0.2667Nb0.5333Ti0.2O3,Ca,III,38.6,38.68297,38.68296813964844,0.0,0.0
446,La0.5Na0.5Mg0.5W0.5O3,Other,III,20.76,20.68501,18.32737762451172,1.7319710366013303,-2.3576332855224607
447,La0.5Na0.5Mg0.5W0.5O3,Other,III,18.6,20.58067,18.659220275878905,1.9458115790991821,-1.921449127197267
448,Ca5Nb2Ti0.2Zr0.8O12,Ca,III,34.0,45.011555,45.01155471801758,0.0,0.0
449,Ca5Ta2Ti0.7Zr0.3O12,Ca,III,36.0,46.51523,46.515228271484375,0.0,0.0
450,Nd2Sn2O7,Other,III,17.0,12.264424,12.264424324035645,0.0,0.0
451,NdMg0.5Sn0.4Ti0.1O3,Other,III,21.1,19.64096,19.29880699157715,0.5724163840294412,-0.3421537017822267
452,BaTi0.6Zn0.2W0.2O3,Ba,Ib,71.2,71.20595,89.63504516601563,14.427126669284934,18.429097290039067
453,BaTi0.5Zn0.25W0.25O3,Ba,Ib,25.4,24.743359,30.97724624633789,7.589819840390445,6.233887634277345
454,BaTi0.45Zn0.275W0.275O3,Ba,Ib,22.9,22.61298,23.494138488769533,1.742576905318178,0.8811585998535172
455,BaTi0.4Zn0.3W0.3O3,Ba,Ib,21.2,21.271744,21.30486701965332,1.591845417956106,0.03312324523925625
456,BaTi0.35Zn0.325W0.325O3,Ba,Ib,22.1,22.127987,21.184412574768068,1.728620183602172,-0.9435743331909165
457,Ba2Ca0.95Sr0.05WO6,Ba,Ia,24.0,24.173971,24.17397117614746,0.0,0.0
458,BaTi0.3Zn0.35W0.35O3,Ba,Ib,26.4,25.087551,22.499229774475097,1.8831909566154557,-2.5883213424682623
459,BaTi0.1Zn0.45W0.45O3,Ba,Ib,33.0,29.36444,24.60335605621338,2.9376047864240817,-4.761084861755371
460,BaHfO3,Ba,Ia,24.1,24.67218,25.769868431091307,0.9447299555084344,1.0976882553100573
461,SrHfO3,Sr,III,23.5,22.283554,22.679764404296876,0.5646830046898277,0.39621032714843807
462,CaHfO3,Ca,III,21.4,19.975422,19.941970138549806,0.4012339627239995,-0.0334517669677723
463,YMg0.5Ti0.5O3,Other,III,22.0,22.231335,22.01677734375,0.38246883661681447,-0.2145573425292966
464,La.6667MgTaO6,Other,III,22.5,24.053713,24.053712844848633,0.0,0.0
465,CaLi0.2333Nb0.4667Sn0.3O3,Ca,III,22.6,17.45895,17.45895004272461,0.0,0.0
466,CaLa0.5Ta0.5O3,Ca,III,23.0,20.932682,20.15533760070801,0.6088132625359387,-0.7773444366455067
467,CaLi0.333Nb0.667O3,Ca,III,29.6,25.596695,25.596694946289062,0.0,0.0
468,CaLi0.3167Nb0.6333Ti0.05O3,Ca,III,32.4,35.38227,35.38227081298828,0.0,0.0
469,CaLi0.3Nb0.6Ti0.1O3,Ca,III,34.6,36.82255,36.82255172729492,0.0,0.0
470,BaTi0.2Zn0.4W0.4O3,Ba,Ib,31.4,28.845242,25.611379737854005,2.6282563203190916,-3.2338618087768545
471,Ba2Ca0.9Sr0.1WO6,Ba,Ia,23.5,23.42999,23.429990768432617,0.0,0.0
472,Ba2Ca0.75Sr0.25WO6,Ba,Ia,23.4,22.698603,22.6986026763916,0.0,0.0
473,Ba2Ca0.5Sr0.5WO6,Ba,Ia,23.3,22.40363,22.403629302978516,0.0,0.0
474,BaZn0.1667Co0.1667Ta0.2222Nb0.2222Sb0.2222O3,Ba,Ib,24.9,23.981659,29.360250396728517,3.270704311227427,5.378591461181642
475,Ba0.5Sr0.5Zn0.1667Co0.1667Ta0.2222Nb0.2222Sb0.2222O3,Ba,Ib,26.3,26.029673,29.75672145843506,2.4248310609206767,3.7270488357543954
476,LaCo0.5Ti0.5O3,Other,III,30.0,27.820215,28.122279472351075,0.937093926243767,0.30206424713134794
477,CaGa0.5Ta0.5O3,Ca,III,25.0,23.821316,23.99488010406494,1.4455665930514483,0.1735643386840806
478,LaCo0.5Ti0.5O3,Other,III,25.0,27.75304,28.19755184173584,0.8938229675119299,0.4445115280151377
479,La0.9Al0.9Sr0.1Ti0.1O3,Other,Ib,25.1,23.298346,23.93229694366455,0.758720675333806,0.6339513778686516
480,Ba4LiTa2SbO12,Ba,Ib,25.1,38.391014,38.391014099121094,0.0,0.0
481,SmCo0.5Ti0.5O3,Other,III,25.5,26.720318,26.630135345458985,0.5775816586007615,-0.09018249511718679
482,BaZn0.3333Ta0.3333Nb0.3333O3,Ba,Ib,34.2,32.228325,33.187055892944336,1.5865272381126647,0.9587310028076175
483,Sr5Nb0.5Ta3.5O15,Sr,II,34.9,39.168556,37.490362091064455,2.6035121046903154,-1.6781941223144514
484,Sr5Nb0.75Ta3.25O15,Sr,II,34.3,39.247833,38.11277641296387,2.375739174629856,-1.1350568389892572
485,Sr5NbTa3O15,Sr,II,33.2,39.325085,37.73812927246094,2.5893937583440647,-1.5869554138183588
486,Sr5Nb.5Ta2.5O15,Sr,II,34.5,37.96333,37.96332931518555,0.0,0.0
487,La0.5333Na0.4Mg0.5W0.5O3,Other,III,20.35,20.082336,18.099391708374025,1.639642015135167,-1.982944717407225
488,BaZn0.3333Ta0.6667O3,Ba,Ib,29.8,29.029352,26.498892517089843,1.4975909297994845,-2.530459671020509
489,LaMg0.667Ta0.333O3,Other,III,25.1,22.352879,21.73890506744385,0.5224773726243567,-0.613973503112792
490,Ba2Ca0.25Sr0.75WO6,Ba,Ia,23.7,23.004305,23.004304885864258,0.0,0.0
491,Ba2Ca0.1Sr0.9WO6,Ba,Ia,23.3,20.788609,20.78860855102539,0.0,0.0
492,Ba2SrWO6,Ba,Ia,23.5,24.376017,24.37601661682129,0.0,0.0
493,CaZrO3,Ca,III,23.8,25.338842,25.337938117980958,0.45038099543410787,-0.0009042739868156957
494,BaTi0.39Co0.305W0.305O3,Ba,Ib,18.0,18.47147,18.271470184326173,0.4992087700463571,-0.19999969482421776
495,BaMg0.3267Nb0.6533Mn0.02O3,Ba,Ib,32.0,31.47203,32.883062591552736,0.9999786702251136,1.4110319519042989
496,BaMg0.3299Ta0.6601Mn0.01O3,Ba,Ib,25.0,24.794811,24.425478363037108,0.2716117337344227,-0.3693328857421889
497,BaZn0.3333Nb0.6667O3,Ba,Ib,41.0,39.24016,39.000809326171876,0.8808145915589147,-0.23935256958007756
498,BaZn0.3299Ta0.6601Mn0.01O3,Ba,Ib,30.0,29.135015,27.322846183776857,1.5450455900228421,-1.8121693038940414
499,LaMg0.667Ta0.333O3,Other,III,24.7,22.398838,21.944525756835937,0.5922532160056373,-0.454312286376954
500,BaMn0.3333Nb0.6667O3,Ba,Ib,39.0,38.00906,40.75068389892578,2.5677361815756936,2.7416239929199193
501,SrMg0.3267Nb0.6533Mn0.02O3,Sr,II,33.0,36.791862,36.56117950439453,1.1293905226502319,-0.23068298339843807
502,SrZn0.3333Nb0.6667O3,Sr,II,40.0,38.782627,39.36933151245117,1.5996363975889027,0.5867044067382778
503,BaMg0.3333Ta0.6667O3,Ba,Ib,24.0,24.587666,23.996019859313964,0.7271066910687688,-0.5916456985473637
504,BaMg0.3167Ta0.6333Sn0.05O3,Ba,Ib,24.4,24.848764,24.623842811584474,0.6941525256453057,-0.22492160797118999
505,BaMg0.3Ta0.6Sn0.1O3,Ba,Ib,24.3,25.013103,25.01871566772461,1.0287799102541182,0.0056121826171882105
506,BaMg0.2833Ta0.5667Sn0.15O3,Ba,Ib,24.0,24.859638,24.84023780822754,0.8787487473646007,-0.019400405883789773
507,BaTi0.6Ni0.2W0.2O3,Ba,Ib,29.8,31.095758,35.600922660827635,3.976076260930417,4.5051642227172835
508,BaTi0.55Ni0.225W0.225O3,Ba,Ib,26.5,26.33042,25.4979870223999,0.36317144690396747,-0.8324325180053727
509,BaTi0.5Ni0.25W0.25O3,Ba,Ib,24.2,23.745987,23.26046356201172,0.4562772952956294,-0.4855233764648439
510,BaTi0.45Ni0.275W0.275O3,Ba,Ib,21.6,21.600784,21.173747024536134,0.4763209686003201,-0.42703727722167883
511,BaTi0.4Ni0.3W0.3O3,Ba,Ib,20.0,19.89465,19.533854141235352,0.40265749409086543,-0.36079536437988224
512,BaMn0.3333Ta0.6667O3,Ba,Ib,22.0,25.185535,25.261977005004884,0.7876098797095022,0.0764415740966804
513,La0.5333Na0.4Mg0.5W0.5O3,Other,III,21.1,19.889471,18.1646688079834,1.5967180397243828,-1.7248022460937484
514,La0.5667Na0.3Mg0.5W0.5O3,Other,III,20.9,19.618038,18.487218437194823,1.335420461381609,-1.1308197402954114
515,PrAlO3,Other,Ia,23.2,21.5941,20.533932075500488,0.35814139241726517,-1.0601688766479498
516,ErAlO3,Other,III,16.3,16.525843,16.83964111328125,0.6090130082011429,0.313798446655273
517,DyAlO3,Other,III,17.6,16.854565,17.155487174987794,0.6351302966092433,0.3009225082397471
518,GdAlO3,Other,III,18.4,17.774694,17.869986724853515,0.48278256507099837,0.09529228210449148
519,SmAlO3,Other,III,20.4,19.212574,19.23982650756836,0.44870650762376796,0.027252502441406534
520,YAlO3,Other,III,15.7,15.85914,16.132172603607177,0.5983262635263457,0.27303220748901325
521,Ba.8Sr0.2SmSbO6,Ba,Ia,16.0,16.847744,16.84774398803711,0.0,0.0
522,Sr2SmSbO6,Sr,II,16.0,16.661066,16.66106605529785,0.0,0.0
523,Ba2SmSbO6,Ba,Ia,20.7,18.434439,18.434438705444336,0.0,0.0
524,Ca5Ta2HfO12,Ca,III,17.0,34.57849,34.5784912109375,0.0,0.0
525,Ba2CoWO6,Ba,Ia,19.3,18.26173,18.262103424072265,1.0768826868755357,0.00037322998046818157
526,Ba2NiWO6,Ba,Ia,18.1,16.669287,16.88364757537842,0.8530914399301223,0.2143608474731451
527,Ba2ZnWO6,Ba,Ia,29.1,22.749136,22.854974632263183,1.820202338045312,0.10583866119384666
528,Sr2CoWO6,Sr,II,21.2,19.037697,19.718410682678222,0.9506004006722039,0.6807138442993157
529,Sr2NiWO6,Sr,II,18.3,19.406464,20.10209426879883,0.9238203466026167,0.6956306457519545
530,Sr2ZnWO6,Sr,II,27.5,21.698063,23.44234664916992,1.3811540379858578,1.7442837524414045
531,BaZn0.5W0.5O3,Ba,Ia,19.0,22.019701,22.969400329589845,3.0049519725339966,0.9496993255615251
532,Ba0.99Zn0.5W0.5O2.99,Ba,Ia,23.0,21.510433,22.82386199951172,3.122609633031734,1.313428802490236
533,LaAlO3,Other,Ia,23.4,22.456995,21.782289085388182,0.48790217613355086,-0.6747059249877942
534,NdAlO3,Other,II,22.3,20.158203,20.785243301391603,0.5930838024069962,0.6270401763916027
535,BaMg0.3333W0.3333Ti0.3333O3,Ba,Ib,15.4,15.297651,15.12557544708252,0.715497480214146,-0.1720758438110348
536,BaTi0.39Co0.305W0.305O3,Ba,Ib,18.0,18.470005,18.177830123901366,0.4057623888440859,-0.29217491149902486
537,La6MgTi5O18,Other,III,40.2,39.237617,39.689768905639646,0.7673721698834859,0.45215141296386463
538,BaMg0.5W0.5O3,Ba,Ia,16.7,17.168709,16.992635116577148,1.0629882502191486,-0.17607368469238338
539,BaMg0.46W0.46Ti0.08O3,Ba,Ib,19.6,19.057133,17.792068672180175,1.2180407262166857,-1.2650640487670906
540,BaMg0.42W0.42Ti0.16O3,Ba,Ib,16.6,14.158478,13.365064449310303,0.7891463177844439,-0.793413333892822
541,BaMg0.36W0.36Ti0.28O3,Ba,Ib,12.3,13.696561,13.123307018280029,0.8273109654641518,-0.5732538414001471
542,BaMg0.3333W0.3333Ti0.3333O3,Ba,Ib,13.1,15.29133,15.246608753204345,1.036698443907179,-0.044721584320068786
543,BaMg0.32W0.32Ti0.36O3,Ba,Ib,13.5,15.16239,14.902671966552735,0.7822851478271378,-0.2597177886962889
544,BaMg0.30W0.30Ti0.40O3,Ba,Ib,16.7,16.64935,16.444850082397462,0.6468473513966015,-0.20449913024902244
545,BaMg0.28W0.28Ti0.44O3,Ba,Ib,21.8,21.431713,22.00842716217041,0.7596499636268405,0.5767140579223629
546,BaMg0.25W0.25Ti0.50O3,Ba,Ib,31.2,29.791616,35.297409553527835,5.945979147602438,5.505793113708499
547,BaMg0.20W0.20Ti0.60O3,Ba,Ib,63.9,62.49587,75.58598480224609,10.853472260779032,13.09011611938476
548,Ba0.98Zn0.5W0.5O2.98,Ba,Ia,24.0,21.028946,22.523703269958496,3.355378486390846,1.4947573471069333
549,BaMg0.33W0.35Ti0.32O3.02,Ba,Ib,16.3,15.580315,15.373690223693847,0.7286173102660674,-0.20662441253662145
550,BaMg0.34W0.35Ti0.31O3.01,Ba,Ib,17.1,14.962013,14.722215156555176,0.8377925852235517,-0.23979808807373004
551,BaMg0.34W0.32Ti0.34O2.98,Ba,Ib,14.4,14.9624,14.903143157958985,1.1572346593819414,-0.0592572784423826
552,BaMg0.34W0.33Ti0.33O2.99,Ba,Ib,15.1,14.901685,14.665211410522462,0.7915368312455885,-0.2364733505249017
553,BaMg0.35W0.34Ti0.31O2.99,Ba,Ib,15.4,14.372091,14.177337265014648,1.0210749875776477,-0.19475402832031286
554,BaMg0.35W0.33Ti0.32O2.98,Ba,Ib,14.4,14.367371,14.004997901916504,0.6855935829404022,-0.3623727035522464
555,BaMg0.34W0.32Ti0.34O2.98,Ba,Ib,14.5,15.031817,14.866514320373534,0.7810101074443018,-0.16530311584472734
556,BaMg0.34W0.32Ti0.34O2.98,Ba,Ib,14.8,15.132063,14.87174285888672,0.304571254245577,-0.26032005310058537
557,BaMg0.32W0.28Ti0.40O3,Ba,Ib,18.1,18.689716,18.56505241394043,0.46605826589824667,-0.12466392517089986
558,BaMg0.32W0.26Ti0.42O3,Ba,Ib,21.5,21.348309,20.901765213012695,0.7210856358288605,-0.44654335021972713
559,BaMg0.32W0.25Ti0.43O3,Ba,Ib,24.0,22.18722,21.703618850708008,0.595182257148774,-0.4836007690429689
560,BaMg0.33W0.34Ti0.33O3.01,Ba,Ib,15.6,15.525545,15.24342613220215,0.5306088700242844,-0.28211898803710866
561,Ba0.95Zn0.5W0.5O2.95,Ba,Ia,21.0,19.730324,20.474957237243654,2.7657145626454085,0.7446334457397477
562,BaZn0.49W0.5O2.995,Ba,Ia,20.0,21.809307,22.40428482055664,2.7939570427903386,0.5949777221679682
563,BaZn0.45W0.5O2.9975,Ba,Ia,22.5,21.317411,22.58933906555176,2.9289906151009713,1.2719276428222663
564,NdMg0.4Zn0.1Sn0.5O3,Other,III,19.5,18.361685,18.29496063232422,0.5579957352672914,-0.06672416687011662
565,NdMg0.4Zn0.1Sn0.5O3,Other,III,19.3,18.34335,18.32172622680664,0.5340613371621412,-0.02162322998047017
566,Sr3ZnNb2O9,Sr,II,20.69,33.140873,32.861136779785156,1.3297038695506858,-0.27973617553710994
567,Sr3Zn0.75Mg0.25Nb2O9,Sr,II,19.96,31.975946,32.303987197875976,1.0756240860027215,0.3280407714843747
568,Sr3Zn0.5Mg0.5Nb2O9,Sr,II,23.31,31.215464,31.466853065490724,0.8983320206470664,0.2513894271850603
569,Sr3Zn0.25Mg0.75Nb2O9,Sr,II,21.55,30.708752,31.261003036499023,0.8462569175693281,0.5522513580322261
570,SrYb0.5Ta0.5O3,Sr,III,14.1,20.702095,20.760640563964845,0.45442918008731453,0.05854553222656378
571,BaMg0.5W0.5O3,Ba,Ia,20.0,17.856176,17.5438680267334,1.1798814694397828,-0.31230834960937415
572,LaMg0.5Sn0.5O3,Other,III,19.5,19.433445,19.572265243530275,0.5444420264434566,0.13882026672363423
573,LaMg0.5Sn0.5O3,Other,III,19.7,19.387629,19.53173694610596,0.5547000025525047,0.1441083908081069
574,LaMg0.5Sn0.5O3,Other,III,20.1,19.342464,19.53305332183838,0.6028195822992816,0.19058887481689624
575,LaMg0.43Ba0.07Sn0.5O3,Other,III,20.1,18.992298,17.91662883758545,0.777027885706365,-1.075669288635254
576,LaMg0.4Ca0.1Sn0.5O3,Other,III,20.2,23.890015,23.8900146484375,0.0,0.0
577,La0.6667Mg0.5W0.5O3,Other,III,23.6,20.890892,19.56159091949463,1.015074497533229,-1.3293011093139633
578,La0.6333Na0.1Mg0.5W0.5O3,Other,III,22.6,21.26384,19.65465400695801,1.5059242092282419,-1.6091857147216793
579,La0.6333Na0.1Mg0.5W0.5O3,Other,III,21.9,21.217093,19.413493270874024,1.3975718515357458,-1.8035992431640615
580,La0.6Na0.2Mg0.5W0.5O3,Other,III,22.6,21.783733,20.059001121520996,1.6918295027754122,-1.7247322463989256
581,La0.5667Na0.3Mg0.5W0.5O3,Other,III,22.88,19.527973,18.299284629821777,1.1446712849196512,-1.228688545227051
582,La0.5667Na0.3Mg0.5W0.5O3,Other,III,20.96,19.437366,17.832594528198243,1.431322865350991,-1.6047719573974604
583,BaMg0.49Y0.0133W0.4967O3,Ba,Ia,20.0,18.25444,17.591883850097656,1.000491107806185,-0.662556457519532
584,La0.5333Na0.4Mg0.5W0.5O3,Other,III,22.06,19.98595,18.41065460205078,1.5500528528735649,-1.5752958679199232
585,SrSm0.5Ta0.5O3,Sr,III,27.7,25.482037,23.943984603881837,1.3088776909397442,-1.5380519866943345
586,SrLa0.5Ta0.5O3,Sr,III,27.1,27.027248,25.727832374572753,1.2185251496946974,-1.2994160079956067
587,Ca0.97La0.02Mg0.5W0.5O3,Ca,III,19.0,18.451763,18.07165500640869,0.8295110557088448,-0.3801081466674816
588,Ba0.94La0.04Mg0.5W0.5O3,Ba,Ia,20.0,17.90437,17.591465873718263,1.2627482968969432,-0.31290348052978345
589,NdMg0.47Ba0.03Sn0.5O3,Other,III,19.4,18.859573,18.76353702545166,0.638380475533562,-0.09603633880615092
590,NdMg0.45Co0.05Sn0.5O3,Other,III,19.2,18.367489,18.333661727905273,0.6269286464985321,-0.03382713317871122
591,NdMg0.5Sn0.5O3,Other,III,19.3,18.02799,18.018422775268554,0.7310763812153208,-0.009567565917969034
592,BaLa0.5Nb0.5O3,Ba,III,37.4,36.52415,36.53586822509766,0.43587486820738836,0.011717376708986649
593,BaNd0.5Nb0.5O3,Ba,III,41.9,40.306892,38.58984130859375,2.317259671685793,-1.7170510864257835
594,BaSm0.5Nb0.5O3,Ba,II,39.7,37.548595,36.86550285339356,2.201266883775128,-0.6830925750732391
595,BaYb0.5Nb0.5O3,Ba,Ib,28.3,28.961819,31.03554916381836,1.1278068121885183,2.07373046875
596,BaLa0.5Ta0.5O3,Ba,III,27.1,27.58161,27.43665184020996,0.3434698371434331,-0.14495788574218693
597,BaNd0.5Ta0.5O3,Ba,III,36.0,33.979023,32.49036083221436,1.5544195011058546,-1.4886621475219712
598,SrNd0.5Ta0.5O3,Sr,III,27.1,26.22231,25.23214729309082,1.401486461832294,-0.9901618194580095
599,BaSm0.5Ta0.5O3,Ba,II,34.3,32.656242,32.65855224609375,1.870955217330184,0.0023098754882795447
600,CaNd0.5Nb0.5O3,Ca,III,20.0,19.869503,19.112380027770996,0.8077586298804788,-0.7571229934692383
601,CaSm0.5Nb0.5O3,Ca,III,20.9,20.74372,19.94695178985596,0.988274834083764,-0.7967673110961897
602,CaYb0.5Nb0.5O3,Ca,III,27.0,23.719336,21.36428298950195,2.3256473555702506,-2.3550525665283217
603,CaLa0.5Ta0.5O3,Ca,III,19.5,18.07854,18.091449241638184,0.5749631965232729,0.012908439636230895
604,CaNd0.5Ta0.5O3,Ca,III,20.0,18.248789,17.77331676483154,0.5246078897018058,-0.4754720687866225
605,CaSm0.5Ta0.5O3,Ca,III,19.6,18.822393,18.198522758483886,0.6187895895691716,-0.6238706588745124
606,CaYb0.5Ta0.5O3,Ca,III,21.1,20.771383,19.41506736755371,1.2475575292033212,-1.3563159179687503
607,SrLa0.5Nb0.5O3,Sr,III,27.5,32.13138,30.42351230621338,2.095710761184641,-1.7078658676147462
608,SrNd0.5Nb0.5O3,Sr,III,29.7,31.653458,29.65508415222168,2.4992431183282986,-1.9983734893798832
609,SrSm0.5Nb0.5O3,Sr,III,31.8,30.725042,28.92704807281494,2.300647469787716,-1.7979942703247076
610,SrYb0.5Nb0.5O3,Sr,III,29.4,27.084728,25.811576309204103,1.6090471465539302,-1.273151931762694
611,BaYb0.5Ta0.5O3,Ba,Ib,22.1,26.946335,28.76310459136963,0.8371923805374759,1.8167697525024415
612,NdMg0.5Ti0.5O3,Other,III,26.0,25.210295,25.158108100891113,0.4112539767424705,-0.052186622619629475
613,CaLa0.5Nb0.5O3,Ca,III,20.6,19.06253,18.547402267456054,0.5456290149631094,-0.5151282501220713
614,BaMg0.3Ta0.6Ti0.1O3,Ba,Ib,26.3,26.531963,28.91622543334961,1.710948174959555,2.3842620849609375
615,Ca0.375Mg0.25Nb0.25Ti0.125O3,Ca,III,38.0,31.598095,27.815669555664062,4.667315910653992,-3.782425384521485
616,Ca0.25Mg0.375Nb0.25Ti0.125O3,Ca,III,31.0,26.048529,22.891652793884276,3.9460724868896295,-3.1568758773803722
617,Ca0.125Mg0.5Nb0.25Ti0.125O3,Ca,III,23.0,20.146517,19.017787837982176,1.794730623391491,-1.1287289619445815
618,Ca0.375Mg0.25Nb0.25Ti0.125O3,Ca,III,26.0,31.611347,27.562199592590332,4.895455212071626,-4.049147605895996
619,Ca0.25Mg0.375Nb0.25Ti0.125O3,Ca,III,23.0,25.916245,23.716375885009764,3.164556484417741,-2.199868621826173
620,Ca0.125Mg0.5Nb0.25Ti0.125O3,Ca,III,20.0,19.944351,18.56201461791992,1.8518925444872694,-1.3823365783691415
621,Ca0.375Ni0.25Nb0.25Ti0.125O3,Ca,III,35.0,32.951824,28.934960403442382,4.42187719810843,-4.01686378479004
622,Ca0.25Ni0.375Nb0.25Ti0.125O3,Ca,III,30.0,27.797638,24.522759399414063,3.2639696874520725,-3.2748785400390616
623,Ca0.125Ni0.5Nb0.25Ti0.125O3,Ca,III,26.0,21.838036,19.977096328735353,2.203119731197619,-1.8609392547607406
624,Ca0.25Co0.375Nb0.25Ti0.125O3,Ca,III,29.0,24.600273,22.611309852600098,2.634880754305778,-1.9889632797241212
625,Ca0.125Co0.5Nb0.25Ti0.125O3,Ca,III,12.0,18.22012,17.13495460510254,1.1304112961578165,-1.0851648712158202
626,Ca0.375Mg0.25Ta0.25Ti0.125O3,Ca,III,30.0,28.011353,23.335887756347656,4.521082073869978,-4.675464782714844
627,Ca0.25Mg0.375Ta0.25Ti0.125O3,Ca,III,26.0,23.207874,20.116375389099122,3.297366430789619,-3.0914989089965808
628,Ca0.125Mg0.5Ta0.25Ti0.125O3,Ca,III,20.0,17.834423,15.987561645507812,1.7531570486966233,-1.8468614196777349
629,Ca0.375Zn0.25Ta0.25Ti0.125O3,Ca,III,17.0,15.429201,15.048374443054199,1.3360348849837596,-0.38082668304443423
630,Ca0.25Zn0.375Ta0.25Ti0.125O3,Ca,III,13.0,11.123032,11.938069820404053,1.6672929809930253,0.8150382041931152
631,Ca0.125Zn0.5Ta0.25Ti0.125O3,Ca,III,10.0,9.224735,10.315052623748779,1.7013887554599803,1.090317363739013
632,Ca0.375Co0.25Nb0.25Ti0.125O3,Ca,III,32.0,30.846813,27.461339111328126,4.368661321723138,-3.385474090576171
633,Ca0.375Ni0.25Ta0.25Ti0.125O3,Ca,III,29.0,28.998455,25.134363441467286,3.9451130156035608,-3.8640916061401356
634,SrPr0.5Nb0.5O3,Sr,III,37.5,33.701317,32.015402221679686,2.253967784536365,-1.6859146118164077
635,SrNd0.5Nb0.5O3,Sr,III,36.9,33.33494,31.653723907470702,2.370897723075939,-1.6812179565429695
636,SrSm0.5Nb0.5O3,Sr,III,35.8,34.32311,33.54266120910645,2.3243474728303033,-0.7804474639892547
637,SrEu0.5Nb0.5O3,Sr,III,34.7,32.546467,32.065446281433104,1.7864292363406624,-0.4810205459594741
638,SrGd0.5Nb0.5O3,Sr,III,34.3,32.603485,31.643846168518067,2.0006284227022055,-0.959638938903808
639,SrTb0.5Nb0.5O3,Sr,III,33.7,31.266224,30.633269691467284,1.4963926686886047,-0.6329542160034194
640,SrDy0.5Nb0.5O3,Sr,III,33.0,30.333094,29.8093941116333,1.3654700183971629,-0.5236995315551773
641,SrHo0.5Nb0.5O3,Sr,III,32.3,29.764187,29.480728721618654,1.1608991570402993,-0.2834581375122056
642,SrY0.5Nb0.5O3,Sr,III,32.2,30.591412,29.251771812438964,1.7399916822933807,-1.339639778137208
643,SrEr0.5Nb0.5O3,Sr,III,32.2,28.746948,28.14688304901123,1.4631698943765967,-0.6000651931762704
644,SrYb0.5Nb0.5O3,Sr,III,30.7,27.293743,26.764257278442383,1.222879109271938,-0.5294858551025392
645,SrIn0.5Nb0.5O3,Sr,III,26.0,24.27262,24.601139183044435,1.5254207505806026,0.32851993560791115
646,SrFe0.5Nb0.5O3,Sr,II,44.9,43.014946,43.629427185058596,3.0487102149736574,0.614481201171877
647,SrCr0.5Nb0.5O3,Sr,Ib,35.3,33.814053,36.86974075317383,1.9017247160173132,3.05568817138672
648,SrAl0.5Nb0.5O3,Sr,Ib,30.5,30.596142,32.912030334472654,1.579091288689504,2.315888519287107
649,SrLa0.5Nb0.5O3,Sr,III,36.6,32.984943,31.25770767211914,1.859792506348291,-1.7272357177734392
650,Ca0.25Ni0.375Ta0.25Ti0.125O3,Ca,III,26.0,24.887827,22.721640434265137,2.904006185195329,-2.1661864852905275
651,CaZn0.333Ta0.667O3,Ca,III,25.0,23.190317,23.682598915100098,1.3599747549005798,0.49228176116943345
652,BaNi0.5Ta0.5O3,Ba,Ib,23.0,23.778265,22.155108833312987,1.0604962614733804,-1.6231561660766616
653,BaCo0.5Ta0.5O3,Ba,Ib,25.0,25.520401,23.839721298217775,1.611816594822175,-1.6806797027587876
654,BaMg0.5Ta0.5O3,Ba,Ib,25.0,22.706793,22.84840084075928,0.5244564911986819,0.14160800933838047
655,BaZn0.5Ta0.5O3,Ba,Ib,29.0,28.335484,23.525399856567383,2.572095938440384,-4.810083694458008
656,BaCa0.5Ta0.5O3,Ba,Ib,30.0,32.21786,32.21786117553711,0.0,0.0
657,SrNi0.5Ta0.5O3,Sr,II,23.0,23.83251,24.458510932922362,1.3452182481767936,0.6260009384155261
658,SrCo0.5Ta0.5O3,Sr,III,23.0,22.908854,23.69566246032715,1.2327886412246234,0.7868089294433602
659,SrMg0.5Ta0.5O3,Sr,II,22.0,25.64954,25.302306404113768,0.7146607271605082,-0.34723354339599766
660,SrZn0.5Ta0.5O3,Sr,III,28.0,22.8633,24.031231842041016,1.5177439464341997,1.1679315185546884
661,SrCa0.5Ta0.5O3,Sr,II,22.0,25.12191,25.121910095214844,0.0,0.0
662,CaCu0.333Ta0.667O3,Ca,III,23.0,23.622751,24.542455520629883,1.5983643597096284,0.9197042846679686
663,Mg0.93Ca0.07TiO3,Ca,III,22.15,22.52589,22.045850028991698,1.0104597576525376,-0.4800403213500992
664,SrSm0.5Ta0.5O3,Sr,III,30.5,34.535248,32.59581077575684,2.976118510940404,-1.9394370269775365
665,SrSm0.5Ta0.5O3,Sr,III,31.6,34.535248,33.55922721862793,2.481684453542804,-0.9760205841064433
666,SrSm0.5Ta0.5O3,Sr,III,32.1,34.70989,33.39504276275635,2.652580943185369,-1.314845695495606
667,SrSm0.5Ta0.5O3,Sr,III,36.0,34.883224,33.028182907104494,2.8922089841029908,-1.8550415802001936
668,SrSm0.5Ta0.5O3,Sr,III,39.0,35.224636,33.23166172027588,3.0214535880300892,-1.9929743576049788
669,SrSm0.5Ta0.5O3,Sr,III,42.0,35.556904,33.8764580154419,2.907556868531431,-1.6804458236694302
670,SrSm0.5Ta0.5O3,Sr,III,45.0,35.71885,33.32626708984375,3.3041859516904903,-2.392582092285153
671,SrSm0.5Ta0.5O3,Sr,III,48.5,35.87762,33.360522994995115,3.3668054911618963,-2.517097702026369
672,Ba3Co.07Nb2O9.07,Ba,Ib,26.0,25.571426,26.15109561920166,1.159547708327825,0.5796692276000961
673,SrSm0.5Ta0.5O3,Sr,III,49.6,36.184654,33.35920715332031,3.4439859734770395,-2.8254470825195312
674,Ca0.3Li0.14Sm0.42TiO3,Other,III,92.12,97.01454,88.94875228881835,10.751945186742955,-8.065789337158208
675,Ca0.125Ni0.5Ta0.25Ti0.125O3,Ca,III,23.0,19.680084,17.805794219970704,1.9789260891876808,-1.8742900085449214
676,CaNi0.333Ta0.667O3,Ca,III,22.0,23.633327,23.93751049041748,1.06973465158492,0.3041830062866211
677,CaAl0.333Ta0.667O3,Ca,II,22.0,25.159937,26.414401321411134,0.8047941327868958,1.2544644165039074
678,Ca0.375Co0.25Ta0.25Ti0.125O3,Ca,III,28.0,26.30575,22.210951614379884,3.345353000596885,-4.094798278808593
679,Ca0.25Co0.375Ta0.25Ti0.125O3,Ca,III,24.0,21.23608,19.341300201416015,2.033427416752326,-1.8947799682617195
680,Ca0.125Co0.5Ta0.25Ti0.125O3,Ca,III,20.0,15.995732,15.261586723327637,0.9312547083202187,-0.7341455841064448
681,Ca5Nb2Ti0.4Hf0.6O12,Ca,III,32.0,44.13131,44.131309509277344,0.0,0.0
682,Ca5Ta2Ti0.6Hf0.4O12,Ca,III,34.0,44.91452,44.914520263671875,0.0,0.0
683,Ba8ZnNb6O24,Ba,Ib,36.2,36.25266,34.086090621948244,1.147889173776414,-2.166568222045896
684,Ba8ZnNb5.7Sb0.3O24,Ba,Ib,33.6,33.29201,27.804176330566406,2.071308360465781,-5.487834930419922
685,Ba8ZnNb5.4Sb0.6O24,Ba,Ib,33.6,30.784903,25.6981799697876,2.2619732256697658,-5.086722602844237
686,Ba8ZnNb5.1Sb0.9O24,Ba,Ib,31.0,28.333591,24.11982521057129,2.1391340382069335,-4.213766250610352
687,Ba8ZnNb4.8Sb.2O24,Ba,Ib,29.4,26.879812,23.056363945007323,1.9518250352171829,-3.8234482955932627
688,CaCo0.333Ta0.667O3,Ca,III,23.0,23.078451,23.294401893615724,0.9745001898321966,0.21595073699951328
689,Ba8ZnNb4.5Sb.5O24,Ba,Ib,25.9,25.886637,22.554010162353517,1.8015934689564908,-3.332626571655272
690,Ba8ZnNb3.6Sb2.4O24,Ba,Ib,17.4,19.83662,18.359373741149902,0.9440458810165065,-1.4772465896606448
691,CaAl0.5Nb0.5O3,Ca,II,25.0,22.549398,25.919024238586427,3.122739987303563,3.3696258163452164
692,CaFe0.5Nb0.5O3,Ca,III,40.0,34.876877,30.345127182006834,3.7620907834392625,-4.531749649047853
693,CaAl0.333Nb0.667O3,Ca,II,28.0,26.68447,30.543383102416993,3.1206658072159392,3.8589138793945317
694,CaCo0.333Nb0.667O3,Ca,III,29.0,27.547604,25.7308642578125,2.1304216853658464,-1.8167393493652355
695,CaNi0.333Nb0.667O3,Ca,III,26.0,28.381659,26.26102321624756,2.6265156056901104,-2.12063533782959
696,CaCu0.333Nb0.667O3,Ca,III,27.0,28.644308,27.349136390686034,2.2706670176031536,-1.2951716995239266
697,CaZn0.333Nb0.667O3,Ca,III,35.0,28.485025,27.313679695129395,1.8652706944618878,-1.1713457107543945
698,CaAl0.5Ta0.5O3,Ca,II,20.0,20.779171,22.87163501739502,1.2555632187871646,2.092464027404784
699,CaFe0.5Ta0.5O3,Ca,III,32.0,28.104364,27.50930561065674,1.1590928490818915,-0.5950587844848627
700,CaMg0.333Ta0.667O3,Ca,III,21.0,21.348167,21.428657722473144,0.8609183414032022,0.08049030303955007
701,Ba8ZnNb4.2Sb.8O24,Ba,Ib,19.9,24.883663,21.712829971313475,1.7407245441506949,-3.1708332061767592
702,SrCr0.5Nb0.5O3,Sr,Ib,35.1,34.10926,36.98517219543457,2.1222335085291224,2.8759116363525408
703,CaMg0.333Nb0.667O3,Ca,III,28.0,27.263464,24.837813301086427,2.0845974440832955,-2.425650672912596
704,SrAl0.5Nb0.5O3,Sr,Ib,30.0,30.650274,33.291029663085936,1.8183050706149368,2.640755386352538
705,CaAl0.421Nb0.421Ti0.158O3,Ca,II,29.1,26.678211,27.67084800720215,3.576968023565203,0.9926367950439463
706,CaAl0.375Nb0.375Ti0.25O3,Ca,II,32.2,29.935373,31.431224403381346,4.447687666650364,1.4958510971069323
707,CaAl0.335Nb0.335Ti0.33O3,Ca,II,35.1,33.27204,34.703992500305176,4.6597815033712315,1.431951179504395
708,CaAl0.25Nb0.25Ti0.5O3,Ca,II,45.3,42.709625,45.19272994995117,7.697377605934607,2.483104705810547
709,CaAl0.2355Nb0.2355Ti0.529O3,Ca,II,44.9,44.87426,46.83170440673828,7.853930839953069,1.9574444580078136
710,CaAl0.125Nb0.125Ti0.75O3,Ca,II,75.4,73.720825,76.50806365966797,17.69962371767402,2.787238464355468
711,Ba0.1La0.9Mg0.45Ti0.55O3,Other,III,30.9,32.167267,32.241385803222656,1.0886440978760952,0.07411895751953068
712,Ba0.3La0.7Mg0.35Ti0.65O3,Other,II,42.5,41.985676,41.64272399902344,0.3620486826767551,-0.3429518127441398
713,Ba0.5La0.5Mg0.25Ti0.75O3,Ba,Ib,60.9,60.132862,65.71489318847657,4.188214157467008,5.582031097412113
714,Ba0.7La0.3Mg0.15Ti0.85O3,Ba,Ib,105.8,102.98558,109.71284545898438,7.260361442907308,6.727265014648438
715,LiBa4Nb3O12,Ba,Ib,37.0,28.616146,28.616146087646484,0.0,0.0
716,CaAl0.4505Nb0.4505Ti0.099O3,Ca,II,27.0,24.895538,26.503294639587402,3.152245122853279,1.607756309509277
717,LiBa4Nb2TaO12,Ba,Ib,34.0,38.750343,38.750343322753906,0.0,0.0
718,LiBa4Ta3O12,Ba,Ib,28.0,31.08012,31.080120086669922,0.0,0.0
719,BaLa0.5Ta0.5O3,Ba,III,37.1,34.54196,33.692478790283204,0.9670919136177414,-0.8494828796386713
720,BaNd0.5Ta0.5O3,Ba,III,38.7,36.318756,35.43964714050293,1.5677634353566745,-0.8791089630126976
721,BaSm0.5Ta0.5O3,Ba,II,37.6,35.56245,34.44448867797851,1.5148367934553029,-1.1179617309570347
722,BaEu0.5Ta0.5O3,Ba,II,36.5,34.7719,34.05620086669922,0.9473286605313439,-0.7156993103027318
723,BaGd0.5Ta0.5O3,Ba,II,36.0,34.39811,33.57943534851074,0.9463401782455645,-0.8186740875244141
724,BaTb0.5Ta0.5O3,Ba,II,35.5,33.333675,32.83179527282715,0.694019675919013,-0.5018801116943337
725,BaDy0.5Ta0.5O3,Ba,II,34.0,32.83525,32.25932632446289,0.7090996531838103,-0.5759245300292974
726,BaHo0.5Ta0.5O3,Ba,II,33.5,31.06314,30.48085163116455,1.0095703011394004,-0.5822892379760738
727,BaY0.5Ta0.5O3,Ba,II,33.0,31.950205,31.456091079711914,0.7197163761914424,-0.49411376953124986
728,BaYb0.5Ta0.5O3,Ba,Ib,32.0,27.837805,29.247778129577636,0.8166360471185761,1.4099733352661126
729,LiBa4NbTa2O12,Ba,Ib,30.0,39.16741,39.16741180419922,0.0,0.0
730,BaNi0.0658Zr0.0125Zn0.2633Ta0.6583O3,Ba,Ib,28.3,28.367283,27.535189208984374,0.8849976049760956,-0.8320936584472669
731,CaAl0.4735Nb0.4735Ti0.053O3,Ca,II,23.8,23.67497,25.813299026489258,2.82219112413611,2.138328399658203
732,LaMg0.667Nb0.333O3,Other,III,26.8,24.118727,22.72236255645752,1.4181398043513211,-1.396364173889161
733,SrGa0.5Ta0.5O3,Sr,Ib,27.0,29.829105,29.23100296020508,0.9806638467678911,-0.5981024169921874
734,SrFe0.5Nb0.5O3,Sr,II,44.9,43.235573,43.82993530273438,3.325562350037767,0.5943624877929707
735,BaMn0.333Ta0.667O3,Ba,Ib,27.0,26.564672,26.628441619873048,0.8694836946397604,0.06376914978027415
736,BaMn0.3333Ta0.6667O3,Ba,Ib,27.0,26.557384,26.453392639160157,0.45872868032802827,-0.10399185180664006
737,BaMg0.2333Ta0.4667Co0.1Nb0.2O3,Ba,Ib,27.0,26.29675,28.856929321289062,1.789675361498979,2.5601802062988277
738,CaZr0.2Ti0.8O3,Ca,III,141.0,138.43138,117.56627029418945,22.349648753819896,-20.865110931396487
739,CaZr0.3Ti0.7O3,Ca,III,138.0,136.86967,115.70883758544922,22.107779195236766,-21.16083709716797
740,CaZr0.4Ti0.6O3,Ca,III,98.0,96.99478,72.44166885375977,20.16995946454344,-24.55311264038086
741,CaAl0.5Nb0.5O3,Ca,II,23.6,22.317942,23.053256149291993,1.3140629311538974,0.7353144836425791
742,CaZr0.5Ti0.5O3,Ca,III,59.0,62.165375,51.954572219848636,9.981377510215607,-10.210802536010739
743,CaZr0.7Ti0.3O3,Ca,III,38.0,37.295044,34.49419242858887,3.1905160135609387,-2.8008515167236325
744,CaZr0.8Ti0.2O3,Ca,III,28.0,30.91625,29.26199394226074,1.6851060542377032,-1.654256286621095
745,CaZr0.9Ti0.1O3,Ca,III,42.0,38.111427,35.329495697021486,3.2370965899922868,-2.7819316101074207
746,CaZrO3,Ca,III,27.0,24.931477,24.979402313232423,0.32799883110912814,0.04792572021484531
747,LaMg0.5Ti0.5O3,Other,III,27.6,27.283009,27.406009597778322,0.901683875101101,0.12300102233886889
748,La0.9Ca0.1Mg0.45Ti0.55O3,Other,III,29.8,29.181238,28.77341369628906,0.6358820503337665,-0.4078244781494149
749,La0.7Ca0.3Mg0.35Ti0.65O3,Other,III,37.2,34.763405,33.86921638488769,1.358598234013194,-0.8941884613037132
750,La0.3Ca0.7Mg0.15Ti0.85O3,Ca,III,51.2,55.66465,53.62516326904297,6.3712356038515745,-2.0394866943359347
751,La0.3Ca0.7Mg0.15Ti0.85O3,Ca,III,58.8,55.66465,54.46906799316406,7.367683515871794,-1.195581970214846
752,La0.1Ca0.9Mg0.05Ti0.95O3,Ca,III,90.4,95.3149,88.52071868896485,10.208182066124909,-6.7941845703124955
753,La0.1Ca0.9Mg0.05Ti0.95O3,Ca,III,102.5,95.3149,86.65418930053711,10.710110355526528,-8.660713958740232
754,CaZr0.6Ti0.4O3,Ca,III,50.0,46.976326,41.49063903808594,5.8022708022178655,-5.4856869506835935
755,BaNi0.0542Zr0.0215Zn0.2720Ta0.6523O3,Ba,Ib,28.4,28.583567,27.74656463623047,1.0290017710213826,-0.8370020294189437
756,La0.5Ca0.5Mg0.25Ti0.75O3,Ca,III,43.2,41.94828,40.84094055175781,2.8139449892342148,-1.1073397827148455
757,BaNi0.0242Zr0.0425Zn0.2950Ta0.6383O3,Ba,Ib,30.2,29.239864,29.00453842163086,0.8488314691798412,-0.235325927734376
758,SrPr0.5Ta0.5O3,Sr,III,32.0,29.06684,27.187229080200197,2.1553660117526054,-1.8796101379394514
759,SrNd0.5Ta0.5O3,Sr,III,31.5,36.10797,33.71596328735352,3.355580551415019,-2.3920079040527327
760,SrEu0.5Ta0.5O3,Sr,III,30.0,32.489952,31.55075607299805,2.3199593482679908,-0.9391960144042955
761,SrGd0.5Ta0.5O3,Sr,III,29.5,32.59511,31.774746589660644,2.278010703442636,-0.8203652572631839
762,SrTb0.5Ta0.5O3,Sr,III,28.8,30.674297,29.916013145446776,2.0392293011840503,-0.758284187316896
763,SrDy0.5Ta0.5O3,Sr,III,28.2,29.386297,28.352375717163085,1.7097330339155292,-1.0339215087890636
764,SrHo0.5Ta0.5O3,Sr,III,27.7,28.596848,28.360414848327636,1.21157030599825,-0.23643268585205135
765,SrY0.5Ta0.5O3,Sr,III,27.5,25.953781,24.89578811645508,1.632036178747828,-1.0579930114746077
766,SrEr0.5Ta0.5O3,Sr,III,27.1,27.658718,27.414433670043945,1.2427677970558961,-0.24428443908691477
767,SrYb0.5Ta0.5O3,Sr,III,25.9,23.03384,22.504358100891114,0.6727966163725169,-0.5294820785522454
768,SrLa0.5Ta0.5O3,Sr,III,31.2,27.36756,26.197425880432128,1.179439263891877,-1.1701335525512704
769,SrPr0.5Nb0.5O3,Sr,III,36.7,34.033527,32.17871353149414,2.2673676226603265,-1.8548138427734386
770,SrSm0.5Nb0.5O3,Sr,III,35.5,35.694496,34.53605312347412,2.685979981756273,-1.1584430313110374
771,SrEu0.5Nb0.5O3,Sr,III,34.3,33.809593,33.52868370056152,1.8843529493928655,-0.28090950012207117
772,SrGd0.5Nb0.5O3,Sr,III,33.5,33.836357,32.30092071533203,2.314578508820025,-1.5354364013671855
773,SrTb0.5Nb0.5O3,Sr,III,32.3,32.342663,31.698862571716308,1.762628070819398,-0.6438002395629887
774,SrDy0.5Nb0.5O3,Sr,III,31.2,31.300283,30.79677978515625,1.5997723456450246,-0.5035036468505858
775,SrHo0.5Nb0.5O3,Sr,III,30.6,30.75056,30.100675888061524,1.3681390567956393,-0.6498848724365232
776,SrY0.5Nb0.5O3,Sr,III,30.7,31.40092,30.666631278991698,1.8014501121213997,-0.7342895889282239
777,SrIn0.5Nb0.5O3,Sr,III,25.0,23.987074,25.05391784667969,1.9992579753223472,1.0668439483642587
778,BaNi0.0417Zr0.0300Zn0.2817Ta0.6467O3,Ba,Ib,29.6,28.835978,28.20499897003174,1.0734051718907534,-0.6309785842895508
779,SrEr0.5Nb0.5O3,Sr,III,31.1,29.444519,28.47331527709961,1.6451055981578497,-0.9712037658691415
780,SrYb0.5Nb0.5O3,Sr,III,29.3,28.04566,27.316595993041993,1.447563060794283,-0.7290640258789054
781,SrNd0.5Nb0.5O3,Sr,III,36.5,33.70249,31.614263305664064,2.4130269706797494,-2.088228454589842
782,SmZn0.5Ti0.5O3,Other,III,31.0,29.06347,28.65842445373535,0.5339536214517963,-0.4050463867187517
783,SrLa0.5Nb0.5O3,Sr,III,36.0,33.077484,31.13377410888672,1.9978373330389827,-1.943710021972656
784,Sm0.95Ca0.04Sr0.01Mg0.475Ti0.525O3,Other,III,26.6,26.173239,25.80943603515625,0.4412923201387879,-0.36380271911621165
785,La5Mg0.5Ti3.5O15,Other,II,36.2,34.857925,35.68151725769043,0.8393295559160596,0.8235918426513678
786,La5Zn0.5Ti3.5O15,Other,II,37.71,35.80564,36.61767387390137,0.8009959393901785,0.8120326995849609
787,La5AlTi3O15,Other,II,32.98,30.597317,31.786311264038087,1.0322288584874768,1.1889945220947276
788,BaLi0.3889Nb0.5W0.2O3,Ba,Ib,31.0,46.72455,46.72454833984375,0.0,0.0
789,BaNi0.0125Zr0.0500Zn0.3042Ta0.6333O3,Ba,Ib,30.1,29.531338,28.54194107055664,1.2213412086615734,-0.9893966674804702
790,Pb0.16La0.56Mg0.5W0.5O3,Other,III,28.7,27.616825,25.415172004699706,2.04756677426094,-2.20165309906006
791,Ba0.95Sr0.05Zn0.475Ga0.025Ta0.6583O3,Ba,Ib,29.0,31.95487,32.46024749755859,0.8533411586651853,0.5053772735595672
792,BaZr0.0125Zn0.2633Ni0.0658Ta0.6583O3,Ba,Ib,28.2,28.11506,29.09736316680908,1.3552547172266143,0.9823023605346677
793,BaZr0.0215Zn0.2720Ni0.0542Ta0.6523O3,Ba,Ib,28.7,28.483753,29.78186019897461,1.5252451228568242,1.298106994628906
794,BaZr0.0300Zn0.2817Ni0.0417Ta0.6467O3,Ba,Ib,29.3,29.28363,29.07585475921631,1.504572309378082,-0.20777561187744098
795,BaZr0.0500Zn0.3042Ni0.0125Ta0.6333O3,Ba,Ib,30.7,29.813839,29.0703258895874,2.024656045381858,-0.7435130691528329
796,LaMg0.35Zn0.15Ti0.5O3,Other,III,29.0,29.402658,29.108886032104493,0.7255805298528398,-0.29377243041992074
797,La0.2Ca0.64Sm0.1067Mg0.1Ti0.9O3,Ca,III,72.41,72.33281,68.92349380493164,6.823091637140451,-3.409315643310549
798,BaZr0.0425Zn0.2950Ni0.0242Ta0.6383O3,Ba,Ib,29.7,28.28682,27.75350315093994,1.4024183395002654,-0.5333163070678708
799,La0.45Ca0.44Sm0.0733Mg0.225Ti0.775O3,Ca,III,47.83,47.747986,45.839953918457034,3.478143736307938,-1.9080319213867156
800,La0.6Ca0.32Sm0.0533Mg0.3Ti0.7O3,Other,III,40.05,39.044243,37.778296585083005,1.4568073110345439,-1.2659462738037135
801,Sm0.8Ca0.16Sr0.04Mg0.4Ti0.6O3,Other,III,30.1,28.968287,28.67516300201416,0.6997380460692421,-0.29312351226806754
802,La0.8Ca0.16Sm0.0267Mg0.4Ti0.6O3,Other,III,33.56,32.917175,32.258293838500975,0.7424723690973144,-0.6588814544677746
803,BaZr0.05Zn0.32Ta0.63O3,Ba,Ib,30.0,29.202871,30.419710388183592,1.4073083529063253,1.2168390655517562
804,Sm0.65Ca0.28Sr0.07Mg0.325Ti0.675O3,Other,III,31.4,32.508244,32.04337501525879,1.0119144641669615,-0.46486854553222656
805,Sm0.5Ca0.4Sr0.1Mg0.25Ti0.75O3,Other,III,38.7,38.307953,36.900165710449215,1.6304577717870645,-1.4077871704101597
806,La0.4Ca0.48Sm0.0800Mg0.2Ti0.8O3,Ca,III,50.58,50.14251,48.15738838195801,3.7381543822705168,-1.9851210784912112
807,LaZn0.5Ti0.5O3,Other,III,30.0,31.164001,31.045286102294924,0.6684863281605607,-0.11871536254882642
808,CaSr4Ta2TiO12,Sr,II,45.0,44.256683,44.256683349609375,0.0,0.0
809,Ba0.7La0.3Zn0.4333Nb0.5667O3,Ba,Ib,44.7,43.691395,44.57267463684082,0.8871633750046205,0.8812798309326197
810,CaLi0.2333Nb0.4667Ti0.3O3,Ca,III,44.7,43.365044,43.36504364013672,0.0,0.0
811,SrFe0.5Nb0.5O3,Sr,II,44.9,42.910812,43.92376396179199,2.84000997521304,1.0129515838623036
812,La0.7667Ti0.7Al0.3O3,Other,II,44.9,43.410614,41.48582466125488,3.074306368376198,-1.924789352416994
813,Ca0.7Ti0.7Nd0.3Al0.3O3,Ca,II,45.0,43.661915,40.51940963745117,4.502632307464317,-3.1425051879882844
814,Ca0.7Ti0.7Sm0.3Al0.3O3,Ca,II,45.0,43.151634,41.6900146484375,3.7506935949076703,-1.4616195678710966
815,BaLa0.5Nb0.5O3,Ba,III,45.0,42.60857,41.280948333740234,1.528511473944005,-1.327621765136719
816,Ca0.6Ti0.6La0.4Ga0.4O3,Ca,II,45.0,44.00793,42.96401405334473,3.2757268978985183,-1.0439167022705078
817,Ca0.2Ti0.2Sr0.8Mg0.2667Nb0.5333O3,Sr,II,45.0,43.773075,44.22606315612793,1.6448850091958773,0.45298805236816264
818,BaSr4Nb4O15,Sr,Ib,45.0,45.73526,46.885028991699215,1.0197170992366305,1.1497689819335903
819,BaY0.3Bi0.2Nb0.5O3,Ba,Ib,44.6,45.40822,47.6618839263916,1.9963411821099148,2.2536655426025405
820,SrFe0.5Nb0.5O3,Sr,II,45.0,43.364464,44.665510711669924,3.051128439682647,1.3010469055175804
821,Ca0.73Ti0.73Nd0.27Al0.27O3,Ca,II,45.0,44.563225,43.899896697998045,4.658348691064355,-0.6633280944824236
822,BaPr0.5Nb0.5O3,Ba,III,44.5,42.10162,41.378612976074216,0.9906650234168453,-0.7230067443847688
823,Sr5Ta4O15,Sr,II,43.5,40.16647,38.742220153808596,2.6784810442352778,-1.4242494201660136
824,Ba2La2TiNb2O12,Ba,II,44.2,47.32473,47.324729919433594,0.0,0.0
825,Ba6Nb4TiO18,Ba,Ib,43.0,43.31753,44.857174758911135,1.804735385301107,1.539643173217776
826,Sr4LaTiNb3O15,Sr,III,43.0,42.503876,42.596258544921874,0.7734526136530973,0.09238281249999858
827,Ca0.65Ti0.65Sm0.35Ga0.35O3,Ca,III,45.0,45.37408,41.764494552612305,3.8373520852980603,-3.609586105346679
828,Ba2La3Ti3NbO15,Ba,II,42.8,47.047535,47.04753494262695,0.0,0.0
829,Sr6Nb4TiO18,Sr,Ib,43.0,46.715218,52.22771728515625,4.787033446663562,5.512499694824221
830,BaLa4Ti4O15,Other,Ib,44.4,45.88216,44.678866653442384,0.9220258504160003,-1.2032935333251942
831,CaLa3.5Nd0.5Ti4O15,Other,II,43.4,40.62137,41.083529205322264,0.47008388172748194,0.4621607971191395
832,CaLa4Ti4O15,Other,II,43.6,39.883656,40.55469245910645,0.7540644622220184,0.671036911010745
833,Ca0.7Nd0.3Ti0.7Al0.3O3,Ca,II,43.7,42.953922,43.05114326477051,4.220736438195023,0.09722099304199361
834,Ba0.65La0.35Zn0.45Nb0.55O3,Ba,Ib,43.8,42.98999,43.16922370910645,0.5700096701636383,0.17923347473144702
835,Ca2Sr3Ta2TiO12,Sr,II,44.0,43.45228,43.45227813720703,0.0,0.0
836,BaNd0.5Nb0.5O3,Ba,III,44.0,41.26829,40.54323356628418,1.0830431950157628,-0.7250579071044925
837,Ca0.66La0.34Ti0.66Al0.34O3,Ca,II,44.0,43.532745,41.71548522949219,3.7894015041646374,-1.817260131835937
838,Ca0.6Nd0.4Ti0.6Ga0.4O3,Ca,III,44.0,42.99068,40.34259704589844,3.2785342664025032,-2.6480836486816415
839,Ba3LaNb3O12,Ba,Ib,43.5,38.93165,38.93164825439453,0.0,0.0
840,BaGd0.3Bi0.2Nb0.5O3,Ba,II,47.9,48.191135,49.31554679870605,2.6158443272936536,1.1244113922119112
841,La0.48Co0.24Ti0.76Ca0.52O3,Ca,III,45.0,45.44146,42.306440353393555,2.8789869848451968,-3.135019302368164
842,Ba0.6Ca0.4La4Ti4O15,Other,II,47.7,43.957253,44.50278633117676,0.3904650620607559,0.5455338287353513
843,Ba5SrNb4TiO18,Ba,Ib,47.9,48.443626,50.86440170288086,2.9603118589136104,2.420775299072268
844,Ca0.65Ti0.65La0.35Ga0.35O3,Ca,II,48.0,45.951447,44.04117126464844,3.765683920860454,-1.9102752685546847
845,Ba4SrNb4O15,Ba,Ib,48.0,47.430748,49.3116869354248,1.9277886142493186,1.8809389495849587
846,CaTi0.34Mg0.22Nb0.44O3,Ca,III,48.0,47.51464,41.56406440734863,5.988423013492489,-5.950576400756837
847,CaLa8Ti9O31,Other,II,48.6,49.583492,49.583492279052734,0.0,0.0
848,BaDy0.3Bi0.2Nb0.5O3,Ba,II,48.6,46.620983,47.825044860839846,1.9505022846286941,1.2040617370605489
849,Ca0.64Ti0.64La0.36Ga0.36O3,Ca,II,48.7,46.443092,44.92094718933105,4.133523131770593,-1.5221451568603541
850,BaLa3Ti2NbO12,Ba,III,42.4,42.232716,42.23271560668945,0.0,0.0
851,Ca0.7Ti0.7Nd0.3Ga0.3O3,Ca,III,49.0,49.12937,45.72838180541992,3.9506929526121124,-3.4009898376464847
852,Ca0.65Ti0.65Nd0.35Ga0.35O3,Ca,III,45.0,43.747124,40.31421890258789,4.140414237797669,-3.4329048156738295
853,Ba0.57Sr0.38La3.8Ti4.15O13.1,Other,Ib,47.4,52.62218,52.6221809387207,0.0,0.0
854,CaTi0.4Mg0.2Nb0.4O3,Ca,III,47.3,50.746254,45.327559814453124,5.893143636788807,-5.418694152832032
855,Nd0.5Zn0.25Ti0.75Ca0.5O3,Ca,III,45.0,42.974876,40.15346908569336,2.853037298803492,-2.8214073181152344
856,BaMn0.5Ti0.5O3,Ba,Ib,45.0,44.59516,47.96610931396484,3.5740365618736263,3.3709478759765616
857,Ca0.71Ti0.71Nd0.29Al0.29O3,Ca,II,45.1,44.558006,42.511360778808594,4.183062589732985,-2.0466455078124994
858,CaMg0.1833Ta0.3667Ti0.45O3,Ca,III,45.1,50.694637,44.98346572875977,6.706685347120997,-5.7111715698242165
859,BaEr0.3Bi0.2Nb0.5O3,Ba,Ib,46.1,44.968513,46.849207458496096,2.091588426521722,1.8806939697265648
860,BaLa4Ti4O15,Other,Ib,46.3,45.814545,44.54519897460938,0.8827074796972246,-1.2693457031249977
861,Ba0.2Sr0.8La4Ti4.2O15,Other,II,46.4,44.129036,44.46472351074219,0.7866936698991019,0.33568756103515796
862,Ba3La3Ti4NbO18,Ba,II,47.4,48.670147,48.67014694213867,0.0,0.0
863,Ba.25Sr0.75La3Ti3NbO15,Ba,III,46.8,46.480522,46.48052215576172,0.0,0.0
864,Ba0.5Ca0.5Sc0.5Nb0.5O3,Ba,II,46.9,44.650684,42.86541557312012,2.470188886158794,-1.785268783569336
865,Ca0.65Ti0.65La0.35Ga0.35O3,Ca,II,47.0,45.90338,43.84570365905762,3.928697251279129,-2.0576776885986305
866,Ba.25Sr0.75La3Ti3NbO15,Ba,III,47.0,46.480522,46.48052215576172,0.0,0.0
867,Ba.75Sr0.25La3Ti3NbO15,Other,Ib,47.0,41.717037,41.717037200927734,0.0,0.0
868,SrGa0.35Nb0.35Ti0.3O3,Sr,Ib,46.6,45.731087,49.66662658691406,3.2930371969915826,3.935539855957032
869,Ba0.95La0.05Zn0.35Nb0.65O3,Ba,Ib,42.4,41.431625,43.13295074462891,2.3761705490605465,1.7013253784179696
870,Ba4LaTiTa3O15,Ba,Ib,42.3,41.65463,40.93477043151856,2.2319745016280885,-0.7198583221435513
871,CaZr0.7Ti0.3O3,Ca,III,38.0,39.089294,36.568798599243166,2.6161314246214635,-2.5204958343505837
872,BaSm0.5Ta0.5O3,Ba,II,38.0,36.314316,36.37976753234863,0.8317734256235796,0.06545173645019275
873,BaHo0.5Nb0.5O3,Ba,II,38.0,36.252174,36.77343940734863,1.0362056590566269,0.5212650299072266
874,SrPr0.5Nb0.5O3,Sr,III,38.0,33.633327,31.784747314453124,2.3165482889920535,-1.848580169677735
875,CaLi0.2667Nb0.5333Ti0.2O3,Ca,III,38.6,40.887146,40.88714599609375,0.0,0.0
876,CaFe0.5Nb0.5O3,Ca,III,38.6,37.560776,32.73208869934082,3.752582211850633,-4.828687057495117
877,BaEu0.5Ta0.5O3,Ba,II,38.8,35.149605,35.65005599975586,0.5221683808858248,0.5004512023925756
878,BaDy0.5Nb0.5O3,Ba,II,38.9,36.239098,36.97689117431641,0.8251072888120764,0.7377935791015631
879,Ba.5Sr.5LaNb3O12,Other,Ib,38.9,37.815014,37.81501388549805,0.0,0.0
880,Ba3.0Zn0.993Nb.986W0.014O9,Ba,Ib,39.0,37.52757,37.52756881713867,0.0,0.0
881,BaTb0.5Nb0.5O3,Ba,II,39.0,36.780437,37.424557037353516,0.9931226939017866,0.644119567871094
882,Ca4SrTa2TiO12,Ca,III,39.0,36.953117,36.95311737060547,0.0,0.0
883,Sr2La2TiNb2O12,Sr,III,39.0,40.182617,40.1826171875,0.0,0.0
884,BaDy0.5Ta0.5O3,Ba,II,39.1,33.851963,34.741201858520505,0.7031810305356176,0.8892388153076141
885,La6ZnTi4O18,Other,III,37.7,34.838314,34.74726554870605,1.2005418865864261,-0.09104850769043082
886,Ba5SrNb4ZrO18,Ba,Ib,37.6,36.3862,37.06655815124512,0.49828903468139296,0.6803582000732433
887,BaSm0.5Ta0.5O3,Ba,II,37.6,36.06992,35.07803573608398,1.1665169053108884,-0.9918838500976577
888,BaCo0.3Y0.05Nb0.65O3,Ba,Ib,37.0,37.59092,40.45563873291016,2.6295074489793984,2.8647192382812534
889,Ca0.35La0.65Ti0.35Al0.65O3,Other,Ia,37.0,32.805763,29.66807571411133,2.6365980962847315,-3.137687530517578
890,Ca0.66Ti0.66La0.17Nd0.17Ga0.34O3,Ca,III,49.0,47.1957,43.750917282104496,4.1771734305812735,-3.444784317016598
891,BaY0.5Nb0.5O3,Ba,II,37.0,36.36083,37.06189636230469,0.6276468840166014,0.7010679626464835
892,Ca4.18Co0.82Nb2TiO12,Ca,III,37.0,35.6422,33.645607528686526,1.8156787080765815,-1.9965929412841774
893,Ca4.85Zn0.15Ta2TiO12,Ca,III,37.0,38.62392,38.62392044067383,0.0,0.0
894,Ca4.82Mg0.18Ta2TiO12,Ca,III,37.0,39.94897,39.948970794677734,0.0,0.0
895,Sr2La4Ti5O18,Other,II,39.2,40.522137,42.18912651062012,1.5436056754348106,1.6669898223876984
896,Ca0.6Nd0.4Ti0.6Al0.4O3,Ca,II,37.2,36.93726,36.61855194091797,3.051976154745653,-0.318707733154298
897,BaIn0.5Ta0.5O3,Ba,Ib,37.2,37.24583,32.13754909515381,3.501657187707343,-5.108281440734864
898,BaY0.5Ta0.5O3,Ba,II,37.3,34.86709,35.490115814208984,0.5742361536376153,0.6230274963378903
899,Ca0.6Sr0.5Al0.3Nb0.3Ti0.5O3.3,Sr,Ib,37.3,36.289867,43.34686805725098,3.9803800616174883,7.057000656127933
900,BaLa0.5Nb0.5O3,Ba,III,37.4,38.86449,39.101525192260745,0.7072259226198531,0.23703468322754162
901,Ba4LiNb3O12,Ba,Ib,37.0,30.00005,30.000049591064453,0.0,0.0
902,Sr0.92Li0.23Nb0.69Ti0.08O3,Sr,III,42.3,37.350483,37.35048294067383,0.0,0.0
903,Ba3LaTa3O12,Ba,Ib,39.4,41.72834,41.72834014892578,0.0,0.0
904,BaZn0.25Ti0.25Ta0.5O3,Ba,Ib,39.6,37.224678,40.39145355224609,2.6000195928876697,3.1667755126953097
905,BaZn0.3333Nb0.6667O3,Ba,Ib,41.1,39.405308,38.75710784912109,1.3396917781523496,-0.6481999206542994
906,CaTi0.5Al0.25Ta0.25O3,Ca,II,41.4,42.173607,41.17042640686035,7.071480274472356,-1.003180465698243
907,BaNd0.5Nb0.5O3,Ba,III,41.9,41.534187,41.040746459960936,0.7172175217962521,-0.49344085693359574
908,Ca0.67Nd0.33Ti0.67Al0.33O3,Ca,II,42.0,41.27618,39.83754455566406,3.814888139140866,-1.4386357116699244
909,Ca4.38Ni0.62Nb2TiO12,Ca,III,42.0,35.854156,35.854156494140625,0.0,0.0
910,BaZn0.3167Nb0.6333Zr0.05O3,Ba,Ib,42.0,39.5571,41.11587905883789,1.4592357510155896,1.5587806701660156
911,Ca3Sr2Ta2TiO12,Ca,II,42.0,36.46095,36.4609489440918,0.0,0.0
912,Ba0.8Sr0.2Zn0.3133Ta0.6267Ti0.06O3,Ba,Ib,42.0,39.27186,40.591310577392576,3.0453653038100534,1.3194523620605452
913,Ca0.1Nd0.9Mg0.45Ti0.55O3,Other,III,42.0,27.130566,26.62885108947754,0.7318292989057263,-0.5017145538330077
914,CaZr0.9Ti0.1O3,Ca,III,42.0,38.2556,35.47342216491699,3.149990628572544,-2.782177810668948
915,La0.4Sr0.6Al0.4Ti0.6O3,Sr,Ib,42.1,43.01045,45.69325981140137,2.2079344196596242,2.6828113555908217
916,CaLa2Nd2Ti4O15,Other,III,42.3,41.08064,40.76937873840332,0.5599982973226357,-0.31126014709472827
917,CaLa0.5Nd0.5Ti4O15,Ca,III,42.3,43.361485,43.36148452758789,0.0,0.0
918,CaLa4Ti4O15,Other,II,41.1,39.883656,40.47931526184082,0.6886564450588312,0.5956597137451141
919,Sr5Ta4O15,Sr,II,41.0,40.03266,39.041358184814456,2.472573850210943,-0.9913032531738253
920,Ca0.65Sm0.35Ti0.65Al0.35O3,Ca,II,41.0,39.46561,37.782790908813475,3.690437584377454,-1.682819595336916
921,Ba0.75Sr0.25Zn0.3133Ta0.6267Ti0.06O3,Ba,Ib,40.0,40.81736,42.82481895446777,2.677025012598382,2.0074590301513666
922,BaHo0.5Ta0.5O3,Ba,II,39.6,34.27412,35.037539138793946,0.6843779589268819,0.763418807983399
923,BaSm0.5Nb0.5O3,Ba,II,39.7,39.896034,40.13767646789551,0.868223825662754,0.24164222717285355
924,BaYb0.5Ta0.5O3,Ba,Ib,39.7,33.653835,33.04706672668457,0.7239107224228318,-0.6067685699462899
925,Ca0.65Ti0.65Sm0.315Nd0.035Al0.35O3,Ca,II,39.7,38.603207,37.843785781860355,3.613284358399646,-0.7594208526611297
926,BaGd0.5Nb0.5O3,Ba,II,40.0,37.76647,38.24302619934082,1.0089968395392648,0.4765543365478493
927,Ba2SrLaNb3O12,Ba,II,39.5,37.92591,37.92591094970703,0.0,0.0
928,BaEu0.5Nb0.5O3,Ba,II,40.0,38.137806,38.42273307800293,0.9671843155120164,0.2849271392822246
929,Sr5Nb4O15,Sr,II,40.0,49.238377,48.222411727905275,2.572321010855644,-1.0159648895263658
930,CaFe0.5Nb0.5O3,Ca,III,40.0,38.99082,34.42398845672607,4.268575961423711,-4.566833381652835
931,BaZn0.2667Co0.0667Nb0.6667O3,Ba,Ib,40.0,37.95698,39.556411590576175,1.6757454335849498,1.5994299316406284
932,BaZn0.3333Nb0.6667O3,Ba,Ib,40.0,39.405308,38.83259750366211,1.3574716026439633,-0.5727102661132832
933,Ba0.3Sr0.7Zn0.3333Nb0.6667O3,Sr,Ib,40.0,40.514843,44.054324798583984,2.366113911641279,3.539481811523437
934,Ba8Ta4Ti3O24,Ba,Ib,40.0,39.166683,36.39862869262695,1.4849179153402887,-2.7680545043945344
935,Ca4ZnNb2TiO12,Ca,III,40.0,38.232582,34.76441925048828,3.9034828552931318,-3.4681628417968753
936,Ba3LiTa3Ti5O21,Ba,Ib,49.4,43.550186,43.55018615722656,0.0,0.0
937,Ca0.3355Nd0.7255Li0.225TiO3,Other,III,101.0,77.18196,77.18196105957031,0.0,0.0
938,Pb0.6Ca0.4ZrO3,Other,III,94.0,105.82516,95.9975602722168,13.022557824852631,-9.827596893310542
939,Pb0.48Ca0.52Fe0.475Nb0.475Sn0.05O3,Ca,II,94.3,96.51012,86.94284095764161,17.408196544472137,-9.56727561950683
940,Ca0.4Sm0.4TiO3,Ca,III,94.5,95.9004,90.20518508911132,7.012780070436516,-5.6952131652832065
941,Ca0.268Sm0.268Ti0.67Li0.165Sm0.165Ti0.33O3,Other,III,95.5,99.77687,92.93096313476562,9.302574821571449,-6.845907592773443
942,Ca0.56Sm0.56Ti0.7Li0.15Nd0.15Ti0.3O3,Other,III,98.0,91.766716,91.76671600341797,0.0,0.0
943,Ca0.28Sm0.28Ti0.7Li0.15Nd0.15Ti0.3O3,Other,III,99.0,102.670265,98.78149154663086,7.6153851358608415,-3.8887736511230457
944,Ca0.4Nd0.4TiO3,Ca,III,99.0,97.52934,91.05235397338868,6.099912931979452,-6.476988677978511
945,Pb0.5Ca0.5Fe0.45Nb0.45Sn0.1O3,Ca,II,99.6,98.26573,89.22685119628906,18.016833162329178,-9.038880615234376
946,Ca0.6Sm0.2667TiO3,Ca,III,101.0,105.394714,99.25507644653321,7.358995504028096,-6.139637908935541
947,Pb0.5Ca0.5Fe0.475Nb0.475Sn0.05O3,Ca,II,102.0,101.359505,88.44692733764649,19.76192809228236,-12.912577362060546
948,Ca0.9La0.1Mg0.05Ti0.95O3,Ca,III,102.5,97.77217,85.60182495117188,12.249513814287,-12.170346069335935
949,Ca0.61Nd0.26TiO3,Ca,III,103.0,108.253075,101.97195114135742,8.388701738120245,-6.281123504638671
950,Ca0.3La0.1333Li0.25Nd0.25TiO3,Other,III,105.0,109.383484,107.52507507324219,7.58329389054922,-1.858408813476558
951,Ca0.61Nd0.26TiO3,Ca,III,108.0,107.0342,100.95098449707031,7.9140242461024135,-6.083218078613285
952,Pb0.48Ca0.52Fe0.45Nb0.45Sn0.1O3,Ca,II,93.6,93.36186,83.00792808532715,17.278296129179374,-10.353934097290036
953,Pb0.45Ca0.55Fe0.5Nb0.5O3,Ca,II,92.6,92.0095,84.43455390930175,20.01888800773305,-7.574944686889651
954,Pb0.5Ca0.5Fe0.5Ta0.5O3,Ca,II,83.9,81.24422,72.89292892456055,12.512187326941117,-8.351287994384762
955,Pb0.45Ca0.55Fe0.45Nb0.45Sn0.1O3,Ca,II,85.0,86.01601,85.30812957763672,15.296276112560282,-0.7078768920898426
956,Pb0.45Ca0.55Fe0.45Nb0.45Zr0.1O3,Ca,II,85.0,85.01967,82.72985191345215,19.430825964773952,-2.289816665649411
957,BaTi0.5Ga0.25Nb0.25O3,Ba,Ib,86.0,82.77653,92.45584335327149,10.21231755756933,9.679315948486334
958,Pb0.45Ca0.55Fe0.475Nb0.475Sn0.05O3,Ca,II,86.3,89.885254,83.0079541015625,14.177099139154024,-6.877299804687496
959,Ca0.6La0.2667TiO3,Ca,II,109.0,110.51652,104.91317749023438,6.678141706069422,-5.603340148925781
960,Pb0.5Ca0.5Fe0.495Nb0.495Zr0.01O3,Ca,II,86.3,93.23869,83.81379547119141,16.753214840215954,-9.424897766113276
961,Ca0.9Sm0.1Mg0.05Ti0.95O3,Ca,III,87.0,88.904945,80.18816192626953,10.540495990481604,-8.716783447265627
962,Pb0.45Ca0.55Fe0.475Nb0.475Zr0.05O3,Ca,II,87.0,85.35738,80.16071662902831,11.39627052419463,-5.196667098999029
963,Pb0.46Ca0.54Fe0.45Nb0.45Sn0.1O3,Ca,II,87.8,88.727585,77.15749145507813,16.351326505046334,-11.570093383789057
964,Pb0.46Ca0.54Fe0.475Nb0.475Sn0.05O3,Ca,II,88.2,92.037735,84.88809616088867,14.904358268722774,-7.1496388244628974
965,Ca0.9La0.1Mg0.05Ti0.95O3,Ca,III,90.4,90.5045,85.63107238769531,9.332141899464936,-4.873428955078126
966,Pb0.46Ca0.46La0.08Fe0.5Nb0.5O3,Ca,II,90.8,94.781906,94.43938438415528,15.609983026452941,-0.34252174377441236
967,Pb0.45Ca0.55Fe0.45Nb0.45Sn0.1O3,Ca,II,86.7,86.35791,72.8481339263916,16.057385459640955,-13.509776229858403
968,Pb0.45Ca0.55Fe0.25Nb0.48Ta0.02O3,Ca,II,82.0,80.750854,75.73018432617188,9.93389616969321,-5.02067016601562
969,Pb0.63Ca0.37ZrO3,Other,III,110.0,112.85317,100.2708317565918,14.436011999182336,-12.58234054565429
970,Ca0.16Sm0.16Li0.3Nd0.3TiO3,Other,III,110.0,108.89211,98.63082778930664,12.326533966804764,-10.261284942626958
971,Ca0.2Li0.34Nd0.38La0.04TiO3,Other,III,132.6,131.38815,125.5789859008789,12.892045187431528,-5.80916717529297
972,Sr4Ce2Ti7O22,Sr,Ib,133.0,134.67493,134.6749267578125,0.0,0.0
973,Sr0.8Ca0.2TiO3,Sr,Ib,133.9,134.55037,130.8336459350586,5.0143990232048035,-3.716723327636714
974,Sr0.571Ce0.286TiO3,Sr,Ib,136.0,137.5728,127.64178283691406,8.483363592451497,-9.931016845703127
975,Ca0.4Li0.24Nd0.28La0.04TiO3,Ca,III,136.4,126.77118,117.18564910888672,14.77624432364271,-9.585530090332028
976,CaZr0.3Ti0.7O3,Ca,III,138.0,137.65073,103.80639450073242,30.98563608014297,-33.84433181762695
977,Pb0.6Ca0.4Fe0.475Nb0.475Sn0.05O3,Other,II,139.4,140.32297,113.53378082275391,22.33635628619279,-26.789186706542964
978,Pb0.6Zr0.6Ca0.4Fe0.2Nb0.2O3,Other,III,140.7,140.2779,127.63575805664063,15.688763806319518,-12.642135009765624
979,Ca0.85Nd0.1TiO3,Ca,III,141.0,119.311035,114.74436294555665,7.145033300428616,-4.566672210693355
980,CaZr0.2Ti0.8O3,Ca,III,141.0,139.17607,118.10279167175293,24.110838852272067,-21.073279495239262
981,Ca0.73Nd0.18TiO3,Ca,III,141.0,113.82666,106.22364364624023,9.584315642753836,-7.603016510009766
982,Ca0.6Li0.14Nd0.21La0.04TiO3,Ca,III,142.0,133.64299,127.0937286376953,12.771791379378302,-6.549261474609381
983,SrNd0.5Nb0.5O3,Sr,III,37.0,33.180504,31.06977466583252,2.542001996137959,-2.110729179382325
984,Sr5Ce2Ti8O25,Sr,Ib,142.0,137.75804,137.75804138183594,0.0,0.0
985,Pb0.7Ca0.3ZrO3,Other,III,132.0,121.893234,111.08092697143555,14.48098015089475,-10.812307281494142
986,Ca0.6Li0.15Nd0.1833La0.0333TiO3,Ca,III,128.2,131.56082,127.06748443603516,10.838692333117857,-4.4933370971679665
987,Pb0.56Ca0.44Fe0.5333W0.0667Nb0.4O3,Ca,II,127.2,124.71788,102.61267501831054,22.635521748165694,-22.105205230712897
988,Pb0.6Ca0.4Fe0.495Nb0.495Zr0.01O3,Other,II,126.7,128.71866,107.584765625,21.168240898455426,-21.133892822265622
989,Ca0.2Li0.25Nd0.25La0.1Nd0.1TiO3,Other,III,110.4,113.59839,106.8980062866211,12.213269331027673,-6.700382385253903
990,Pb0.95Ca0.05ZrO3,Other,III,112.0,120.40294,122.42094848632813,13.441168827424526,2.0180096435546915
991,Pb0.05Fe0.0333W0.0167Pb0.475Ca0.475Fe0.475Nb0.475O3,Ca,II,112.2,116.85315,100.7381398010254,22.721657360868146,-16.115009613037103
992,Ca0.4Li0.3Nd0.3TiO3,Other,III,112.6,115.534546,111.2050407409668,11.242364056777447,-4.329505157470706
993,Ca0.3Li0.35Sm0.35TiO3,Other,III,114.0,115.301735,100.55483627319336,17.85789600595343,-14.746898651123047
994,Pb0.475Ca0.475La0.05Fe0.45Nb0.45Ti0.1O3,Ca,II,116.6,116.976074,102.69581420898437,21.266344455374924,-14.280260009765627
995,Na0.15La0.15Li0.35Sm0.35TiO3,Other,III,117.0,117.86781,109.70096008300781,17.88699149680654,-8.166853027343748
996,Ca0.2Li0.1Nd0.1Ti0.4O3,Ca,III,110.0,109.34609,105.6911996459961,9.26444981972531,-3.6548925781250006
997,Ca0.6Li0.05Nd0.05La0.1Nd0.1TiO3,Ca,III,117.0,119.44385,109.44433700561524,10.746023802162906,-9.999510650634761
998,Pb0.65Ca0.35ZrO3,Other,III,118.0,116.37457,104.82568817138672,13.723534511667797,-11.548884582519534
999,Ca0.8Nd0.1333TiO3,Ca,III,119.0,120.37221,114.52496520996094,6.523452798197377,-5.847242431640623
1000,Ca0.8Sm0.1333TiO3,Ca,III,119.3,120.2227,112.12653625488281,8.869592771176421,-8.09616577148438
1001,Ca0.4Li0.25Nd0.2833La0.0333TiO3,Ca,III,121.3,126.84303,118.03426635742187,14.600727691010091,-8.808766479492192
1002,Ca0.45Li0.125Nd0.225Dy0.1TiO3,Ca,III,121.3,121.094925,111.9821369934082,12.668322930158908,-9.112787933349608
1003,La0.5Na0.5TiO3,Other,II,122.0,125.49353,120.06617614746094,5.506511271895843,-5.427354125976564
1004,Ca0.5Li0.2Nd0.2333La0.0333TiO3,Ca,III,123.0,129.398,119.56352249145507,13.617434042936024,-9.834472503662113
1005,Ca0.4Li0.15Nd0.15La0.1Nd0.1TiO3,Ca,III,117.0,123.931725,114.48619766235352,12.657261113620004,-9.445526885986325
1006,BaMg0.167Ta0.33Ti0.5O3,Ba,Ib,76.6,76.886826,80.95663528442383,10.982306152654628,4.069809722900388
1007,Pb0.4Ca0.6Mg0.3Nb0.6Sn0.1O3,Ca,III,52.2,58.75181,56.166360778808595,6.432243727806692,-2.585447387695311
1008,La0.2Na0.2Ti0.4Ca0.6Mg0.2Nb0.4O3,Ca,III,52.3,52.415264,47.50839118957519,7.004386406892011,-4.906872940063479
1009,Ca0.8La0.1333Ti0.5Mg0.1667Nb0.3333O3,Ca,III,52.4,52.079266,44.76058982849121,6.9852059639210955,-7.318675765991209
1010,CaLa4Ti5O17,Other,II,53.7,54.3144,54.31439971923828,0.0,0.0
1011,CaTi0.4Mg0.2Nb0.4O3,Ca,III,54.0,50.746254,45.17463653564453,5.849593481711129,-5.571617431640625
1012,La0.5333Ti0.8Al0.2O3,Other,II,54.0,51.090385,47.90498977661133,3.600902226896663,-3.1853956604003884
1013,BaZn0.25Ti0.25Nb0.5O3,Ba,Ib,54.8,53.22693,58.486875457763674,5.246722994980423,5.259946746826174
1014,Sm0.5Li0.5TiO3,Other,III,55.0,54.841377,47.71856880187988,7.809230381900056,-7.122808456420898
1015,CaLi0.1667Nb0.3333Ti0.5O3,Ca,III,55.0,46.263702,46.263702392578125,0.0,0.0
1016,Pb0.2Zr0.2Ca0.8Fe0.4Nb0.4O3,Ca,III,55.1,55.725136,49.004716339111326,8.11028717817366,-6.72041946411133
1017,Ba4La2Ti3Nb2O18,Ba,Ib,55.1,52.059723,52.059722900390625,0.0,0.0
1018,CaLi0.1667Nb0.3333Ti0.5O3,Ca,III,55.2,46.263702,46.263702392578125,0.0,0.0
1019,CaLa4Ti5O17,Other,II,57.0,54.425636,54.425636291503906,0.0,0.0
1020,Ba5LaTi2Nb3O15,Ba,Ib,57.3,54.862682,54.8626823425293,0.0,0.0
1021,Ca4.6Zn0.4Nb4TiO17,Ca,III,52.0,51.127014,51.12701416015625,0.0,0.0
1022,Ca0.7Ti0.7La0.3Ga0.3O3,Ca,II,52.0,50.3684,48.73077651977539,4.837461251321604,-1.6376240539550793
1023,CaTi0.6Al0.2Ta0.2O3,Ca,II,52.0,50.94632,50.298588256835934,8.003142302018105,-0.6477313232421906
1024,Ba3La2Ti2Nb2O15,Ba,Ib,49.8,47.229805,47.22980499267578,0.0,0.0
1025,Pb0.7Ca0.3La0.5Mg0.5Nb0.5O3,Other,III,50.0,53.87165,53.87165069580078,0.0,0.0
1026,La0.8333Mg0.25Ti0.75O3,Other,III,50.0,47.93488,45.21958030700684,2.67073944921757,-2.715298995971679
1027,Ca0.5La0.5Zn0.25Ti0.75O3,Ca,III,50.0,48.93792,45.227146224975584,4.09493181908954,-3.7107733917236345
1028,Ba2Sr3Nb4O15,Sr,Ib,50.0,48.112183,47.81340980529785,1.4617956236511966,-0.29877281188964844
1029,CaZr0.6Ti0.4O3,Ca,III,50.0,51.13455,46.44350944519043,5.473439419591006,-4.69103874206543
1030,Pb0.4Ca0.6Mg0.1667Nb0.3333Sn0.5O3,Ca,III,57.4,55.799885,50.35665771484375,7.512457392008195,-5.443227081298829
1031,La0.5333Ni0.2TiO3,Other,II,50.7,49.58168,48.59501701354981,2.674319963868119,-0.9866632843017555
1032,Ca0.75Ti0.75Sm0.25Al0.25O3,Ca,II,51.0,48.18032,44.70767196655274,4.97862909902374,-3.472648773193356
1033,Ba3Sr2Nb4O15,Ba,Ib,51.0,50.249443,50.963985748291016,2.134241044498308,0.7145426940917972
1034,Ca0.7La0.3Mg0.15Ti0.85O3,Ca,III,51.2,54.880287,54.69941078186035,6.29420950991931,-0.18087638854980526
1035,La0.66Ni0.01TiO3,Other,II,51.4,48.748096,46.475137634277345,2.706951401474255,-2.2729588317871077
1036,La0.3Al0.3Sr0.7Ti0.7O3,Sr,Ib,52.0,51.05224,55.73000228881836,3.538060273444976,4.677763824462893
1037,Li0.5Sm0.5TiO3,Other,III,52.0,52.86906,45.57745574951172,7.799152437935064,-7.291604766845701
1038,BaSm0.3Bi0.2Nb0.5O3,Ba,II,50.8,49.916656,50.889277954101566,2.4664075522210354,0.9726214599609406
1039,Pb0.4Ca0.6Fe0.475Nb0.475Sn0.05O3,Ca,II,78.0,77.74901,71.43140083312989,12.181613538679782,-6.317607345581052
1040,La0.5667Ti0.85Al0.15O3,Other,II,57.7,56.813812,51.60839027404785,4.487953061416806,-5.205421981811526
1041,La0.6167Ni0.075TiO3,Other,II,58.0,59.550842,57.00021949768066,3.983238734232261,-2.5506227874755893
1042,BaTi0.4Ga0.3Nb0.3O3,Ba,Ib,66.0,68.23614,75.49729385375977,11.019737147392776,7.261156463623053
1043,La0.6133Ti0.92Al0.08O3,Other,II,66.9,64.833084,59.18292190551758,5.539886443449232,-5.650162200927731
1044,Ca0.8Ti0.8Sm0.2Mg0.1Ti0.1O3,Ca,III,68.0,67.11422,62.83604545593262,6.719646509400594,-4.278174209594724
1045,CaTi0.6Mg0.1333Nb0.2667O3,Ca,III,68.0,64.22977,57.21168312072754,7.209567390357444,-7.0180837249755825
1046,Pb0.4Ca0.6Fe0.495Nb0.495Zr0.01O3,Ca,II,68.7,72.31615,78.05710418701172,13.968046850169303,5.7409573364257795
1047,La0.6467Ni0.03TiO3,Other,II,69.4,66.07411,62.0976416015625,5.2077808947486135,-3.976470336914062
1048,Pb0.4Ca0.6Fe0.45Nb0.45Sn0.1O3,Ca,II,70.3,72.28696,66.31214385986328,11.67221286287163,-5.9748129272460915
1049,La0.64Ti0.96Al0.04O3,Other,II,71.9,70.5955,65.58325820922852,5.231162951447185,-5.012238922119138
1050,Pb0.5Ca0.5Zr0.95Ti0.05O3,Ca,III,72.0,70.69669,69.20058456420898,6.186019473145657,-1.4961088562011753
1051,La0.64Ti0.96Al0.04O3,Other,II,72.0,66.81881,62.09848426818848,5.339610491147023,-4.720325241088865
1052,Pb0.5Ca0.5ZrO3,Ca,III,74.0,73.82511,70.99208824157715,5.6389640254995745,-2.833023147583006
1053,CaTi0.7Al0.15Ta0.15O3,Ca,II,65.4,63.44314,58.81362274169922,9.781028302916724,-4.629515380859374
1054,Pb0.1Fe0.0667W0.0333Pb0.18Ca0.72Fe0.45Nb0.45O3,Ca,III,65.3,64.0794,54.705655822753904,9.354725918214125,-9.373743286132814
1055,Pb0.4Ca0.6Mg0.255Nb0.255Sn0.01O3,Ca,III,65.0,63.31485,57.482759399414064,9.803627369626028,-5.832090454101561
1056,La0.3Mg0.15Ti0.85Ca0.7O3,Ca,III,58.8,54.880287,55.2614697265625,6.040701631970127,0.3811825561523463
1057,CaZr0.5Ti0.5O3,Ca,III,59.0,57.828156,52.09132461547851,6.041978978073308,-5.736830902099612
1058,La0.6333Ni0.05TiO3,Other,II,59.6,63.01938,58.81674156188965,4.817666029607152,-4.202637100219725
1059,BaTi0.85Mn0.15O3,Ba,Ib,60.0,62.251404,75.62250213623047,6.527574994377521,13.371098327636716
1060,CaTi0.4Mg0.2Ta0.4O3,Ca,III,60.2,49.46074,42.93595848083496,6.876152248332693,-6.524780654907225
1061,BaPr0.3Bi0.02Nb0.5O3,Ba,II,60.7,52.830055,51.296752853393556,3.3137648091520004,-1.5333023834228499
1062,Ca2Ba3Ta2TiO12,Ba,Ib,61.0,63.415577,63.41557693481445,0.0,0.0
1063,Ca0.68Nd0.08Ti0.8Sm0.2Al0.2O3,Ca,III,58.0,54.115456,50.113601531982425,5.239508801240831,-4.001854095458981
1064,CaTi0.6Mg0.1333Nb0.2667O3,Ca,III,62.9,64.22977,56.3219499206543,6.941514873162384,-7.907816925048827
1065,Pb0.4Ca0.6Mg0.3233Nb0.6467Sn0.03O3,Ca,III,63.0,60.4588,58.024052429199216,6.785113327953714,-2.434748840332034
1066,La0.6Ti0.9Al0.1O3,Other,II,63.0,59.65209,55.70494369506836,4.379595100283122,-3.9471444702148446
1067,La0.6533Ni0.02TiO3,Other,II,63.3,61.20144,56.412792434692385,4.851793933406736,-4.788646469116209
1068,BaMg0.2W0.2Ti0.6O3,Ba,Ib,63.9,64.500175,71.97829711914062,6.663224185806864,7.478121643066402
1069,Pb0.4Ca0.6Mg0.3367Nb0.6733Sn0.01O3,Ca,III,64.7,61.588734,58.40971145629883,7.433189746831354,-3.1790222167968736
1070,La0.6Ti0.9Al0.1O3,Other,II,62.6,62.3579,57.45037727355957,5.360554859012348,-4.907521438598636
1071,SrLa0.5Nb0.5O3,Sr,III,37.0,33.229954,30.792316360473635,2.171756839256523,-2.437637405395506
1072,CaLi0.2667Nb0.5333Sn0.2O3,Ca,III,23.3,23.318996,23.31899642944336,0.0,0.0
1073,BaLa0.5Ta0.5O3,Ba,III,37.0,33.254524,33.33716064453125,0.972058881382803,0.08263641357422102
1074,BaTi0.1Co0.45W0.45O3,Ba,Ib,24.0,21.936764,20.086780967712404,1.6595458068881959,-1.8499827957153308
1075,Ba0.98Zn0.5W0.5O2.98,Ba,Ia,24.0,21.656336,22.710076332092285,2.6052967168177985,1.0537405014038086
1076,BaMg0.333Ta0.667O3,Ba,Ib,24.0,24.529795,25.687243995666503,1.1062543554347233,1.1574493026733386
1077,CaIn0.5Ta0.5O3,Ca,III,24.0,24.20015,23.27822311401367,1.0090452518491937,-0.9219264221191423
1078,CaPr0.5Ta0.5O3,Ca,III,24.0,22.737532,21.25820083618164,1.3304721895589302,-1.4793308258056648
1079,BaMg0.283Ta0.567Sn0.15O3,Ba,Ib,24.0,24.721195,25.274289932250976,1.1140544867198268,0.5530947113037108
1080,BaTi0.5Ni0.25W0.25O3,Ba,Ib,24.2,23.715984,23.73549732208252,0.5698426555613221,0.019512977600097514
1081,BaHfO3,Ba,Ia,24.2,24.78476,25.225338172912597,0.7217501967785407,0.44057865142822195
1082,CaNd0.5Ta0.5O3,Ca,III,24.4,22.71043,21.73306251525879,1.4042072175269467,-0.9773676300048812
1083,BaMg0.33Ta0.63Ti0.017W0.017O3,Ba,Ib,24.5,24.495611,25.214033470153808,1.0158430202974031,0.7184222793579096
1084,Ba0.9925Mg0.33Ta0.67O3,Ba,Ib,24.7,24.198765,23.99500457763672,0.6033260341898898,-0.20376022338867017
1085,BaMg0.33Ta0.53Ti0.067W0.067O3,Ba,Ib,23.6,23.841915,24.976820449829102,1.185738389610319,1.1349053192138676
1086,SrHfO3,Sr,III,23.5,22.961563,23.06335479736328,0.32569146024906287,0.10179168701171903
1087,Sr3Zn0.5Mg0.5Nb2O9,Sr,II,22.3,30.807495,31.506231536865233,1.172480035326272,0.6987364196777328
1088,La0.952Na0.048Mg0.5W0.5O3,Other,III,22.6,25.910503,24.54469570159912,1.1093758901176267,-1.365807685852051
1089,La0.907Na0.0938Mg0.5W0.5O3,Other,III,22.6,25.435247,24.14940799713135,1.2661609832811274,-1.2858394241333002
1090,CaLi0.2333Nb0.4667Sn0.3O3,Ca,III,22.6,19.708933,19.708932876586914,0.0,0.0
1091,Ba0.99Zn0.5W0.5O2.99,Ba,Ia,23.0,22.132725,22.91619602203369,2.6060664440280736,0.7834712600708009
1092,CaLa0.5Ta0.5O3,Ca,III,23.0,21.561203,20.512176361083984,0.7902287626916504,-1.0490266418457033
1093,NdMg0.5Ti0.5O3,Other,III,23.0,24.240843,24.307937660217284,0.5319569215640635,0.06709484100341712
1094,Ca0.07Mg0.93TiO3,Ca,III,23.0,21.472954,20.977581405639647,0.7569517100528685,-0.49537239074707173
1095,LaAlO3,Other,Ia,23.4,22.428547,21.76793659210205,0.5235724604037523,-0.6606103134155283
1096,BaZn0.1667Co0.1667Ta0.2222Nb0.2222Sb0.2222O3,Ba,Ib,24.9,24.140661,27.963528747558595,2.953324581651417,3.8228675079345713
1097,BaCo0.3333Ta0.6667O3,Ba,Ib,25.0,26.157541,25.271261520385742,0.6812638551212727,-0.8862797546386716
1098,CaEr0.5Ta0.5O3,Ca,III,26.4,25.905323,23.274164581298827,2.7283383513454944,-2.6311584472656264
1099,BaTi0.3Zn0.35W0.35O3,Ba,Ib,26.4,26.326187,25.057921638488768,2.164541784536436,-1.2682654953002945
1100,BaTi0.55Ni0.225W0.225O3,Ba,Ib,26.5,26.50205,27.40289276123047,1.5308571556546695,0.900842361450195
1101,CaEu0.5Ta0.5O3,Ca,III,26.8,24.256512,22.29799564361572,2.063263424555204,-1.958516044616701
1102,CaY0.5Ta0.5O3,Ca,III,27.0,26.11684,24.712976417541505,2.075166893605465,-1.4038639450073234
1103,Ca0.6Ba0.4Y0.5Ta0.5O3,Ca,III,27.0,27.472824,26.269760780334472,1.6172411130354831,-1.2030633163452151
1104,Ba5Nb2Ta2O15,Ba,Ib,27.0,28.725739,32.27489471435547,2.2186074789093784,3.5491561889648438
1105,BaMg0.1333Zn0.2Ta0.6667O3,Ba,Ib,27.0,26.8231,27.142159271240235,1.2172111559388117,0.319060134887696
1106,CaZrO3,Ca,III,27.0,25.413319,24.971717224121093,0.3986606271412605,-0.44160140991210994
1107,BaMg0.3Ta0.6Ti0.1O3,Ba,Ib,26.3,26.124521,28.960553550720213,1.7557935589013072,2.8360322952270494
1108,CaYb0.5Ta0.5O3,Ca,III,25.8,26.197128,24.1120662689209,2.6040200586121904,-2.085062026977539
1109,Sr2AlNbO6,Sr,Ib,25.0,22.429592,21.866377716064452,0.8208079465776369,-0.5632144165039072
1110,SmMg0.5Ti0.5O3,Other,III,25.0,25.335827,24.90671615600586,0.5115373086980483,-0.4291107177734368
1111,NdAlO3,Other,II,22.3,20.020212,20.48472152709961,0.5367207145171871,0.46450935363769474
1112,Ba4LiTa2SbO12,Ba,Ib,25.1,38.44729,38.447288513183594,0.0,0.0
1113,CaLi0.3Nb0.6Sn0.1O3,Ca,III,25.2,23.187366,23.187366485595703,0.0,0.0
1114,BaTi0.5Zn0.25W0.25O3,Ba,Ib,25.4,25.728893,33.320764236450195,6.150888113333506,7.591870956420898
1115,Ba5Nb3TaO15,Ba,Ib,25.7,31.75697,35.23552391052246,2.3229174127196077,3.478554458618163
1116,CaSm0.5Ta0.5O3,Ca,III,25.8,23.797283,22.040580291748046,1.9335583219101191,-1.7567028808593754
1117,BaMg0.3183Ta0.67O3,Ba,Ib,25.1,24.448948,23.92734146118164,0.4140296593710072,-0.5216064453125
1118,BaYb0.5Ta0.5O3,Ba,Ib,22.1,26.506098,28.142000465393068,1.2027978512805015,1.635902671813966
1119,La0.823Na0.176Mg0.5W0.5O3,Other,III,22.1,24.251211,23.00759048461914,1.5891953489962947,-1.243620681762696
1120,Ca5Nb2HfO12,Ca,III,22.0,36.213585,36.213584899902344,0.0,0.0
1121,BaMg0.5W0.5O3,Ba,Ia,17.0,17.71764,17.316616821289063,1.0709937430422303,-0.4010231018066399
1122,BaMg0.34W0.35Ti0.31O3,Ba,Ib,17.1,14.881045,14.61272445678711,0.7144903200938396,-0.2683208847045897
1123,BaNi0.5W0.5O3,Ba,Ia,17.1,18.104897,18.44458126068115,1.1009918933421212,0.33968471527099453
1124,BaMg0.33Ta0.13Ti0.267W0.267O3,Ba,Ib,17.4,16.259335,16.266692848205565,1.1481395636715968,0.007358283996580894
1125,DyAlO3,Other,III,17.6,16.95067,17.258788146972655,0.5962640386421407,0.3081179046630851
1126,BaNi0.5W0.5O3,Ba,Ia,18.1,18.104897,18.547982177734376,1.1496692461166003,0.4430856323242196
1127,SrNi0.5W0.5O3,Sr,II,18.3,20.62994,22.034273147583008,1.2797594147124363,1.4043331146240234
1128,GdAlO3,Other,III,18.4,17.857794,17.8717582321167,0.4803755339100127,0.013964424133302344
1129,Sr2AlNbO6,Sr,Ib,19.0,22.387196,22.19165012359619,1.0174195918611015,-0.19554546356201286
1130,Ba.2Sr0.8SmSbO6,Other,Ia,19.0,19.159235,19.15923500061035,0.0,0.0
1131,BaZn0.5W0.5O3,Ba,Ia,19.0,22.636126,24.690849647521972,2.6518271212061255,2.0547240829467768
1132,NdMg0.47Ba0.03Sn0.5O3,Other,III,19.1,18.827223,18.716931533813476,0.6342486190580126,-0.11029129028320384
1133,BaMg0.33W0.35Ti0.32O3,Ba,Ib,16.3,15.269971,15.092929077148437,0.6266467710921583,-0.1770418167114265
1134,ErAlO3,Other,III,16.3,16.599703,17.099712677001953,0.6329892116186101,0.5000098419189456
1135,Pb0.6Ca0.4Fe0.45Nb0.45Sn0.1O3,Other,II,142.6,140.06923,115.18172424316407,23.258233001428092,-24.887504882812493
1136,BaMg0.335W0.335Ti0.33O3,Ba,Ib,13.1,14.697527,14.81722427368164,1.0618840089131039,0.1196973419189451
1137,BaTi0.39Co0.305W0.305O3,Ba,Ib,14.0,17.653849,17.69602527618408,0.3810349681048649,0.04217662811279155
1138,BaMg0.35W0.33Ti0.32O3,Ba,Ib,14.4,14.838443,14.560670318603515,0.28705474614824833,-0.2777724838256841
1139,NdMg0.45Co0.05Sn0.5O3,Other,III,19.2,18.417475,18.146035766601564,0.5182181285031309,-0.27143898010253764
1140,BaMg0.34W0.32Ti0.34O3,Ba,Ib,14.4,15.459429,15.30278772354126,0.6259023092158001,-0.15664106369018604
1141,BaMg0.34W0.33Ti0.33O3,Ba,Ib,15.1,15.226024,15.007821502685546,0.6077798793150773,-0.2182021713256841
1142,BaMg0.35W0.34Ti0.31O3,Ba,Ib,15.4,14.67175,14.602983531951905,1.208906139219272,-0.06876653671264599
1143,BaMg0.33W0.33Ti0.33O3,Ba,Ib,15.4,15.238916,15.156984214782716,0.839031313542645,-0.08193218231201094
1144,BaMg0.33W0.34Ti0.33O3,Ba,Ib,15.6,15.444183,15.24459524154663,0.6847256682311859,-0.19958810806274485
1145,YAlO3,Other,III,15.7,15.777338,15.962588768005372,0.5281841972012592,0.18525074005126996
1146,Sr2SmSbO6,Sr,II,16.0,15.01183,15.01183032989502,0.0,0.0
1147,BaMg0.34W0.32Ti0.34O3,Ba,Ib,14.5,15.459429,15.507509632110596,0.9214068374839273,0.04808084487915032
1148,Ba0.5Sr0.5Zn0.1667Co0.1667Ta0.2222Nb0.2222Sb0.2222O3,Ba,Ib,27.0,26.6018,29.480152206420897,2.434637768097512,2.878351287841795
1149,CaLa0.5Ta0.5O3,Ca,III,19.5,21.507126,20.720628662109377,0.7801245567325582,-0.7864971923828108
1150,Ba2SmSbO6,Ba,Ia,20.7,16.750263,16.750263214111328,0.0,0.0
1151,Sr0.985La0.01Mg0.5W0.5O3,Sr,II,20.7,19.086706,20.87456256866455,1.140156727254869,1.7878564071655276
1152,Ba2Mg0.9Ca0.1WO6,Ba,Ia,20.8,21.706387,20.819034271240234,0.6885853494397944,-0.8873522949218753
1153,Sr0.036Mg0.964TiO3,Sr,II,20.8,24.999714,24.93510425567627,0.452183740052128,-0.06460964202880959
1154,La0.786Na0.214Mg0.5W0.5O3,Other,III,20.8,23.219858,21.397019500732423,1.6604408010549994,-1.8228386688232412
1155,CaSm0.5Nb0.5O3,Ca,III,20.9,22.454676,20.78554473876953,1.5161057028720428,-1.6691309356689459
1156,Ca5Ta2ZrO12,Ca,III,21.0,39.352116,39.352115631103516,0.0,0.0
1157,Ba0.95Zn0.5W0.5O2.95,Ba,Ia,21.0,20.369385,21.878564567565917,3.2997624413230624,1.5091798019409168
1158,NdMg0.5Sn0.4Ti0.1O3,Other,III,21.1,19.554062,19.245714225769042,0.47522005896499236,-0.3083476638793954
1159,BaTi0.4Zn0.3W0.3O3,Ba,Ib,21.2,21.10944,21.644660873413088,1.967938767069921,0.535221023559572
1160,CaYb0.5Ta0.5O3,Ca,III,21.2,22.693918,20.90506618499756,1.653313603928593,-1.7888520431518558
1161,SrCo0.5W0.5O3,Sr,II,21.2,20.125805,21.914396858215333,1.50539983723385,1.7885919570922866
1162,CaHfO3,Ca,III,21.4,20.907879,20.552236404418945,0.47066197953530575,-0.3556424713134767
1163,BaTi0.45Ni0.275W0.275O3,Ba,Ib,21.6,21.451927,21.345597763061523,0.39972727553858833,-0.10632942199707074
1164,Sr3ZnNb2O9,Sr,II,20.7,35.916805,36.03770874023437,2.02923928822105,0.1209034729003875
1165,CaLa0.5Nb0.5O3,Ca,III,20.6,20.180218,19.650236396789552,0.5764186550519842,-0.52998134613037
1166,NdMg0.43Ca0.07Sn0.5O3,Other,III,19.5,15.61501,15.24401159286499,0.48986908898733106,-0.370998668670655
1167,CaSm0.5Ta0.5O3,Ca,III,19.6,20.102865,19.157630920410156,0.7653843112875129,-0.9452342987060547
1168,BaMg0.33Ta0.33Ti0.167W0.167O3,Ba,Ib,19.7,18.883413,21.080757675170897,2.5534555512412522,2.197344360351561
1169,CaNd0.5Ta0.5O3,Ca,III,20.0,22.64732,20.990427474975586,1.3434935610113665,-1.6568923187255855
1170,CaNd0.5Nb0.5O3,Ca,III,20.0,21.344831,20.293520431518555,1.057557450704911,-1.0513110351562496
1171,BaCo0.5W0.5O3,Ba,Ia,19.3,19.41533,19.988836097717286,1.6452583990037517,0.5735052108764656
1172,Sr3Zn0.75Mg0.25Nb2O9,Sr,II,20.0,31.626835,31.900049896240233,1.3260280628352348,0.2732150268554676
1173,BaMg0.46W0.46Ti0.08O3,Ba,Ib,20.0,19.443707,18.443065376281737,1.2000678940376068,-1.0006411361694347
1174,BaMg0.333Ta0.567W0.05Ti0.05O3,Ba,Ib,20.0,22.467274,24.951533279418946,2.3862097493330636,2.484259567260743
1175,BaTi0.4Ni0.3W0.3O3,Ba,Ib,20.0,19.980743,19.740401954650878,0.35954235043560645,-0.24034145355224723
1176,BaMg0.49Y0.006667W0.496667O3,Ba,Ia,20.0,17.637503,17.226321029663087,1.1993227891886071,-0.4111816406249993
1177,Ba0.97La0.02Mg0.5W0.5O3,Ba,Ia,20.0,17.641964,17.228582458496092,1.283027086032432,-0.41338150024414233
1178,BaLa0.5Ta0.5O3,Ba,III,27.1,26.759542,27.391577377319337,1.1970323531104827,0.6320349121093756
1179,SrLa0.5Ta0.5O3,Sr,III,27.1,25.589785,24.835975532531737,0.7778780824437082,-0.7538090896606455
1180,SrNd0.5Ta0.5O3,Sr,III,27.1,25.51595,24.305419120788574,1.0757792241103636,-1.2105301284790038
1181,Sr5Nb2Ta2O15,Sr,II,33.2,39.31841,38.40806106567383,2.505395993868267,-0.9103479003906259
1182,BaHo0.5Ta0.5O3,Ba,II,33.5,32.69908,32.289581756591794,0.6866228182450157,-0.40949966430664375
1183,Ba8ZnNb5.4Sb0.6O24,Ba,Ib,33.6,32.625732,29.077122955322267,2.389137759817449,-3.5486094665527332
1184,Ba0.99Co0.2333Zn0.1Nb0.6667O3,Ba,Ib,33.7,33.457283,35.3361873626709,1.6912048007603357,1.8789043426513672
1185,Ba2Sr3Ta4O15,Sr,Ib,33.7,33.211395,35.64990753173828,1.376536880413925,2.438512268066404
1186,Sr0.35Ba0.65Y0.5Nb0.5O3,Ba,III,33.8,33.1829,33.411449584960934,0.3965624971357245,0.22855010986327784
1187,Ba0.99La0.0067Co0.2333Zn0.1Nb0.6667O3,Ba,Ib,34.0,33.972878,38.456632919311524,3.2576550319555513,4.4837554168701175
1188,Ba4LiNb2TaO12,Ba,Ib,34.0,40.46939,40.469390869140625,0.0,0.0
1189,Ba10Ta7.52Ti0.48O30,Ba,Ib,34.0,32.43023,32.109371185302734,0.3053313947324674,-0.3208580017089844
1190,Ca5Ta2Ti0.6Hf0.4O12,Ca,III,34.0,37.65497,37.65496826171875,0.0,0.0
1191,Ca0.5Sm0.5Mg0.25Ti0.75O3,Ca,III,34.0,35.834488,34.69082611083984,1.4200571851802257,-1.143661804199219
1192,SrGd0.5Nb0.5O3,Sr,III,34.0,32.191643,30.86738052368164,2.0101070376524652,-1.3242622375488295
1193,Ba3Sr2Ta4O15,Ba,Ib,33.2,33.0644,35.97733108520508,2.0020724146138256,2.9129313659667986
1194,Sr0.5La0.5Ti0.5Al0.5O3,Sr,Ib,33.0,34.06382,36.1774983215332,1.9456849853344336,2.1136784362792937
1195,Li0.774Zr0.057NbO3,Other,III,33.0,31.603662,27.356137733459473,5.670581761777642,-4.2475247573852535
1196,BaYb0.5Ta0.5O3,Ba,Ib,32.0,33.653835,33.04757652282715,0.7971448218874291,-0.6062587738037095
1197,CaEr0.5Nb0.5O3,Ca,III,32.0,25.78591,23.8725541305542,2.373339041456447,-1.9133555221557614
1198,SrNd0.5Ta0.5O3,Sr,III,32.0,28.519848,26.276558647155763,1.9465540868178783,-2.2432892227172836
1199,SrHo0.5Nb0.5O3,Sr,III,32.0,30.67218,29.397513427734374,1.6974331135033407,-1.2746667480468759
1200,SrY0.5Nb0.5O3,Sr,III,32.0,31.42068,30.643090019226076,1.3302813338767179,-0.7775890731811508
1201,BaCo0.33Nb0.665Y0.005O3,Ba,Ib,34.0,33.136345,34.51096740722656,1.5405207791694795,1.3746224975585903
1202,SrEr0.5Nb0.5O3,Sr,III,32.0,30.284489,28.816444816589357,1.6134004375276174,-1.4680438613891589
1203,BaSn0.226Zn0.258Nb0.516O3,Ba,Ib,32.0,33.09305,33.24569744110107,1.4684967050960838,0.15264934539794695
1204,Ba5Nb3TaO15,Ba,Ib,32.2,31.93284,35.94569969177246,2.098452157176859,4.012859344482422
1205,Ba6Nb4ZrO18,Ba,Ib,32.4,31.48938,33.538097610473635,1.4272872886982242,2.048717727661135
1206,Sr0.05Ba0.95Y0.5Ta0.5O3,Ba,II,32.5,32.408634,33.44980857849121,0.774417645170153,1.0411743927001922
1207,BaTi0.1Zn0.45W0.45O3,Ba,Ib,33.0,29.835928,26.219207344055175,2.879208467613563,-3.6167206192016614
1208,Ba0.95Sr0.05Y0.5Ta0.5O3,Ba,II,33.0,32.408634,33.42411804199219,0.7871208037397566,1.0154838562011719
1209,Ca5Nb2Ti0.4Hf0.6O12,Ca,III,32.0,36.887127,36.88712692260742,0.0,0.0
1210,Ba0.95Ca0.05Yb0.475Y0.025Nb0.5O3,Ba,II,34.0,31.635025,32.54765640258789,0.6869408208781571,0.9126313781738276
1211,BaYb0.5Nb0.5O3,Ba,Ib,36.0,35.50807,34.70284934997559,0.8322837439748303,-0.8052225494384757
1212,BaTb0.5Ta0.5O3,Ba,II,36.0,33.069252,32.549794883728026,0.7266576785329207,-0.51945713043213
1213,Pb0.2Ca.1333Nb0.6667O3,Ca,III,36.0,35.74475,35.7447509765625,0.0,0.0
1214,BaZn0.3333Nb0.6667O3,Ba,Ib,36.0,36.932064,37.93647384643555,1.203309531462548,1.0044097900390625
1215,SrSm0.5Nb0.5O3,Sr,III,36.0,32.95162,31.11558967590332,2.3924863304347213,-1.836028518676759
1216,Ca4NiNb2TiO12,Ca,III,36.0,34.94461,31.523994827270506,3.55939508563776,-3.4206157684326186
1217,Ca4.88Co0.12Ta2TiO12,Ca,III,36.0,40.946934,40.94693374633789,0.0,0.0
1218,Ba8Ta4.32Ti2.6O24,Ba,Ib,36.0,37.602303,35.72450126647949,1.0613872300226035,-1.8778012847900385
1219,Sr3LaNb3O12,Sr,III,36.0,36.590313,36.59031295776367,0.0,0.0
1220,Sr5NbTa3O15,Sr,II,36.2,38.314987,37.53437019348144,2.2501141824094613,-0.7806169891357442
1221,La6MgTi4O18,Other,III,36.3,33.40243,33.8834789276123,1.3884648763542837,0.48104743957519247
1222,Sr0.05Ba0.95Y0.5Nb0.5O3,Ba,II,36.3,33.958916,34.98793067932129,0.7692292783066488,1.029014968872069
1223,BaNd0.5Ta0.5O3,Ba,III,36.0,36.947903,36.93293197631836,0.4267011845624224,-0.014970703125001705
1224,La0.5Sr0.5Al0.5Ti0.5O3,Sr,Ib,35.9,35.110718,36.93446243286133,1.4877291954418403,1.8237446594238307
1225,BaSc0.5Nb0.5O3,Ba,Ib,35.7,36.35043,37.10636383056641,0.865597893195603,0.7559342956542991
1226,BaZn0.0833Mg0.25Nb0.6667O3,Ba,Ib,34.0,33.27468,34.458643951416015,1.189493426869493,1.183962860107421
1227,Ba2SrYNb3O12,Ba,Ib,34.1,37.408955,37.40895462036133,0.0,0.0
1228,La0.8333Ti0.5Al0.5O3,Other,Ia,34.4,32.604275,31.19141357421875,1.6564495885019581,-1.4128611755371097
1229,BaCo0.2333Zn0.1Nb0.6667O3,Ba,Ib,34.5,33.78224,35.66214370727539,1.8486382776616377,1.8799018859863281
1230,BaSr2YNb3O12,Sr,II,34.7,36.075184,36.0751838684082,0.0,0.0
1231,SrTb0.5Nb0.5O3,Sr,III,34.0,31.598963,30.487582473754884,1.907951783308195,-1.1113803100585926
1232,Ba10Ta7.04Ti.2O30,Ba,Ib,35.0,33.44095,32.571781883239744,0.5744516989547138,-0.8691666030883809
1233,SrCr0.5Nb0.5O3,Sr,Ib,35.0,34.143555,37.27690132141113,1.857640447386647,3.133346633911131
1234,BaNi0.1167Zn0.2167Nb0.6667O3,Ba,Ib,35.0,33.894787,35.65236915588379,1.5839067657701342,1.7575823211669928
1235,Ca4.75Ni0.25Ta2TiO12,Ca,III,35.0,44.07179,44.0717887878418,0.0,0.0
1236,Ba2Sr3Ta4O15,Sr,Ib,35.2,33.21796,35.342464981079104,1.5299313478836658,2.124504623413088
1237,cCa0.05Ba0.95Y0.5Nb0.5O3,Ba,II,35.2,33.7837,34.721882858276366,0.7446963943082785,0.9381838226318351
1238,BaZn0.2Co0.1333Nb0.6667O3,Ba,Ib,35.5,36.574432,39.44384979248047,2.8167624696512163,2.8694174194335957
1239,BaEu0.5Ta0.5O3,Ba,II,37.0,35.149605,35.57417816162109,0.6504673918237798,0.4245733642578102
1240,BaNi0.3Nb0.6Zr0.1O3,Ba,Ib,31.8,31.306849,32.83543998718262,1.1920699268320312,1.528591461181641
1241,BaSr4Ta4O15,Sr,Ib,31.7,33.72996,36.560994720458986,1.4260162464749766,2.831033325195314
1242,La5AlTi3O15,Other,II,28.1,29.64027,30.990497283935547,1.0345224853638948,1.3502270507812497
1243,BaZn0.5W0.5O3,Ba,Ia,28.1,22.659576,23.759475021362306,2.5860614715034935,1.0998986053466808
1244,CaHo0.5Ta0.5O3,Ca,III,28.2,25.71102,23.485751609802247,2.4266570284309186,-2.2252679061889644
1245,LaMg0.5Ti0.5O3,Other,III,29.0,28.116226,28.151950225830078,0.4981628665319277,0.03572402954101506
1246,Ba0.95Sr0.05Zn0.475Ga0.025Ta0.6583O3,Ba,Ib,29.0,32.84619,32.137076187133786,1.3280179098736866,-0.7091152191162138
1247,BaZr0.0215Zn0.272Ni0.0542Ta0.6523O3,Ba,Ib,29.0,28.754086,29.17335475921631,1.5475369085360664,0.4192692184448248
1248,SrTb0.5Ta0.5O3,Sr,III,29.0,27.098154,25.631952362060545,1.6920246205483613,-1.466201705932619
1249,BaHfO3,Ba,Ia,29.1,24.78476,25.207195358276365,0.7315798620846854,0.4224358367919905
1250,CaLi0.3333Nb0.6667O3,Ca,III,29.6,27.774502,27.77450180053711,0.0,0.0
1251,SrNd0.5Nb0.5O3,Sr,III,29.7,33.314655,31.80131736755371,2.3569476362973867,-1.513337936401367
1252,BaTi0.6Ni0.2W0.2O3,Ba,Ib,29.8,31.28092,34.96661354064941,4.9035461137513705,3.6856935119628886
1253,Ba5Ta4O15,Ba,Ib,28.0,29.69906,31.319388122558593,1.0398599678374327,1.620327682495116
1254,PrMg0.5Ti0.5O3,Other,III,28.0,24.855978,24.83427661895752,0.5533505637087606,-0.021701393127440127
1255,SrY0.5Ta0.5O3,Sr,III,28.0,27.363123,25.852944450378416,1.8004625724202226,-1.5101784896850603
1256,SrHo0.5Ta0.5O3,Sr,III,28.0,26.119236,24.7338773727417,1.3142911388396614,-1.3853586196899421
1257,CaGd0.5Ta0.5O3,Ca,III,27.2,24.209713,22.99507278442383,1.874880684903914,-1.214640197753905
1258,SrLa0.5Nb0.5O3,Sr,III,27.5,30.742065,29.614617156982423,1.3933381114169632,-1.1274482727050774
1259,SrZn0.5W0.5O3,Sr,II,27.5,22.0251,24.618789443969728,2.193438573262347,2.5936887359619156
1260,LaMg0.5Ti0.5O3,Other,III,27.6,28.1349,28.214667663574218,0.5502959246141992,0.0797685241699213
1261,SrSm0.5Ta0.5O3,Sr,III,27.7,28.383701,26.710071830749513,1.7434635189913847,-1.6736294937133778
1262,BaMg0.1333Zn0.2Ta0.6667O3,Ba,Ib,27.7,26.830357,26.86475215911865,1.0882667826526964,0.03439556121826115
1263,NdMg0.5Ti0.5O3,Other,III,28.0,25.119606,25.06556945800781,0.4199180557294292,-0.05403656005859503
1264,CaLi0.3167Nb0.6333Zr0.05O3,Ca,III,29.9,30.313562,30.313562393188477,0.0,0.0
1265,Ba4LiTa3O12,Ba,Ib,28.0,33.036644,33.036643981933594,0.0,0.0
1266,BaTb0.5Ta0.5O3,Ba,II,28.0,33.852394,34.78772003173828,0.8198286275048021,0.9353259277343753
1267,SrZn0.3333Ta0.6667O3,Sr,II,28.0,30.534184,31.810401458740234,1.0362223940292956,1.2762179565429683
1268,BaZn0.3333Ta0.6667O3,Ba,Ib,28.0,28.713684,26.85045810699463,1.4538224388019407,-1.8632259750366202
1269,Ca0.6Ba0.4Yb0.5Ta0.5O3,Ca,III,28.0,25.975052,24.66833641052246,1.4882578325865186,-1.306715469360352
1270,BaZr0.0215Ni0.0542Zn0.272Ta0.6523O3,Ba,Ib,28.0,28.743923,29.37727745056152,1.439806020033843,0.6333542633056624
1271,CaHo0.5Ta0.5O3,Ca,III,28.0,25.71102,23.90702590942383,2.403010147463776,-1.8039936065673814
1272,SrDy0.5Ta0.5O3,Sr,III,28.0,26.480259,25.114313507080077,1.5254615913239624,-1.365945434570314
1273,CaZr0.8Ti0.2O3,Ca,III,28.0,30.21416,29.707188491821288,0.5185725401146826,-0.5069724273681651
1274,SrSm0.5Nb0.5O3,Sr,III,31.8,30.801666,28.887204971313476,2.143622012049234,-1.9144612884521486
1275,CaDy0.5Ta0.5O3,Ca,III,30.0,25.299194,23.50900592803955,2.1764880020091266,-1.7901884078979506
1276,LaCo0.5Ti0.5O3,Other,III,30.0,28.786194,28.63596092224121,0.8843938356516683,-0.15023292541503963
1277,SrAl0.5Nb0.5O3,Sr,Ib,31.0,30.400692,32.00567512512207,1.7942093227055287,1.604983139038083
1278,SrYb0.5Nb0.5O3,Sr,III,31.0,28.94727,27.871116333007812,1.10925860273678,-1.0761531066894534
1279,Ca0.4Sm0.6Mg0.3Ti0.7O3,Other,III,31.0,31.02682,30.515158042907714,0.8554949849542821,-0.5116611862182623
1280,Ca4MgTa2TiO12,Ca,III,31.0,30.148096,28.10719226837158,2.374815438714291,-2.040903816223146
1281,Ca4NiTa2TiO12,Ca,III,31.0,30.679697,28.37443271636963,2.0157700217312393,-2.305264320373535
1282,BaNi0.3333Nb0.6667O3,Ba,Ib,31.0,30.277191,31.06748046875,0.7849027116607443,0.7902893066406236
1283,BaMg0.3333Nb0.6667O3,Ba,Ib,31.0,31.06522,33.124597244262695,0.8985551316061002,2.0593773651123044
1284,Ba4SrTa4O15,Ba,Ib,31.1,31.264914,33.73605770111084,1.7851843905016664,2.4711441421508766
1285,CaLi0.2333Nb0.4667Zr0.3O3,Ca,III,31.1,32.2248,32.22480010986328,0.0,0.0
1286,BaMg0.25W0.25Ti0.5O3,Ba,Ib,31.2,31.122702,35.7679566192627,4.9551921057465504,4.645254974365237
1287,BaZn0.5W0.5O3,Ba,Ia,31.4,22.67828,23.185526542663574,2.4823079588999657,0.5072466659545896
1288,BaZn0.3Ta0.6Ti0.4O3.6,Ba,Ib,31.5,32.840366,32.84036636352539,0.0,0.0
1289,SrSm0.5Ta0.5O3,Sr,III,31.0,28.363132,26.690785217285157,1.8262132865559522,-1.6723472595214837
1290,SrLa0.5Ta0.5O3,Sr,III,31.0,28.56314,27.01337604522705,1.5709884455281184,-1.5497648239135735
1291,Ba0.9875Sr0.0125Zn0.475Ga0.025Ta0.6583O3,Ba,Ib,31.0,31.88895,30.97072593688965,1.2231504092405971,-0.9182244110107405
1292,Ba0.9875Sr0.0125Zn0.3167Ga0.025Ta0.6583O3,Ba,Ib,31.0,29.681585,28.534463310241698,1.7837969010348087,-1.1471220016479506
1293,CaLi0.2857Nb0.5715W0.1428O3,Ca,III,30.0,39.620274,39.62027359008789,0.0,0.0
1294,Ba5Ta4O15,Ba,Ib,30.0,29.69906,31.34925033569336,0.9613865414462665,1.6501898956298824
1295,BaZr0.03Ni0.0417Zn0.2817Ta0.6467O3,Ba,Ib,30.0,29.016027,29.624249000549316,1.8564741083299052,0.6082215499877925
1296,BaZr0.05Zn0.32Ta0.63O3,Ba,Ib,30.0,29.226536,29.024518280029298,1.3456836892196138,-0.2020175170898426
1297,SrLi0.3078Nb0.4613W0.231O3,Sr,III,30.0,32.01398,32.013980865478516,0.0,0.0
1298,BaYb0.5Nb0.5O3,Ba,Ib,30.0,30.96456,31.805124588012696,0.57225111160451,0.8405650329589847
1299,CaLi0.3Nb0.6Zr0.1O3,Ca,III,30.1,29.74126,29.741260528564453,0.0,0.0
1300,Ba8ZnTa6O24,Ba,Ib,30.5,29.71492,29.25332317352295,0.35503267213514933,-0.46159687042236186
1301,SrLi0.3889Nb0.5W0.2O3,Sr,III,31.0,29.903896,29.90389633178711,0.0,0.0
1302,Sr0.15Ba0.85Yb0.5Ta0.5O3,Ba,II,31.0,29.888905,30.726032371520997,0.6083926431300941,0.837127799987794
1303,Sr0.625Ce0.25TiO3,Sr,Ib,143.0,139.33105,128.61165405273437,7.754691568806041,-10.719400634765634
